deterministic_rank,difficulty_rank_min,difficulty_rank_max,difficulty_tier_wrong_models,correct_models_B,difficulty_fraction,selection_status,cutoff_tie,tie_break_namespace,tie_break_sha256,primary_500_position,question_id,source_key,origin,replacement_id,replaces_question_id,candidate_id,region,year,specialty,exam_part,question_number,negated_stem,correct_letter,correct_option_text,question_text,option_a,option_b,option_c,option_d,content_sha256,raw_form_sha256,source_form_input_char_count,wrong_models_B,selected_letters_B,correct_models_A,gemini_selected_letter_B,gemini_strict_correct_B,gemini_strict_correct_A,glm_selected_letter_B,glm_strict_correct_B,glm_strict_correct_A,qwen_selected_letter_B,qwen_strict_correct_B,qwen_strict_correct_A,gemma_selected_letter_B,gemma_strict_correct_B,gemma_strict_correct_A
151,151,296,1,3,0.25000000,SELECTED_BOUNDARY_TIE,True,openrouter_B-hard200-v1|,00ee9fedd76e3cea875c3b4fe57960feab585b6157e2cd12b7149a760e6b0aea,278,b434,comunidad-de-madrid|2021|main|96,retained318,,,,Comunidad de Madrid,2021,aparato-digestivo,main,434,False,c,Ninguna de las respuestas anteriores es correcta.,¿Qué tratamiento NO se recomienda para el mantenimiento de pacientes con colitis ulcerosa moderada a grave que no responden a tratamientos convencionales?,Adalimumab,Ustekinumab,Ninguna de las respuestas anteriores es correcta.,Mirikizumab,c12dece377d857cd92580f21b4d88c9e7c35534b98e5c76bf7af35f19799490c,b1dfdf20e2df966f6a9b72a971463247254d9767afb513bead775c5be2474083,235,Qwen 3.6 35B,Gemini 3.6 Flash=c;GLM 5.2=c;Qwen 3.6 35B=a;Gemma 4 26B=c,4,c,1,1,c,1,1,a,0,1,c,1,1
152,151,296,1,3,0.25000000,SELECTED_BOUNDARY_TIE,True,openrouter_B-hard200-v1|,03b9349aae93f21cadb67129df4801530437526baac6e1f148a0f2a64b7e2eef,172,b265,galicia|2022|reserva-especifica|105,retained318,,,,Galicia,2022,aparato-digestivo,reserva-especifica,265,False,c,Ninguna de las respuestas anteriores es correcta.,"Varón, 63 años, sin antecedentes personales de interés. Es diagnosticado en 2018 de cirrosis hepática por alcohol tras una primera descompensación en forma de hemorragia digestiva por varices esofágicas. Abstinente desde entonces, con función hepática normal, A5 de Child–Pugh, PS 0. En TC abdominal se observa un nódulo de 31 mm con comportamiento dinámico diagnóstico de hepatocarcinoma. Según criterio BCLC la primera opción terapéutica a considerar sería:",Resección.,Ablación.,Ninguna de las respuestas anteriores es correcta.,Quimioembolización transarterial.,46bde085e912c52d790daae9eb484795e607883690dbde82f9027e4b71d1f1b4,299da2e8e5549a5e0a5326168ae3f9ec95dbe3fb9d1c3a2ff5b586e2e65432ff,560,Gemma 4 26B,Gemini 3.6 Flash=c;GLM 5.2=c;Qwen 3.6 35B=c;Gemma 4 26B=b,2,c,1,1,c,1,1,c,1,0,b,0,0
153,151,296,1,3,0.25000000,SELECTED_BOUNDARY_TIE,True,openrouter_B-hard200-v1|,0b508e1d0a2849fdeda9e25dd97e094c50a7578cd96a665b2c2d64c89b2494db,24,b37,illes-balears|2022|caso-2|38,retained318,,,,Illes Balears,2022,aparato-digestivo,caso-2,37,True,c,Ninguna de las respuestas anteriores es correcta.,"Varón de 63 años remitido a la unidad de endoscopia para hacerle una gastroscopia por un reflujo de larga evolución (superior a 10 años). El paciente es obeso, hipertenso y fumador. Refiere disfagia a sólidos desde hace un mes. Se hace una gastroscopia que detecta a 32 cm de las arcadas dentarias la presencia de una mucosa ectópica que se extiende hasta la unión esofagogástrica situada a 38 cm de las arcadas dentarias en donde se aprecian signos de esofagitis por reflujo grado C.
Se pauta un tratamiento médico y se hace una nueva gastroscopia a las ocho semanas. En ella se aprecia la mucosa ectópica descrita previamente sugestiva de esófago de Barrett (C5M6) con una cicatrización completa de la esofagitis por reflujo y a 35 cm de las arcadas dentarias se aprecia un área irregular sobreelevada de unos 8 mm (0-Is) diferente al resto de la mucosa circundante. Se hacen biopsias de forma aleatoria de la lesión descrita, suponiendo que puede tratarse de un esófago de Barrett según el protocolo de Seattle. Los resultados de la lesión visible en el esófago confirman un esófago
de Barrett con metaplasia intestinal y presencia de focos de displasia de grado alto y las biopsias aleatorias confirmaban el esófago de Barrett sin displasia. Se planifica una estrategia de tratamiento y seguimiento.

Señale la afirmación falsa en referencia al seguimiento del esófago de Barrett:",En general depende de la extensión del Barrett y de la presencia o no de displasia.,El esófago de Barrett sin displasia requiere un seguimiento de entre tres y cinco años según las diferentes sociedades científicas.,Ninguna de las respuestas anteriores es correcta.,La displasia de grado bajo detectada en el seguimiento endoscópico debe ser confirmada por un segundo patólogo o por un patólogo experto.,c744333d943cbb4ab9f7783611f98fb9b56835149c24c918b9c43c2dc4f0039a,1978f9d84f1198493e30cd9aa065295cdc74ad70e30d35ba8d50e13f3da58c80,1784,Gemma 4 26B,Gemini 3.6 Flash=c;GLM 5.2=c;Qwen 3.6 35B=c;Gemma 4 26B=b,4,c,1,1,c,1,1,c,1,1,b,0,1
154,151,296,1,3,0.25000000,SELECTED_BOUNDARY_TIE,True,openrouter_B-hard200-v1|,0bb9be70560478ebcd98be44c704e2115214ca3c5c5e1b05aa51cb6a654e5c66,17,b29,illes-balears|2022|caso-2|30,retained318,,,,Illes Balears,2022,aparato-digestivo,caso-2,29,False,c,Ninguna de las respuestas anteriores es correcta.,"Varón de 63 años remitido a la unidad de endoscopia para hacerle una gastroscopia por un reflujo de larga evolución (superior a 10 años). El paciente es obeso, hipertenso y fumador. Refiere disfagia a sólidos desde hace un mes. Se hace una gastroscopia que detecta a 32 cm de las arcadas dentarias la presencia de una mucosa ectópica que se extiende hasta la unión esofagogástrica situada a 38 cm de las arcadas dentarias en donde se aprecian signos de esofagitis por reflujo grado C.
Se pauta un tratamiento médico y se hace una nueva gastroscopia a las ocho semanas. En ella se aprecia la mucosa ectópica descrita previamente sugestiva de esófago de Barrett (C5M6) con una cicatrización completa de la esofagitis por reflujo y a 35 cm de las arcadas dentarias se aprecia un área irregular sobreelevada de unos 8 mm (0-Is) diferente al resto de la mucosa circundante. Se hacen biopsias de forma aleatoria de la lesión descrita, suponiendo que puede tratarse de un esófago de Barrett según el protocolo de Seattle. Los resultados de la lesión visible en el esófago confirman un esófago
de Barrett con metaplasia intestinal y presencia de focos de displasia de grado alto y las biopsias aleatorias confirmaban el esófago de Barrett sin displasia. Se planifica una estrategia de tratamiento y seguimiento.

Señale la respuesta correcta en referencia a las siguientes afirmaciones sobre la esofagitis por reflujo de grado C de la clasificación de Los Ángeles","Supone una o más lesiones de la mucosa, igual o menor de 5 mm de longitud, sin confluencia.","Supone una o más lesiones de la mucosa, con confluencia y afectación de más del 75 % de la circunferencia esofágica.",Ninguna de las respuestas anteriores es correcta.,"Supone una o más lesiones de la mucosa, superior a 5 mm de longitud, sin confluencia.",70372455a58763598b00b870e0e398b0ab6ff48604b2b97bb488f9922411dd6d,ef1a126976736e9a13ade225e6c9174f5df0c0eb2fac640a9c433643227d90d4,1796,Gemma 4 26B,Gemini 3.6 Flash=c;GLM 5.2=c;Qwen 3.6 35B=c;Gemma 4 26B=b,3,c,1,1,c,1,1,c,1,1,b,0,0
155,151,296,1,3,0.25000000,SELECTED_BOUNDARY_TIE,True,openrouter_B-hard200-v1|,0c56d384840bcead821889a375fe55105578240a20f78f265644e7e754407449,206,b317,comunidad-de-madrid|2021|main|44,retained318,,,,Comunidad de Madrid,2021,aparato-digestivo,main,317,True,d,Ninguna de las respuestas anteriores es correcta.,"Usted sabe que el prurito es un síntoma frecuente en las enfermedades colestásicas crónicas y que genera gran disconfort en los pacientes. En relación con su tratamiento, señale cuál de las siguientes afirmaciones es FALSA",Es importante mantener una adecuada hidratación de la piel,La colestiramina y el colestipol actúan aumentando la excreción fecal de sustancias pruritógenas,El uso de sertralina puede resultar beneficioso en pacientes con prurito refractario,Ninguna de las respuestas anteriores es correcta.,1f8611221a0fecc507f11a304872b8b9a6f06fdb51ec6f574f696b78e96e3596,55b9763e3683c4180ab80afb6547d90cd4eeee5ab6fdff1a92a0df1d0f456a41,509,Gemma 4 26B,Gemini 3.6 Flash=d;GLM 5.2=d;Qwen 3.6 35B=d;Gemma 4 26B=c,4,d,1,1,d,1,1,d,1,1,c,0,1
156,151,296,1,3,0.25000000,SELECTED_BOUNDARY_TIE,True,openrouter_B-hard200-v1|,0d918ea1896568d773344145de3296437260866351a7ec0ece3fcdd1f7351fea,223,b338,galicia|2019|reserva-especifica|107,retained318,,,,Galicia,2019,aparato-digestivo,reserva-especifica,338,True,d,Ninguna de las respuestas anteriores es correcta.,"La fase de infección crónica del virus hepatitis B con antígeno e positivo (HBeAg) (antes denominada fase de inmunotolerancia), presenta todas las siguientes características, EXCEPTO:",Niveles muy elevados del DNA de la hepatitis B.,Valores normales de ALT.,La tasa de seroconversión espontánea en esta fase es muy baja.,Ninguna de las respuestas anteriores es correcta.,277cd5e45b970ac97ce8d06cd905509a54667c662c05b04756bb774724fba2eb,e999fe47043269ae165321e95d4eeb116fd56abf3cfbf317a49cc28563819fdd,365,Gemma 4 26B,Gemini 3.6 Flash=d;GLM 5.2=d;Qwen 3.6 35B=d;Gemma 4 26B=c,4,d,1,1,d,1,1,d,1,1,c,0,1
157,151,296,1,3,0.25000000,SELECTED_BOUNDARY_TIE,True,openrouter_B-hard200-v1|,0dd8241dbf0a3690b7c8f7a824936dbb5402699c1931896c939bc4f7ba2da913,288,b450,comunidad-de-madrid|2021|main|101,retained318,,,,Comunidad de Madrid,2021,aparato-digestivo,main,450,False,c,Ninguna de las respuestas anteriores es correcta.,Usted asiste a un paciente de 38 años con inmunodeficiencia común variable que consulta por un hallazgo de varices esofágicas de gran tamaño; en una ecografía doppler se aprecia permeabilidad del eje esplenoportal. El perfil hepático es normal ¿Cuál debe ser el primer diagnóstico de sospecha?,Cirrosis criptogenética,Síndrome de Budd-Chiari,Ninguna de las respuestas anteriores es correcta.,Esquistosomiasis,bc97c40b045e942c1234b5e8bb180084e8bd026b0953caeef7f1d2ef7c3fa344,076e6eb2efbde35002078dee21a70cac4774bfd0c70d41818ab2d6cd8a7ae732,404,Gemma 4 26B,Gemini 3.6 Flash=c;GLM 5.2=c;Qwen 3.6 35B=c;Gemma 4 26B=a,4,c,1,1,c,1,1,c,1,1,a,0,1
158,151,296,1,3,0.25000000,SELECTED_BOUNDARY_TIE,True,openrouter_B-hard200-v1|,10d6a84cf5d3b817874f139043e2c0b9a7a1fdb41c1db4ebb3f3b1107e33bd8e,471,n153,comunitat-valenciana|2022|main-47-80|76,new182,,,,Comunitat Valenciana,2022,aparato-digestivo,main-47-80,76,False,b,Ninguna de las respuestas anteriores es correcta.,"Un hombre de 64 años acude a urgencias tras iniciar hace 48 horas un cuadro de dolor epigástrico intenso de características pancreáticas. A la exploración presenta un dolor intenso en hemiabdomen superior sin signos de peritonismo. Está consciente y orientado, temperatura de 36.7° C, tensión arterial de 175/85 mmHg, frecuencia cardíaca de 108 lpm. En el hemograma únicamente destacaba unos leucocitos de 16.000 µ/L . La química hemática mostraba una amilasa de 2.120 UI/L, urea normal, glucosa de 180 mg /dl, elevación de transaminasas entre 2-3 veces su valor normal. La Rx de tórax normal y la ecografía abdominal informaba de colelitiasis múltiple y ausencia de dilatación de la vía biliar. ¿Cuántos puntos de gravedad tiene según la clasificación BISAP?",1,Ninguna de las respuestas anteriores es correcta.,3,4,57176c388800dd69f34acc82a51e1e200057eeb473dc0ac59d01727034392784,686d958a06bac32ddb733f44c98d130fa3ae227332af625ec7d35a64f1b2794f,811,Gemma 4 26B,Gemini 3.6 Flash=b;GLM 5.2=b;Qwen 3.6 35B=b;Gemma 4 26B=a,3,b,1,1,b,1,1,b,1,0,a,0,1
159,151,296,1,3,0.25000000,SELECTED_BOUNDARY_TIE,True,openrouter_B-hard200-v1|,1145ba8ae878a8e3f3deda221387b6a7641473af4f7e83a19cd63a332981929e,112,b172,navarra|2022|caso-clinico-2|97,retained318,,,,Navarra,2022,aparato-digestivo,caso-clinico-2,172,False,b,Ninguna de las respuestas anteriores es correcta.,"Una mañana en la sala de endoscopias en la agenda de cribado de cáncer colorrectal (CCR):

Requisitos a cumplir en el programa de cribado de CCR. Señala la VERDADERA",Una demora de 3 meses en la realización de las colonoscopias de cribado se considera adecuado,Ninguna de las respuestas anteriores es correcta.,En Navarra los pacientes pueden elegir por test de sangre oculta en heces o por colonoscopia directa,Los vídeo-colonoscopios que no tienen alta definición de imagen son aptos para este tipo de endoscopia.,e9a0ede554e2546d71ff5d69b62c9a9adbd0b73f34a2b54358372e1a160c2a64,6bed4342da153c60a5dabef4cdb254e6b51237e29966cf47cffd358ffa7e1827,510,Gemma 4 26B,Gemini 3.6 Flash=b;GLM 5.2=b;Qwen 3.6 35B=b;Gemma 4 26B=c,4,b,1,1,b,1,1,b,1,1,c,0,1
160,151,296,1,3,0.25000000,SELECTED_BOUNDARY_TIE,True,openrouter_B-hard200-v1|,128c9a6682314182911dffdc217097629b5914698eb0114cef9852ed0e99aaef,121,b182,navarra|2022|caso-clinico-3|107,retained318,,,,Navarra,2022,aparato-digestivo,caso-clinico-3,182,True,c,Ninguna de las respuestas anteriores es correcta.,"Varón de 65 años con antecedente de cirrosis hepática por VHC genotipo 3 (nunca tratado), sin otras comorbilidades, que ingresa por hematemesis. Se realiza gastroscopia visualizándose varices esofágicas grandes, una de ellas con sangrado activo y dos de ellas con extensión a curvadura menor gástrica. El paciente no presenta ascitis ni fiebre y desde el punto de vista hemodinámico tiene TA 100/60 mmHg, FC 75lpm, SatO2 94% FiO2 21%.
Analítica: Hemoglobina 8,5 g/dL, plaquetas 78 x 109/L, actividad de protrombina 52%. Creatinina 0,98 mg/dL, Sodio 129 mmol/L, bilirrubina total 3,1 mg/dL, albúmina 32 g/L. AST 125 U/L, ALT 101 U/L.
Serologías: IgM e IgG VHA negativo, HBsAg negativo, anti-HBs positivo, HBcAc total positivo, VIH negativo.
Ecografía abdominal: Hígado con contornos nodulares y aumento de la ecogenicidad hepática con aspecto granular, sugestivo de hepatopatía crónica. No se objetivan lesiones focales. Vena porta de calibre normal con flujo hepatópeto. Esplenomegalia homogénea de 17,5 cm. Circulación colateral en espacio esplenorrenal. No líquido libre intraabdominal

En la ecografía de screening semestral se objetiva trombosis reciente que ocupa el 60% de la vena porta principal. Según las últimas recomendaciones de la AASLD (American Association Study Liver Diseases 2020), señale la FALSA:",Realizar prueba de imagen con contraste,Iniciar anticoagulación,Ninguna de las respuestas anteriores es correcta.,La aparición de isquemia intestinal es menos frecuente que en los pacientes que no presentan cirrosis,49b5a44ee822b69568f91b8e66348fc4033d146288f04f5327195500d481fd59,9f7791350b86a9e3ce26bcb6ac799f649fef06f0dd47551b0d8e4415b6d03e7c,1528,GLM 5.2,Gemini 3.6 Flash=c;GLM 5.2=b;Qwen 3.6 35B=c;Gemma 4 26B=c,4,c,1,1,b,0,1,c,1,1,c,1,1
161,151,296,1,3,0.25000000,SELECTED_BOUNDARY_TIE,True,openrouter_B-hard200-v1|,13eac40c60a2f3f07ab2ef88ae7e7d33016f9ec6a04fe4ff26b1ad3aa4bec9c8,383,n065,andalucia|2022|reserva|151,new182,,,,Andalucía,2022,aparato-digestivo,reserva,151,False,d,Ninguna de las respuestas anteriores es correcta.,"Una mujer de 45 años de edad, con sospecha de disfunción del esfínter de Oddi, se somete a una CPRE por elevación de enzimas hepáticas y dolor abdominal leve persistente. La canulación es difícil y requiere un precorte para el acceso a la vía biliar. Tras el procedimiento la paciente desarrolla un dolor abdominal grave, con elevación de las cifras de lipasa hasta 2.000 UI/L. Otros parámetros de laboratorio son normales. ¿Cuál de las siguientes medidas podrían haberse empleado para evitar esta complicación?",Inserción de un stent biliar.,Esfinterotomía pancreática.,Parche previo de nitroglicerina.,Ninguna de las respuestas anteriores es correcta.,66f17c182747443af0c46f7af84b68457638a9acf249adda4c17b29c7f63e7b4,6b0392a6d8167682974ecc0922b3ff056b2a0a60b9dc97c7accdbbe60f71cc70,648,Gemma 4 26B,Gemini 3.6 Flash=d;GLM 5.2=d;Qwen 3.6 35B=d;Gemma 4 26B=b,4,d,1,1,d,1,1,d,1,1,b,0,1
162,151,296,1,3,0.25000000,SELECTED_BOUNDARY_TIE,True,openrouter_B-hard200-v1|,13f3b4a3de13f65d377fd3e276e9eea27c262e7202d76f2f97db90cc1c01797f,163,r005,galicia|2019|main|65,replacement22_2026-08-04,r005,b248,c2116,Galicia,2019,aparato-digestivo,main,65,False,d,Ninguna de las respuestas anteriores es correcta.,"En una ecografía abdominal describen una lesión ocupante de espacio situada en el segmento antero-superior del lóbulo hepático derecho, entre la vena suprahepática derecha y la media, craneal a la vena porta. ¿En qué segmento del hígado se hallaría según la clasificación de Couinaud?:",IV.,VI.,VII.,Ninguna de las respuestas anteriores es correcta.,40a1a595c05c8bd028b5b126369b5f139a2f4fc41b19d3aeda9271a7d8c1e1fe,68986069b3b332887ddc84f83a19ddaaef9cb012ce8ed3b7c6fb977c342b2be4,344,Gemma 4 26B,Gemini 3.6 Flash=d;GLM 5.2=d;Qwen 3.6 35B=d;Gemma 4 26B=c,4,d,1,1,d,1,1,d,1,1,c,0,1
163,151,296,1,3,0.25000000,SELECTED_BOUNDARY_TIE,True,openrouter_B-hard200-v1|,177a4f659a4483902f64e6e01f05e4389d579a2fd03804d22c232d941971ef7c,128,b193,andalucia|2021|cuestionario-practico|126,retained318,,,,Andalucía,2021,aparato-digestivo,cuestionario-practico,193,False,b,Ninguna de las respuestas anteriores es correcta.,"Una mujer de 62 años acude para realización de colonoscopia por test de sangre oculta en heces positivo en el contexto del programa de cribado poblacional de cáncer colorrectal de Andalucía. Se encontraba asintomática y no tenía comorbilidades ni antecedentes personales ni familiares de cáncer colorrectal. Se realiza colonoscopia hasta ciego, bajo sedación profunda, con un tiempo de retirada de 18 minutos. Se encontró un pólipo 0-Ip de 14mm en sigma, que se extirpa de forma completa y en bloque, informado por el patólogo como adenoma tubulovelloso con displasia de bajo grado. No se encontraron
otras lesiones. La puntuación de la escala de Boston fue 5 (2 en colon izquierdo, 1 en colon transverso y 1 en ciego-colon ascendente).

Realizado árbol genealógico familiar, no hay historia familiar de cáncer y el estudio inmunohistoquímico muestra tinción positiva (expresión) de las cuatro proteínas MMR (MLH1, MSH2, MSH6, PMS2). ¿Cuál sería la actitud preventiva más adecuada a seguir con su hijo de 35 años, siguiendo las recomendaciones más recientes de las guías de práctica clínica europea y española?","Iniciar ya colonoscopias, con una periodicidad cada 10 años.",Ninguna de las respuestas anteriores es correcta.,Iniciar colonoscopias a partir de los 40 años con una periodicidad cada 5 años.,Iniciar colonoscopias a partir de los 50 años con una periodicidad cada 5 años.,feb18c80930f4fd42a5ab858b98832734ae37d51d7daf473d6cb02bf9a92af2e,3f8347284ad9112c002741a99c6c6c0b8e23a59636eafd5792fd26016e2ff3bc,1377,Qwen 3.6 35B,Gemini 3.6 Flash=b;GLM 5.2=b;Qwen 3.6 35B=c;Gemma 4 26B=b,4,b,1,1,b,1,1,c,0,1,b,1,1
164,151,296,1,3,0.25000000,SELECTED_BOUNDARY_TIE,True,openrouter_B-hard200-v1|,1949bb3ce9570ad959579983b319d894759a2975a66ee1880f95d8f14a7aaf63,34,b49,illes-balears|2022|caso-3|51,retained318,,,,Illes Balears,2022,aparato-digestivo,caso-3,49,False,b,Ninguna de las respuestas anteriores es correcta.,"Paciente varón de 62 años con antecedentes de enolismo superior a 60 g/día de veinte años de evolución y fumador de 25 paquetes/año desde los 17 años.

Antecedente de dos ingresos por pancreatitis agudas leves en los últimos tres años. En los últimos tres meses presenta un cuadro de diarrea en forma de cuatro deposiciones al día, dolor abdominal continuo y diario, localizado en el epigastrio que no mejora con paracetamol. Además, refiere que ha perdido cuatro quilos. Se le hace una gastroscopia que es normal. Una TC abdominal revela la presencia de múltiples calcificaciones parenquimatosas en
la cabeza del páncreas, dilatación del conducto pancreático principal, una lesión quística de 10 mm en el cuerpo pancreático y atrofia de la cola de páncreas. Los coprocultivos, los parásitos en heces y la toxina de Clostridium difficile en heces son negativos, la serología de celiaquía negativa y las hormonas tiroideas son normales.

Elementos relevantes de la analítica. Glucosa: 124 mg/dl, GGT: 101 U/L, AST: 55 U/L, ALT: 65 U/L, VCM: 102 fl, BI total: 1,4 mg/dl, triglicéridos: 180 mg/dl, amilasa: 125 U/L, lipasa: 25 U/L.
El resto del hemograma y de la bioquímica está dentro de valores normales.

¿Cuál es la mejor técnica no invasiva para el estudio de los signos ductales pancreáticos?",CPRE.,Ninguna de las respuestas anteriores es correcta.,Ecografía abdominal.,TC abdominal.,694159468cc7fbe37b6acc478ce645f817a4832fa82977e6013086f98ae9c11a,7f6c49bdefadc05af9426b5606e6d5d494830b8e6ffcf5d3f71d062c648363df,1382,Gemma 4 26B,Gemini 3.6 Flash=b;GLM 5.2=b;Qwen 3.6 35B=b;Gemma 4 26B=d,4,b,1,1,b,1,1,b,1,1,d,0,1
165,151,296,1,3,0.25000000,SELECTED_BOUNDARY_TIE,True,openrouter_B-hard200-v1|,19b4d67a4520267ee99652b1f60053c5829ca396b82862c511a5e992fe051e5d,21,b33,illes-balears|2022|caso-2|34,retained318,,,,Illes Balears,2022,aparato-digestivo,caso-2,33,True,c,Ninguna de las respuestas anteriores es correcta.,"Varón de 63 años remitido a la unidad de endoscopia para hacerle una gastroscopia por un reflujo de larga evolución (superior a 10 años). El paciente es obeso, hipertenso y fumador. Refiere disfagia a sólidos desde hace un mes. Se hace una gastroscopia que detecta a 32 cm de las arcadas dentarias la presencia de una mucosa ectópica que se extiende hasta la unión esofagogástrica situada a 38 cm de las arcadas dentarias en donde se aprecian signos de esofagitis por reflujo grado C.
Se pauta un tratamiento médico y se hace una nueva gastroscopia a las ocho semanas. En ella se aprecia la mucosa ectópica descrita previamente sugestiva de esófago de Barrett (C5M6) con una cicatrización completa de la esofagitis por reflujo y a 35 cm de las arcadas dentarias se aprecia un área irregular sobreelevada de unos 8 mm (0-Is) diferente al resto de la mucosa circundante. Se hacen biopsias de forma aleatoria de la lesión descrita, suponiendo que puede tratarse de un esófago de Barrett según el protocolo de Seattle. Los resultados de la lesión visible en el esófago confirman un esófago
de Barrett con metaplasia intestinal y presencia de focos de displasia de grado alto y las biopsias aleatorias confirmaban el esófago de Barrett sin displasia. Se planifica una estrategia de tratamiento y seguimiento.

El diagnóstico de esófago de Barrett se basa en los hallazgos endoscópicos y en la confirmación histológica. Señale la respuesta falsa.",La mayoría de las sociedades científicas necesitan la presencia de metaplasia intestinal para el diagnóstico del esófago de Barrett.,Se recomienda usar endoscopios de alta definición con luz blanca para la vigilancia endoscópica del esófago de Barrett.,Ninguna de las respuestas anteriores es correcta.,"No se recomienda el uso rutinario de cromoendoscopia, endoscopia de autofluoresencia o endomicroscopia láser focal para el diagnóstico del esófago de Barrett.",f407a27f4953ae648b0562456f1d60c8d7b918238eee184d235425babdac16d9,0589cd181f617c06441a17c1d6754b58adf11c42ce1cd28988ef18f2b3244d49,1898,Gemma 4 26B,Gemini 3.6 Flash=c;GLM 5.2=c;Qwen 3.6 35B=c;Gemma 4 26B=d,4,c,1,1,c,1,1,c,1,1,d,0,1
166,151,296,1,3,0.25000000,SELECTED_BOUNDARY_TIE,True,openrouter_B-hard200-v1|,1a949fbda4ee79f27096fe77d90338bfee9ba850f8a53e30564835a61c1d9989,39,b55,illes-balears|2022|caso-3|57,retained318,,,,Illes Balears,2022,aparato-digestivo,caso-3,55,False,d,Ninguna de las respuestas anteriores es correcta.,"Paciente varón de 62 años con antecedentes de enolismo superior a 60 g/día de veinte años de evolución y fumador de 25 paquetes/año desde los 17 años.

Antecedente de dos ingresos por pancreatitis agudas leves en los últimos tres años. En los últimos tres meses presenta un cuadro de diarrea en forma de cuatro deposiciones al día, dolor abdominal continuo y diario, localizado en el epigastrio que no mejora con paracetamol. Además, refiere que ha perdido cuatro quilos. Se le hace una gastroscopia que es normal. Una TC abdominal revela la presencia de múltiples calcificaciones parenquimatosas en
la cabeza del páncreas, dilatación del conducto pancreático principal, una lesión quística de 10 mm en el cuerpo pancreático y atrofia de la cola de páncreas. Los coprocultivos, los parásitos en heces y la toxina de Clostridium difficile en heces son negativos, la serología de celiaquía negativa y las hormonas tiroideas son normales.

Elementos relevantes de la analítica. Glucosa: 124 mg/dl, GGT: 101 U/L, AST: 55 U/L, ALT: 65 U/L, VCM: 102 fl, BI total: 1,4 mg/dl, triglicéridos: 180 mg/dl, amilasa: 125 U/L, lipasa: 25 U/L.
El resto del hemograma y de la bioquímica está dentro de valores normales.

Las pruebas para determinar la insuficiencia pancreática exocrina demuestran una insuficiencia pancreática exocrina (IPE) grave.

Si se decide iniciar el TES, ¿cuál debe ser la dosis recomendada?","20.000 U en desayuno, comida y cena.","10.000 U en el desayuno, comida y cena y 10.000 U en los snacks.",50.000 U en la comida principal.,Ninguna de las respuestas anteriores es correcta.,4e8cfbfe6f00ae799bb1a5ded98ed50c4d6af64bc5631cdd83869acbde7dc2c6,409808bd0d66bf9ebb511e5cd94991a2734b4a9e4d24ecad473b24414ba97c73,1581,Gemma 4 26B,Gemini 3.6 Flash=d;GLM 5.2=d;Qwen 3.6 35B=d;Gemma 4 26B=a,4,d,1,1,d,1,1,d,1,1,a,0,1
167,151,296,1,3,0.25000000,SELECTED_BOUNDARY_TIE,True,openrouter_B-hard200-v1|,1c71542f8737f8699473a62b0aa6f7061d4703d8af765112412b1e31f2a50241,79,b116,illes-balears|2022|caso-5|119,retained318,,,,Illes Balears,2022,aparato-digestivo,caso-5,116,False,c,Ninguna de las respuestas anteriores es correcta.,"Varón de 32 años sin hábitos tóxicos ni alergias medicamentosas conocidas y sin antecedentes familiares de interés.

Como único antecedente patológico destaca una rectosigmoiditis ulcerosa diagnosticada dos años antes tras una historia de diarrea sanguinolenta intermitente y un tenesmo discreto. En ese momento se hizo una colonoscopia completa con biopsia que mostró una afectación del recto sigma hasta unos 15 cm del margen anal en forma de mucosa eritematosa friable con sangrado con el roce mínimo de predominante en el recto distal. Se descartaron procesos infecciosos intestinales. Las únicas
alteraciones analíticas reseñables en el momento del diagnóstico fueron que era positivo de P-ANCA y tenía una calprotectina fecal de 450 μg/g. Se pautó un tratamiento con enemas de mesalazina.

El paciente permaneció asintomático desde el diagnóstico siguiendo controles en consultas y con cumplimiento terapéutico. Contactó con su servicio de digestivo de referencia por presentar, en las dos semanas previas, un aumento del número de deposiciones con entre cuatro y seis deposiciones al día deshechas con resto hemático fresco en la mayoría de ellas, con imperiosidad, sin respetar descanso nocturno y con dolor abdominal previo a la deposición. No había afectación del estado general. El mes previo al inicio de la sintomatología digestiva inició una lumbalgia intermitente, en ocasiones
intensa, y se automedicó con ibuprofeno en comprimidos de 600 mg de forma puntual.

La exploración física fue normal y se solicitó una analítica completa en la cual destacaba HB: 12,5 gr/dl, VSG y PCR normales, calprotectina: 675 μg/g, FA: 270 UI/L, GGT: 65 UI/L, Bil. total: GOT y GPT normales, ferropenia discreta, resto de parámetros nutricionales normales.

En el caso presentado se hizo una colonoscopia completa que mostró una progresión a pancolitis ulcerosa, se asumió el diagnóstico de brote moderado severo y se controló de manera ambulatoria.

El paciente recibió un tratamiento con adalimumab para conseguir la remisión y se pautó como tratamiento de mantenimiento. Se le asoció, inicialmente, azatioprina que fue retirada por un episodio de pancreatitis leve.

Se descartó la CEP y se mantuvo en remisión clínica y biológica en los siguientes ocho meses en monoterapia con adalimumab a dosis habituales de 40 mg cada dos semanas. A partir de esa fecha, de forma progresiva, refiere un aumento del número de deposiciones pasando de una a cinco o seis, con sangrado con las heces en la mayoría de las deposiciones, cierto tenesmo y dolor cólico previo a la deposición. Refirió una afectación de su calidad de vida, pero no de su estado general. Se hizo un estudio de heces con coprocultivos negativos, Clostridium negativo y calprotectina de 540 μg/g. La
analítica de sangre, el hemograma, el VSG, la PCR y los parámetros nutricionales fueron normales. Se decidió hacer una rectosigmoidoscopia que evidenció mucosa con eritema intenso friable con alguna erosión aislada desde el recto que afectaba de forma difusa toda la mucosa valorada. Se tomaron muestras para biopsia para conocer el grado de actividad histológico y la presencia de citomegalovirus (CMV).

¿Qué factor de riesgo de la colitis ulcerosa no se ha asociado a un aumento del riesgo?",Gastroenteritis.,Privación de sueño.,Ninguna de las respuestas anteriores es correcta.,"Fármacos como AINES, antibióticos o anticonceptivos orales.",9525dde73e772d71418efddd8c077eba8371738342c893f13792eef813cbe5af,694f8e3fdcb78df1e9a9f1ef99d533d38aeb6a336ab63ed30191d6e6b2e04e21,3395,Qwen 3.6 35B,Gemini 3.6 Flash=c;GLM 5.2=c;Qwen 3.6 35B=b;Gemma 4 26B=c,3,c,1,1,c,1,1,b,0,1,c,1,0
168,151,296,1,3,0.25000000,SELECTED_BOUNDARY_TIE,True,openrouter_B-hard200-v1|,1e4d5bb0a46e7f7a2667dc4c897c4e9d554f8a81be01b9f5052c6cf93caaf057,487,r001,la-rioja|2021|main|46,replacement22_2026-08-04,r001,n169,c2485,La Rioja,2021,aparato-digestivo,main,46,False,d,Ninguna de las respuestas anteriores es correcta.,En el síndrome hepatopulmonar (SHP) es cierto que:,Existe una relación clara entre la presencia o gravedad del SHP y la gravedad de la enfermedad hepática valorada por la clasificación de Child-Turcotte-Pugh o por el índice MELD.,La determinación del gradiente alveolo-arterial de oxígeno no es un método más sensible que la presión parcial arterial de oxígeno.,La gammagrafía pulmonar con macroagregados de albúmina (γMA) marcados con ⁹⁹ᵐTc es considerado el Gold-estándar para el diagnóstico del SHP.,Ninguna de las respuestas anteriores es correcta.,b9b6ad648f3ab5132dd3adaf76e13c53fb2f51cd36541bcb1e3b9aed7e4f42a1,e6095fffa974fbec4aa32bc522dc7fad132f208e35f8247ce4669da26d11fba9,548,Qwen 3.6 35B,Gemini 3.6 Flash=d;GLM 5.2=d;Qwen 3.6 35B=c;Gemma 4 26B=d,3,d,1,1,d,1,1,c,0,0,d,1,1
169,151,296,1,3,0.25000000,SELECTED_BOUNDARY_TIE,True,openrouter_B-hard200-v1|,209d021732d6a610dc1e787e909c89ba9b6874787ad42f2301d03e86416d1be6,379,n061,comunitat-valenciana|2022|main-47-80|62,new182,,,,Comunitat Valenciana,2022,aparato-digestivo,main-47-80,62,False,c,Ninguna de las respuestas anteriores es correcta.,¿Cuál de las siguientes pruebas es más fiable para detectar consumo de alcohol en un paciente con sospecha de enfermedad hepática alcohólica?,GOT aumentada.,Gamma GT aumentada.,Ninguna de las respuestas anteriores es correcta.,Aumento de VCM.,42e048de99243f24fd9f20d8e2b68104c6b34022c55b623b34dc04cea80b4e72,a9fce3484eb33d0b0277ef74183c2cb89f846eeccdbc784fac3988ef8f92cdb7,238,GLM 5.2,Gemini 3.6 Flash=c;GLM 5.2=b;Qwen 3.6 35B=c;Gemma 4 26B=c,4,c,1,1,b,0,1,c,1,1,c,1,1
170,151,296,1,3,0.25000000,SELECTED_BOUNDARY_TIE,True,openrouter_B-hard200-v1|,24265320123fa2a200ba9172fbf563aed84a23568758eb20b4cad2960c00eba1,261,b400,la-rioja|2024|main|74,retained318,,,,La Rioja,2024,aparato-digestivo,main,400,False,c,Ninguna de las respuestas anteriores es correcta.,"Mujer de 34 años, con mutación STK11. ¿Cuál es el síndrome más probable?:",Poliposis adenomatosa familiar.,Gardner.,Ninguna de las respuestas anteriores es correcta.,Cowden.,f93e675b77288bfa0d69962e44e8c5f4a06743e008b11893d1b5d20f070136a6,f0920f897fef1559e991451d2605d07575a16b9a49170d30f36b6c0eb9959893,168,Gemma 4 26B,Gemini 3.6 Flash=c;GLM 5.2=c;Qwen 3.6 35B=c;Gemma 4 26B=d,4,c,1,1,c,1,1,c,1,1,d,0,1
171,151,296,1,3,0.25000000,SELECTED_BOUNDARY_TIE,True,openrouter_B-hard200-v1|,246bb328e43736b53994a995cdf3d313e41e5783614e072109f3d478f65b8db0,15,b27,illes-balears|2022|caso-2|28,retained318,,,,Illes Balears,2022,aparato-digestivo,caso-2,27,False,b,Ninguna de las respuestas anteriores es correcta.,"Varón de 63 años remitido a la unidad de endoscopia para hacerle una gastroscopia por un reflujo de larga evolución (superior a 10 años). El paciente es obeso, hipertenso y fumador. Refiere disfagia a sólidos desde hace un mes. Se hace una gastroscopia que detecta a 32 cm de las arcadas dentarias la presencia de una mucosa ectópica que se extiende hasta la unión esofagogástrica situada a 38 cm de las arcadas dentarias en donde se aprecian signos de esofagitis por reflujo grado C.
Se pauta un tratamiento médico y se hace una nueva gastroscopia a las ocho semanas. En ella se aprecia la mucosa ectópica descrita previamente sugestiva de esófago de Barrett (C5M6) con una cicatrización completa de la esofagitis por reflujo y a 35 cm de las arcadas dentarias se aprecia un área irregular sobreelevada de unos 8 mm (0-Is) diferente al resto de la mucosa circundante. Se hacen biopsias de forma aleatoria de la lesión descrita, suponiendo que puede tratarse de un esófago de Barrett según el protocolo de Seattle. Los resultados de la lesión visible en el esófago confirman un esófago
de Barrett con metaplasia intestinal y presencia de focos de displasia de grado alto y las biopsias aleatorias confirmaban el esófago de Barrett sin displasia. Se planifica una estrategia de tratamiento y seguimiento.

Señale la respuesta correcta en referencia a los diferentes fenotipos de presentación de la enfermedad por reflujo gastroesofágico:",La enfermedad por reflujo gastroesofágico no erosivo supone menos del 50 % de todos los casos de reflujo.,Ninguna de las respuestas anteriores es correcta.,El reflujo no erosivo se asocia a exposiciones normales de ácido en el esófago sin lesiones de la mucosa esofágica.,La enfermedad por reflujo gastroesofágico erosiva es más frecuente que la no erosiva y se clasifica según la clasificación de Los Ángeles.,2f704ddce6331088b97be2d19c9dfb939dd6f20ecaa05ffd3b34b5f7b28b38c7,1e8d8af5b4c787d9782a2fddfc9d451cdde0893d8572cdf86159818db8cf6b66,1843,Gemma 4 26B,Gemini 3.6 Flash=b;GLM 5.2=b;Qwen 3.6 35B=b;Gemma 4 26B=c,3,b,1,1,b,1,1,b,1,0,c,0,1
172,151,296,1,3,0.25000000,SELECTED_BOUNDARY_TIE,True,openrouter_B-hard200-v1|,24e0960e84cbfcca8ff1169b8cb4014038a1951de8dd0d5ddebbabc56b0f5a26,388,n070,comunitat-valenciana|2022|main-47-80|50,new182,,,,Comunitat Valenciana,2022,aparato-digestivo,main-47-80,50,False,c,Ninguna de las respuestas anteriores es correcta.,"A un paciente de 57 años se le realiza una colonoscopia hasta ciego, con una preparación de Boston de 8 puntos, resecándose 2 pólipos sésiles (Paris 0-Is) de forma completa y no fragmentada: un adenoma tubular con displasia de bajo grado de 6mm y un adenoma serrado sésil de 6mm con displasia. ¿Cuál sería la recomendación de seguimiento según las últimas recomendaciones de la guía de vigilancia postpolipectomía de la Sociedad Europea de Endoscopia Digestiva (ESGE) de 2020?",Vuelta al programa de cribado de CCR.,Colonoscopia en 1 año.,Ninguna de las respuestas anteriores es correcta.,Colonoscopia en 5 años.,34472ffbb41629a3b01f00082bcc6f48d23896b169338880d605923b0d9726c2,84a415d1f48ab6ad600f4de133375d9bb89f1a14fe59920ecdb0452ed6dc9883,607,Gemma 4 26B,Gemini 3.6 Flash=c;GLM 5.2=c;Qwen 3.6 35B=c;Gemma 4 26B=d,3,c,1,1,c,1,0,c,1,1,d,0,1
173,151,296,1,3,0.25000000,SELECTED_BOUNDARY_TIE,True,openrouter_B-hard200-v1|,27506bb1d16d2144f41e5bfbdd8c3845fe9df514283d095f67fcbfd31f48649f,480,n162,comunitat-valenciana|2022|main-47-80|71,new182,,,,Comunitat Valenciana,2022,aparato-digestivo,main-47-80,71,False,d,Ninguna de las respuestas anteriores es correcta.,"Un hepatocarcinoma estadio C (Avanzado) de la clasificación BCLC, tiene indicación de:",Resección.,Trasplante.,Quimioembolización.,Ninguna de las respuestas anteriores es correcta.,f7d5274bdc7607e03280b3d7a4a280dd0f807d71f135cf08220fbfd237179fdf,d4b2e448968baf8b64497f1bd690048a50c5553842ebeba2dbe15f3fb15161ad,175,Gemma 4 26B,Gemini 3.6 Flash=d;GLM 5.2=d;Qwen 3.6 35B=d;Gemma 4 26B=c,4,d,1,1,d,1,1,d,1,1,c,0,1
174,151,296,1,3,0.25000000,SELECTED_BOUNDARY_TIE,True,openrouter_B-hard200-v1|,2866e25fd7a99882e20b726403aab812d246ee5801f2279577fcaadf9dedd93d,250,b379,andalucia|2021|cuestionario-practico|124,retained318,,,,Andalucía,2021,aparato-digestivo,cuestionario-practico,379,False,b,Ninguna de las respuestas anteriores es correcta.,"Una mujer de 62 años acude para realización de colonoscopia por test de sangre oculta en heces positivo en el contexto del programa de cribado poblacional de cáncer colorrectal de Andalucía. Se encontraba asintomática y no tenía comorbilidades ni antecedentes personales ni familiares de cáncer colorrectal. Se realiza colonoscopia hasta ciego, bajo sedación profunda, con un tiempo de retirada de 18 minutos. Se encontró un pólipo 0-Ip de 14mm en sigma, que se extirpa de forma completa y en bloque, informado por el patólogo como adenoma tubulovelloso con displasia de bajo grado. No se encontraron
otras lesiones. La puntuación de la escala de Boston fue 5 (2 en colon izquierdo, 1 en colon transverso y 1 en ciego-colon ascendente).

En la siguiente colonoscopia practicada, se encuentra una lesión de extensión lateral ligeramente elevada 0-IIa, con patrón nodular mixto no homogéneo (LST-G), de 25mm en colon ascendente, realizándose resección mucosa completa y en bloque. El patólogo informa de la existencia de un adenocarcinoma bien diferenciado sobre adenoma velloso que invade la submucosa, con una profundidad máxima de 4mm, sin evidencia de invasión vascular ni linfática, sin budding, y con distancia al margen de resección de 0,5mm. Señale la interpretación CORRECTA de los hallazgos:","Se trata de una neoplasia no invasiva de alto grado (Tis), sin riesgo de diseminación ganglionar.",Ninguna de las respuestas anteriores es correcta.,"Se trata de un adenocarcinoma invasor sobre pólipo (pT1), con criterios histológicos de buen pronóstico y bajo riesgo de diseminación ganglionar.",Se trata de un adenocarcinoma T2N0M0.,8cd0a9db93c9ff13d813cd30dae40341ad9ed1f4bcb665ce2e68ee4a000589ee,196aa42c3bec2552d473a8261d145d853581c273d6c1a541cd59b17c1e419d53,1627,Gemma 4 26B,Gemini 3.6 Flash=b;GLM 5.2=b;Qwen 3.6 35B=b;Gemma 4 26B=c,3,b,1,1,b,1,1,b,1,1,c,0,0
175,151,296,1,3,0.25000000,SELECTED_BOUNDARY_TIE,True,openrouter_B-hard200-v1|,2e6758eb5503b7f35d58c03b148831cdd34291e82ed6686f78aa4e29621bc460,83,b124,illes-balears|2022|caso-6|127,retained318,,,,Illes Balears,2022,aparato-digestivo,caso-6,124,False,b,Ninguna de las respuestas anteriores es correcta.,"Paciente de 62 años con los antecedentes siguientes:

No alergias.

Exfumador: tabaquismo activo desde la juventud hasta los 58 años.

Tosedor habitual.

Consumo diario de alcohol desde hace más de diez años. Consume dos cañas de cerveza, cuatro vasos de vino y dos carajillos al día. El fin de semana toma alguna cerveza más en fiestas y celebraciones y uno o dos gin-tonics.

Dice que no toma drogas.

Dice que no tiene antecedentes patológicos relevantes. No hace controles con su médico de cabecera. Nunca va al médico.
Enfermedad actual: consulta por distensión abdominal molesta, un aumento del perímetro abdominal progresivo de dos semanas de evolución y piernas hinchadas.

Exploración física: bien coloreado, subictericia conjuntival dudosa, arañas vasculares y telangiectasias en el tronco, eritema palmar e hipertrofia parotídea.

Cardiocirculatorio: pulsos rítmicos 90 lpm, soplo sistólico plurifocal, no ingurgitación yugular, edemas maleolares moderados.

Respiración: espiración un poco alargada, algún roncus diseminado.
Abdomen: muy distendido; indoloro a la presión o a la descompresión; sin defensa; matidez en flancos; la matidez cambia con los cambios posturales; signo de la ola; hepatomegalia de tres traveses, lisa e indolora; esplenomegalia dudosa, difícil de delimitar; pequeña protrusión umbilical; no reflujo hepatoyugular.

Radiografía del tórax: elevación de ambos hemidiafragmas.

Radiografía del abdomen: aumento difuso de la densidad, se aprecia perfil hepático y esplénico.

Electrocardiograma normal.

Analítica:
Leucocitos: 3.100/mm³ (3.000-10.000); Hto: 39 % (40-46); Hb: 12,1 g/dl (12-15); VCM: 105 fl (80-100); plaquetas: 105.000/mm³ (150.000-400.000); Quick: 59 % (> 70 %); INR: 1.4 (N 0.8-1.2); creatinina: 1.0 mg/dl; urea: 40 mg/dl; Na: 136 mEq/L; K: 4 mEq/L; urato: 7.9 (< 7); bilirrubina total: 1.9 mg/dl (< 1.3) GOT (ASAT): 105 UI/ml (< 40); GPT (ALAT): 50 UI/ml (< 40); GGT: 480 UI/ml (< 45); FA: 125 UI/ml (< 135); albúmina: 3,2 g/dl (> 3,5).

El resto de la analítica básica es normal.
Ecografía abdominal: líquido libre muy abundante, hígado de ecogenicidad aumentada difusamente, heterogéneo, difícil de ver por la ascitis. Forma hepática

irregular un poco abollonada, macronodular. Vena porta permeable, dilatada. Venas suprahepáticas permeables, no dilatadas. Vía biliar intrahepática y extrahepática normal. Vesícula con litiasis múltiple, no distendida y no edematosa. Bazo ligeramente aumentado de tamaño (15 cm de longitud máxima). El resto no tiene alteraciones. Páncreas no visto por interposición de aire.

Se hace una paracentesis (diagnóstica y evacuadora), y se obtienen 6.000 ml de ascitis.

Análisis del líquido ascítico:
- Glucosa: 120 mg/dl.
- Proteínas: 1,0 g/dl.
- Albúmina: 0,8 g/dl.
- LDH: 40 ui/ml.
- Hematíes: 100 /mm³.
- Leucocitos: 220 /mm³.

¿Qué dosis de albúmina se recomienda actualmente para prevenir la disfunción circulatoria y la insuficiencia renal posparacentesis?",Depende del nivel de albúmina en sangre del paciente.,Ninguna de las respuestas anteriores es correcta.,Depende de la función renal del paciente.,Todas las respuestas anteriores son correctas.,711faa41851c5cb673831803fcc060e7a86c96841e03ff4d8fac764088c9f72e,0b6a35db2aa477a6b284c3687f66e0777d89e1969bc0bf273e0009536aee6c8a,3138,Gemma 4 26B,Gemini 3.6 Flash=b;GLM 5.2=b;Qwen 3.6 35B=b;Gemma 4 26B=a,4,b,1,1,b,1,1,b,1,1,a,0,1
176,151,296,1,3,0.25000000,SELECTED_BOUNDARY_TIE,True,openrouter_B-hard200-v1|,2f0fdeb6a70fe5ec561fdc57b052908f8cbf6d6c4518bb404ef20c8f0d7a7625,147,b222,castilla-la-mancha|2022|main|23,retained318,,,,Castilla-La Mancha,2022,aparato-digestivo,main,222,False,b,Ninguna de las respuestas anteriores es correcta.,"Una paciente de 86 años acude a urgencias por dolor en epigastrio y vómitos con restos alimentarios. La paciente presenta mal estado general y deshidratación. A la exploración presenta dolor leve en epigastrio con timpanismo. Analíticamente destaca hemoglobina 16.3 g/dl, urea 133 mg/dl, creatinina 3.20 mg/dl, y PCR 189.6 mg/l. En la radiografía simple de abdomen se observa una gran dilatación de la cámara gástrica y aerobilia. También dos niveles hidroaéreos en el hipocondrio derecho. Cuál es el diagnóstico más probable",Vólvulo gástrico,Ninguna de las respuestas anteriores es correcta.,Bezoar gástrico,Síndrome de la pinza aorto-mesentérica,7156d27eaece3b9983eed7a8119307bc8835abf39074c4123ba3a2397d8b11c9,13bc74ec0a37f5f41801f3cbaaa22f3db98c0d1fdabb0ef62c9ad3d67855d78a,643,Gemma 4 26B,Gemini 3.6 Flash=b;GLM 5.2=b;Qwen 3.6 35B=b;Gemma 4 26B=a,4,b,1,1,b,1,1,b,1,1,a,0,1
177,151,296,1,3,0.25000000,SELECTED_BOUNDARY_TIE,True,openrouter_B-hard200-v1|,33350075607253adf19bf9c7cdbcd89119a814a19a20dd9576800f23214236c1,48,b69,illes-balears|2022|caso-3|71,retained318,,,,Illes Balears,2022,aparato-digestivo,caso-3,69,True,c,Ninguna de las respuestas anteriores es correcta.,"Paciente varón de 62 años con antecedentes de enolismo superior a 60 g/día de veinte años de evolución y fumador de 25 paquetes/año desde los 17 años.

Antecedente de dos ingresos por pancreatitis agudas leves en los últimos tres años. En los últimos tres meses presenta un cuadro de diarrea en forma de cuatro deposiciones al día, dolor abdominal continuo y diario, localizado en el epigastrio que no mejora con paracetamol. Además, refiere que ha perdido cuatro quilos. Se le hace una gastroscopia que es normal. Una TC abdominal revela la presencia de múltiples calcificaciones parenquimatosas en
la cabeza del páncreas, dilatación del conducto pancreático principal, una lesión quística de 10 mm en el cuerpo pancreático y atrofia de la cola de páncreas. Los coprocultivos, los parásitos en heces y la toxina de Clostridium difficile en heces son negativos, la serología de celiaquía negativa y las hormonas tiroideas son normales.

Elementos relevantes de la analítica. Glucosa: 124 mg/dl, GGT: 101 U/L, AST: 55 U/L, ALT: 65 U/L, VCM: 102 fl, BI total: 1,4 mg/dl, triglicéridos: 180 mg/dl, amilasa: 125 U/L, lipasa: 25 U/L.
El resto del hemograma y de la bioquímica está dentro de valores normales.

Las pruebas para determinar la insuficiencia pancreática exocrina demuestran una insuficiencia pancreática exocrina (IPE) grave.

22 meses después del diagnóstico el paciente ingresa por ictericia conjuntival y cutánea con cifras de bilirrubina de 9 mg/dl (de predominio directo) y colestasis marcada en la analítica. Una ecografía abdominal en urgencias muestra una dilatación de la vía biliar extrahepática.

Una TC abdominal con protocolo pancreático objetiva una lesión sólida en la cabeza del páncreas de 2,7 x 2,5 cm con dilatación de la vía biliar extrahepática de 13 mm. No se observan lesiones hepáticas ocupantes de espacio. La lesión está en contacto con la arteria mesentérica superior en más de 180° con presencia de una trombosis portal.

Señale la respuesta falsa en relación con la TC abdominal en la evaluación de un paciente con sospecha de adenocarcinoma de páncreas:",En un protocolo pancreático es la prueba de elección para la evaluación de un paciente con sospecha de adenocarcinoma pancreático.,"En comparación con la resonancia magnética, ofrece más detalles anatómicos de la relación del tumor con la vascularización.",Ninguna de las respuestas anteriores es correcta.,"La PET-TC no se utiliza habitualmente en el diagnóstico, pero puede ser útil en la detección de enfermedad metastásica oculta.",a1fe165812b530cb47db1b16dfa652eafb6fe98236f1f26ae92b0b82bc84958f,f09814187edb53a469fbd303d41fcf29aeedc9c551d4a3444ec98f2baaa2b738,2519,GLM 5.2,Gemini 3.6 Flash=c;GLM 5.2=b;Qwen 3.6 35B=c;Gemma 4 26B=c,4,c,1,1,b,0,1,c,1,1,c,1,1
178,151,296,1,3,0.25000000,SELECTED_BOUNDARY_TIE,True,openrouter_B-hard200-v1|,34e210e597f0ce7433f7da81b52d13e3a7474aecb8cca578258cba9a04ed6308,417,n099,castilla-y-leon|2019|main|53,new182,,,,Castilla y León,2019,aparato-digestivo,main,53,False,c,Ninguna de las respuestas anteriores es correcta.,"En un paciente Naive no coinfectado y con Hepatopatía crónica VCH, la duración habitual del tratamiento con Sofosbuvir y Velpatasvir es de:",4 semanas,8 semanas,Ninguna de las respuestas anteriores es correcta.,24 semanas,c4b97e946af1f1dcadc992dea407db6c7452ff289cf1a59bb79115327da5a40b,981081f0ac584c7fe298bf688410c6d7d930c79fcfad9a88f2e81c234b85bd24,216,Gemma 4 26B,Gemini 3.6 Flash=c;GLM 5.2=c;Qwen 3.6 35B=c;Gemma 4 26B=b,4,c,1,1,c,1,1,c,1,1,b,0,1
179,151,296,1,3,0.25000000,SELECTED_BOUNDARY_TIE,True,openrouter_B-hard200-v1|,36fa510a2f24702981029ec0234fa701bf727e4b2973629564467a47dd6bac91,192,b295,comunidad-de-madrid|2021|main|149,retained318,,,,Comunidad de Madrid,2021,aparato-digestivo,main,295,False,d,Ninguna de las respuestas anteriores es correcta.,"Usted conoce que los pacientes con cirrosis descompensada desarrollan con frecuencia sarcopenia, Señale por favor cuál de los siguientes mecanismos NO está implicado en el desarrollo de esta complicación",Descenso de testosterona y de hormona de crecimiento,Incremento de la concentración de amonio plasmático,Presencia de endotoxinemia y de disfunción mitocondrial,Ninguna de las respuestas anteriores es correcta.,b43de87490e0a68d9d0afc4af3bdbd80cb47a6369a7a2e270481a9752777973b,05b31cbb231e5c9ca947f5d0d16d578d7935fd864b8050de0dc22dbf6614aeea,410,Qwen 3.6 35B,Gemini 3.6 Flash=d;GLM 5.2=d;Qwen 3.6 35B=b;Gemma 4 26B=d,4,d,1,1,d,1,1,b,0,1,d,1,1
180,151,296,1,3,0.25000000,SELECTED_BOUNDARY_TIE,True,openrouter_B-hard200-v1|,3804df5dbbded8a895371d3dd5021cd09d8bb6dcb225bb876b1ceddf7a06a9d8,460,n142,galicia|2022|main|45,new182,,,,Galicia,2022,aparato-digestivo,main,45,False,c,Ninguna de las respuestas anteriores es correcta.,"Paciente de 60 años que acude a consulta tras ingreso en digestivo por Hemorragia Digestiva secundaria a úlcera en segunda porción duodenal. Se ha prescrito tratamiento erradicador de Helicobacter Pylori y el test de aliento es negativo. El paciente refiere encontrarse mal, con dolor abdominal, pirosis intensa y diarrea diariamente. Se solicita una gastroscopia de control que evidencia persistencia de úlcera duodenal, múltiples erosiones gástricas en localización atípica y esofagitis grado C de la Clasificación de Los Ángeles. ¿Qué determinación debemos solicitar para completar el estudio de este paciente?:",Elastasa fecal.,Calprotectina fecal.,Ninguna de las respuestas anteriores es correcta.,Péptido intestinal Vasoactivo (VIP).,6ab3f4bf9bb3ab12e67e9abe8ae37c1542e7293cc2b76652a7a4856ec5b7eb2c,670db337dfc72a656c9f5e1f2a45dd8eb5bf5914038816bf9bcc22c0ce64be81,734,Gemma 4 26B,Gemini 3.6 Flash=c;GLM 5.2=c;Qwen 3.6 35B=c;Gemma 4 26B=d,4,c,1,1,c,1,1,c,1,1,d,0,1
181,151,296,1,3,0.25000000,SELECTED_BOUNDARY_TIE,True,openrouter_B-hard200-v1|,3a52026d05b12d7cb23ac81e976e45ac05387b2ff8ba8ddc54fdd6f5b089f7bb,53,b78,illes-balears|2022|caso-4|80,retained318,,,,Illes Balears,2022,aparato-digestivo,caso-4,78,False,b,Ninguna de las respuestas anteriores es correcta.,"Mujer de 18 años sin antecedentes personales ni familiares de interés y sin hábitos tóxicos. Ingresa por fiebre, pérdida de peso asociada a hiporexia, diarrea de comienzo reciente sin productos patológicos y dolor abdominal de dos semanas de evolución.

Exploración. Temperatura: 37,6 °C; TA: 100/60 mmHg; consciente, orientada, eupneica; peso: 40 quilos, talla: 155 cm, delgadez, retraso del desarrollo puberal, palidez discreta, bien hidratada y perfundida. No se palparon adenopatías. La auscultación cardiorrespiratoria fue normal y la exploración abdominal no mostró hallazgos de interés. En la
inspección anal se observó una hemorroide centinela y una fisura anal en el rafe posterior.

En la analítica destacaban, hemoglobina: 9,9 g/dl; hematocrito: 34 %; VCM: 81 fl; leucocitos: 15.600 /μl (82 % neutrófilos); plaquetas: 699.000 /μl; VSG: 41 Fe: 15 μg/dl; ferritina: 247 ng/ml; proteína C reactiva: 9,7 mg/dl.

Los coprocultivos y los parásitos en heces fueron negativos.
En la colonoscopia se exploró hasta el ciego y se hizo una ileoscopia de los últimos 10 cm. En todo el trayecto explorado se apreciaron úlceras profundas serpiginosas entre áreas de mucosa sana y se tomaron muestras para biopsia. Las biopsias del íleon y el colon fueron compatibles con una inflamación crónica activa.

Siendo A «edad al diagnóstico», L «localización de la enfermedad» y B «patrón de comportamiento», ¿cuál es la opción correcta para esta paciente según la clasificación de Montreal?",A1 L2 B2.,Ninguna de las respuestas anteriores es correcta.,A3 L3 B2.,A2 L1 B3.,cbd74f587d92d77009c30a37fa6a79404a18e74beec47c001dc572fe3f1f70bf,d3e68c2f9923ee2fdd79aa810d723e899e7fa43477003b95cffe04f56296e927,1556,Gemma 4 26B,Gemini 3.6 Flash=b;GLM 5.2=b;Qwen 3.6 35B=b;Gemma 4 26B=a,3,b,1,1,b,1,1,b,1,1,a,0,0
182,151,296,1,3,0.25000000,SELECTED_BOUNDARY_TIE,True,openrouter_B-hard200-v1|,3c6d9a025574622a5acf7a7a438b2ee88171f61b0b8a88152e1e4e43c340fb2d,302,b474,la-rioja|2021|reserva|105,retained318,,,,La Rioja,2021,aparato-digestivo,reserva,474,False,b,Ninguna de las respuestas anteriores es correcta.,¿Cuál de los siguientes está descrito como factor de riesgo en enfermedad de Crohn y protector en colitis ulcerosa?,Infección por H.pylori.,Ninguna de las respuestas anteriores es correcta.,Lactancia materna.,Todos los anteriores.,1ae1bb7beae2e204d89824c39d30d802e2b7242ca5c01b18671d88c01d2e1d96,a9b7fde6384f6e828a1d314e12285bbd3a6218e3d986290a2f9f84a558a296f8,226,Gemma 4 26B,Gemini 3.6 Flash=b;GLM 5.2=b;Qwen 3.6 35B=b;Gemma 4 26B=a,4,b,1,1,b,1,1,b,1,1,a,0,1
183,151,296,1,3,0.25000000,SELECTED_BOUNDARY_TIE,True,openrouter_B-hard200-v1|,3fd2e6c319f9cf3b6cb69f60e4d63a841febb0e0af75edfb48d665b424e000ee,314,b490,aragon|2020|main|90,retained318,,,,Aragón,2020,aparato-digestivo,main,490,False,c,Ninguna de las respuestas anteriores es correcta.,"En un paciente no colecistectomizado con disfunción del esfínter de Oddi tipo III, ¿cómo están los enzimas hepáticos y el conducto biliar común?",Enzimas hepáticos alterados y conducto biliar normal.,Enzimas hepáticos normales y conducto biliar dilatado.,Ninguna de las respuestas anteriores es correcta.,Enzimas hepáticos alterados y conducto biliar dilatado.,8084731df31c37f9922f7b957f84e0b5b503f678da044030142a57a55880b048,6b00a3f1b2cb8958abe49e28cfb48e1b89d89cfc7ca0c6b1d622004ad30448c6,355,Gemma 4 26B,Gemini 3.6 Flash=c;GLM 5.2=c;Qwen 3.6 35B=c;Gemma 4 26B=a,4,c,1,1,c,1,1,c,1,1,a,0,1
184,151,296,1,3,0.25000000,SELECTED_BOUNDARY_TIE,True,openrouter_B-hard200-v1|,42a8adf94aab363108a34b5992913fd8ebdbad329a0ee7e0fee2e76ded3f6ad8,161,b246,galicia|2019|reserva-especifica|109,retained318,,,,Galicia,2019,aparato-digestivo,reserva-especifica,246,False,d,Ninguna de las respuestas anteriores es correcta.,¿Cuál de las siguientes entidades se asocia con más frecuencia a la colangitis esclerosante primaria?,Lupus eritematoso sistémico.,Esclerodermia.,Enfermedad celíaca.,Ninguna de las respuestas anteriores es correcta.,48287cce283460787b0da111f95865f27b8dcae10f64eea84cd7dd04ae0e9f22,7aab1ab1e1122e6a598da21b4042f0b66906b06717d672e051f9581217cefbe2,211,Gemma 4 26B,Gemini 3.6 Flash=d;GLM 5.2=d;Qwen 3.6 35B=d;Gemma 4 26B=c,4,d,1,1,d,1,1,d,1,1,c,0,1
185,151,296,1,3,0.25000000,SELECTED_BOUNDARY_TIE,True,openrouter_B-hard200-v1|,46bb1fbeb5b9b932eb05c5d36668201e15499d5a2872586bf1c741cb272e1820,372,n054,castilla-la-mancha|2022|main|10,new182,,,,Castilla-La Mancha,2022,aparato-digestivo,main,10,False,c,Ninguna de las respuestas anteriores es correcta.,"Según la guía ASGE 2022 para el manejo endoscópico de la esofagitis eosinofílica (EEo), señale la respuesta verdadera",Para el diagnóstico de EEo se deben tomar al menos 12 muestras de biopsia del esófago,Solo es necesario tomar muestras de biopsia del esófago distal para el diagnóstico de EEo.,Ninguna de las respuestas anteriores es correcta.,"El seguimiento tras terapia se basa fundamentalmente en la clínica, sin ser necesario tomar muestras para confirmar la mejoría histológica.",8028b49dd105346e708b678a971863087bf20ad495a10acf477baf592e65b5ab,47b7849110428e0f171dad8483fba7d0584064f27d7ee3559e52e200164c588c,480,Gemma 4 26B,Gemini 3.6 Flash=c;GLM 5.2=c;Qwen 3.6 35B=c;Gemma 4 26B=a,4,c,1,1,c,1,1,c,1,1,a,0,1
186,151,296,1,3,0.25000000,SELECTED_BOUNDARY_TIE,True,openrouter_B-hard200-v1|,46c7ca766302aaf9d0b9c10fe4ecd30f57ca472d3cb59514f3006d8d5b9f6537,360,n042,andalucia|2021|cuestionario-teorico|86,new182,,,,Andalucía,2021,aparato-digestivo,cuestionario-teorico,86,False,c,Ninguna de las respuestas anteriores es correcta.,¿Cuál de los siguientes fármacos ha demostrado mejorar el dolor frente al placebo en la dispepsia funcional subtipo dolor epigástrico (SDE)?,Fluoxetina,Cinitaprida,Ninguna de las respuestas anteriores es correcta.,Sucralfato,7ce6a6bb9d26537fa7f88f9142fb104309d01e1dca1cd89b766fa7c7f28ef821,96c0d693b93cf961045567de9def14752011cac145390402e9c04ad296bee4b4,220,Gemma 4 26B,Gemini 3.6 Flash=c;GLM 5.2=c;Qwen 3.6 35B=c;Gemma 4 26B=b,4,c,1,1,c,1,1,c,1,1,b,0,1
187,151,296,1,3,0.25000000,SELECTED_BOUNDARY_TIE,True,openrouter_B-hard200-v1|,4722c82ad06d12fb1154e325e34cfefe4df18902f9456df9bdc67e8a8cbb152f,75,b112,illes-balears|2022|caso-5|115,retained318,,,,Illes Balears,2022,aparato-digestivo,caso-5,112,False,b,Ninguna de las respuestas anteriores es correcta.,"Varón de 32 años sin hábitos tóxicos ni alergias medicamentosas conocidas y sin antecedentes familiares de interés.

Como único antecedente patológico destaca una rectosigmoiditis ulcerosa diagnosticada dos años antes tras una historia de diarrea sanguinolenta intermitente y un tenesmo discreto. En ese momento se hizo una colonoscopia completa con biopsia que mostró una afectación del recto sigma hasta unos 15 cm del margen anal en forma de mucosa eritematosa friable con sangrado con el roce mínimo de predominante en el recto distal. Se descartaron procesos infecciosos intestinales. Las únicas
alteraciones analíticas reseñables en el momento del diagnóstico fueron que era positivo de P-ANCA y tenía una calprotectina fecal de 450 μg/g. Se pautó un tratamiento con enemas de mesalazina.

El paciente permaneció asintomático desde el diagnóstico siguiendo controles en consultas y con cumplimiento terapéutico. Contactó con su servicio de digestivo de referencia por presentar, en las dos semanas previas, un aumento del número de deposiciones con entre cuatro y seis deposiciones al día deshechas con resto hemático fresco en la mayoría de ellas, con imperiosidad, sin respetar descanso nocturno y con dolor abdominal previo a la deposición. No había afectación del estado general. El mes previo al inicio de la sintomatología digestiva inició una lumbalgia intermitente, en ocasiones
intensa, y se automedicó con ibuprofeno en comprimidos de 600 mg de forma puntual.

La exploración física fue normal y se solicitó una analítica completa en la cual destacaba HB: 12,5 gr/dl, VSG y PCR normales, calprotectina: 675 μg/g, FA: 270 UI/L, GGT: 65 UI/L, Bil. total: GOT y GPT normales, ferropenia discreta, resto de parámetros nutricionales normales.

En el caso presentado se hizo una colonoscopia completa que mostró una progresión a pancolitis ulcerosa, se asumió el diagnóstico de brote moderado severo y se controló de manera ambulatoria.

El paciente recibió un tratamiento con adalimumab para conseguir la remisión y se pautó como tratamiento de mantenimiento. Se le asoció, inicialmente, azatioprina que fue retirada por un episodio de pancreatitis leve.

Se descartó la CEP y se mantuvo en remisión clínica y biológica en los siguientes ocho meses en monoterapia con adalimumab a dosis habituales de 40 mg cada dos semanas. A partir de esa fecha, de forma progresiva, refiere un aumento del número de deposiciones pasando de una a cinco o seis, con sangrado con las heces en la mayoría de las deposiciones, cierto tenesmo y dolor cólico previo a la deposición. Refirió una afectación de su calidad de vida, pero no de su estado general. Se hizo un estudio de heces con coprocultivos negativos, Clostridium negativo y calprotectina de 540 μg/g. La
analítica de sangre, el hemograma, el VSG, la PCR y los parámetros nutricionales fueron normales. Se decidió hacer una rectosigmoidoscopia que evidenció mucosa con eritema intenso friable con alguna erosión aislada desde el recto que afectaba de forma difusa toda la mucosa valorada. Se tomaron muestras para biopsia para conocer el grado de actividad histológico y la presencia de citomegalovirus (CMV).

Si se asume que ha habido una pérdida de eficacia del tratamiento de mantenimiento, ¿qué actitud es la adecuada?","Debe iniciarse el tratamiento con esteroides orales, debe suspenderse el adalimumab y debe iniciarse el tratamiento con infliximab para inducir de nuevo la remisión.",Ninguna de las respuestas anteriores es correcta.,"Con presencia de anticuerpos antiadalimumab y niveles bajos del fármaco, debe insistirse en el adalimumab intensificando y debe añadirse el tacrolimus como inmunosupresor.",Todas las respuestas anteriores son adecuadas.,46e0cbe47e3811d8454ff3fa4e57174cfabb03f3d5e3558293fd9092de618f48,7388bd9f790bd979b433908cecb0b130aed1f7d38a6df987bdf9531a139f8e58,3708,Gemma 4 26B,Gemini 3.6 Flash=b;GLM 5.2=b;Qwen 3.6 35B=b;Gemma 4 26B=a,4,b,1,1,b,1,1,b,1,1,a,0,1
188,151,296,1,3,0.25000000,SELECTED_BOUNDARY_TIE,True,openrouter_B-hard200-v1|,491f880179a0e6c9f9ef41a87d6119169368d2d6c59cff98f0061ed3492913c4,127,b192,navarra|2022|teorico-practica|75,retained318,,,,Navarra,2022,aparato-digestivo,teorico-practica,192,False,c,Ninguna de las respuestas anteriores es correcta.,"Varón de 58 años que acude a urgencias por dolor agudo y constante en hipocondrio derecho, con náuseas, vómitos y fiebre de 38º. A la exploración presente ictericia e hipersensibilidad a la palpación en hipocondrio derecho. Se solicita una ecografía abdominal observando colelitiasis múltiple y dilatación de vía intrahepática sin poder valorar colédoco ni región pancreática por interposición de gas. Se completa con un TC observando litiasis en conducto cístico de 15 mm, dilatación de conducto hepático común y vía biliar intrahepática, estando el colédoco distal normal. ¿Cuál de los siguientes es el diagnóstico MÁS probable?",Colangiocarcinoma tipo Klatskin,Quiste de colédoco,Ninguna de las respuestas anteriores es correcta.,Colangiocarcinoma proximal,27fef1ce294c33e0165bb2a02cbe2895ef37fa3619aedd62b1b0038f9017d6ec,5010dbddb3c0e6c252252c6ff57bf36a4965853559e7808451b4ff229f2a0335,754,Gemma 4 26B,Gemini 3.6 Flash=c;GLM 5.2=c;Qwen 3.6 35B=c;Gemma 4 26B=d,4,c,1,1,c,1,1,c,1,1,d,0,1
189,151,296,1,3,0.25000000,SELECTED_BOUNDARY_TIE,True,openrouter_B-hard200-v1|,49b8044b21db6962143c7def5a2d87d42b8e4a0f485c846ab8dc5b0d36dcdd27,143,b215,comunidad-de-madrid|2021|reserva-especifica|159,retained318,,,,Comunidad de Madrid,2021,aparato-digestivo,reserva-especifica,215,True,c,Ninguna de las respuestas anteriores es correcta.,Usted sabe que el tratamiento de la encefalopatía hepática ha de incluir recomendaciones nutricionales. Señale por favor cuál de las siguientes es INCORRECTA,Se debe evaluar la presencia de sarcopenia y el estatus nutricional de todos los pacientes con encefalopatía hepática,La ingesta calórica y proteica no debe ser diferente de la recomendada para cualquier paciente con cirrosis,Ninguna de las respuestas anteriores es correcta.,Las proteinas vegetales y las procedentes de la leche son preferibles a las proteinas animales en pacientes con encefalopatía hepática,bbbeefdd690a7f745666246f97aeb20d6a6f439ce7b4c7b3f27f045dd7cd6da7,aee4424fbf3b547a3d6aa1b4788337e01e9c716604369026c5124b1a9ba047bb,564,GLM 5.2,Gemini 3.6 Flash=c;GLM 5.2=d;Qwen 3.6 35B=c;Gemma 4 26B=c,4,c,1,1,d,0,1,c,1,1,c,1,1
190,151,296,1,3,0.25000000,SELECTED_BOUNDARY_TIE,True,openrouter_B-hard200-v1|,4b7d0be8d84302904be76a9ed43ed8af3329f3104a061082cceb49cc62e048b7,353,n035,la-rioja|2021|main|66,new182,,,,La Rioja,2021,aparato-digestivo,main,66,False,c,Ninguna de las respuestas anteriores es correcta.,¿Cuál de estas características nos hará sospechar que no estamos ante un linfoma primario intestinal?,Ausencia de ganglios palpables.,Ausencia de linfadenopatía mediastínica.,Ninguna de las respuestas anteriores es correcta.,Afectación ganglionar regional en la laparotomía.,d7d483d2ccc63df2e9605c867dbf6b454acbfa1b8cd5b8666791c6eb49f82137,dae0936d0c18e869fb2340499021e43aef410ba04b78128fb55561160a2b0f29,270,Gemma 4 26B,Gemini 3.6 Flash=c;GLM 5.2=c;Qwen 3.6 35B=c;Gemma 4 26B=d,4,c,1,1,c,1,1,c,1,1,d,0,1
191,151,296,1,3,0.25000000,SELECTED_BOUNDARY_TIE,True,openrouter_B-hard200-v1|,4ed10d389a9bdda0d9bb1c3e8a32e4c4186935b9585350b57764607f02f68514,271,b421,castilla-la-mancha|2022|main|21,retained318,,,,Castilla-La Mancha,2022,aparato-digestivo,main,421,False,b,Ninguna de las respuestas anteriores es correcta.,"La descripción por visión ecoendoscópica de una lesión hiperecoica, homogénea con márgenes regulares que surge de la submucosa (tercera capa del tracto gastrointestinal) se corresponde con toda probabilidad a un",Quiste de duplicación,Ninguna de las respuestas anteriores es correcta.,Tumor carcinoide,Tumor del estroma gastrointestinal,38614485e2044036d6469caa46b3937d2d3315c8f729410278c5b8addcb97afe,da942e38bb3fa8026dcb824ae09f2b47486f355538f7aea56a83b4c41c48ae69,331,Gemma 4 26B,Gemini 3.6 Flash=b;GLM 5.2=b;Qwen 3.6 35B=b;Gemma 4 26B=d,4,b,1,1,b,1,1,b,1,1,d,0,1
192,151,296,1,3,0.25000000,SELECTED_BOUNDARY_TIE,True,openrouter_B-hard200-v1|,4efcc3b53f0dae3e246ea932d574b77cc0bdcbfe002886113e8b4677f0566f21,336,n018,castilla-y-leon|2019|main|48,new182,,,,Castilla y León,2019,aparato-digestivo,main,48,False,d,Ninguna de las respuestas anteriores es correcta.,"De las siguientes, ¿cuál es la causa más frecuente de malabsorción de vitamina B<sub>12</sub>?","Enfermedad de Crohn, con afectación de íleon terminal.",Insuficiencia Pancreática.,Gastrectomía.,Ninguna de las respuestas anteriores es correcta.,1b43a98b3301344143c69e7d9a2c0a481d80840b90d0fd334308d4a4ba2f50ab,eec497b31f41de823f4bb19aec3a518592cc40b35b47e740d9e364c307a09693,236,Gemma 4 26B,Gemini 3.6 Flash=d;GLM 5.2=d;Qwen 3.6 35B=d;Gemma 4 26B=c,4,d,1,1,d,1,1,d,1,1,c,0,1
193,151,296,1,3,0.25000000,SELECTED_BOUNDARY_TIE,True,openrouter_B-hard200-v1|,535f62aa98a9bdafbd02a400e7023ed473f235a4cc1e8ac3045ec1a14209baf3,477,n159,galicia|2022|main|54,new182,,,,Galicia,2022,aparato-digestivo,main,54,False,b,Ninguna de las respuestas anteriores es correcta.,"Con respecto al programa de vigilancia de hepatocarcinoma en pacientes con enfermedad hepática crónica, ¿qué afirmación es CORRECTA?:",Está indicado solamente en pacientes con cirrosis.,Ninguna de las respuestas anteriores es correcta.,Se suspende en pacientes que han sido incluidos en lista de trasplante hepático.,La determinación de alfa-fetoproteína cada seis meses puede sustituir a la ecografía en casos de mala visualización ecográfica.,c659b70a2d2d290568b962c45f14816d568358cd3c1037e57f9cea755eca2782,a493f8cf1215f7297f656a6a4a20f43cfc2a9fcbbe2c608dfef240708397e79d,439,Qwen 3.6 35B,Gemini 3.6 Flash=b;GLM 5.2=b;Qwen 3.6 35B=c;Gemma 4 26B=b,4,b,1,1,b,1,1,c,0,1,b,1,1
194,151,296,1,3,0.25000000,SELECTED_BOUNDARY_TIE,True,openrouter_B-hard200-v1|,585f47600f3446a652bbc12fb7aa0697e66cab759bfec3673088f467b4ca4c05,255,b387,andalucia|2022|cuestionario-teorico|56,retained318,,,,Andalucía,2022,aparato-digestivo,cuestionario-teorico,387,False,c,Ninguna de las respuestas anteriores es correcta.,"Un varón de 56 años de edad, sin historia familiar de cáncer de colon se realiza una colonoscopia de cribado. En la exploración se identifica un pólipo de unos 8 mm de diámetro, pediculado, en colon sigmoide, que se reseca por completo. La anatomía patológica muestra que es un adenoma serrado con displasia. ¿Cuándo debe repetirse la colonoscopia?",2-6 meses.,1 año.,Ninguna de las respuestas anteriores es correcta.,5 años.,46186f2b6c52f4b4b80751ced1cbdb721e35239b328daea24428d6e5f1ac683a,c1cb0f8f1e4eb7b214ca152bacc9a78d551ecdc68712e4b6253b22665b53c71f,420,GLM 5.2,Gemini 3.6 Flash=c;GLM 5.2=b;Qwen 3.6 35B=c;Gemma 4 26B=c,3,c,1,1,b,0,1,c,1,1,c,1,0
195,151,296,1,3,0.25000000,SELECTED_BOUNDARY_TIE,True,openrouter_B-hard200-v1|,5a4686fff4049c7e99bb10c35569b20ccf908d3f1bb123f43bc2aa895a2d9834,194,b297,galicia|2019|main|100,retained318,,,,Galicia,2019,aparato-digestivo,main,297,False,c,Ninguna de las respuestas anteriores es correcta.,"En un paciente diagnosticado de hemocromatosis, homocigoto C282Y, el objetivo del tratamiento con sangrías sería:",Disminuir la saturación de transferrina por debajo del 45%.,Mantener la hemoglobina entre 12 y 13 g/dL.,Ninguna de las respuestas anteriores es correcta.,Conseguir cifras de hierro sérico por debajo de 100 microgramos por decilitro.,79158bbecd2e7299d3339d6a610957a10813a0f83b73d7dde254446bffdb7b34,eff33d351a9eee249d1c3bad1520d6c8a3c037e9e54c1078acd8921da71606db,342,Qwen 3.6 35B,Gemini 3.6 Flash=c;GLM 5.2=c;Qwen 3.6 35B=a;Gemma 4 26B=c,3,c,1,1,c,1,1,a,0,1,c,1,0
196,151,296,1,3,0.25000000,SELECTED_BOUNDARY_TIE,True,openrouter_B-hard200-v1|,5ab446c2a995a531b9746491546b8c1aa231a925eba784722ba2626f2d1e92a3,244,b371,comunitat-valenciana|2022|main|19,retained318,,,,Comunitat Valenciana,2022,aparato-digestivo,main,371,True,c,Ninguna de las respuestas anteriores es correcta.,Señale la respuesta incorrecta con respecto a la Linaclotida:,Es un péptido de 14 aminoácidos de absorción mínima.,Está contraindicada en niños menores de 6 años.,Ninguna de las respuestas anteriores es correcta.,La diarrea es el evento adverso más común de este fármaco.,0a5caab669056f1d06635077fc663ef66a0028dfe3c288f865e9294d1098a8b4,239bcc075e79092db7b598516c9f618cb45112ee9e5deba8ae6382e765dd76c5,267,Gemma 4 26B,Gemini 3.6 Flash=c;GLM 5.2=c;Qwen 3.6 35B=c;Gemma 4 26B=a,4,c,1,1,c,1,1,c,1,1,a,0,1
197,151,296,1,3,0.25000000,SELECTED_BOUNDARY_TIE,True,openrouter_B-hard200-v1|,62f298457d44e656da9d52495123532405eae979c9db409997c526e85dc49ae7,99,r015,la-rioja|2024|main|98,replacement22_2026-08-04,r015,b155,c2647,La Rioja,2024,aparato-digestivo,main,98,False,c,Ninguna de las respuestas anteriores es correcta.,"Respecto a la puntuación de Glasgow-Blatchford en la hemorragia digestiva alta, ¿Cuál de los siguientes parámetros forma parte de la puntuación?:",Edad.,Vaso visible,Ninguna de las respuestas anteriores es correcta.,Presión arterial media.,5e6b1c416fec0a72ab34bc77ac97929007fcd35467acef544f0f6a9be0313d26,56436d4901f5a64e66867cae3cb2170b2d107df2a853444c693788d3bf38c0a7,234,Gemma 4 26B,Gemini 3.6 Flash=c;GLM 5.2=c;Qwen 3.6 35B=c;Gemma 4 26B=a,4,c,1,1,c,1,1,c,1,1,a,0,1
198,151,296,1,3,0.25000000,SELECTED_BOUNDARY_TIE,True,openrouter_B-hard200-v1|,638272b0fd322538e4fd20512e2c257b9e4dbec6cb6ad934814512239bc55c17,84,b125,illes-balears|2022|caso-6|128,retained318,,,,Illes Balears,2022,aparato-digestivo,caso-6,125,False,b,Ninguna de las respuestas anteriores es correcta.,"Paciente de 62 años con los antecedentes siguientes:

No alergias.

Exfumador: tabaquismo activo desde la juventud hasta los 58 años.

Tosedor habitual.

Consumo diario de alcohol desde hace más de diez años. Consume dos cañas de cerveza, cuatro vasos de vino y dos carajillos al día. El fin de semana toma alguna cerveza más en fiestas y celebraciones y uno o dos gin-tonics.

Dice que no toma drogas.

Dice que no tiene antecedentes patológicos relevantes. No hace controles con su médico de cabecera. Nunca va al médico.
Enfermedad actual: consulta por distensión abdominal molesta, un aumento del perímetro abdominal progresivo de dos semanas de evolución y piernas hinchadas.

Exploración física: bien coloreado, subictericia conjuntival dudosa, arañas vasculares y telangiectasias en el tronco, eritema palmar e hipertrofia parotídea.

Cardiocirculatorio: pulsos rítmicos 90 lpm, soplo sistólico plurifocal, no ingurgitación yugular, edemas maleolares moderados.

Respiración: espiración un poco alargada, algún roncus diseminado.
Abdomen: muy distendido; indoloro a la presión o a la descompresión; sin defensa; matidez en flancos; la matidez cambia con los cambios posturales; signo de la ola; hepatomegalia de tres traveses, lisa e indolora; esplenomegalia dudosa, difícil de delimitar; pequeña protrusión umbilical; no reflujo hepatoyugular.

Radiografía del tórax: elevación de ambos hemidiafragmas.

Radiografía del abdomen: aumento difuso de la densidad, se aprecia perfil hepático y esplénico.

Electrocardiograma normal.

Analítica:
Leucocitos: 3.100/mm³ (3.000-10.000); Hto: 39 % (40-46); Hb: 12,1 g/dl (12-15); VCM: 105 fl (80-100); plaquetas: 105.000/mm³ (150.000-400.000); Quick: 59 % (> 70 %); INR: 1.4 (N 0.8-1.2); creatinina: 1.0 mg/dl; urea: 40 mg/dl; Na: 136 mEq/L; K: 4 mEq/L; urato: 7.9 (< 7); bilirrubina total: 1.9 mg/dl (< 1.3) GOT (ASAT): 105 UI/ml (< 40); GPT (ALAT): 50 UI/ml (< 40); GGT: 480 UI/ml (< 45); FA: 125 UI/ml (< 135); albúmina: 3,2 g/dl (> 3,5).

El resto de la analítica básica es normal.
Ecografía abdominal: líquido libre muy abundante, hígado de ecogenicidad aumentada difusamente, heterogéneo, difícil de ver por la ascitis. Forma hepática

irregular un poco abollonada, macronodular. Vena porta permeable, dilatada. Venas suprahepáticas permeables, no dilatadas. Vía biliar intrahepática y extrahepática normal. Vesícula con litiasis múltiple, no distendida y no edematosa. Bazo ligeramente aumentado de tamaño (15 cm de longitud máxima). El resto no tiene alteraciones. Páncreas no visto por interposición de aire.

Se hace una paracentesis (diagnóstica y evacuadora), y se obtienen 6.000 ml de ascitis.

Análisis del líquido ascítico:
- Glucosa: 120 mg/dl.
- Proteínas: 1,0 g/dl.
- Albúmina: 0,8 g/dl.
- LDH: 40 ui/ml.
- Hematíes: 100 /mm³.
- Leucocitos: 220 /mm³.

¿Cómo hay que interpretar el consumo diario habitual de alcohol de este paciente?",El paciente bebe una cantidad de alcohol moderada que no supone un riesgo significativo para su salud.,Ninguna de las respuestas anteriores es correcta.,"El paciente bebe una cantidad de alcohol posiblemente excesiva, pero el riesgo de patología orgánica relacionada con el alcohol depende de su peso y de su comorbilidad.",Con los datos actuales no podemos juzgar si el consumo de alcohol de este paciente es excesivo o no.,a2442f22c9fc50a71ecbfa3f2112f816203f3df5bc1788934e5e1cfbd4db7ed6,f2e0304864cdee71f8fb2884268ba9b9ad86556010c051de2dbf4ac64e2efb8e,3318,Gemma 4 26B,Gemini 3.6 Flash=b;GLM 5.2=b;Qwen 3.6 35B=b;Gemma 4 26B=c,4,b,1,1,b,1,1,b,1,1,c,0,1
199,151,296,1,3,0.25000000,SELECTED_BOUNDARY_TIE,True,openrouter_B-hard200-v1|,63a9a0d29df87e613f088365fcba551421a33187baddf457389bbdcacf7d8563,373,n055,comunitat-valenciana|2022|main-47-80|60,new182,,,,Comunitat Valenciana,2022,aparato-digestivo,main-47-80,60,False,c,Ninguna de las respuestas anteriores es correcta.,La lesión hepática en caso de DILI (Drug Induced Liver Injury) más frecuentemente producida por tamoxifeno es:,Ductopenia.,Peliosis.,Ninguna de las respuestas anteriores es correcta.,Necrosis centrolubulillar.,1a98630aec40ecff93090d55599d090f0ea41f83e87324191d3795b969a4b394,859cc7d7a3cb81d778497abf14e73cad8d1cbc3acbdfa1b187719562d3507a9a,205,Gemma 4 26B,Gemini 3.6 Flash=c;GLM 5.2=c;Qwen 3.6 35B=c;Gemma 4 26B=d,4,c,1,1,c,1,1,c,1,1,d,0,1
200,151,296,1,3,0.25000000,SELECTED_BOUNDARY_TIE,True,openrouter_B-hard200-v1|,646039cf8387ff6bd81573c6f2a541fcf8af9b2481c765420a15f641de63fd3c,364,n046,comunidad-de-madrid|2021|main|61,new182,,,,Comunidad de Madrid,2021,aparato-digestivo,main,61,False,d,Ninguna de las respuestas anteriores es correcta.,¿Cuál de los siguientes es un criterio diagnóstico de colangitis biliar primaria?,Aumento de IgM,Aumento de GGT,ANA>1:80,Ninguna de las respuestas anteriores es correcta.,74fb9da16e6db437069afc71e3499b0d8a1dc8b545158d3ecdf53365d891702f,c8899b27c12592b8c9b70b202d92e985aa6ac940309cbc5fd2940b08cf33d892,166,Gemma 4 26B,Gemini 3.6 Flash=d;GLM 5.2=d;Qwen 3.6 35B=d;Gemma 4 26B=a,3,d,1,1,d,1,1,d,1,1,a,0,0
201,151,296,1,3,0.25000000,UNSELECTED_BOUNDARY_TIE,True,openrouter_B-hard200-v1|,665db2b2c9246d6c8ee6f0fdcb2a1696119caeb385fbd88029bb84568be2c67c,299,b471,comunidad-de-madrid|2021|main|37,retained318,,,,Comunidad de Madrid,2021,aparato-digestivo,main,471,False,b,Ninguna de las respuestas anteriores es correcta.,En una de las siguientes situaciones clínicas NO se recomienda iniciar tratamiento antiviral para la hepatitis B:,Paciente trasplantado renal con HBsAg (+) y carga del VHB indetectable.,Ninguna de las respuestas anteriores es correcta.,"Mujer embarazada en el tercer trimestre de gestación, HBsAg (+) y ADN-VHB > 200.000 UI/mL.",Paciente trasplantado hepático con anti-HBs (-) y donante anti-HBc.,e8a6a944ac1318324825d463322d132d1aece0e15b584119a5aa4ca44304fcb0,ae633157f56b4b5c113f8fec53bcd673660df8a0ac1cdcf97e5fe5042d4a5ea3,390,Gemma 4 26B,Gemini 3.6 Flash=b;GLM 5.2=b;Qwen 3.6 35B=b;Gemma 4 26B=a,2,b,1,1,b,1,1,b,1,0,a,0,0
202,151,296,1,3,0.25000000,UNSELECTED_BOUNDARY_TIE,True,openrouter_B-hard200-v1|,6695c714fc5fa84b122299f371c1ba0b4b2751136126e5137b4e173b1f58fa94,228,b348,comunidad-de-madrid|2021|main|146,retained318,,,,Comunidad de Madrid,2021,aparato-digestivo,main,348,False,b,Ninguna de las respuestas anteriores es correcta.,Señala la respuesta correcta con respecto a la hepatitis E en el embarazo,Su incidencia ha disminuido en los ultimos años,Ninguna de las respuestas anteriores es correcta.,No se transmite de madre a feto,Se debe tratar con interferon,fe276721d1e0b63570e2dc0c82f891b78616d7f802989c892eb979c76dba3c8a,7e8f86f35df3fd0b8eaa00726e54832100682826efbcdc8d9adf50a2382231bf,229,Gemma 4 26B,Gemini 3.6 Flash=b;GLM 5.2=b;Qwen 3.6 35B=b;Gemma 4 26B=c,4,b,1,1,b,1,1,b,1,1,c,0,1
203,151,296,1,3,0.25000000,UNSELECTED_BOUNDARY_TIE,True,openrouter_B-hard200-v1|,67140d1bb43b9721a2b1ba40c3a8bdbb6efca96156094cd181938288dc42688c,300,b472,galicia|2019|reserva-especifica|103,retained318,,,,Galicia,2019,aparato-digestivo,reserva-especifica,472,True,d,Ninguna de las respuestas anteriores es correcta.,"En el estudio ampliado de diarrea crónica para descartar causas neuroendocrinas, se deben solicitar todas las siguientes determinaciones, EXCEPTO:",Cromogranina A.,Calcitonina.,Gastrina.,Ninguna de las respuestas anteriores es correcta.,0cbe64f25c5d1e04445df23e5e44ce6812b719ca2721ce7e620fd694092e1e34,b475e4ee28c4c6a8449d4dd4a2c10d13587481ab58ae7d522a4070d8c4647475,231,Qwen 3.6 35B,Gemini 3.6 Flash=d;GLM 5.2=d;Qwen 3.6 35B=b;Gemma 4 26B=d,4,d,1,1,d,1,1,b,0,1,d,1,1
204,151,296,1,3,0.25000000,UNSELECTED_BOUNDARY_TIE,True,openrouter_B-hard200-v1|,6a5528cdd1339b3694060b5506da76dc3a692b692584edfb183cf5ac1a8d262b,496,n178,navarra|2022|teorico-practica|16,new182,,,,Navarra,2022,aparato-digestivo,teorico-practica,16,False,b,Ninguna de las respuestas anteriores es correcta.,"En cuanto a la disinergia defecatoria, señale la respuesta CORRECTA:",Una manometría ano-rectal compatible es suficiente para su diagnóstico.,Ninguna de las respuestas anteriores es correcta.,La dieta baja en FODMAPs alivia habitualmente los síntomas.,Los síntomas dependen fundamentalmente de la consistencia de las heces.,e388dc53c628ff09eb601403e1db533c9c3e1f2f2fd74cc8199ff8cc8baf7861,ba966682bd5140db6a0400ca82be4e215b375cf25c8ee4a37a9419e7160055df,318,Gemma 4 26B,Gemini 3.6 Flash=b;GLM 5.2=b;Qwen 3.6 35B=b;Gemma 4 26B=d,4,b,1,1,b,1,1,b,1,1,d,0,1
205,151,296,1,3,0.25000000,UNSELECTED_BOUNDARY_TIE,True,openrouter_B-hard200-v1|,6bda75802ce152a3694388719b2e2445b1f75ab3637d39c0959ab2b9d6675d15,63,b90,illes-balears|2022|caso-4|93,retained318,,,,Illes Balears,2022,aparato-digestivo,caso-4,90,True,d,Ninguna de las respuestas anteriores es correcta.,"Mujer de 18 años sin antecedentes personales ni familiares de interés y sin hábitos tóxicos. Ingresa por fiebre, pérdida de peso asociada a hiporexia, diarrea de comienzo reciente sin productos patológicos y dolor abdominal de dos semanas de evolución.

Exploración. Temperatura: 37,6 °C; TA: 100/60 mmHg; consciente, orientada, eupneica; peso: 40 quilos, talla: 155 cm, delgadez, retraso del desarrollo puberal, palidez discreta, bien hidratada y perfundida. No se palparon adenopatías. La auscultación cardiorrespiratoria fue normal y la exploración abdominal no mostró hallazgos de interés. En la
inspección anal se observó una hemorroide centinela y una fisura anal en el rafe posterior.

En la analítica destacaban, hemoglobina: 9,9 g/dl; hematocrito: 34 %; VCM: 81 fl; leucocitos: 15.600 /μl (82 % neutrófilos); plaquetas: 699.000 /μl; VSG: 41 Fe: 15 μg/dl; ferritina: 247 ng/ml; proteína C reactiva: 9,7 mg/dl.

Los coprocultivos y los parásitos en heces fueron negativos.
En la colonoscopia se exploró hasta el ciego y se hizo una ileoscopia de los últimos 10 cm. En todo el trayecto explorado se apreciaron úlceras profundas serpiginosas entre áreas de mucosa sana y se tomaron muestras para biopsia. Las biopsias del íleon y el colon fueron compatibles con una inflamación crónica activa.

Señale la respuesta falsa con respecto a la enfermedad inflamatoria intestinal y la gestación:",Existe más riesgo de complicaciones gestacionales en las pacientes con enfermedad de Crohn activa durante el embarazo.,Los corticoides son seguros en el embarazo.,La utilización de metotrexato está absolutamente contraindicada durante el embarazo.,Ninguna de las respuestas anteriores es correcta.,fca6b610f6616b6f276cbf383cb6cf7f1dfc8ac6af6393c1007b3aacec2edcfa,6099bd02a3d94d9095ef0d1cb5f611c6f6f1b38f8a71430e0e7ad846521857f1,1688,Qwen 3.6 35B,Gemini 3.6 Flash=d;GLM 5.2=d;Qwen 3.6 35B=b;Gemma 4 26B=d,4,d,1,1,d,1,1,b,0,1,d,1,1
206,151,296,1,3,0.25000000,UNSELECTED_BOUNDARY_TIE,True,openrouter_B-hard200-v1|,6f1a98fe2d7d588aa66833b7e3677e792729340ea758fae2bdf9471327687380,338,n020,andalucia|2022|cuestionario-practico|148,new182,,,,Andalucía,2022,aparato-digestivo,cuestionario-practico,148,False,b,Ninguna de las respuestas anteriores es correcta.,"Se realizó endoscopia oral que no detectó alteraciones dignas de mención, y se tomaron biopsias de duodeno (4) y bulbo (2) que fueron informadas como ""presencia de atrofia vellositaria con hiperplasia críptica e infiltrado de linfocitos T intraepiteliales por encima de 30 linfocitos por cada 100 enterocitos"". Los anticuerpos antitransglutaminasa-2-IgA fueron negativos. Señale la respuesta más acertada sobre el diagnóstico del paciente:",Podría tratarse de una celiaquía con MARSH-2.,Ninguna de las respuestas anteriores es correcta.,Podría tratarse de una enfermedad celíaca MARSH-1,Podría tratarse un esprue refractario.,ffe6e4a3b714d1dbd32934d340208b8a4f4b53cdd1f7dc16f57a4f9067724073,edc12fb823e04e12d1e6854c5830aa7b12606b182cbcf51ec056736f9fd0993d,620,Gemma 4 26B,Gemini 3.6 Flash=b;GLM 5.2=b;Qwen 3.6 35B=b;Gemma 4 26B=a,4,b,1,1,b,1,1,b,1,1,a,0,1
207,151,296,1,3,0.25000000,UNSELECTED_BOUNDARY_TIE,True,openrouter_B-hard200-v1|,6f6b689f6ff96f2586392aae4264dcad45a703701fb39cf4faf992d63534e32d,396,n078,comunidad-de-madrid|2021|main|92,new182,,,,Comunidad de Madrid,2021,aparato-digestivo,main,92,False,d,Ninguna de las respuestas anteriores es correcta.,¿Cuál es el factor de riesgo más comúnmente asociado a la trombosis portal no cirrótica?,Insuficiencia cardíaca congestiva,Enfermedad de Behçet,Hipertensión arterial,Ninguna de las respuestas anteriores es correcta.,b70c99e797cd6cad8f525f0ae348f0bd0952e27987af3972bee8c414446ea467,9c4895d06d1cb066db4c3e951b822e8e766d35e1e59615eae48a5ac5e61cdeac,211,Gemma 4 26B,Gemini 3.6 Flash=d;GLM 5.2=d;Qwen 3.6 35B=d;Gemma 4 26B=a,4,d,1,1,d,1,1,d,1,1,a,0,1
208,151,296,1,3,0.25000000,UNSELECTED_BOUNDARY_TIE,True,openrouter_B-hard200-v1|,6fab00d6fde734209bf9c2f5ddefd06266b70c1cbcff6aa479b457bbc7c8672c,419,n101,aragon|2017|main|93,new182,,,,Aragón,2017,aparato-digestivo,main,93,False,c,Ninguna de las respuestas anteriores es correcta.,"Paciente con diarrea crónica, dolor abdominal y ocasional rectorragia, además de artralgias frecuentes. Se practica una colonoscopia con ileoscopia, evidenciando úlceras y aftas en sigma y algunas zonas de colon más proximal, rodeadas de mucosa normal. ¿de donde tomaría usted biopsias?",Un mínimo de 3 biopsias de cada área afecta.,"Un mínimo de 5 biopsias, de recto y colon afecto.",Ninguna de las respuestas anteriores es correcta.,El número y localización de las biopsias no es relevante.,179757b31ee35faa93821efb885a4c0f75e90f9bf7265ad57adf40a3dabfe47a,560c79de0c6ec8bbf414ebeda556057938741c71784330bb0dfbbef720b372d1,485,Gemma 4 26B,Gemini 3.6 Flash=c;GLM 5.2=c;Qwen 3.6 35B=c;Gemma 4 26B=a,4,c,1,1,c,1,1,c,1,1,a,0,1
209,151,296,1,3,0.25000000,UNSELECTED_BOUNDARY_TIE,True,openrouter_B-hard200-v1|,6fd984e0166e181e4f587a5c0ad20eeb6bb27325ee068035dc260c74813fe9f6,428,n110,galicia|2022|main|69,new182,,,,Galicia,2022,aparato-digestivo,main,69,False,c,Ninguna de las respuestas anteriores es correcta.,"Según las Guías de la European Society of Gastrointestinal Endoscopy (ESGE), en el manejo de las estenosis esofágicas malignas, se recomienda:",La colocación de prótesis metálicas autoexpandibles como puente a la cirugía.,La colocación de prótesis metálicas autoexpandibles antes de iniciar quimiorradioterapia preoperatoria.,Ninguna de las respuestas anteriores es correcta.,La colocación de prótesis plásticas autoexpandibles en el tratamiento paliativo de la disfagia maligna.,0cb0577a0394a5820a8e264be03556819c363b9b3934a38ad22c1cb97a7cff0c,04f2c225fe32b799364f619867c1c056cd0cf2ed6224df7b1b6c2e566f25671c,474,Gemma 4 26B,Gemini 3.6 Flash=c;GLM 5.2=c;Qwen 3.6 35B=c;Gemma 4 26B=b,4,c,1,1,c,1,1,c,1,1,b,0,1
210,151,296,1,3,0.25000000,UNSELECTED_BOUNDARY_TIE,True,openrouter_B-hard200-v1|,7169030fa065de87ef779d8998d1a0b21c4f8aeae1b00997628c19e5d21a251b,493,n175,comunitat-valenciana|2022|main-47-80|59,new182,,,,Comunitat Valenciana,2022,aparato-digestivo,main-47-80,59,False,b,Ninguna de las respuestas anteriores es correcta.,"Paciente de 42 años diabético, obeso, con esteatosis no alcohólica F2-F3 diagnosticado con métodos no invasivos (170 cm, 100 kg) ¿Cuál es la pérdida mínima de peso que debe tener para alcanzar mejoría de 100% en esteatosis y 80% en fibrosis?",6 kg,Ninguna de las respuestas anteriores es correcta.,15 kg,No está estudiado este aspecto,658b816e41075a24e8a8a98fdad69b6b9270a97605f0cdbb64dc5c937c421bed,5d5d1dd1dedb6b1734b0fc1198ceb77b8bc89d9f3c424fee22f105c3b820ff0e,329,Gemma 4 26B,Gemini 3.6 Flash=b;GLM 5.2=b;Qwen 3.6 35B=b;Gemma 4 26B=c,4,b,1,1,b,1,1,b,1,1,c,0,1
211,151,296,1,3,0.25000000,UNSELECTED_BOUNDARY_TIE,True,openrouter_B-hard200-v1|,721573a5e0b16c3bedbc361d1947749ccac126ea4440a431cfb0d75f4d414063,317,b498,castilla-la-mancha|2022|main|82,retained318,,,,Castilla-La Mancha,2022,aparato-digestivo,main,498,True,b,Ninguna de las respuestas anteriores es correcta.,"Atendiendo a las últimas guías españolas de diagnóstico y tratamiento del carcinoma hepatocelular (CHC) publicadas en 2021, ¿Cuál de los siguientes enunciados es falso?",Ningún tratamiento adyuvante ha demostrado eficacia en la prevención de la recurrencia tras la cirugía del CHC.,Ninguna de las respuestas anteriores es correcta.,La alfa fetoproteína elevada es un predictor de invasión microvascular y pobre diferenciación tumoral.,Criterios como up to seven se consideran como referencia para expandir los criterios de trasplante hepático.,00839531e90ed170d307795d6606d4436a9fd963a9b9c9bcd2583ff5bb1f9cea,8b5ce1e40afefb0ab5630a96a72ca805cce0fa0f00919ca89ad17a04a75241fc,538,Qwen 3.6 35B,Gemini 3.6 Flash=b;GLM 5.2=b;Qwen 3.6 35B=d;Gemma 4 26B=b,4,b,1,1,b,1,1,d,0,1,b,1,1
212,151,296,1,3,0.25000000,UNSELECTED_BOUNDARY_TIE,True,openrouter_B-hard200-v1|,743fbcbb5989285c0a17d46d2e5231e8052edfe9aecd54e00a12753497fe7fb3,13,b25,illes-balears|2022|caso-2|26,retained318,,,,Illes Balears,2022,aparato-digestivo,caso-2,25,True,d,Ninguna de las respuestas anteriores es correcta.,"Varón de 63 años remitido a la unidad de endoscopia para hacerle una gastroscopia por un reflujo de larga evolución (superior a 10 años). El paciente es obeso, hipertenso y fumador. Refiere disfagia a sólidos desde hace un mes. Se hace una gastroscopia que detecta a 32 cm de las arcadas dentarias la presencia de una mucosa ectópica que se extiende hasta la unión esofagogástrica situada a 38 cm de las arcadas dentarias en donde se aprecian signos de esofagitis por reflujo grado C.
Se pauta un tratamiento médico y se hace una nueva gastroscopia a las ocho semanas. En ella se aprecia la mucosa ectópica descrita previamente sugestiva de esófago de Barrett (C5M6) con una cicatrización completa de la esofagitis por reflujo y a 35 cm de las arcadas dentarias se aprecia un área irregular sobreelevada de unos 8 mm (0-Is) diferente al resto de la mucosa circundante. Se hacen biopsias de forma aleatoria de la lesión descrita, suponiendo que puede tratarse de un esófago de Barrett según el protocolo de Seattle. Los resultados de la lesión visible en el esófago confirman un esófago
de Barrett con metaplasia intestinal y presencia de focos de displasia de grado alto y las biopsias aleatorias confirmaban el esófago de Barrett sin displasia. Se planifica una estrategia de tratamiento y seguimiento.

Señale la respuesta falsa en relación con el manejo inicial de la enfermedad por reflujo gastroesofágico:",Las modificaciones en el estilo de vida son fundamentales en el manejo de la enfermedad por reflujo gastroesofágico.,La disfagia debe considerarse un síntoma de alarma para valorar hacer una gastroscopia.,Se puede considerar suspender el tratamiento médico en pacientes con ERGE no complicado que responden a ocho semanas de tratamiento con inhibidores de la bomba de protones.,Ninguna de las respuestas anteriores es correcta.,939bd030fb3627eb0a1eed937267212fb9ce4a60cd4df3e70b33cd2ee9bd159c,a330294841221339ed7f5c1218117cf02ff96ac54b2358b3e000bdce5b0ff05d,1834,Qwen 3.6 35B,Gemini 3.6 Flash=d;GLM 5.2=d;Qwen 3.6 35B=c;Gemma 4 26B=d,4,d,1,1,d,1,1,c,0,1,d,1,1
213,151,296,1,3,0.25000000,UNSELECTED_BOUNDARY_TIE,True,openrouter_B-hard200-v1|,75b3fd37ef85d5fbaec025ba087d876b98cb2b1667f90810e7907a91cf6ddcb7,257,b390,la-rioja|2021|reserva|110,retained318,,,,La Rioja,2021,aparato-digestivo,reserva,390,True,d,Ninguna de las respuestas anteriores es correcta.,La realización de una CPRE (colangiopancreatografia retrograda endosocópica) puede estar indicada en el curso de una colangitis esclerosante primaria en los siguientes casos excepto uno:,Ictericia.,Dilatación progresiva de los conductos biliares intra o extrahepáticos.,Empeoramiento del prurito.,Ninguna de las respuestas anteriores es correcta.,83522b297d6356ddc58644199b5c68c02dbf1c242ca66a93a3d61988769fe0ab,ca6110217ae487b0e73cb3093ef6d29d8caadfc0584423bff387e57dbc8be1af,342,Qwen 3.6 35B,Gemini 3.6 Flash=d;GLM 5.2=d;Qwen 3.6 35B=c;Gemma 4 26B=d,4,d,1,1,d,1,1,c,0,1,d,1,1
214,151,296,1,3,0.25000000,UNSELECTED_BOUNDARY_TIE,True,openrouter_B-hard200-v1|,768c7c7b757c04efd92d359d502938a9a03f5ca4701d84285a18a8eb7dfcb4f4,103,r019,castilla-la-mancha|2017|main|73,replacement22_2026-08-04,r019,b159,c0973,Castilla-La Mancha,2017,aparato-digestivo,main,73,False,c,Ninguna de las respuestas anteriores es correcta.,Para la determinación de la Fibrosis Hepática con Test No Invasivos (pruebas no invasivas) señale la RESPUESTA CORRECTA,No se deben usar los test no invasivos para la valoración de la fibrosis hepática.,"El FIB-4 incluye el recuento de plaquetas sérico, el sexo, la AST y la ALT.",Ninguna de las respuestas anteriores es correcta.,"El FIB-4 incluye el recuento de plaquetas sérico, el sexo, la AST y la GGT.",b064a1644e22b83bd53dd50223451b6b7b20a9752e2cc3fb6756a441c4f61a32,2527f5e95c6cf32e443a3cbbd728592ffc2d9fdc312ba5e2e620bf83da27e674,400,Gemma 4 26B,Gemini 3.6 Flash=c;GLM 5.2=c;Qwen 3.6 35B=c;Gemma 4 26B=b,4,c,1,1,c,1,1,c,1,1,b,0,1
215,151,296,1,3,0.25000000,UNSELECTED_BOUNDARY_TIE,True,openrouter_B-hard200-v1|,7820c740d04b476d31df13c25d97049a559d56c5946683c038ead031373bf364,345,n027,region-de-murcia|2019|main|137,new182,,,,Región de Murcia,2019,aparato-digestivo,main,137,False,d,Ninguna de las respuestas anteriores es correcta.,"En relación a la encefalopatía hepática, señale la respuesta verdadera:",El estreñimiento constituye el factor precipitante más frecuente en la encefalopatía hepática.,La sobredosis de diuréticos constituye el factor precipitante más frecuente en la encefalopatía hepática.,"De acuerdo con la enfermedad de base, la encefalopatía hepática Tipo A es consecuencia de la cirrosis.",Ninguna de las respuestas anteriores es correcta.,bbedf4d119ea3f793ce634be73d70e4add8d0c3c36b6c84a8c6f4063c2c0c638,340fd4d2511bad0b51be80c493fb139d2822e6f39b52e81cb3b214e3856d2605,421,Qwen 3.6 35B,Gemini 3.6 Flash=d;GLM 5.2=d;Qwen 3.6 35B=a;Gemma 4 26B=d,2,d,1,1,d,1,1,a,0,0,d,1,0
216,151,296,1,3,0.25000000,UNSELECTED_BOUNDARY_TIE,True,openrouter_B-hard200-v1|,79334840b45fb770751e814239e31acbab06c0fb96ad78e74d96ad23a87214e9,492,n174,region-de-murcia|2019|main|123,new182,,,,Región de Murcia,2019,aparato-digestivo,main,123,False,c,Ninguna de las respuestas anteriores es correcta.,¿Cómo se define mejor una Peritonitis bacteriana Espontanea (PBE) en base a los resultados obtenidos en una paracentesis? PMN(Neutrófilos):,PMN 120; Cultivo negativo.,PMN 350; Cultivo polimicrobiano.,Ninguna de las respuestas anteriores es correcta.,PMN 150; Cultivo Monomicrobiano. Gram (+).,870e03f949fc8073a6d6f7e24ccdcd30b3f246e77a37e621086fd225a86732b6,53b9e2aa0ad2abfbfe700032a5ccd0829e6503d56042b213dcbeb00675556f47,288,Gemma 4 26B,Gemini 3.6 Flash=c;GLM 5.2=c;Qwen 3.6 35B=c;Gemma 4 26B=d,3,c,1,1,c,1,1,c,1,1,d,0,0
217,151,296,1,3,0.25000000,UNSELECTED_BOUNDARY_TIE,True,openrouter_B-hard200-v1|,794acd40a3c724ab82e87c47220b8be1b412ea33b4106aa182413d7439ee0597,342,n024,castilla-y-leon|2019|main|139,new182,,,,Castilla y León,2019,aparato-digestivo,main,139,False,c,Ninguna de las respuestas anteriores es correcta.,Paciente de 54 años con linfoma MALT estadio T1 que presenta en endoscopia de control a los 6 meses persistencia de lesión eritematosa con Anatomía patológica de pequeños focos de linfoma. La determinación de Helicobacter pylori es negativa. ¿Cuál es la actitud a seguir más correcta?,Remitir al paciente para tratamiento con quimioterapia.,Realizar un nuevo ciclo de tratamiento erradicador.,Ninguna de las respuestas anteriores es correcta.,Gastrectomía total con linfadenectomía.,5a7f31db3523afabcb178048763b496657eb12158601b02a9f7f7f2853c7fe57,a1a5d7bfffeee735dc22b589c77b4ceefd439236a51ab496893d13c84268dbf6,478,Gemma 4 26B,Gemini 3.6 Flash=c;GLM 5.2=c;Qwen 3.6 35B=c;Gemma 4 26B=b,2,c,1,1,c,1,1,c,1,0,b,0,0
218,151,296,1,3,0.25000000,UNSELECTED_BOUNDARY_TIE,True,openrouter_B-hard200-v1|,7ad552679d1167385fa1b45be8f9ee35521f9fdd0b5f3d8c3b3c7476590c77d2,9,b13,illes-balears|2022|caso-1|14,retained318,,,,Illes Balears,2022,aparato-digestivo,caso-1,13,False,c,Ninguna de las respuestas anteriores es correcta.,"Paciente de 57 años, sin antecedentes personales ni familiares de cáncer de colon ni de cáncer en otras localizaciones, fumador de 22 cigarrillos al día, con hábitos de vida sedentarios, enolismo de 60 gr/día, obesidad con un índice de masa corporal de 37 y una dieta rica en carnes rojas y procesadas.

El estudio de extensión muestra ausencia de lesiones a distancia en el pulmón o el hígado. También muestra ausencia de adenopatías evidentes. Se objetiva una lesión neoformativa con una imagen sugestiva de infiltración hasta la submucosa, pero sin contactar con la muscular propia. Señale la respuesta correcta respecto al estadiaje:",Estadio T3N1M1.,Estadio T2N0M0.,Ninguna de las respuestas anteriores es correcta.,Estadio T2N1M0.,aff3151dc1a61323e21c11bd0589e0005b300a751ff913dbcdd31b8c953d0df1,a3b33dde3afcf9af7cebe3e3ea3f536ab3c98b4b2f4abfadb36eab0f64bccb8c,731,Gemma 4 26B,Gemini 3.6 Flash=c;GLM 5.2=c;Qwen 3.6 35B=c;Gemma 4 26B=b,3,c,1,1,c,1,1,c,1,1,b,0,0
219,151,296,1,3,0.25000000,UNSELECTED_BOUNDARY_TIE,True,openrouter_B-hard200-v1|,7bcecb8326275077b2a3a91ef4cb155fab7d6f81ae17920b16d53822fdf8dfdf,177,b271,andalucia|2022|cuestionario-practico|132,retained318,,,,Andalucía,2022,aparato-digestivo,cuestionario-practico,271,False,c,Ninguna de las respuestas anteriores es correcta.,"Un varón de 61 años de edad, acude a su consulta con ictericia y heces acólicas de 3 meses de evolución. Niega la presencia de dolor abdominal, náuseas o vómitos. Su historia previa destaca por la presencia de hipertensión arterial, diabetes y osteoatritis. Por lo demás, el paciente está sano y laboralmente activo. A la exploración física el paciente está afebril, sin dolor abdominal ni hepatomegalia. Analíticamente destaca: leucocitos 6.300/mm³, hemoglobina 13,1 g/dl, fosfatasa alcalina 805 U/L, AST 30 U/L, ALT 60 U/L, bilirrubina total 6,9 mg/dl, bilirrubina directa 4,2 mg/dl, creatinina 1,1
mg/dl, INR 1,0. Una RMN demuestra una dilatación de vía intra y extrahepática con obstáculo en la papila, y conducto pancreático también dilatado. No se observan masas ni adenopatías regionales. La CPRE demuestra una mucosa irregular en papila, con estenosis en la misma, que se observa tras ser canulada. Se realiza esfinterotomía y se inserta una prótesis biliar plástica. Las biopsias de la mucosa ampular revelan la presencia de un adenocarcinoma.

¿Cuál es el paso más adecuado en el tratamiento subsiguiente de este paciente?",Ampulectomía endoscópica dependiendo de su tamaño y extensión intraductal.,Ampulectomía quirúrgica dependiendo de su tamaño y extensión intraductal.,Ninguna de las respuestas anteriores es correcta.,Tratamiento neoadyuvante.,57ad53517f9d492f68b51f57888494494e21df83466ea61b629e05bf876a04e1,bea3b078fe16b8ce64dc3dd6b2ed0da7cfdc2225d9a429ba796e54b5f5158552,1353,Gemma 4 26B,Gemini 3.6 Flash=c;GLM 5.2=c;Qwen 3.6 35B=c;Gemma 4 26B=a,4,c,1,1,c,1,1,c,1,1,a,0,1
220,151,296,1,3,0.25000000,UNSELECTED_BOUNDARY_TIE,True,openrouter_B-hard200-v1|,7dba64d487b0b81efe8555f372dae7d95b560fd1e6ed3da49f309c2b253072bb,108,b167,navarra|2022|caso-clinico-1|92,retained318,,,,Navarra,2022,aparato-digestivo,caso-clinico-1,167,True,d,Ninguna de las respuestas anteriores es correcta.,"Estás de guardia y te avisan desde Urgencias donde están valorando a una mujer de 67 años que ha acudido por presentar, en las últimas 3 horas, 2 deposiciones de características melénicas. Son las 22:45h.
En la analítica presenta: Hemoglobina 7.8 g/dL, urea 69 y Creatinina 0.9mg/dL. El resto de parámetros están dentro de la normalidad.
Rehistoriada la paciente refiere ingesta de ibuprofeno en los 3 días previos por un dolor en un molar. No tiene antecedentes médicos de interés salvo una dislipemia bien controlada con estatinas y es alérgica a las quinolonas. Fuma unos 15 cigarrillos cada día.
En la exploración física la TA es de 118/65 mmHg y la FC de 86 lpm. La paciente está eupneica y algo pálida. La auscultación cardio-pulmonar es normal y en la exploración abdominal refiere molestias a la palpación profunda en región epigástrica

En la gastroscopia se objetiva una úlcera duodenal de 15mm con un fondo hemático oscuro y no hay restos hemáticos intraluminales. En relación a la forma de presentación de la úlcera péptica, señale la respuesta INCORRECTA:",Las causas más frecuentes son la infección por Helicobacter pylori y la ingesta de AINES,Hasta el 70% de las úlceras pépticas son asintomáticas,La complicación más frecuente de la úlcera péptica es la hemorragia,Ninguna de las respuestas anteriores es correcta.,985fe99b23aae80df375e9d8b545c544650a4b0c2a2260dd1e0896e3c2e28bf1,f5aa98aedff2fa9c4104625cc1af564d15fd918938fe26d27f3e38eb2cd88e46,1326,Gemma 4 26B,Gemini 3.6 Flash=d;GLM 5.2=d;Qwen 3.6 35B=d;Gemma 4 26B=b,2,d,1,1,d,1,1,d,1,0,b,0,0
221,151,296,1,3,0.25000000,UNSELECTED_BOUNDARY_TIE,True,openrouter_B-hard200-v1|,7fd5a3150736c6755942cc3b47a309f781af40db43d75e18eb79cf6a1f60e21a,248,b375,galicia|2019|reserva-especifica|101,retained318,,,,Galicia,2019,aparato-digestivo,reserva-especifica,375,False,c,Ninguna de las respuestas anteriores es correcta.,"En un paciente con colelitiasis y clínica de dolor abdominal en hipocondrio derecho, con fosfatasa alcalina de 350 mg/dl, GGT de 153 mg/dl, colédoco de 8 mm en ecografía abdominal, y sin datos de colangitis, ¿por cuál de las siguientes estrategias optaría de acuerdo con la guía de la Sociedad Europea de Endoscopia Digestiva (ESGE) de 2019?:",Realizar una CPRF.,Derivar para colecistectomía.,Ninguna de las respuestas anteriores es correcta.,Colecistostomia percutánea.,bb49161a02efe785723c0f01ba80c99f1ffebc6b86736ed7e12d143626a1e611,3bf8bd29e5bd7d7bf362a6c67633f5555c60283084d25e6893f70715ca853cfc,465,GLM 5.2,Gemini 3.6 Flash=c;GLM 5.2=b;Qwen 3.6 35B=c;Gemma 4 26B=c,4,c,1,1,b,0,1,c,1,1,c,1,1
222,151,296,1,3,0.25000000,UNSELECTED_BOUNDARY_TIE,True,openrouter_B-hard200-v1|,815db1546878e5f98dd8430d2c856a9d4b70b832dc0f2c2e844101b1f89dfe7e,407,n089,castilla-y-leon|2019|main|144,new182,,,,Castilla y León,2019,aparato-digestivo,main,144,False,b,Ninguna de las respuestas anteriores es correcta.,Paciente varón de 40 años sin antecedentes de interés en el que se realiza gastroscopia por pirosis y sensación de distensión abdominal de 5 años de evolución. En ella se observan múltiples imágenes polipoideas en cuerpo distal y antro. De las siguientes cual es la actitud correcta.,Probablemente se traten de pólipos asociados a la toma de IBPs por lo que se debe suspender y tratar con procinéticos.,Ninguna de las respuestas anteriores es correcta.,Solo se debe biopsiar si alguno de ellos mide más de 10 mm.,Si son más de 10 pólipos se debe remitir al paciente para gastrectomía subtotal.,c0f2935ef7a049e3dc9bfcf4a7345878e75e4ed8357fe052173992dfe892b7a8,f310769d246f30d7509dbb1641c0700c6a62d417a4c5a1c45805483e1b36c621,589,Gemma 4 26B,Gemini 3.6 Flash=b;GLM 5.2=b;Qwen 3.6 35B=b;Gemma 4 26B=a,4,b,1,1,b,1,1,b,1,1,a,0,1
223,151,296,1,3,0.25000000,UNSELECTED_BOUNDARY_TIE,True,openrouter_B-hard200-v1|,84581f588d3fb57119f9d9132fe741458d4f95fcb46de1d9b1768e6099e8e208,355,n037,la-rioja|2024|main|77,new182,,,,La Rioja,2024,aparato-digestivo,main,77,False,d,Ninguna de las respuestas anteriores es correcta.,"En relación al síndrome de intestino corto, señale la respuesta CORRECTA:",Se toleran peor las resecciones de yeyuno que de íleon.,"La disfunción absortiva es grave, con alta probabilidad de necesidad de nutrición parenteral, si el remanente intestinal es menos de 150cm.",Los cálculos renales por oxalato cálcico son más frecuentes en pacientes con resección de íleon y colon.,Ninguna de las respuestas anteriores es correcta.,2ec6e9cde4cd7ecb288d1479eeb196d48df37df6fdcf592632a656452e05ddaa,b689296ab7bb3f2d3ecf0ecf19da4a1205cabe6bdc74768d6751b6821bc3da8f,420,Gemma 4 26B,Gemini 3.6 Flash=d;GLM 5.2=d;Qwen 3.6 35B=d;Gemma 4 26B=c,3,d,1,1,d,1,1,d,1,1,c,0,0
224,151,296,1,3,0.25000000,UNSELECTED_BOUNDARY_TIE,True,openrouter_B-hard200-v1|,854af23b2dc60079ecd783962473b5ff38dbf21021fa56f270fe1d621c919e15,198,b304,navarra|2022|teorico-practica|72,retained318,,,,Navarra,2022,aparato-digestivo,teorico-practica,304,False,b,Ninguna de las respuestas anteriores es correcta.,Varón de 85 años ingresado hace 12 horas por pancreatitis aguda biliar. El paciente está consciente y orientado. Tensión arterial: 120/70mmHg; Frecuencia cardiaca 100 lpm. Eupneico y afebril. En la exploración presenta dolor epigástrico a la palpación sin peritonismo. En los análisis presenta 18.000 leucocitos/mm3 (normal: 4000-11000/mm3) y Proteína C Reactiva de 100 mg/dL (normal: 0-10) y BUN de 20mg/dl. En la radiografía de tórax del ingreso presenta derrame pleural izquierdo. ¿Cuántos puntos presenta el paciente según la clasificación BISAP?:,4,Ninguna de las respuestas anteriores es correcta.,2,1,9a4de7ce1c8beaaa859200788bdfc6bc67acc518a17d3c2426ff9f09b469ebbc,80088630fd16b6a2fd93d902d10a0beac290edee6c12c09beb3c9b3139a7b63b,603,Gemma 4 26B,Gemini 3.6 Flash=b;GLM 5.2=b;Qwen 3.6 35B=b;Gemma 4 26B=c,4,b,1,1,b,1,1,b,1,1,c,0,1
225,151,296,1,3,0.25000000,UNSELECTED_BOUNDARY_TIE,True,openrouter_B-hard200-v1|,87d6d128308fa899384dba6bd1b87df9a945573d15432bb9fc4240ec94222013,305,b479,castilla-la-mancha|2017|main|88,retained318,,,,Castilla-La Mancha,2017,aparato-digestivo,main,479,True,c,Ninguna de las respuestas anteriores es correcta.,"En relación con la hepatitis alcohólica aguda, señale la errónea","Los pacientes suelen haber presentado un consumo excesivo de alcohol un mínimo de 6 meses, con un período de abstinencia inferior a 2 meses antes del diagnóstico de hepatitis alcohólica aguda.","Los hallazgos analíticos habituales ofrecen una Bilirrubina total > 3 mg/dl, AST/ALT > 1.5 y cifras de AST y ALT inferiores a 400 UI/ml.",Ninguna de las respuestas anteriores es correcta.,"Siempre en preciso descartar patología biliar, hepatitis virales, autoinmunes y E. Wilson mediante los test habituales diagnósticos.",eb405013f97b498f0f4be2c997fa7a3ff0ad78c54810e5e76fcdf2416600d143,472ee007942441961c58e2fbbaceaa0a8604132c2e3157cb04ea2857f832c557,573,GLM 5.2,Gemini 3.6 Flash=c;GLM 5.2=d;Qwen 3.6 35B=c;Gemma 4 26B=c,4,c,1,1,d,0,1,c,1,1,c,1,1
226,151,296,1,3,0.25000000,UNSELECTED_BOUNDARY_TIE,True,openrouter_B-hard200-v1|,88341bfa7bfa96c2508071fec64a61b1fc93ac533455d08662ac89e74875da04,238,b363,region-de-murcia|2019|main|61,retained318,,,,Región de Murcia,2019,aparato-digestivo,main,363,False,d,Ninguna de las respuestas anteriores es correcta.,¿Cuál de las siguientes no es causa de íleo paralítico?:,Hipopotasemia.,Hiponatremia.,Hemorragia retroperitoneal.,Ninguna de las respuestas anteriores es correcta.,22cce999cb311b0f79aab54830b50ca45426ab8295113df23b79b484902518c0,adfb08325fa35e7345bd905b981065b206ddc6c7364bcbd2b13888f155652396,159,Qwen 3.6 35B,Gemini 3.6 Flash=d;GLM 5.2=d;Qwen 3.6 35B=b;Gemma 4 26B=d,4,d,1,1,d,1,1,b,0,1,d,1,1
227,151,296,1,3,0.25000000,UNSELECTED_BOUNDARY_TIE,True,openrouter_B-hard200-v1|,888aff9878a25726a16769ff96bc99160b9133c63f2d3ece4227280a26b0bf74,73,b110,illes-balears|2022|caso-5|113,retained318,,,,Illes Balears,2022,aparato-digestivo,caso-5,110,False,c,Ninguna de las respuestas anteriores es correcta.,"Varón de 32 años sin hábitos tóxicos ni alergias medicamentosas conocidas y sin antecedentes familiares de interés.

Como único antecedente patológico destaca una rectosigmoiditis ulcerosa diagnosticada dos años antes tras una historia de diarrea sanguinolenta intermitente y un tenesmo discreto. En ese momento se hizo una colonoscopia completa con biopsia que mostró una afectación del recto sigma hasta unos 15 cm del margen anal en forma de mucosa eritematosa friable con sangrado con el roce mínimo de predominante en el recto distal. Se descartaron procesos infecciosos intestinales. Las únicas
alteraciones analíticas reseñables en el momento del diagnóstico fueron que era positivo de P-ANCA y tenía una calprotectina fecal de 450 μg/g. Se pautó un tratamiento con enemas de mesalazina.

El paciente permaneció asintomático desde el diagnóstico siguiendo controles en consultas y con cumplimiento terapéutico. Contactó con su servicio de digestivo de referencia por presentar, en las dos semanas previas, un aumento del número de deposiciones con entre cuatro y seis deposiciones al día deshechas con resto hemático fresco en la mayoría de ellas, con imperiosidad, sin respetar descanso nocturno y con dolor abdominal previo a la deposición. No había afectación del estado general. El mes previo al inicio de la sintomatología digestiva inició una lumbalgia intermitente, en ocasiones
intensa, y se automedicó con ibuprofeno en comprimidos de 600 mg de forma puntual.

La exploración física fue normal y se solicitó una analítica completa en la cual destacaba HB: 12,5 gr/dl, VSG y PCR normales, calprotectina: 675 μg/g, FA: 270 UI/L, GGT: 65 UI/L, Bil. total: GOT y GPT normales, ferropenia discreta, resto de parámetros nutricionales normales.

En el caso presentado se hizo una colonoscopia completa que mostró una progresión a pancolitis ulcerosa, se asumió el diagnóstico de brote moderado severo y se controló de manera ambulatoria.

El paciente recibió un tratamiento con adalimumab para conseguir la remisión y se pautó como tratamiento de mantenimiento. Se le asoció, inicialmente, azatioprina que fue retirada por un episodio de pancreatitis leve.

Se descartó la CEP y se mantuvo en remisión clínica y biológica en los siguientes ocho meses en monoterapia con adalimumab a dosis habituales de 40 mg cada dos semanas. A partir de esa fecha, de forma progresiva, refiere un aumento del número de deposiciones pasando de una a cinco o seis, con sangrado con las heces en la mayoría de las deposiciones, cierto tenesmo y dolor cólico previo a la deposición. Refirió una afectación de su calidad de vida, pero no de su estado general. Se hizo un estudio de heces con coprocultivos negativos, Clostridium negativo y calprotectina de 540 μg/g. La
analítica de sangre, el hemograma, el VSG, la PCR y los parámetros nutricionales fueron normales. Se decidió hacer una rectosigmoidoscopia que evidenció mucosa con eritema intenso friable con alguna erosión aislada desde el recto que afectaba de forma difusa toda la mucosa valorada. Se tomaron muestras para biopsia para conocer el grado de actividad histológico y la presencia de citomegalovirus (CMV).

En el caso clínico comentado, la biopsia mostró índice de Rutter 3. La inmunohistoquímica para CMV fue negativa y la PCR para CMV positiva. Señale la afirmación correcta:",La disparidad de los resultados respecto a una infección por CMV obliga a repetir la toma de muestras y a hacer un nuevo estudio histológico y microbiológico.,Debe asumirse la reactivación de CMV y debe añadirse al tratamiento valganciclovir vía oral durante seis semanas.,Ninguna de las respuestas anteriores es correcta.,"Debe asumirse una infección crónica por CMV, no debe tratarse la infección pero debe suspenderse el tratamiento anti-TNF para evitar la reactivación.",34f28f02b34b62ff0b6348892e1e0f4d1522da7fa35afdcfa31bb0d6ce9a63fa,d33efac049ac27b695a576636ba1d9f8a59b43d8688dee6109c99935fcf5bb39,3804,GLM 5.2,Gemini 3.6 Flash=c;GLM 5.2=a;Qwen 3.6 35B=c;Gemma 4 26B=c,3,c,1,1,a,0,0,c,1,1,c,1,1
228,151,296,1,3,0.25000000,UNSELECTED_BOUNDARY_TIE,True,openrouter_B-hard200-v1|,8e4297e6602a778a5969bd56a449c3ad89eab27b884863ab9dc57d527f01342c,175,b268,castilla-la-mancha|2017|main|51,retained318,,,,Castilla-La Mancha,2017,aparato-digestivo,main,268,False,c,Ninguna de las respuestas anteriores es correcta.,Uno de los siguientes Criterios del Síndrome de Lynch no se incluye en los Criterios de Ámsterdam II,"Tres o más individuos afectados de CCR o neoplasia relacionada (endometrio, intestino delgado, uréter o pelvis renal), uno de ellos familiar de primer grado de los otros dos.",Afectación de 2 generaciones consecutivas.,Ninguna de las respuestas anteriores es correcta.,Exclusión del diagnóstico de poliposis adenomatosa familiar.,10a43d7a78c925a4c7e773552be6a245a79f4cb2151cb7173949591b35c3f2a7,7e0768e00fe6793bf4016d54daa836d5a25379d30ef3468b5e3671c32af5b24d,425,Gemma 4 26B,Gemini 3.6 Flash=c;GLM 5.2=c;Qwen 3.6 35B=c;Gemma 4 26B=d,3,c,1,1,c,1,1,c,1,1,d,0,0
229,151,296,1,3,0.25000000,UNSELECTED_BOUNDARY_TIE,True,openrouter_B-hard200-v1|,8e99053bcff37c185fa36e8dd60450851789b0bfe1bd7a2f4c5fcd60d37353a0,169,b261,andalucia|2021|cuestionario-teorico|50,retained318,,,,Andalucía,2021,aparato-digestivo,cuestionario-teorico,261,True,c,Ninguna de las respuestas anteriores es correcta.,"El virus de la hepatitis B tiene varias mutaciones, la más importante es la mutación pre-C o pre-core, que es la más frecuente en nuestro medio. Indique lo que considere falso:","Es una variante mas agresiva, con peor pronóstico",Se caracteriza por no detectarse el Ag HBe,Ninguna de las respuestas anteriores es correcta.,La mutación mas frecuente es la sustitución de una única base,0f62611f2a10eb340caa649d3d7b4d5802abe4f9d36b2b5df93fc130ce26d43d,cbfb846f3898df584522162f6a4a791c86274c18eba3d1f6d40c8003e72fe16c,377,GLM 5.2,Gemini 3.6 Flash=c;GLM 5.2=a;Qwen 3.6 35B=c;Gemma 4 26B=c,4,c,1,1,a,0,1,c,1,1,c,1,1
230,151,296,1,3,0.25000000,UNSELECTED_BOUNDARY_TIE,True,openrouter_B-hard200-v1|,8ee7f72e873b34fe1efbe7015eb52f566943b34e980760a28692c5884eac1462,347,n029,galicia|2022|main|37,new182,,,,Galicia,2022,aparato-digestivo,main,37,False,d,Ninguna de las respuestas anteriores es correcta.,"Llaman al busca de digestivo por una mujer de 33 años con enfermedad de Crohn fenotipo de Montreal A2L2B1 corticodependiente, en tratamiento actual con azatioprina, que acude a urgencias por dolor y bulto en región perianal, que se confirma a la exploración física. ¿Qué debemos indicarles?:","Retirar azatioprina, puesto que tiene una infección activa.",Antibioterapia con ciprofloxacino y metronidazol.,TC pélvico urgente.,Ninguna de las respuestas anteriores es correcta.,596f893502269cc9ea7fe832e39c6eac1b0c209fa7404ccbe7424b05519f34af,b44b6fdf8e97c5fb3f67c5cd159a0ec75c975d192f25fe01455f407539b53f13,467,Gemma 4 26B,Gemini 3.6 Flash=d;GLM 5.2=d;Qwen 3.6 35B=d;Gemma 4 26B=b,4,d,1,1,d,1,1,d,1,1,b,0,1
231,151,296,1,3,0.25000000,UNSELECTED_BOUNDARY_TIE,True,openrouter_B-hard200-v1|,8ee986c7519b484d657fe3b4980185f36c0444e9fc3f886f41d16c0354192102,265,b413,comunidad-de-madrid|2021|main|123,retained318,,,,Comunidad de Madrid,2021,aparato-digestivo,main,413,False,d,Ninguna de las respuestas anteriores es correcta.,En cuál de las siguientes circunstancias NO está indicado el tratamiento con rifaximina,Tratamiento de la encefalopatía hepática aguda,Prevención de la recurrencia de la encefalopatía,Prevención de la encefalopatía post-TIPS,Ninguna de las respuestas anteriores es correcta.,ad3704414654ae77c71b8690d811836c802b61dac167d9457c5eb9445fd03b6d,eeb5091ee40560b90cd3c775cb8c360373be89d75233a219edafc3ae553d2a4f,270,Gemma 4 26B,Gemini 3.6 Flash=d;GLM 5.2=d;Qwen 3.6 35B=d;Gemma 4 26B=a,0,d,1,0,d,1,0,d,1,0,a,0,0
232,151,296,1,3,0.25000000,UNSELECTED_BOUNDARY_TIE,True,openrouter_B-hard200-v1|,90b7130333b264960bc02950bf6199677b1f18ceeca0ff938d13b4e6830b1dff,426,n108,region-de-murcia|2019|main|59,new182,,,,Región de Murcia,2019,aparato-digestivo,main,59,False,c,Ninguna de las respuestas anteriores es correcta.,"Respecto al índice de Mayo, una mucosa con ausencia del patrón vascular y ulceraciones corresponde con:",Mayo 1.,Mayo 2.,Ninguna de las respuestas anteriores es correcta.,Mayo 4.,769ba04455b85d4a8559af08ff4e209347070950f172f8c764be099f7d485bf6,18975b8326e094d03defd8f98e65db535027cd970be4193b6cedcc07bfebad5b,173,Gemma 4 26B,Gemini 3.6 Flash=c;GLM 5.2=c;Qwen 3.6 35B=c;Gemma 4 26B=b,3,c,1,1,c,1,1,c,1,1,b,0,0
233,151,296,1,3,0.25000000,UNSELECTED_BOUNDARY_TIE,True,openrouter_B-hard200-v1|,914d741908ffeca8fcdd86f2b49a5804861788431f6cd8674c6b9a1ba30c8f9f,184,b281,region-de-murcia|2019|main|87,retained318,,,,Región de Murcia,2019,aparato-digestivo,main,281,True,d,Ninguna de las respuestas anteriores es correcta.,En el diagnóstico de una isquemia mesentérica aguda (IMA) es falso que:,"El dímero D >0,9 mg/L puede guiar el diagnóstico, aunque no es específico.","Ante un dolor abdominal grave sin una exploración reveladora, es obligado descartar una IMA en primera instancia.","La historia clínica ayuda a diferenciar entre los diferentes tipos de IMA (trombosis o embolia arterial, trombosis venosa o isquemia no oclusiva).",Ninguna de las respuestas anteriores es correcta.,b8a6a6eb0e21c460758b087a85dea79a88ca214ff6ed9d0fd55dd00c880057a6,4cf63949edcb37496959cb34e5243b788d2705a73f828a2d605c0a27b61ff3a6,453,Qwen 3.6 35B,Gemini 3.6 Flash=d;GLM 5.2=d;Qwen 3.6 35B=b;Gemma 4 26B=d,4,d,1,1,d,1,1,b,0,1,d,1,1
234,151,296,1,3,0.25000000,UNSELECTED_BOUNDARY_TIE,True,openrouter_B-hard200-v1|,947ff79b0be5a3cf95b5e9ab9bf14c5eb8c644422b02fec0318c1fbcb6de3272,158,b240,andalucia|2022|cuestionario-practico|133,retained318,,,,Andalucía,2022,aparato-digestivo,cuestionario-practico,240,False,c,Ninguna de las respuestas anteriores es correcta.,"Una niña de 15 años de edad es remitida a su consulta por ictericia recurrente y episodios de colangitis. La paciente ha necesitado drenajes percutáneos en cuatro ocasiones durante los pasados 5 años. En la exploración física se observa ictericia escleral y hepatomegalia. Analíticamente tiene 4 mg/dl de bilirrubina. Se realiza una colangiografía por RNM, que demuestra dilataciones saculares de la vía biliar en ambos lóbulos.

¿Cuál es la actitud más adecuada?",Acido Ursodesoxicólico a dosis elevadas.,Hepatectomía de los segmentos afectos.,Ninguna de las respuestas anteriores es correcta.,CPRE con colangioscopia y drenaje biliar selectivo de las zonas afectas.,4e93c66bf7c0f517335ac23f6db74f7db6dc5eb8924059b4c847363760b2e162,48e235b5394fc0e9dfe3edfa5c513d954327312781aa9e69bd54c61812004a74,662,Gemma 4 26B,Gemini 3.6 Flash=c;GLM 5.2=c;Qwen 3.6 35B=c;Gemma 4 26B=d,4,c,1,1,c,1,1,c,1,1,d,0,1
235,151,296,1,3,0.25000000,UNSELECTED_BOUNDARY_TIE,True,openrouter_B-hard200-v1|,959d398d9930fb1d731e6572bdd28f03d725f48cd93907dd40ba1f6004f916c3,370,n052,galicia|2019|main|53,new182,,,,Galicia,2019,aparato-digestivo,main,53,False,d,Ninguna de las respuestas anteriores es correcta.,"Mujer de 36 años a la que, en una analítica rutinaria, se encuentra elevación de GGT y FA en sangre 5 veces por encima del valor normal. El resto del perfil bioquímico es normal. En el estudio inmunológico se detectan anticuerpos antimitocondriales (AMA) tipo M2 positivos. ¿Cuál es el tratamiento más adecuado?",Metilprednisolona.,Penicilamina.,No requiere tratamiento actualmente con esos valores.,Ninguna de las respuestas anteriores es correcta.,4b29106d34402ced96ebd9a850a799556ca69b25f9ff642179e261a6e65e0582,367cf723049731346130e0bfa0a56731e75cf5d09a5ed67f60d3d5edfb0eb121,444,Gemma 4 26B,Gemini 3.6 Flash=d;GLM 5.2=d;Qwen 3.6 35B=d;Gemma 4 26B=c,4,d,1,1,d,1,1,d,1,1,c,0,1
236,151,296,1,3,0.25000000,UNSELECTED_BOUNDARY_TIE,True,openrouter_B-hard200-v1|,965d47d52c47fb9358ff9074fdc93a234f515735872f3fdf1091e8c19ef94e17,209,r002,navarra|2022|teorico-practica|69,replacement22_2026-08-04,r002,b320,c2718,Navarra,2022,aparato-digestivo,teorico-practica,69,False,d,Ninguna de las respuestas anteriores es correcta.,"Según la clasificación de Todani, la dilatación de la porción intraduodenal del conducto colédoco o coledococele correspondería a un quiste tipo:",II,Ia,Ib,Ninguna de las respuestas anteriores es correcta.,05ddbfee8772c2e79d23c89633126a64a552b276e54898c8eddb8b0e1f8ef43c,17e0a1b0164e366724373478be00af3ae99604125768425c3ccb6c97145d1b04,200,Gemma 4 26B,Gemini 3.6 Flash=d;GLM 5.2=d;Qwen 3.6 35B=d;Gemma 4 26B=c,4,d,1,1,d,1,1,d,1,1,c,0,1
237,151,296,1,3,0.25000000,UNSELECTED_BOUNDARY_TIE,True,openrouter_B-hard200-v1|,9b0c1cb0553a811c3ad9aac8aa161122efc2e7a680632d3a418d6dcfef678b67,80,b121,illes-balears|2022|caso-6|124,retained318,,,,Illes Balears,2022,aparato-digestivo,caso-6,121,False,c,Ninguna de las respuestas anteriores es correcta.,"Paciente de 62 años con los antecedentes siguientes:

No alergias.

Exfumador: tabaquismo activo desde la juventud hasta los 58 años.

Tosedor habitual.

Consumo diario de alcohol desde hace más de diez años. Consume dos cañas de cerveza, cuatro vasos de vino y dos carajillos al día. El fin de semana toma alguna cerveza más en fiestas y celebraciones y uno o dos gin-tonics.

Dice que no toma drogas.

Dice que no tiene antecedentes patológicos relevantes. No hace controles con su médico de cabecera. Nunca va al médico.
Enfermedad actual: consulta por distensión abdominal molesta, un aumento del perímetro abdominal progresivo de dos semanas de evolución y piernas hinchadas.

Exploración física: bien coloreado, subictericia conjuntival dudosa, arañas vasculares y telangiectasias en el tronco, eritema palmar e hipertrofia parotídea.

Cardiocirculatorio: pulsos rítmicos 90 lpm, soplo sistólico plurifocal, no ingurgitación yugular, edemas maleolares moderados.

Respiración: espiración un poco alargada, algún roncus diseminado.
Abdomen: muy distendido; indoloro a la presión o a la descompresión; sin defensa; matidez en flancos; la matidez cambia con los cambios posturales; signo de la ola; hepatomegalia de tres traveses, lisa e indolora; esplenomegalia dudosa, difícil de delimitar; pequeña protrusión umbilical; no reflujo hepatoyugular.

Radiografía del tórax: elevación de ambos hemidiafragmas.

Radiografía del abdomen: aumento difuso de la densidad, se aprecia perfil hepático y esplénico.

Electrocardiograma normal.

Analítica:
Leucocitos: 3.100/mm³ (3.000-10.000); Hto: 39 % (40-46); Hb: 12,1 g/dl (12-15); VCM: 105 fl (80-100); plaquetas: 105.000/mm³ (150.000-400.000); Quick: 59 % (> 70 %); INR: 1.4 (N 0.8-1.2); creatinina: 1.0 mg/dl; urea: 40 mg/dl; Na: 136 mEq/L; K: 4 mEq/L; urato: 7.9 (< 7); bilirrubina total: 1.9 mg/dl (< 1.3) GOT (ASAT): 105 UI/ml (< 40); GPT (ALAT): 50 UI/ml (< 40); GGT: 480 UI/ml (< 45); FA: 125 UI/ml (< 135); albúmina: 3,2 g/dl (> 3,5).

El resto de la analítica básica es normal.
Ecografía abdominal: líquido libre muy abundante, hígado de ecogenicidad aumentada difusamente, heterogéneo, difícil de ver por la ascitis. Forma hepática

irregular un poco abollonada, macronodular. Vena porta permeable, dilatada. Venas suprahepáticas permeables, no dilatadas. Vía biliar intrahepática y extrahepática normal. Vesícula con litiasis múltiple, no distendida y no edematosa. Bazo ligeramente aumentado de tamaño (15 cm de longitud máxima). El resto no tiene alteraciones. Páncreas no visto por interposición de aire.

Se hace una paracentesis (diagnóstica y evacuadora), y se obtienen 6.000 ml de ascitis.

Análisis del líquido ascítico:
- Glucosa: 120 mg/dl.
- Proteínas: 1,0 g/dl.
- Albúmina: 0,8 g/dl.
- LDH: 40 ui/ml.
- Hematíes: 100 /mm³.
- Leucocitos: 220 /mm³.

Calcule el GASA en este paciente. ¿Qué significa en este paciente el resultado del cálculo del GASA?",Que la ascitis no está causada por una enfermedad neoplásica.,Que la ascitis no está causada por hipertensión portal.,Ninguna de las respuestas anteriores es correcta.,Las respuestas a) y b) son correctas.,cddf4d773c596669bd73c081385a14ebbe4db436c1a1ac0b74e6a34e6896735b,d6f0d0d39fc95fd6c4ca4f08791ab51b297caefc0ac5db449fd937d1528bd153,3120,Gemma 4 26B,Gemini 3.6 Flash=c;GLM 5.2=c;Qwen 3.6 35B=c;Gemma 4 26B=d,3,c,1,1,c,1,1,c,1,1,d,0,0
238,151,296,1,3,0.25000000,UNSELECTED_BOUNDARY_TIE,True,openrouter_B-hard200-v1|,9ebd42014507cc26e8cd25794c24c1c47c69bf5b3cdce215015d3bdd95acc338,295,b464,region-de-murcia|2019|main|32,retained318,,,,Región de Murcia,2019,aparato-digestivo,main,464,True,d,Ninguna de las respuestas anteriores es correcta.,"En relación con las lesiones GI (gastrointestinales) en pacientes que toman AINE (antiinflamatorios no esteroideos), señale la opción FALSA:","La presencia de antecedentes de úlcera péptica gastroduodenal, complicada o no complicada, es factor de riesgo para el desarrollo de complicaciones GI en pacientes que toman AINE.",No se recomienda el uso de antagonistas H2 para la prevención de las complicaciones GI de los AINE.,"El uso de IBP asociado a un AINE no selectivo es una estrategia válida para la prevención de las complicaciones GI altas de los AINE, en pacientes de riesgo.",Ninguna de las respuestas anteriores es correcta.,839696599ec104cfc31138e4ab4fc456817d18cc218ea114c120f01a39d91707,c589a02e284399c4aff8db49c40a6582c3139f533f266d173dca88df958c9207,624,Gemma 4 26B,Gemini 3.6 Flash=d;GLM 5.2=d;Qwen 3.6 35B=d;Gemma 4 26B=b,4,d,1,1,d,1,1,d,1,1,b,0,1
239,151,296,1,3,0.25000000,UNSELECTED_BOUNDARY_TIE,True,openrouter_B-hard200-v1|,9ecca5fb85eed694e6128d65236da43293e7d0c9ce4eec7014066eb9f480dea2,133,b200,la-rioja|2021|reserva|109,retained318,,,,La Rioja,2021,aparato-digestivo,reserva,200,False,c,Ninguna de las respuestas anteriores es correcta.,El tratamiento indicado en la Enfermedad de Caroli limitada a un solo lóbulo es:,Ácido Ursodesoxicólico.,Trasplante Hepático.,Ninguna de las respuestas anteriores es correcta.,Litotricia extracorpórea.,68876b38ac9a83ea1e7ff2c77cff08a66ccca578af6f86d4b3cd08419d81d5b7,7f64cbb9e65c8466f4dc5e565491f7e6a159d87ef5bb464562977895ef0f8400,197,Gemma 4 26B,Gemini 3.6 Flash=c;GLM 5.2=c;Qwen 3.6 35B=c;Gemma 4 26B=b,4,c,1,1,c,1,1,c,1,1,b,0,1
240,151,296,1,3,0.25000000,UNSELECTED_BOUNDARY_TIE,True,openrouter_B-hard200-v1|,9ed0ec54ee482a6a3b5eaaf4b9f514fd87e50a7050d1a03a535a88fad945e82f,91,r007,galicia|2019|main|81,replacement22_2026-08-04,r007,b141,c2132,Galicia,2019,aparato-digestivo,main,81,False,d,Ninguna de las respuestas anteriores es correcta.,"En cuanto al síndrome del intestino irritable, señale la respuesta VERDADERA:",Comienzo de síntomas en mayores de 50 años no es signo de alarma.,En el hombre es más frecuente el estreñimiento y en la mujer la diarrea.,El pioderma gangrenoso no es signo de organicidad.,Ninguna de las respuestas anteriores es correcta.,0c63d442a22191d309528e8228cdcaeaaff0f5e72a5eb2d37fa362579b8f0bb8,5774938cb77fe6b606bf037b3a84391603b7e489f50302528a15e7a304ff5e15,313,Qwen 3.6 35B,Gemini 3.6 Flash=d;GLM 5.2=d;Qwen 3.6 35B=b;Gemma 4 26B=d,4,d,1,1,d,1,1,b,0,1,d,1,1
241,151,296,1,3,0.25000000,UNSELECTED_BOUNDARY_TIE,True,openrouter_B-hard200-v1|,a250b981eee63a29247471224e1cd4bbb62e9bfa85a8757817468815289960d8,215,b327,andalucia|2021|cuestionario-practico|112,retained318,,,,Andalucía,2021,aparato-digestivo,cuestionario-practico,327,False,d,Ninguna de las respuestas anteriores es correcta.,"Un varón de 48 años de edad acude a Urgencias por dolor epigástrico irradiado a espalda. Entre sus antecedentes destaca una dislipemia familiar leve que trata con medidas higiénico-dietéticas y una hipertensión arterial de reciente comienzo. No es fumador, aunque sí un bebedor social escaso de fin de semana. El dolor se inicia de forma progresiva, tres horas antes, mientras realizaba ejercicio físico. Lo describe como epigástrico, de irradiación a espalda, de gran intensidad, asociado a náuseas con vómitos alimentarios de la última comida y sensación de mareo. La exploración física muestra un
paciente con sobrepeso leve, temperatura de 37,2ºC, pulso 110 lpm, y frecuencia respiratoria de 21 resp/min, con abdomen a mayor nivel que tórax, blando y depresible, doloroso a la palpación en epigastrio, sin claro peritonismo, sin masas ni visceromegalias. No tiene edemas en miembros inferiores y los pulsos pedios son simétricos. Analíticamente destaca Hb 16 g/dl, leucocitos 16.000/mm3, plaquetas 386.000/mm3, urea 80 mg/dl, creatinina 1,1 mg/dl; GOT 185 U/L, GPT 199 U/L, LDH 450 U/L, amilasa 1.002 U/L, lipasa 980 U/L.

A las 72 horas del ingreso se realiza un TAC de abdomen. Se observa una gran colección necrótica que prácticamente sustituye cuerpo y cola de páncreas, sin gas en su interior. La situación del paciente es similar a días previos, con elevación de bilirrubina hasta 5 mg/dl, y patrón de colestasis similar. Tras hidratación la función renal ha mejorado, con urea de 40 mg/dl. ¿Qué debemos hacer en este momento?","La ausencia de gas en la colección necrótica descarta prácticamente la infección, por lo que no debemos administrar antibióticos.","La infección es altamente probable, por lo que es preceptivo iniciar el tratamiento antibiótico.","Con una necrosis tan extensa es importante plantear un desbridamiento de la celda pancreática, siendo en este momento la cirugía el mejor método por la precocidad del problema.",Ninguna de las respuestas anteriores es correcta.,1ad16c3a7c03f0c42a736006dc9ae8e3f1e466936df8b184c81ca66b6b40e729,23b5469ab414963ce71e53724f01cf1e782f04bef1b2d08e1d101ef118db35cb,1986,Qwen 3.6 35B,Gemini 3.6 Flash=d;GLM 5.2=d;Qwen 3.6 35B=a;Gemma 4 26B=d,4,d,1,1,d,1,1,a,0,1,d,1,1
242,151,296,1,3,0.25000000,UNSELECTED_BOUNDARY_TIE,True,openrouter_B-hard200-v1|,a46baa226537cc5e988885492cd1de180959eff72323085627155208ae336037,433,n115,la-rioja|2021|main|2,new182,,,,La Rioja,2021,aparato-digestivo,main,2,False,b,Ninguna de las respuestas anteriores es correcta.,Señale la respuesta correcta respecto al síndrome de intestino irritable (SII):,"La eluxadolina es un fármaco aprobado por la EMA (Agencia Europea del Medicamento) para el tratamiento del SII con predominio de estreñimiento, pero no comercializado en nuestro país.",Ninguna de las respuestas anteriores es correcta.,"Los antidepresivos tricíclicos mejoran de forma global el dolor y la distensión abdominal, pero incrementan la diarrea, por lo que deben evitarse en SII con predominio de diarrea.",El riesgo de enfermedad orgánica es menor en el subtipo de SII con predominio de diarrea que en SII con predominio de estreñimiento.,6d09c7f73e4b9c5c200095d9b90dd2fb71feb2be29d2ea4fa4df41552c4f72c1,f748209d550b329ca6a237e4b5007a93ffb99ff9e079403cf5d99967193a16d1,622,Gemma 4 26B,Gemini 3.6 Flash=b;GLM 5.2=b;Qwen 3.6 35B=b;Gemma 4 26B=c,4,b,1,1,b,1,1,b,1,1,c,0,1
243,151,296,1,3,0.25000000,UNSELECTED_BOUNDARY_TIE,True,openrouter_B-hard200-v1|,aa9c9a3d7732e6aab452aceac4cde6482ac5e1fe619c1bc2dfb9d966b799c301,382,n064,aragon|2017|main|75,new182,,,,Aragón,2017,aparato-digestivo,main,75,False,c,Ninguna de las respuestas anteriores es correcta.,"En la disfunción del esfínter de Oddi tipo III, ¿cómo están los enzimas hepáticos y el conducto biliar común?",Enzimas hepáticos alterados y conducto biliar normal.,Enzimas hepáticos normales y conducto biliar dilatado.,Ninguna de las respuestas anteriores es correcta.,Enzimas hepáticos alterados y conducto biliar dilatado.,062e668bcac1984c2937722153bbd5a43374f117619688a868f433f472a0dd77,87851a4f1a7c62bad4a78f8860342dbc1601f73dc6fb4dd17f81e8e1e4ad835e,320,Gemma 4 26B,Gemini 3.6 Flash=c;GLM 5.2=c;Qwen 3.6 35B=c;Gemma 4 26B=a,3,c,1,1,c,1,1,c,1,1,a,0,0
244,151,296,1,3,0.25000000,UNSELECTED_BOUNDARY_TIE,True,openrouter_B-hard200-v1|,ae7086adec1e7ab488fe23cbbf7b66652e6025a245083679d67fdcd56a3a3a31,221,b335,andalucia|2021|cuestionario-practico|119,retained318,,,,Andalucía,2021,aparato-digestivo,cuestionario-practico,335,False,d,Ninguna de las respuestas anteriores es correcta.,"Varón de 25 años que acude al área de urgencias del hospital por cuadro de dolor abdominal intenso y progresivo que se inició a las 2 horas postingesta acompañado de distensión abdominal que no cede con la analgesia habitual y vómitos. No refiere tener enfermedades previas. Fumador habitual. No toma ninguna medicación. Desde hace años tiene episodios frecuentes de diarrea no estudiada. En la exploración se aprecia dolor a la palpación en la fosa ilíaca derecha e hipogastrio con signo de Blumberg positivo. En la analítica urgente existe una leucocitosis moderada con desviación a la izquierda y
PCR de 100 mg/l. Se realizó TAC observando un engrosamiento parietal y concéntrico del íleon terminal con estenosis de 15 cm de longitud, signos inflamatorios, pequeñas burbujas de gas extraluminales adyacentes e infiltración de la grasa pericecal. Ante la sospecha de perforación se realiza cirugía urgente practicándose resección ileocecal y anastomosis ileocólica. El estudio anatomopatológico de la pieza quirúrgica confirma la existencia de una enfermedad de Crohn. Tras la intervención quirúrgica el paciente evoluciona de forma favorable y previamente al alta se consulta con digestivo.

¿Cuál es la actitud más adecuada a seguir en este paciente?",Abandono del tabaquismo y revisión en la consulta de digestivo con control analítico 6 meses después de la cirugía.,"Abandono del tabaquismo, iniciar tratamiento con mesalazina oral y revisión en la consulta de digestivo con control analítico 6 meses después de la cirugía.","Abandono del tabaquismo, iniciar tratamiento con metronidazol oral a dosis de 15-20 mg/Kg/día durante 3 meses y revisión en la consulta de digestivo con control analítico 6 meses después de la cirugía.",Ninguna de las respuestas anteriores es correcta.,df5879f0c7ca0e877f605e67c335c417fc13441b34311a4b7eba9193d008de2e,71cb03babf30a19fb1011ab98ba03266a28ecf7c4c0af7c3e6df1a0a51fe3ebc,1775,GLM 5.2,Gemini 3.6 Flash=d;GLM 5.2=c;Qwen 3.6 35B=d;Gemma 4 26B=d,3,d,1,1,c,0,1,d,1,1,d,1,0
245,151,296,1,3,0.25000000,UNSELECTED_BOUNDARY_TIE,True,openrouter_B-hard200-v1|,b2b45e04ca5690bb49d98c20738e010eccc50e2adeb66386b17c500eefe045b9,334,n016,castilla-y-leon|2019|main|72,new182,,,,Castilla y León,2019,aparato-digestivo,main,72,False,b,Ninguna de las respuestas anteriores es correcta.,"En una mujer de 32 años diagnosticada de síndrome de Lynch, señale el tumor más frecuente tras el colorrectal:",Estómago.,Ninguna de las respuestas anteriores es correcta.,Ovario.,Cuello uterino.,eaea122eaa9358303afc21c84db7457ed73ba6037dd60e50698e339b2598bee5,b21c6922c2f7c401b2327390fd607cdf09b7cdfb88c28a9fc66c57b4de2cbcd1,190,Gemma 4 26B,Gemini 3.6 Flash=b;GLM 5.2=b;Qwen 3.6 35B=b;Gemma 4 26B=c,4,b,1,1,b,1,1,b,1,1,c,0,1
246,151,296,1,3,0.25000000,UNSELECTED_BOUNDARY_TIE,True,openrouter_B-hard200-v1|,b2ba2fd223cb9c58f8d07af2e00d580289bdf7cad413affae8534864a3359ff3,306,b480,castilla-y-leon|2019|main|66,retained318,,,,Castilla y León,2019,aparato-digestivo,main,480,False,b,Ninguna de las respuestas anteriores es correcta.,¿Cuál es el tratamiento de elección en un paciente con carcinoma hepatocelular en estadio inicial(A) de la BCLC con función hepática conservada con tres nódulos menores de 3 cms y con enfermedades crónicas asociadas?,Resección quirúrgica,Ninguna de las respuestas anteriores es correcta.,Quimioembolización transarterial,Tratamiento sistémico,24a82aa2f7df568f2ea2cfb30e69d4c2479dec13a88cb6efa6a36e282ee718e1,b5587227277a2b9843c936939d4dc2df04e090103c14ffc3431be52af8a0d008,338,Gemma 4 26B,Gemini 3.6 Flash=b;GLM 5.2=b;Qwen 3.6 35B=b;Gemma 4 26B=a,3,b,1,1,b,1,1,b,1,1,a,0,0
247,151,296,1,3,0.25000000,UNSELECTED_BOUNDARY_TIE,True,openrouter_B-hard200-v1|,b390e76abef604f0621d2dc7009ccbd9eaca6dcc0f7f3c46294abb17ee96bf97,259,b393,comunitat-valenciana|2022|main-47-80|65,retained318,,,,Comunitat Valenciana,2022,aparato-digestivo,main-47-80,393,False,c,Ninguna de las respuestas anteriores es correcta.,¿A partir de qué valor de MELD nos planteamos valorar a un paciente con cirrosis descompensada para transplante en ausencia de hepatocarcinoma?,10,8,Ninguna de las respuestas anteriores es correcta.,22,4a0c25cee4c80c1aec84af37e0efdeadba508eaba40817e4fc4aef00bf93e28c,feb8794c4ef3e8e59fd21b51b9f4d5ac88a1dacd5fd4d80e69aa41dcb3259412,197,Gemma 4 26B,Gemini 3.6 Flash=c;GLM 5.2=c;Qwen 3.6 35B=c;Gemma 4 26B=d,4,c,1,1,c,1,1,c,1,1,d,0,1
248,151,296,1,3,0.25000000,UNSELECTED_BOUNDARY_TIE,True,openrouter_B-hard200-v1|,b50d8d1e814667870313a48dc6bc6fed51dac592dd203bf1b307a455024f7c21,119,b180,navarra|2022|caso-clinico-3|105,retained318,,,,Navarra,2022,aparato-digestivo,caso-clinico-3,180,False,b,Ninguna de las respuestas anteriores es correcta.,"Varón de 65 años con antecedente de cirrosis hepática por VHC genotipo 3 (nunca tratado), sin otras comorbilidades, que ingresa por hematemesis. Se realiza gastroscopia visualizándose varices esofágicas grandes, una de ellas con sangrado activo y dos de ellas con extensión a curvadura menor gástrica. El paciente no presenta ascitis ni fiebre y desde el punto de vista hemodinámico tiene TA 100/60 mmHg, FC 75lpm, SatO2 94% FiO2 21%.
Analítica: Hemoglobina 8,5 g/dL, plaquetas 78 x 109/L, actividad de protrombina 52%. Creatinina 0,98 mg/dL, Sodio 129 mmol/L, bilirrubina total 3,1 mg/dL, albúmina 32 g/L. AST 125 U/L, ALT 101 U/L.
Serologías: IgM e IgG VHA negativo, HBsAg negativo, anti-HBs positivo, HBcAc total positivo, VIH negativo.
Ecografía abdominal: Hígado con contornos nodulares y aumento de la ecogenicidad hepática con aspecto granular, sugestivo de hepatopatía crónica. No se objetivan lesiones focales. Vena porta de calibre normal con flujo hepatópeto. Esplenomegalia homogénea de 17,5 cm. Circulación colateral en espacio esplenorrenal. No líquido libre intraabdominal

Teniendo en cuenta el seguimiento ambulatorio de este paciente, una vez dado de alta del ingreso inicial. ¿Cuál de las siguientes recomendaciones respecto a la prevención secundaria de la hemorragia varicosa es CORRECTA?",Ligadura endoscópica con bandas y bisoprolol,Ninguna de las respuestas anteriores es correcta.,Inyección de cianoacrilato y bisoprolol,Inyección de cianoacrilato y carvedilol,f1aea7ece479b6c3eb724ba5883600b2422f7c1bdbbd1f1d6a46645dc15d5067,f6951c7264621008a9f72bbf64ca3b81c32a29fb047dca9ae410586c4bb18019,1480,Gemma 4 26B,Gemini 3.6 Flash=b;GLM 5.2=b;Qwen 3.6 35B=b;Gemma 4 26B=a,4,b,1,1,b,1,1,b,1,1,a,0,1
249,151,296,1,3,0.25000000,UNSELECTED_BOUNDARY_TIE,True,openrouter_B-hard200-v1|,b7b6994083bd5d6c9ae17eaf771f796fca9e2f3bca039fb5f13eb080843848a9,93,r009,castilla-la-mancha|2017|main|22,replacement22_2026-08-04,r009,b143,c0922,Castilla-La Mancha,2017,aparato-digestivo,main,22,False,b,Ninguna de las respuestas anteriores es correcta.,¿Mediante técnicas de inmunohistoquímica cuáles serán las características de un schwannoma gástrico y que permitan distinguirlo de un GIST gástrico?,"Proteína S 100 positivo, c-Kit positivo.",Ninguna de las respuestas anteriores es correcta.,"Proteína S 100 negativo, c-Kit positivo.","Proteína S 100 negativo, c-Kit negativo.",96ccb13ce5e05d56f54378057e397ecd8738645e1b7347fb2d39fd9deac767b4,9861a651867a7c209b5760741df75801b88714cd760b3cdb6188348d843c50e9,317,Gemma 4 26B,Gemini 3.6 Flash=b;GLM 5.2=b;Qwen 3.6 35B=b;Gemma 4 26B=a,4,b,1,1,b,1,1,b,1,1,a,0,1
250,151,296,1,3,0.25000000,UNSELECTED_BOUNDARY_TIE,True,openrouter_B-hard200-v1|,b9883548fc9f2854ac8d78949b5179fc3b6ac0814fe7352dfda1372dae360010,137,b207,region-de-murcia|2019|main|99,retained318,,,,Región de Murcia,2019,aparato-digestivo,main,207,False,d,Ninguna de las respuestas anteriores es correcta.,"Con respecto al tratamiento farmacológico de la pancreatitis crónica, señale la opción cierta:",No existen datos que apoyen el uso de omeprazol asociado al tratamiento sustitutivo enzimático.,En la diabetes mellitus secundaria a pancreatitis crónica está indicado el tratamiento inicial con antidiabéticos orales.,El tratamiento sustitutivo enzimático se debe controlar siempre mediante test de funcionalismo pancreático.,Ninguna de las respuestas anteriores es correcta.,77ad12c9903ecd9b905462e435710176d9a74daa5217554830ee660bd492752e,2ee2b4e5c667d8e08999a94891353243509bb1803402f12e3aefcb35293fc0ce,466,Gemma 4 26B,Gemini 3.6 Flash=d;GLM 5.2=d;Qwen 3.6 35B=d;Gemma 4 26B=a,3,d,1,1,d,1,1,d,1,1,a,0,0
251,151,296,1,3,0.25000000,UNSELECTED_BOUNDARY_TIE,True,openrouter_B-hard200-v1|,bb337a1e3a072ebdd7c772e6979ab7f38498bf610e8e8c497a1aff644396845b,145,b218,la-rioja|2021|main|62,retained318,,,,La Rioja,2021,aparato-digestivo,main,218,False,d,Ninguna de las respuestas anteriores es correcta.,"Según los criterios de Roma IV, se define el síndrome de intestino irritable como:","Dolor abdominal recurrente al menos 1 día a la semana durante los últimos seis meses que se asocia a dos o más de los siguientes: se relaciona con la defecación, se asocia a un cambio en la frecuencia de las deposiciones, se asocia a un cambio en la forma (consistencia) de las deposiciones.","Disconfort abdominal recurrente al menos 3 días al mes durante los tres últimos meses que se asocia a dos o más de los siguientes: Se relaciona con la defecación, se asocia a un cambio en la frecuencia de las deposiciones, se asocia a un cambio en la forma (consistencia) de las deposiciones.","Disconfort abdominal recurrente al menos 1 día a la semana durante los últimos tres meses que se asocia a dos o más de los siguientes: Se relaciona con la defecación, se asocia a un cambio en la frecuencia de las deposiciones, se asocia a un cambio en la forma (consistencia) de las deposiciones.",Ninguna de las respuestas anteriores es correcta.,ca3ec5e073967b34e004e87ab20a357a9b37258885ca36652e0465a793136568,a4f4ad86f3c739825edfd56b4a794554b049ebc4608fb16007af85aa744dfe50,1010,Qwen 3.6 35B,Gemini 3.6 Flash=d;GLM 5.2=d;Qwen 3.6 35B=c;Gemma 4 26B=d,4,d,1,1,d,1,1,c,0,1,d,1,1
252,151,296,1,3,0.25000000,UNSELECTED_BOUNDARY_TIE,True,openrouter_B-hard200-v1|,bcaaa2493fafd541bd5384e4b8247b7dee531b5613d0df8cf55f543e1b5d1ea0,136,b206,castilla-la-mancha|2017|main|53,retained318,,,,Castilla-La Mancha,2017,aparato-digestivo,main,206,False,c,Ninguna de las respuestas anteriores es correcta.,Señale cuál de los siguientes fármacos NO se ha relacionado con pancreatitis aguda,Azatioprina,Ácido valproico,Ninguna de las respuestas anteriores es correcta.,IECA,f899b637d1a7711b15d17fad60206debe84231d9827192706128181f92b226fb,0bebf513b065bba76874c5284ea498fa22fab070ad885041b3b7ee7e57d74cf2,161,Gemma 4 26B,Gemini 3.6 Flash=c;GLM 5.2=c;Qwen 3.6 35B=c;Gemma 4 26B=d,3,c,1,1,c,1,1,c,1,1,d,0,0
253,151,296,1,3,0.25000000,UNSELECTED_BOUNDARY_TIE,True,openrouter_B-hard200-v1|,bd9d73532f3766c302d37130bece3660ab7e25bfb514ee167a868e2dd91f0ad5,219,b333,region-de-murcia|2019|main|55,retained318,,,,Región de Murcia,2019,aparato-digestivo,main,333,False,c,Ninguna de las respuestas anteriores es correcta.,¿Cuál de los siguientes NO es un factor de riesgo potencialmente relacionado con la recurrencia postquirúrgica?:,Granulomas en la pieza de resección.,Gravedad de la plexitis mientérica en la pieza de resección.,Ninguna de las respuestas anteriores es correcta.,Enfermedad perianal.,07d532b8ff107841dd5ff7614547ecd80491dfb5eaf51dfce46c8c9061ca68cd,904a45f9359aad18408c5206bee947b86db53f2d2f356eb101ae14adc6fb662d,277,Qwen 3.6 35B,Gemini 3.6 Flash=c;GLM 5.2=c;Qwen 3.6 35B=b;Gemma 4 26B=c,1,c,1,1,c,1,0,b,0,0,c,1,0
254,151,296,1,3,0.25000000,UNSELECTED_BOUNDARY_TIE,True,openrouter_B-hard200-v1|,be517f667d34605d5161cb33592baee04417932013d07d163ad5edb28eff918c,62,b89,illes-balears|2022|caso-4|92,retained318,,,,Illes Balears,2022,aparato-digestivo,caso-4,89,False,c,Ninguna de las respuestas anteriores es correcta.,"Mujer de 18 años sin antecedentes personales ni familiares de interés y sin hábitos tóxicos. Ingresa por fiebre, pérdida de peso asociada a hiporexia, diarrea de comienzo reciente sin productos patológicos y dolor abdominal de dos semanas de evolución.

Exploración. Temperatura: 37,6 °C; TA: 100/60 mmHg; consciente, orientada, eupneica; peso: 40 quilos, talla: 155 cm, delgadez, retraso del desarrollo puberal, palidez discreta, bien hidratada y perfundida. No se palparon adenopatías. La auscultación cardiorrespiratoria fue normal y la exploración abdominal no mostró hallazgos de interés. En la
inspección anal se observó una hemorroide centinela y una fisura anal en el rafe posterior.

En la analítica destacaban, hemoglobina: 9,9 g/dl; hematocrito: 34 %; VCM: 81 fl; leucocitos: 15.600 /μl (82 % neutrófilos); plaquetas: 699.000 /μl; VSG: 41 Fe: 15 μg/dl; ferritina: 247 ng/ml; proteína C reactiva: 9,7 mg/dl.

Los coprocultivos y los parásitos en heces fueron negativos.
En la colonoscopia se exploró hasta el ciego y se hizo una ileoscopia de los últimos 10 cm. En todo el trayecto explorado se apreciaron úlceras profundas serpiginosas entre áreas de mucosa sana y se tomaron muestras para biopsia. Las biopsias del íleon y el colon fueron compatibles con una inflamación crónica activa.

¿A qué hace referencia el índice endoscópico de Rutgeerst i2 de recurrencia postquirúrgica?",Ileítis aftosa difusa con mucosa difusamente inflamada.,Presencia de menos de cinco aftas en el íleon distal.,Ninguna de las respuestas anteriores es correcta.,Mucosa normal.,b812384c8b70d17a8e73c9396077abe1c22ced91335cdb9535ef66f79917ecef,848b9a532f9ce6b3fea6db107448e66e5cc091717fd0e6af0fe7669339b6a5bd,1562,Qwen 3.6 35B,Gemini 3.6 Flash=c;GLM 5.2=c;Qwen 3.6 35B=a;Gemma 4 26B=c,4,c,1,1,c,1,1,a,0,1,c,1,1
255,151,296,1,3,0.25000000,UNSELECTED_BOUNDARY_TIE,True,openrouter_B-hard200-v1|,c22b1a0046a432badac782296b102e1a13727bb54eb7f8c641f9180e21b27225,474,n156,castilla-y-leon|2019|main|47,new182,,,,Castilla y León,2019,aparato-digestivo,main,47,False,c,Ninguna de las respuestas anteriores es correcta.,"Según la Clasificación Endoscópica de Paris de las lesiones neoplásicas superficiales del tubo digestivo, una lesión neoplásica gástrica del tipo 0-IIc, se corresponde con:","Una lesión Superficial, elevada.",Una lesión Plana.,Ninguna de las respuestas anteriores es correcta.,Una lesión Excavada.,7385df6227e08b3da9905f5b6bb355c4ab77b66716effcefe18d78d903a8268a,69d9eaaf0d9ac99f58d1c1285c0eff54f137fc4a87a98d3c28501603d6ccba0b,290,Gemma 4 26B,Gemini 3.6 Flash=c;GLM 5.2=c;Qwen 3.6 35B=c;Gemma 4 26B=d,4,c,1,1,c,1,1,c,1,1,d,0,1
256,151,296,1,3,0.25000000,UNSELECTED_BOUNDARY_TIE,True,openrouter_B-hard200-v1|,c2c785b15b991c2305a23b3daa01d977b95fc00418379feb6a7b9280b8936d0a,307,b481,galicia|2016|reserva-especifica|101,retained318,,,,Galicia,2016,aparato-digestivo,reserva-especifica,481,False,d,Ninguna de las respuestas anteriores es correcta.,"La hemorragia por varices esofago-gástricas es una de las principales complicaciones de la cirrosis con hipertensión portal. Se recomienda en pacientes cirróticos la realización de gastroscopia de cribado para detección de varices y valoración de profilaxis primaria. Tras la realización de gastroscopia de cribado, ¿en qué situación no contemplarías la profilaxis primaria?",Cirrosis con varices esofágicas grandes.,Cirrosis grado C 12 de Child-Pugh con presencia de varices esofágicas pequeñas.,Cirrosis sin varices esofágicas con varices gástricas.,Ninguna de las respuestas anteriores es correcta.,f337a8f2d2e21e657a764eaeab15259bf9059381b19f91959d164ae331e38d29,430a6871a1157f7e1cefeb92d83847d122331557ca3b2f221857356c544d3048,596,GLM 5.2,Gemini 3.6 Flash=d;GLM 5.2=c;Qwen 3.6 35B=d;Gemma 4 26B=d,3,d,1,1,c,0,0,d,1,1,d,1,1
257,151,296,1,3,0.25000000,UNSELECTED_BOUNDARY_TIE,True,openrouter_B-hard200-v1|,c2c8775267a7806e27e4a2780b357d9c085d45b40a573efc1c4821d8230c496a,495,n177,andalucia|2022|cuestionario-teorico|95,new182,,,,Andalucía,2022,aparato-digestivo,cuestionario-teorico,95,False,c,Ninguna de las respuestas anteriores es correcta.,"¿Cuál sería el tratamiento de elección en un paciente de 56 años de edad, diagnosticado de cirrosis hepática, en grado A6 de Child, sin ascitis, sin varices esofágicas, en el que se detecta una lesión de 4,5 cms en el segmento III hepático, en RM dinámica compatible con hepatocarcinoma?",Radioembolización.,Trasplante hepático.,Ninguna de las respuestas anteriores es correcta.,Radioablación percutánea.,4e196207dd10146ec3ed0028e443a5c04b6677228624ce8343b27f746e4d6b86,54fc0f66f9bca414d27ff508e343c326f4980dc9abd1fe0deeb36bd8df4f0ba7,399,Gemma 4 26B,Gemini 3.6 Flash=c;GLM 5.2=c;Qwen 3.6 35B=c;Gemma 4 26B=b,3,c,1,1,c,1,1,c,1,1,b,0,0
258,151,296,1,3,0.25000000,UNSELECTED_BOUNDARY_TIE,True,openrouter_B-hard200-v1|,c3c961925e71ee177053de7d3a1510fb594489237e175ccc6e37748bb034dc46,207,b318,castilla-la-mancha|2022|reserva-especifica|101,retained318,,,,Castilla-La Mancha,2022,aparato-digestivo,reserva-especifica,318,False,c,Ninguna de las respuestas anteriores es correcta.,"Según la guía clínica ACG 2020, entre las recomendaciones de tratamiento en un paciente con acalasia esofágica no se incluye",Miotomía endoscópica (POEM) o miotomía de Heller laparoscópica en la acalasia tipo III.,"POEM, miotomía de Heller laparoscópica o dilatación neumática en la acalasia tipo I y II.",Ninguna de las respuestas anteriores es correcta.,Toxina botulínica en pacientes añosos con riesgo quirúrgico.,2f498fb7d4f447db0ae638b26e90917af12ec546e7e0254f1d03afb6062fe991,14c7f78f284e34278ec3edaf005489aaa393934521fc903e098c0f6192c958db,409,GLM 5.2,Gemini 3.6 Flash=c;GLM 5.2=a;Qwen 3.6 35B=c;Gemma 4 26B=c,4,c,1,1,a,0,1,c,1,1,c,1,1
259,151,296,1,3,0.25000000,UNSELECTED_BOUNDARY_TIE,True,openrouter_B-hard200-v1|,c3ff9f2faff272b8f9550f16760ba8fd7838ca616bcb5ccbe378896e87f2a613,111,b171,navarra|2022|caso-clinico-1|96,retained318,,,,Navarra,2022,aparato-digestivo,caso-clinico-1,171,False,c,Ninguna de las respuestas anteriores es correcta.,"Estás de guardia y te avisan desde Urgencias donde están valorando a una mujer de 67 años que ha acudido por presentar, en las últimas 3 horas, 2 deposiciones de características melénicas. Son las 22:45h.
En la analítica presenta: Hemoglobina 7.8 g/dL, urea 69 y Creatinina 0.9mg/dL. El resto de parámetros están dentro de la normalidad.
Rehistoriada la paciente refiere ingesta de ibuprofeno en los 3 días previos por un dolor en un molar. No tiene antecedentes médicos de interés salvo una dislipemia bien controlada con estatinas y es alérgica a las quinolonas. Fuma unos 15 cigarrillos cada día.
En la exploración física la TA es de 118/65 mmHg y la FC de 86 lpm. La paciente está eupneica y algo pálida. La auscultación cardio-pulmonar es normal y en la exploración abdominal refiere molestias a la palpación profunda en región epigástrica

Tres meses después del episodio de sangrado, la paciente es valorada en urgencias por un cuadro neurológico que finalmente se interpreta como AIT, aconsejándose en el informe de alta, iniciar tratamiento antiagregante con AAS 100mg y dejar de fumar. En relación al riesgo de presentar una úlcera secundaria a la ingesta de AINES; señala cuál es el factor de riesgo más importante:",La edad,La asociación de AINES con anticoagulantes,Ninguna de las respuestas anteriores es correcta.,El sexo,9169e4dc6fae0ea0898a52c7798c73bc0f28136c3971780862644b0c40ab6863,c3e37c1e2267c9f4993ad5e59ee9df7640e8609fe35f14a511c124a8fd51dd6d,1331,Gemma 4 26B,Gemini 3.6 Flash=c;GLM 5.2=c;Qwen 3.6 35B=c;Gemma 4 26B=a,4,c,1,1,c,1,1,c,1,1,a,0,1
260,151,296,1,3,0.25000000,UNSELECTED_BOUNDARY_TIE,True,openrouter_B-hard200-v1|,c4b64a8f2dc0598dda3b9836e49fd4b0702b2db46135bf05c60145435699699c,403,n085,andalucia|2021|cuestionario-teorico|96,new182,,,,Andalucía,2021,aparato-digestivo,cuestionario-teorico,96,False,c,Ninguna de las respuestas anteriores es correcta.,"En el tratamiento de la hepatitis autoinmune, en el caso de intolerancia a Azatioprina, el tratamiento de segunda línea según las guías europeas es:",Interferon Alfa,Corticoides a dosis plenas,Ninguna de las respuestas anteriores es correcta.,Tacrólimus con o sin corticoides,c007f2fa5e6569055b8606b6d320ca4826ff01039970c6ea47364a3321da3be3,e92dbff6bef820aeda21d9af81f94ed1faef7a11b96cf0dba919828f226c8637,270,Qwen 3.6 35B,Gemini 3.6 Flash=c;GLM 5.2=c;Qwen 3.6 35B=d;Gemma 4 26B=c,4,c,1,1,c,1,1,d,0,1,c,1,1
261,151,296,1,3,0.25000000,UNSELECTED_BOUNDARY_TIE,True,openrouter_B-hard200-v1|,c5beae9855ecc8bf5fb1482fb016bb45750196d424b7c14349fd306a0e831887,90,b137,illes-balears|2022|caso-6|140,retained318,,,,Illes Balears,2022,aparato-digestivo,caso-6,137,False,b,Ninguna de las respuestas anteriores es correcta.,"Paciente de 62 años con los antecedentes siguientes:

No alergias.

Exfumador: tabaquismo activo desde la juventud hasta los 58 años.

Tosedor habitual.

Consumo diario de alcohol desde hace más de diez años. Consume dos cañas de cerveza, cuatro vasos de vino y dos carajillos al día. El fin de semana toma alguna cerveza más en fiestas y celebraciones y uno o dos gin-tonics.

Dice que no toma drogas.

Dice que no tiene antecedentes patológicos relevantes. No hace controles con su médico de cabecera. Nunca va al médico.
Enfermedad actual: consulta por distensión abdominal molesta, un aumento del perímetro abdominal progresivo de dos semanas de evolución y piernas hinchadas.

Exploración física: bien coloreado, subictericia conjuntival dudosa, arañas vasculares y telangiectasias en el tronco, eritema palmar e hipertrofia parotídea.

Cardiocirculatorio: pulsos rítmicos 90 lpm, soplo sistólico plurifocal, no ingurgitación yugular, edemas maleolares moderados.

Respiración: espiración un poco alargada, algún roncus diseminado.
Abdomen: muy distendido; indoloro a la presión o a la descompresión; sin defensa; matidez en flancos; la matidez cambia con los cambios posturales; signo de la ola; hepatomegalia de tres traveses, lisa e indolora; esplenomegalia dudosa, difícil de delimitar; pequeña protrusión umbilical; no reflujo hepatoyugular.

Radiografía del tórax: elevación de ambos hemidiafragmas.

Radiografía del abdomen: aumento difuso de la densidad, se aprecia perfil hepático y esplénico.

Electrocardiograma normal.

Analítica:
Leucocitos: 3.100/mm³ (3.000-10.000); Hto: 39 % (40-46); Hb: 12,1 g/dl (12-15); VCM: 105 fl (80-100); plaquetas: 105.000/mm³ (150.000-400.000); Quick: 59 % (> 70 %); INR: 1.4 (N 0.8-1.2); creatinina: 1.0 mg/dl; urea: 40 mg/dl; Na: 136 mEq/L; K: 4 mEq/L; urato: 7.9 (< 7); bilirrubina total: 1.9 mg/dl (< 1.3) GOT (ASAT): 105 UI/ml (< 40); GPT (ALAT): 50 UI/ml (< 40); GGT: 480 UI/ml (< 45); FA: 125 UI/ml (< 135); albúmina: 3,2 g/dl (> 3,5).

El resto de la analítica básica es normal.
Ecografía abdominal: líquido libre muy abundante, hígado de ecogenicidad aumentada difusamente, heterogéneo, difícil de ver por la ascitis. Forma hepática

irregular un poco abollonada, macronodular. Vena porta permeable, dilatada. Venas suprahepáticas permeables, no dilatadas. Vía biliar intrahepática y extrahepática normal. Vesícula con litiasis múltiple, no distendida y no edematosa. Bazo ligeramente aumentado de tamaño (15 cm de longitud máxima). El resto no tiene alteraciones. Páncreas no visto por interposición de aire.

Se hace una paracentesis (diagnóstica y evacuadora), y se obtienen 6.000 ml de ascitis.

Análisis del líquido ascítico:
- Glucosa: 120 mg/dl.
- Proteínas: 1,0 g/dl.
- Albúmina: 0,8 g/dl.
- LDH: 40 ui/ml.
- Hematíes: 100 /mm³.
- Leucocitos: 220 /mm³.

Se hace una gastroscopia. El paciente tiene varices esofágicas grandes con puntos rojos y gastropatía por HT portal leve-moderada.

A los cinco días del ingreso se le da el alta de hospitalización.

A los diez días del alta el paciente acude a urgencias con malestar general, inapetencia, febrícula (37,6 °C), molestias abdominales difusas, nuevamente distensión abdominal y aumento de peso (hay una reacumulación evidente de ascitis a la exploración física), pese a cumplir bien el tratamiento con dieta sin sal y con diuréticos. Dice que no bebe alcohol.

Se hace una nueva paracentesis (diagnóstica y evacuadora).
Se evacúan 2 L de ascitis.
Análisis del líquido ascítico:
- Glucosa: 110 mg/dl
- Proteínas: 1,1 g/dl
- Albúmina: 0,9 g/dl
- LDH: 60 ui/ml
- Hematíes: 200 /mm3
- Leucocitos: 500 /mm3 (LPN: 90 %)

¿Cómo se interpreta este resultado?",Tiene ascitis transudativa no complicada.,Ninguna de las respuestas anteriores es correcta.,Tiene peritonitis bacteriana secundaria.,Tiene bacterioascitis.,8a34eb340918d61346f8b027ddf5cb55db3a6e162e312c6822fbd1237b10b9b5,c3bdeb166e9dccb3a38c7dd64dfb098cb6f74ed8275c0a3eb46ca73849a82d1a,3817,Gemma 4 26B,Gemini 3.6 Flash=b;GLM 5.2=b;Qwen 3.6 35B=b;Gemma 4 26B=d,3,b,1,1,b,1,1,b,1,0,d,0,1
262,151,296,1,3,0.25000000,UNSELECTED_BOUNDARY_TIE,True,openrouter_B-hard200-v1|,c777cae9cba1895a0ea3780b2deaf68a89252910ea635c8039cdc49b3bbc5d36,292,b459,galicia|2022|reserva-especifica|102,retained318,,,,Galicia,2022,aparato-digestivo,reserva-especifica,459,True,d,Ninguna de las respuestas anteriores es correcta.,Señale la respuesta FALSA en relación al seguimiento de colangitis esclerosante primaria:,En pacientes sin enfermedad inflamatoria conocida debe realizarse ileocolonoscopia tras el diagnóstico de CEP.,Se recomienda colangiografía por RM anual para despistaje de neoplasia biliar.,La CPRE con toma de biopsias y cepillado está indicada ante estenosis dominantes progresivas o de nueva aparición.,Ninguna de las respuestas anteriores es correcta.,2c5aa6224d974412c80696b571b4bfba0706756984d18d5c736df4d0075271b3,02217c7b4ee56ff3b160936be0659ba93f352e763e311db4788bda4546e78b29,440,GLM 5.2,Gemini 3.6 Flash=d;GLM 5.2=b;Qwen 3.6 35B=d;Gemma 4 26B=d,3,d,1,1,b,0,1,d,1,1,d,1,0
263,151,296,1,3,0.25000000,UNSELECTED_BOUNDARY_TIE,True,openrouter_B-hard200-v1|,c782df2c3e130e180a3c573998719d280a122269b39ee3d6c2d937fad4b1df35,410,n092,castilla-y-leon|2019|main|102,new182,,,,Castilla y León,2019,aparato-digestivo,main,102,False,c,Ninguna de las respuestas anteriores es correcta.,"En una mujer de 65 años, sin antecedentes de patología pancreática previa, se diagnóstica de modo incidental tras la realización de un TAC abdominal una formación quística de 5 cm en cola de páncreas. Se realiza punción de la lesión mediante ecoendoscopia encontrando una viscosidad, niveles de amilasa y CEA todos ellos bajos. Ante cuál de las siguientes lesiones nos encontraremos con más probabilidad:",Neoplasia quística mucinosa.,Pseudoquiste pancreático.,Ninguna de las respuestas anteriores es correcta.,Neoplasia mucinosa papilar intraductal.,11d86c528afe8fe13db047703c52e98f52bec677e73e6bb012c92152f6f35113,ccf35038c1754136386e671b723994898a00ae40f05c9e5282aca620a261a71c,545,Gemma 4 26B,Gemini 3.6 Flash=c;GLM 5.2=c;Qwen 3.6 35B=c;Gemma 4 26B=a,4,c,1,1,c,1,1,c,1,1,a,0,1
264,151,296,1,3,0.25000000,UNSELECTED_BOUNDARY_TIE,True,openrouter_B-hard200-v1|,c93fc83d9eb111fa47405befd8f209120fceeab5f66f01d4061dd038f7c0f60a,92,r008,la-rioja|2024|main|95,replacement22_2026-08-04,r008,b142,c2644,La Rioja,2024,aparato-digestivo,main,95,False,c,Ninguna de las respuestas anteriores es correcta.,Un paciente con disfagia progresiva sufre pérdida de peso. La endoscopia revela una lesión ulcerada estenosante en el tercio medio esofágico. ¿Cuál de los siguientes hallazgos histológicos sería más característico del diagnóstico más probable?:,Glándulas atípicas infiltrativas con invasión progresiva de la pared.,Glándulas gástricas ectópicas con metaplasia intestinal.,Ninguna de las respuestas anteriores es correcta.,Proliferación linfoide con patrón en cielo estrellado.,53fb04f87c7274a0054fb0e2aca094fe1a1966008ca36539591db0b5c18f3b23,a6ca526d33ffef637ab939486e819349bb786f2f83bc80fa389b38912bd1fd6b,472,Gemma 4 26B,Gemini 3.6 Flash=c;GLM 5.2=c;Qwen 3.6 35B=c;Gemma 4 26B=a,4,c,1,1,c,1,1,c,1,1,a,0,1
265,151,296,1,3,0.25000000,UNSELECTED_BOUNDARY_TIE,True,openrouter_B-hard200-v1|,cb6f79b9edae0cf52bd888d2e356550caacaf21f7daa4889caf5dccd7cba3607,74,b111,illes-balears|2022|caso-5|114,retained318,,,,Illes Balears,2022,aparato-digestivo,caso-5,111,False,d,Ninguna de las respuestas anteriores es correcta.,"Varón de 32 años sin hábitos tóxicos ni alergias medicamentosas conocidas y sin antecedentes familiares de interés.

Como único antecedente patológico destaca una rectosigmoiditis ulcerosa diagnosticada dos años antes tras una historia de diarrea sanguinolenta intermitente y un tenesmo discreto. En ese momento se hizo una colonoscopia completa con biopsia que mostró una afectación del recto sigma hasta unos 15 cm del margen anal en forma de mucosa eritematosa friable con sangrado con el roce mínimo de predominante en el recto distal. Se descartaron procesos infecciosos intestinales. Las únicas
alteraciones analíticas reseñables en el momento del diagnóstico fueron que era positivo de P-ANCA y tenía una calprotectina fecal de 450 μg/g. Se pautó un tratamiento con enemas de mesalazina.

El paciente permaneció asintomático desde el diagnóstico siguiendo controles en consultas y con cumplimiento terapéutico. Contactó con su servicio de digestivo de referencia por presentar, en las dos semanas previas, un aumento del número de deposiciones con entre cuatro y seis deposiciones al día deshechas con resto hemático fresco en la mayoría de ellas, con imperiosidad, sin respetar descanso nocturno y con dolor abdominal previo a la deposición. No había afectación del estado general. El mes previo al inicio de la sintomatología digestiva inició una lumbalgia intermitente, en ocasiones
intensa, y se automedicó con ibuprofeno en comprimidos de 600 mg de forma puntual.

La exploración física fue normal y se solicitó una analítica completa en la cual destacaba HB: 12,5 gr/dl, VSG y PCR normales, calprotectina: 675 μg/g, FA: 270 UI/L, GGT: 65 UI/L, Bil. total: GOT y GPT normales, ferropenia discreta, resto de parámetros nutricionales normales.

En el caso presentado se hizo una colonoscopia completa que mostró una progresión a pancolitis ulcerosa, se asumió el diagnóstico de brote moderado severo y se controló de manera ambulatoria.

El paciente recibió un tratamiento con adalimumab para conseguir la remisión y se pautó como tratamiento de mantenimiento. Se le asoció, inicialmente, azatioprina que fue retirada por un episodio de pancreatitis leve.

Se descartó la CEP y se mantuvo en remisión clínica y biológica en los siguientes ocho meses en monoterapia con adalimumab a dosis habituales de 40 mg cada dos semanas. A partir de esa fecha, de forma progresiva, refiere un aumento del número de deposiciones pasando de una a cinco o seis, con sangrado con las heces en la mayoría de las deposiciones, cierto tenesmo y dolor cólico previo a la deposición. Refirió una afectación de su calidad de vida, pero no de su estado general. Se hizo un estudio de heces con coprocultivos negativos, Clostridium negativo y calprotectina de 540 μg/g. La
analítica de sangre, el hemograma, el VSG, la PCR y los parámetros nutricionales fueron normales. Se decidió hacer una rectosigmoidoscopia que evidenció mucosa con eritema intenso friable con alguna erosión aislada desde el recto que afectaba de forma difusa toda la mucosa valorada. Se tomaron muestras para biopsia para conocer el grado de actividad histológico y la presencia de citomegalovirus (CMV).

Señale la afirmación verdadera en referencia a la reactivación de la CU en este paciente:",Probablemente sea una colitis por reactivación del CMV.,"El tratamiento con anti-TNF ha perdido eficacia, situación que se da en el 90 % de los casos en el primer año de tratamiento si no se asocia a tiopurinas.",La pérdida de eficacia de la combinación con anti-TNF más tiopurinas antes del año de inicio del tratamiento se da en menos del 1 % de los casos.,Ninguna de las respuestas anteriores es correcta.,3e10471f51d168c5a6baff6ba8d4f575633ce97f19031ec4343cb9883a068fb6,52473c972b83303922cdcc08b5b294ad53fe33501361eaa4caffc28fa56ae391,3657,Gemma 4 26B,Gemini 3.6 Flash=d;GLM 5.2=d;Qwen 3.6 35B=d;Gemma 4 26B=c,4,d,1,1,d,1,1,d,1,1,c,0,1
266,151,296,1,3,0.25000000,UNSELECTED_BOUNDARY_TIE,True,openrouter_B-hard200-v1|,cd7870f4339ec9078f3ac7fd5c649f7896f864412fccd49c43c292b6789bd069,272,b422,la-rioja|2021|main|84,retained318,,,,La Rioja,2021,aparato-digestivo,main,422,False,c,Ninguna de las respuestas anteriores es correcta.,¿Cuál no pertenece a la clasificación TIGAR-O de la etiología de la pancreatitis crónica?,Idiopática.,Autoinmune.,Ninguna de las respuestas anteriores es correcta.,Insuficiencia renal crónica.,8a97878bb3d5a732197402b1144e90bc137e9874f079423ee9b2b5a17962c76f,a7b77407abb4e376f645a95a3adfee2d7ec2755d3e5260ea5559e5740f30ed90,188,Gemma 4 26B,Gemini 3.6 Flash=c;GLM 5.2=c;Qwen 3.6 35B=c;Gemma 4 26B=d,3,c,1,1,c,1,1,c,1,1,d,0,0
267,151,296,1,3,0.25000000,UNSELECTED_BOUNDARY_TIE,True,openrouter_B-hard200-v1|,ce63505342fd71fe958b562e86d8068383b15b5e9605ac43a3359f344229754e,220,b334,galicia|2016|reserva-especifica|105,retained318,,,,Galicia,2016,aparato-digestivo,reserva-especifica,334,False,d,Ninguna de las respuestas anteriores es correcta.,Indique cuál de las siguientes es la causa más frecuente de hematoquecia significativa:,Colitis.,Hemorroides.,Cáncer y pólipos de colon.,Ninguna de las respuestas anteriores es correcta.,f03fb30efe2fa5771086931e861ccc587f80b4085a4d32898a87bb26ff914ce6,4b44b5608a2e66b0b8089b0c610416f444176dc30c4ba1017a8174efa1ce17cd,182,Gemma 4 26B,Gemini 3.6 Flash=d;GLM 5.2=d;Qwen 3.6 35B=d;Gemma 4 26B=c,4,d,1,1,d,1,1,d,1,1,c,0,1
268,151,296,1,3,0.25000000,UNSELECTED_BOUNDARY_TIE,True,openrouter_B-hard200-v1|,d380713af23c1fdd67dc746c25b5e1bb4ffb1f394aca5bb8f1119905d3d725ab,367,n049,castilla-la-mancha|2022|main|90,new182,,,,Castilla-La Mancha,2022,aparato-digestivo,main,90,False,b,Ninguna de las respuestas anteriores es correcta.,¿Cuál de estos parámetros está incluido en el cálculo de la función discriminante de Maddrey para la valoración de la gravedad de la hepatitis alcohólica?,AST,Ninguna de las respuestas anteriores es correcta.,GGT,Creatinina,7cf84289489a12a80ed97aca7256de87f0b0fb646fefe60726e7c3210a2eedfa,1a8476162fbaa0f96a37e1ff37a3c979fb912d0e07135ee8f9515c3c12750a1d,219,Gemma 4 26B,Gemini 3.6 Flash=b;GLM 5.2=b;Qwen 3.6 35B=b;Gemma 4 26B=d,4,b,1,1,b,1,1,b,1,1,d,0,1
269,151,296,1,3,0.25000000,UNSELECTED_BOUNDARY_TIE,True,openrouter_B-hard200-v1|,d74b584a68501d20928a9089639d24786c8ba487ee2806f3d024411a17ee2b14,72,b107,illes-balears|2022|caso-5|110,retained318,,,,Illes Balears,2022,aparato-digestivo,caso-5,107,True,c,Ninguna de las respuestas anteriores es correcta.,"Varón de 32 años sin hábitos tóxicos ni alergias medicamentosas conocidas y sin antecedentes familiares de interés.

Como único antecedente patológico destaca una rectosigmoiditis ulcerosa diagnosticada dos años antes tras una historia de diarrea sanguinolenta intermitente y un tenesmo discreto. En ese momento se hizo una colonoscopia completa con biopsia que mostró una afectación del recto sigma hasta unos 15 cm del margen anal en forma de mucosa eritematosa friable con sangrado con el roce mínimo de predominante en el recto distal. Se descartaron procesos infecciosos intestinales. Las únicas
alteraciones analíticas reseñables en el momento del diagnóstico fueron que era positivo de P-ANCA y tenía una calprotectina fecal de 450 μg/g. Se pautó un tratamiento con enemas de mesalazina.

El paciente permaneció asintomático desde el diagnóstico siguiendo controles en consultas y con cumplimiento terapéutico. Contactó con su servicio de digestivo de referencia por presentar, en las dos semanas previas, un aumento del número de deposiciones con entre cuatro y seis deposiciones al día deshechas con resto hemático fresco en la mayoría de ellas, con imperiosidad, sin respetar descanso nocturno y con dolor abdominal previo a la deposición. No había afectación del estado general. El mes previo al inicio de la sintomatología digestiva inició una lumbalgia intermitente, en ocasiones
intensa, y se automedicó con ibuprofeno en comprimidos de 600 mg de forma puntual.

La exploración física fue normal y se solicitó una analítica completa en la cual destacaba HB: 12,5 gr/dl, VSG y PCR normales, calprotectina: 675 μg/g, FA: 270 UI/L, GGT: 65 UI/L, Bil. total: GOT y GPT normales, ferropenia discreta, resto de parámetros nutricionales normales.

En el caso presentado se hizo una colonoscopia completa que mostró una progresión a pancolitis ulcerosa, se asumió el diagnóstico de brote moderado severo y se controló de manera ambulatoria.

El paciente recibió un tratamiento con adalimumab para conseguir la remisión y se pautó como tratamiento de mantenimiento. Se le asoció, inicialmente, azatioprina que fue retirada por un episodio de pancreatitis leve.

Señale la afirmación falsa:",La localización y la extensión de la CU asociada a la CEP es distinta a la de la CU sin CEP.,Se recomienda a los pacientes diagnosticados de CEP hacer una colonoileoscopia con toma de muestra para biopsia a pesar de la ausencia de lesiones macroscópicas dado que entre el 50 % y el 80 % están afectos también de dicha enfermedad inflamatoria intestinal.,Ninguna de las respuestas anteriores es correcta.,El riesgo de cáncer de colon aumenta de forma significativa en la CU asociada a CEP.,28bd500714e41106736a30a7ce64785d6ea3847d289ef7e236ee0e60bf8ceba1,a2e4d2b0d3e1a91202b768936ec52415f841f91a7ca3d3a3fb2a5e28e1c9480b,2679,Qwen 3.6 35B,Gemini 3.6 Flash=c;GLM 5.2=c;Qwen 3.6 35B=a;Gemma 4 26B=c,3,c,1,1,c,1,1,a,0,1,c,1,0
270,151,296,1,3,0.25000000,UNSELECTED_BOUNDARY_TIE,True,openrouter_B-hard200-v1|,d8a716ef3b30e3766f5802c31cec63981b0d8e0074ec48acfef28e7f1f5ec826,144,b217,andalucia|2022|cuestionario-practico|115,retained318,,,,Andalucía,2022,aparato-digestivo,cuestionario-practico,217,False,d,Ninguna de las respuestas anteriores es correcta.,"Un varón de 39 años de edad, con enfermedad de Crohn, acude a su consulta para una revisión periódica. El paciente, con enfermedad ileocólica, está bien controlado con Infliximab, actualmente sin dolor abdominal y con dos deposiciones pastosas al día. A la exploración física el paciente está consciente, orientado, con abdomen blando y depresible, no doloroso a la palpación. La exploración anal demuestra la presencia de un orificio fístuloso perianal. Una rectoscopia observó mucosa rectal normal y un orificio fistuloso interno. Una resonancia magnética observa una fístula perianal simple, sin
abscesos.

Indique cuál es el tratamiento adecuado en este caso.",Debemos iniciar tratamiento antibiótico con ciprofloxacino o metronidazol.,"Además del antibiótico se debe intensificar el infliximab, o pasar adalimumab para controlar la enfermedad rectal.",Debemos solicitar una ecografía endoanal previa a cualquier opción terapéutica.,Ninguna de las respuestas anteriores es correcta.,c344c950a7baa64e2412f3282fa58ed6220514e7ffc58ccd9a29d7b615ebcaf1,27b51905350c800b73d90e1eaeaa8da5c2d9938f52eb730ef99da6834215d6b2,979,GLM 5.2,Gemini 3.6 Flash=d;GLM 5.2=a;Qwen 3.6 35B=d;Gemma 4 26B=d,4,d,1,1,a,0,1,d,1,1,d,1,1
271,151,296,1,3,0.25000000,UNSELECTED_BOUNDARY_TIE,True,openrouter_B-hard200-v1|,da7c4f730a3bf19fd4346358b1790a74f0f7b0b51e3e84dbdcfef91c811caed8,408,n090,comunitat-valenciana|2022|main|16,new182,,,,Comunitat Valenciana,2022,aparato-digestivo,main,16,False,c,Ninguna de las respuestas anteriores es correcta.,"Según las recomendaciones de la European Society of Gastrointestinal Endoscopy (ESGE) (2021), ¿cuál es el umbral de Hemoglobina recomendado a la hora de realizar una transfusión de glóbulos rojos en pacientes hemodinámicamente estables con hemorragia digestiva baja aguda y sin antecedentes de enfermedad cardiovascular?",< ó = 8 g/dl,< ó = 6 g/dl,Ninguna de las respuestas anteriores es correcta.,< ó = 7.5 g/dl,05bd149f43f3cc636c000abf5ff0161641f1091f5f7eebe22aaf010a691f68f7,ceccbc65743f7e048f8520fc57eda62369440c62607a7fc8ebcd8a73c3e8a53a,407,Gemma 4 26B,Gemini 3.6 Flash=c;GLM 5.2=c;Qwen 3.6 35B=c;Gemma 4 26B=d,4,c,1,1,c,1,1,c,1,1,d,0,1
272,151,296,1,3,0.25000000,UNSELECTED_BOUNDARY_TIE,True,openrouter_B-hard200-v1|,dac1ce93c75131a6df187dd08c7972f40646adb01f80482b79437bab8e5d46f9,129,b194,comunitat-valenciana|2022|main-47-80|56,retained318,,,,Comunitat Valenciana,2022,aparato-digestivo,main-47-80,194,False,c,Ninguna de las respuestas anteriores es correcta.,"Paciente con hepatitis crónica B con ALT 35 UI, DNA-VHB 9800 UI y Fibroscan 9,5 Kpa debe tratarse con:",Interferon pegilado indefinido.,Glecaprevir.,Ninguna de las respuestas anteriores es correcta.,No tiene indicación de tratamiento.,f5bdb54a4b1334d4a89f0c7dee9f40d5ac86a56a01b4c2ee5b34b260f01ba1fc,23614fd11f65411fc33cf9d5425cd8dbd15964055c00007346e85226200e82db,229,Gemma 4 26B,Gemini 3.6 Flash=c;GLM 5.2=c;Qwen 3.6 35B=c;Gemma 4 26B=d,3,c,1,1,c,1,1,c,1,1,d,0,0
273,151,296,1,3,0.25000000,UNSELECTED_BOUNDARY_TIE,True,openrouter_B-hard200-v1|,de0b0fdf380c98c10e9ad72856761a99003fe23de1235cc91db85a8cde2a490e,458,n140,castilla-la-mancha|2022|main|33,new182,,,,Castilla-La Mancha,2022,aparato-digestivo,main,33,False,c,Ninguna de las respuestas anteriores es correcta.,"Varón de 65 años que consulta en el Servicio de Urgencias por dolor abdominal y rectorragia. Al realizarle la anamnesis refiere no tener antecedentes digestivos previos de interés y nos explica con detalle que tras una semana de estreñimiento pertinaz coincidiendo con un viaje de negocios e importantes esfuerzos defecatorios, comienza con diarrea y a las pocas horas con intenso dolor abdominal y rectorragia. ¿Cuál de las siguientes patologías es la más probable que tenga este paciente como causa de su clínica?",Cáncer de colon.,Diverticulosis de colon izquierdo.,Ninguna de las respuestas anteriores es correcta.,Colitis pseudomembranosa.,320386ec2fa836a14f98c9dddb7268c09ebf4558ca01c05b9d3a0e2649f9a0f1,9fcd0a1c56c2cb387f94419f1fd3339b0253070c8a393e066e7dae193e2f2620,639,Gemma 4 26B,Gemini 3.6 Flash=c;GLM 5.2=c;Qwen 3.6 35B=c;Gemma 4 26B=b,4,c,1,1,c,1,1,c,1,1,b,0,1
274,151,296,1,3,0.25000000,UNSELECTED_BOUNDARY_TIE,True,openrouter_B-hard200-v1|,de83bb3400d1690e3ee3fce5bbf388d9f78790be00e5ce3ea5775553c5c59a16,256,b388,castilla-y-leon|2019|reserva-especifica|157,retained318,,,,Castilla y León,2019,aparato-digestivo,reserva-especifica,388,True,d,Ninguna de las respuestas anteriores es correcta.,Acerca de la enfermedad de injerto contra huésped intestinal ¿Qué es falso?,Puede cursar con ictericia,Puede cursar con diarrea,Las biopsias intestinales pueden confirmar el diagnóstico,Ninguna de las respuestas anteriores es correcta.,d76577fa74b2aecf78755d861f2b133d8bc5519fe571975589bcc8945fb73e62,28de7fd9418a37674db798b4671036a0bdb471ec98df4f9d190112d46ebc3a36,231,Gemini 3.6 Flash,Gemini 3.6 Flash=a;GLM 5.2=d;Qwen 3.6 35B=d;Gemma 4 26B=d,4,a,0,1,d,1,1,d,1,1,d,1,1
275,151,296,1,3,0.25000000,UNSELECTED_BOUNDARY_TIE,True,openrouter_B-hard200-v1|,df1bf80b9f88b48c750095017c71dbca858fabae271acc80f4a22a2f72270f7f,358,n040,galicia|2022|main|3,new182,,,,Galicia,2022,aparato-digestivo,main,3,False,c,Ninguna de las respuestas anteriores es correcta.,"Según la guía de la Sociedad Europea de Endoscopia Digestiva (ESGE) de 2019, ¿qué es CORRECTO respecto a los pacientes con coledocolitiasis?:",Si están asintomáticos no se recomienda la extracción.,No es necesario realizar esfinterotomía o dilatación de la papila para su extracción.,Ninguna de las respuestas anteriores es correcta.,En la extracción de litiasis de gran tamaño la combinación de esfinterotomía y esfinteroplastia no disminuye la necesidad de litotricia.,65ecc3bed0b674704a7ba98767c5a73ec0e36cef4d601f84f349bfb9d405e853,10e101928e9ba22a6cc07eda40d5feeafbdfabe8f039c6e29bb16fd580bd2df9,465,Gemma 4 26B,Gemini 3.6 Flash=c;GLM 5.2=c;Qwen 3.6 35B=c;Gemma 4 26B=a,2,c,1,1,c,1,1,c,1,0,a,0,0
276,151,296,1,3,0.25000000,UNSELECTED_BOUNDARY_TIE,True,openrouter_B-hard200-v1|,e045ee643ed4efd21bc490be0fc8785e73bc63fa6f313596da06ba3ef5f09202,440,n122,galicia|2016|main|29,new182,,,,Galicia,2016,aparato-digestivo,main,29,False,c,Ninguna de las respuestas anteriores es correcta.,"En un paciente que padece un adenocarcinoma de páncreas de 25 mm de diámetro y limitado a la cabeza pancreática, con ganglios regionales positivos y sin metástasis a distancia, el estadio es:",Estadio IB.,Estadio IIA.,Ninguna de las respuestas anteriores es correcta.,Estadio III.,267b5048f0f513aaf867886ff6bf98082a022b8d6862e7362c72dba3afd57b83,67f27b5175722b53c61c79b2a38d6e9df9e962a270398007676ee51042a079b3,275,Gemma 4 26B,Gemini 3.6 Flash=c;GLM 5.2=c;Qwen 3.6 35B=c;Gemma 4 26B=d,4,c,1,1,c,1,1,c,1,1,d,0,1
277,151,296,1,3,0.25000000,UNSELECTED_BOUNDARY_TIE,True,openrouter_B-hard200-v1|,e761ae92d33adfd15bb9c89ddd2af0fb9b0595f3603052a247c90761891853ac,234,b358,castilla-y-leon|2019|reserva-especifica|153,retained318,,,,Castilla y León,2019,aparato-digestivo,reserva-especifica,358,False,b,Ninguna de las respuestas anteriores es correcta.,"Ante un paciente con disfagia bucofaríngea, ¿qué estudio se aconseja realizar en primer lugar?:",Pruebas de motilidad esofágica.,Ninguna de las respuestas anteriores es correcta.,Endoscopia Digestiva Alta.,Radiografía de cuello y tórax.,3c76547fcf2f20f1372c9acc9f0ebd465efc55ac51fe0e8630ff6b072e64afc8,2a23bfdaff4e1333bf52d771d1bb316d691f1e27f3937b884fc1cfac292eddff,231,Gemma 4 26B,Gemini 3.6 Flash=b;GLM 5.2=b;Qwen 3.6 35B=b;Gemma 4 26B=d,4,b,1,1,b,1,1,b,1,1,d,0,1
278,151,296,1,3,0.25000000,UNSELECTED_BOUNDARY_TIE,True,openrouter_B-hard200-v1|,e7c9c56f1b15595766d39a57a2bd8dbf0c976cd7d5232841584c4b7fd126f2f9,418,n100,navarra|2022|teorico-practica|80,new182,,,,Navarra,2022,aparato-digestivo,teorico-practica,80,False,c,Ninguna de las respuestas anteriores es correcta.,La triada de Rigler aparece en:,Vólvulo de ciego,Vólvulo gástrico,Ninguna de las respuestas anteriores es correcta.,Coledococele,26cb204b5167ab4b4ef41e203799b2ff34d9b25c073abc110826766e929485ff,84c617023c9cf11fc266f317959604c50b3cf9ebb5aeeb2e8c9be2d7fabd4c6b,124,Gemma 4 26B,Gemini 3.6 Flash=c;GLM 5.2=c;Qwen 3.6 35B=c;Gemma 4 26B=a,4,c,1,1,c,1,1,c,1,1,a,0,1
279,151,296,1,3,0.25000000,UNSELECTED_BOUNDARY_TIE,True,openrouter_B-hard200-v1|,e848afebcf52943d6fbc93438bee38a7b664b891181d4c6386ea703e9e6ca7d0,202,b310,castilla-la-mancha|2017|main|62,retained318,,,,Castilla-La Mancha,2017,aparato-digestivo,main,310,True,d,Ninguna de las respuestas anteriores es correcta.,Es falso respecto al diagnóstico citohistológico de confirmación en cáncer de páncreas,No se requiere confirmación diagnóstica en tumoración pancreática sospechosa resecable,"Se debe realizar en paciente con masa pancreática resecable con sospecha de otra enfermedad, tumor borderline previo a neoadyuvancia y en tumor irresecable en el que se plante tratamiento activo",La ultrasonografía endoscópica con punción de la lesión es la técnica de elección para obtención de tejido pancreático siendo la biopsia percutánea de preferencia en paciente con metástasis hepáticas,Ninguna de las respuestas anteriores es correcta.,224601a0174b698472be5f8fe67a03ae4c340d8386da969b09a4f608d39d9c0d,e658ed0c44c3115e3a0852c1efcf19d52172f0af18bb36f0e848edf18f475c0d,614,Gemma 4 26B,Gemini 3.6 Flash=d;GLM 5.2=d;Qwen 3.6 35B=d;Gemma 4 26B=c,4,d,1,1,d,1,1,d,1,1,c,0,1
280,151,296,1,3,0.25000000,UNSELECTED_BOUNDARY_TIE,True,openrouter_B-hard200-v1|,e867aa5598e082f9a28842daf847a00b8edcc70e98798cee8b84d111147b1831,323,n005,andalucia|2021|cuestionario-practico|138,new182,,,,Andalucía,2021,aparato-digestivo,cuestionario-practico,138,False,b,Ninguna de las respuestas anteriores es correcta.,"Dicha lesión, en la prueba de imagen realizada, presenta una pared bien definida, sin componente sólido, sin comunicación con los conductos pancreáticos, y con una configuración de múltiples tabiques, que le dan el aspecto de un panal de abeja con una cicatriz central. Según estos hallazgos, ¿Cuál es su principal sospecha diagnóstica? :",Un quiste simple verdadero,Ninguna de las respuestas anteriores es correcta.,Un tumor mucinoso papilar intraductal.,Un cistoadenoma mucinoso,99be509d3d1f5c61abe73e1eaef9da3b5305342429034499c964822a7dd164e5,c5a9e00e67471f817cb611c3eb6e5a7024a53b8c5ff92189759fecc917429960,475,Gemma 4 26B,Gemini 3.6 Flash=b;GLM 5.2=b;Qwen 3.6 35B=b;Gemma 4 26B=d,4,b,1,1,b,1,1,b,1,1,d,0,1
281,151,296,1,3,0.25000000,UNSELECTED_BOUNDARY_TIE,True,openrouter_B-hard200-v1|,e928cc273d7bb593c40c7e8987b92c73678196ed5255ea4acb1e961557c34d96,394,n076,comunidad-de-madrid|2021|main|41,new182,,,,Comunidad de Madrid,2021,aparato-digestivo,main,41,False,b,Ninguna de las respuestas anteriores es correcta.,"Para pacientes con un adenoma de ≥10 mm o con displasia de alto grado, la Sociedad Europea de Endoscopia Gastrointestinal (ESGE) recomienda una colonoscopia de vigilancia después de:",1 año,Ninguna de las respuestas anteriores es correcta.,5 años,10 años,3d8243ddc3dfe6db19717f5ea3bdb79fa28207436c38ae35bd44e82f1b696d71,237995f3e6ad0f9d164f2790907adf46f58a43edd39612c5b6bb1e10ff4f9c2d,249,Gemma 4 26B,Gemini 3.6 Flash=b;GLM 5.2=b;Qwen 3.6 35B=b;Gemma 4 26B=a,4,b,1,1,b,1,1,b,1,1,a,0,1
282,151,296,1,3,0.25000000,UNSELECTED_BOUNDARY_TIE,True,openrouter_B-hard200-v1|,eb2066f696fddc02fe25db371a5f8636036c924b9b52ccf87cde1ab2140922f3,412,n094,andalucia|2022|cuestionario-practico|147,new182,,,,Andalucía,2022,aparato-digestivo,cuestionario-practico,147,False,b,Ninguna de las respuestas anteriores es correcta.,¿Cuál de los siguientes diagnósticos es más probable?,Adenocarcinoma de la unión esofago-gástrica.,Ninguna de las respuestas anteriores es correcta.,Úlcera péptica gástrica.,Colitis colágena.,6e82459a030b66f16be282f6030b65d90eb979d4ea0c62ff7aad1a4517ee319f,d3903e0e0788740602441985afb495155f4f4a8bc378319d67b397f76331c7f5,187,Gemini 3.6 Flash,Gemini 3.6 Flash=a;GLM 5.2=b;Qwen 3.6 35B=b;Gemma 4 26B=b,3,a,0,1,b,1,1,b,1,1,b,1,0
283,151,296,1,3,0.25000000,UNSELECTED_BOUNDARY_TIE,True,openrouter_B-hard200-v1|,ec5e85181dd16d1313d729c22767cb8810e417af0acccde094c36b1dea853af6,186,b283,navarra|2022|teorico-practica|79,retained318,,,,Navarra,2022,aparato-digestivo,teorico-practica,283,True,c,Ninguna de las respuestas anteriores es correcta.,Señale la respuesta INCORRECTA sobre la pancreatitis autoinmune:,La tasa de recaídas tras la suspensión del tratamiento con corticoides es significativamente mayo en la tipo I respecto a la tipo II,Clínicamente suele manifestarse en forma de ictericia obstructiva por masa pancreática,Ninguna de las respuestas anteriores es correcta.,La pancreatitis autoinmune tipo II se asocia con más frecuencia a la enfermedad inflamatoria intestinal,af6da7801a10d1998930b0e40968549d63e12dd7ea295902d6bf60007afa082d,f8cfd86069edf7543f34966217b7fbba2ea43920e2a348af8d8930643fef48c2,434,Gemma 4 26B,Gemini 3.6 Flash=c;GLM 5.2=c;Qwen 3.6 35B=c;Gemma 4 26B=a,3,c,1,1,c,1,1,c,1,1,a,0,0
284,151,296,1,3,0.25000000,UNSELECTED_BOUNDARY_TIE,True,openrouter_B-hard200-v1|,f0b924e2dc94d09052987a6af818a32375aff0947c59fd0341dc4c6572f8fdd0,315,b493,aragon|2020|reserva-especifica|110,retained318,,,,Aragón,2020,aparato-digestivo,reserva-especifica,493,False,c,Ninguna de las respuestas anteriores es correcta.,Indique una dosis oral diaria de mesalazina para iniciar el tratamiento de un brote moderado de Colitis Ulcerosa:,1 gramo.,2 gramos.,Ninguna de las respuestas anteriores es correcta.,12 gramos.,9972007ab263efdb3aa8b0f67ec2c8de5b8559095059440f46e6e0637c0ed21f,7d9161f5fc35c7a19a565539bc07494e091029008a32808d4b3464be4d2065d1,189,Qwen 3.6 35B,Gemini 3.6 Flash=c;GLM 5.2=c;Qwen 3.6 35B=b;Gemma 4 26B=c,4,c,1,1,c,1,1,b,0,1,c,1,1
285,151,296,1,3,0.25000000,UNSELECTED_BOUNDARY_TIE,True,openrouter_B-hard200-v1|,f16649c023e790174e1ed8c0354258c2d17dd5b79c115e664afbd56d0df30982,230,b353,galicia|2016|reserva-especifica|102,retained318,,,,Galicia,2016,aparato-digestivo,reserva-especifica,353,False,d,Ninguna de las respuestas anteriores es correcta.,"Paciente al que se extirpa un pólipo pediculado. El patólogo informa de la existencia de un adenocarcinoma bien diferenciado sobre un adenoma tubulovelloso que invade la submucosa y afecta al cuello del pólipo, no afectando al margen de resección el cual se encuentra a más de 2 milímetros. Señale la opción correcta:",Se trata de un adenocarcinoma no invasivo y el riesgo de diseminación es bajo.,Se trata de un nivel 3 de Haggitt y lo recomendado es vigilancia endoscópica.,El paciente no tiene ningún riesgo de metástasis en ganglios linfáticos regionales.,Ninguna de las respuestas anteriores es correcta.,9ceab6449efe542626e97efc798ef24a92648b11f094fbe9be9c3046201e18fd,aababff539b7f653c9593940203e657fcb84cc20a240fc87d98dd4aa4c5e72f9,604,GLM 5.2,Gemini 3.6 Flash=d;GLM 5.2=b;Qwen 3.6 35B=d;Gemma 4 26B=d,4,d,1,1,b,0,1,d,1,1,d,1,1
286,151,296,1,3,0.25000000,UNSELECTED_BOUNDARY_TIE,True,openrouter_B-hard200-v1|,f1e9512c364e8b14c3d779cb5177c11a4a22e895f81cb22792d22df4c3fe5e5f,290,b456,comunitat-valenciana|2022|main|14,retained318,,,,Comunitat Valenciana,2022,aparato-digestivo,main,456,False,b,Ninguna de las respuestas anteriores es correcta.,"En la Escala de Alvarado, (sistema de puntuación clínica usado en el diagnóstico de apendicitis aguda), indica a cuál de los siguientes factores se le asignan dos puntos:",Fiebre.,Ninguna de las respuestas anteriores es correcta.,Náuseas/vómitos.,Dolor migratorio a fosa ilíaca derecha.,4744465efa49e036a31da2a19397f66287cef95de98314e178fc4396a780eaed,864100a8d299f35f54494f6a5d7e30dea14683c38447b72f689d2f01bac0bbb5,281,Gemma 4 26B,Gemini 3.6 Flash=b;GLM 5.2=b;Qwen 3.6 35B=b;Gemma 4 26B=c,4,b,1,1,b,1,1,b,1,1,c,0,1
287,151,296,1,3,0.25000000,UNSELECTED_BOUNDARY_TIE,True,openrouter_B-hard200-v1|,f2adba06706ec3c783e7e3d191aa87ba0020504e184a9f69b84e47433a2378cf,254,b386,la-rioja|2024|main|78,retained318,,,,La Rioja,2024,aparato-digestivo,main,386,True,b,Ninguna de las respuestas anteriores es correcta.,"Las relajaciones transitorias del esfínter esofágico inferior son un mecanismo importante en la patogenia de la enfermedad por reflujo gastroesofágico, pueden distinguirse de la relajación inducida por la deglución de varias formas. Indica la respuesta FALSA:",Las relajaciones transitorias del esfínter esofágico inferior son prolongadas (más de 10 segundos).,Ninguna de las respuestas anteriores es correcta.,Las relajaciones transitorias del esfínter esofágico no tienen un peristaltismo esofágico sincronizado.,Las relajaciones transitorias del esfínter esofágico se asocian con la inhibición del diafragma crural.,5fdae4b99e05e291ec5288adece340540e6f348fcfbdb3ed499e96729904c647,ad7f3b2ef945f976dffd58d56645796f1dccec8640b8aa3668d0d2a6430086a6,613,Gemma 4 26B,Gemini 3.6 Flash=b;GLM 5.2=b;Qwen 3.6 35B=b;Gemma 4 26B=d,2,b,1,1,b,1,1,b,1,0,d,0,0
288,151,296,1,3,0.25000000,UNSELECTED_BOUNDARY_TIE,True,openrouter_B-hard200-v1|,f3739672de816bcf4c7812ca1ee87159dad742eb7bdff4d8f2d74043b42fd1e0,457,n139,castilla-y-leon|2019|main|40,new182,,,,Castilla y León,2019,aparato-digestivo,main,40,False,c,Ninguna de las respuestas anteriores es correcta.,"La presencia de áreas focales de necrosis en la endoscopia realizada a un paciente por ingestión de un cáustico, se corresponde según la Clasificación de Zargar con un grado:",Grado I.,Grado IIa.,Ninguna de las respuestas anteriores es correcta.,Grado IIIb.,d0e6a77ec0e1b76e88e71988241a4bbabbb68ddb0a9260e04ad5861cf21f546f,5ea20dd8924f0ff15da59db7815f00e44899dd83d360816e32a1884895ebdbdb,252,Gemma 4 26B,Gemini 3.6 Flash=c;GLM 5.2=c;Qwen 3.6 35B=c;Gemma 4 26B=d,4,c,1,1,c,1,1,c,1,1,d,0,1
289,151,296,1,3,0.25000000,UNSELECTED_BOUNDARY_TIE,True,openrouter_B-hard200-v1|,f49c898575043b161f8f0508f3c63d9dd1a0b848811916934ec9c25202289ec3,296,b467,aragon|2017|main|80,retained318,,,,Aragón,2017,aparato-digestivo,main,467,False,c,Ninguna de las respuestas anteriores es correcta.,¿Cuál de estas variables se incluye en el Sistema de puntuación de Rockall para la hemorragia digestiva alta?,Presión arterial diastólica.,Sexo.,Ninguna de las respuestas anteriores es correcta.,Hematocrito.,58f946bf57722d1330c418c679d762b99fb68ee0f0feaf6252297538ab0aa3c0,dd237754bfae7a52aaef97a5ed31c2784fd856d576645e8693c8ef7c337d8e53,203,Gemma 4 26B,Gemini 3.6 Flash=c;GLM 5.2=c;Qwen 3.6 35B=c;Gemma 4 26B=d,3,c,1,1,c,1,1,c,1,1,d,0,0
290,151,296,1,3,0.25000000,UNSELECTED_BOUNDARY_TIE,True,openrouter_B-hard200-v1|,f7220e4bf9a420f9e6a763cbd03a58e61a43d3dc37b1a611867dd89b35e3bc70,183,b279,la-rioja|2021|main|74,retained318,,,,La Rioja,2021,aparato-digestivo,main,279,True,d,Ninguna de las respuestas anteriores es correcta.,"Respecto a la posición del paciente para una CPRE, indique cuál respuesta es falsa:",La posición en decúbito prono puede dificultar la ventilación en pacientes obesos.,Colocar al paciente en decúbito lateral izquierdo puede facilitar atravesar el píloro.,En pacientes intubados se puede realizar la exploración en decúbito supino.,Ninguna de las respuestas anteriores es correcta.,932f5d0737df097cb73378a8a0d3714a457e87f9797a01e318520d383f596517,3d0427b39aa6cd90c126a0184344ca5b1c4e025b45aea37dfc9f469d1122de90,375,Gemma 4 26B,Gemini 3.6 Flash=d;GLM 5.2=d;Qwen 3.6 35B=d;Gemma 4 26B=b,3,d,1,1,d,1,1,d,1,1,b,0,0
291,151,296,1,3,0.25000000,UNSELECTED_BOUNDARY_TIE,True,openrouter_B-hard200-v1|,f80665a7a5b3153fc7b6447885f01fe39d982b8f45e8a2c388d08c24fd9d29b0,491,n173,la-rioja|2021|main|57,new182,,,,La Rioja,2021,aparato-digestivo,main,57,False,b,Ninguna de las respuestas anteriores es correcta.,"Ante el hallazgo en una colonoscopia realizada por antecedentes familiares de CCR de una lesión plana (0-IIa) de 12 mm en ángulo esplénico que se reseca en bloque tras infiltrar su base con adrenalina 1/10000 con asa de polipectomía con resultado de adenoma con displasia de alto grado, y en transverso, a 50 cm, 1 pólipo sesil de 3 mm, que se extirpa con pinza. Con resultado de: adenoma tubular de bajo grado y preparación Boston 8= 2 + 3 + 3. ¿Cuál sería la recomendación según la Guía de Diagnóstico y prevención del cáncer colorrectal actualización 2018 de la Asociación Española de Gastroenterología (AEG)?",Repetir colonoscopia en 6 meses.,Ninguna de las respuestas anteriores es correcta.,Solicitar nueva colonoscopia en 1 año.,Solicitar nueva colonoscopia en 5 años.,fdfc757cb04edb4ac3be56b233430e77498b53b926aed61d13b685977298f251,e12ee14e39aa9541ff24db0a2d746f250fd11f0f1e1cee60c7417b6585f2351c,770,Gemma 4 26B,Gemini 3.6 Flash=b;GLM 5.2=b;Qwen 3.6 35B=b;Gemma 4 26B=c,3,b,1,1,b,1,1,b,1,1,c,0,0
292,151,296,1,3,0.25000000,UNSELECTED_BOUNDARY_TIE,True,openrouter_B-hard200-v1|,f9b92903d78e7261fa05c6a608bbf41c41189dc41ea8f035af211e7f6f74a04a,421,n103,castilla-la-mancha|2022|main|42,new182,,,,Castilla-La Mancha,2022,aparato-digestivo,main,42,False,b,Ninguna de las respuestas anteriores es correcta.,"En la colitis ulcerosa, la técnica quirúrgica de elección para una cirugía electiva ante un fracaso médico es",Colectomía parcial del segmento afectado.,Ninguna de las respuestas anteriores es correcta.,Proctocolectomía con ileostomía permanente.,Colectomía total con anastomosis ileorrectal.,2c3f4d3224b45f50b41b327b9322c6161337f3cae015a48ecebf707f9c99ad44,329f91e9482fe763d463c319d5d853eb3ca47a590d3bb87c1934f3f14440a980,287,Gemma 4 26B,Gemini 3.6 Flash=b;GLM 5.2=b;Qwen 3.6 35B=b;Gemma 4 26B=d,4,b,1,1,b,1,1,b,1,1,d,0,1
293,151,296,1,3,0.25000000,UNSELECTED_BOUNDARY_TIE,True,openrouter_B-hard200-v1|,fb578d7908136d0b5df4ab4bbecb65c5427e74bb7a2a712fd5975dc0b649c399,189,b286,aragon|2017|reserva-especifica|107,retained318,,,,Aragón,2017,aparato-digestivo,reserva-especifica,286,False,b,Ninguna de las respuestas anteriores es correcta.,La dosis de entecavir y tenofovir en el tratamiento de la hepatitis crónica B debe ajustarse a la función renal. ¿Cuál es el dintel de filtrado glomerular estimado por debajo del cual debe reducirse la dosis de los mismos?,60 ml/min,Ninguna de las respuestas anteriores es correcta.,40 ml/min,30 ml/min,32b3312ed06626aab469e055a3d5512620f88efd7614f2cb8a534b2d7320ed03,919a89a5167419b061e7166aca5fe34409c842bc7269151708105dc151bc99a3,298,Gemma 4 26B,Gemini 3.6 Flash=b;GLM 5.2=b;Qwen 3.6 35B=b;Gemma 4 26B=d,3,b,1,1,b,1,1,b,1,1,d,0,0
294,151,296,1,3,0.25000000,UNSELECTED_BOUNDARY_TIE,True,openrouter_B-hard200-v1|,fca5d577328840dcc93fbf73b21299d2e1cd7dff8c321a10489e999a5b3be467,321,n003,galicia|2022|main|25,new182,,,,Galicia,2022,aparato-digestivo,main,25,False,b,Ninguna de las respuestas anteriores es correcta.,"Un paciente de 65 años ingresa por pancreatitis aguda biliar. Al ingreso presenta hipotensión, taquicardia y oliguria, que se resuelve en 36 horas tras tratamiento con sueroterapia. Se realiza un TAC al cuarto día que muestra una colección líquida y necrótica a nivel de tejido extrapancreático no encapsulada y mal definida. Señale la respuesta CORRECTA:",El paciente tiene una pancreatitis aguda grave según los criterios de Atlanta revisados.,Ninguna de las respuestas anteriores es correcta.,En las primeras horas la reposición de volumen se recomienda que se haga con coloides.,La nutrición enteral por sonda naso-yeyunal es superior a la naso-gástrica.,7c1be9c7c2d109fc525c892842113d9ff812ba2fdbfb00264a306ac4a7362ab6,001170e6daca999fd642a0fedbab2fb769196f8d1d990b9c4312ec16a11b8848,653,Gemma 4 26B,Gemini 3.6 Flash=b;GLM 5.2=b;Qwen 3.6 35B=b;Gemma 4 26B=a,4,b,1,1,b,1,1,b,1,1,a,0,1
295,151,296,1,3,0.25000000,UNSELECTED_BOUNDARY_TIE,True,openrouter_B-hard200-v1|,fe259d20f98412e7bcad4993db15a3e470c4ef63c38efd39ecd4ea43a9ac2c75,391,n073,galicia|2016|main|13,new182,,,,Galicia,2016,aparato-digestivo,main,13,False,d,Ninguna de las respuestas anteriores es correcta.,¿Cuál de las siguientes afirmaciones es correcta con respecto a los cuerpos extraños digestivos?.,Solamente está recomendada la realización de radiografía de torax y abdomen cuando existe sospecha de hueso.,"En el bolo alimenticio, a pesar de que no se observe hueso en la radiología, no se debe demorar su extracción más de 3h.",La ingesta de coca-cola previa a la endoscopia ha demostrado científicamente ser eficaz en la extracción de cuerpos extraños tipo bolo de carne.,Ninguna de las respuestas anteriores es correcta.,149ff2622c79d566513b52352a36da8f8190ddcaf1c990364ea054492207cf83,0679097e4d6c2452db8742c1a66b0bd9a3581a58246784444c512896d2a79e74,518,GLM 5.2,Gemini 3.6 Flash=d;GLM 5.2=c;Qwen 3.6 35B=d;Gemma 4 26B=d,2,d,1,1,c,0,1,d,1,0,d,1,0
296,151,296,1,3,0.25000000,UNSELECTED_BOUNDARY_TIE,True,openrouter_B-hard200-v1|,ffdb004b3d52890168ac2f658b3ff89d19b631776fb6488b12f6dcdee4b70a65,318,b499,aragon|2020|reserva-especifica|103,retained318,,,,Aragón,2020,aparato-digestivo,reserva-especifica,499,True,b,Ninguna de las respuestas anteriores es correcta.,"Respecto a la profilaxis de la infección por citomegalovirus en el receptor de trasplante hepático, señale la respuesta INCORRECTA:",Se suele realizar con valganciclovir oral.,Ninguna de las respuestas anteriores es correcta.,Es una estrategia recomendable en los pacientes de alto riesgo (receptores no inmunizados que reciben el injerto de un donante seropositivo).,La profilaxis es eficaz en prevenir tanto los efectos directos como los efectos indirectos del citomegalovirus.,e15ff105f162d8b6dbe0063b6a1fac2de40daaeb80228cd6797adcd8c7c8f983,d9c25c9bd001114728d618015adf6bc11d06bb3cd33a26f272e8d4176961673e,474,GLM 5.2,Gemini 3.6 Flash=b;GLM 5.2=d;Qwen 3.6 35B=b;Gemma 4 26B=b,4,b,1,1,d,0,1,b,1,1,b,1,1
