deterministic_rank,difficulty_rank_min,difficulty_rank_max,difficulty_tier_wrong_models,correct_models_B,difficulty_fraction,selection_status,cutoff_tie,tie_break_namespace,tie_break_sha256,primary_500_position,question_id,source_key,origin,replacement_id,replaces_question_id,candidate_id,region,year,specialty,exam_part,question_number,negated_stem,correct_letter,correct_option_text,question_text,option_a,option_b,option_c,option_d,content_sha256,raw_form_sha256,source_form_input_char_count,wrong_models_B,selected_letters_B,correct_models_A,gemini_selected_letter_B,gemini_strict_correct_B,gemini_strict_correct_A,glm_selected_letter_B,glm_strict_correct_B,glm_strict_correct_A,qwen_selected_letter_B,qwen_strict_correct_B,qwen_strict_correct_A,gemma_selected_letter_B,gemma_strict_correct_B,gemma_strict_correct_A
1,1,19,4,0,1.00000000,INVARIANT_HARD_CORE,False,openrouter_B-hard200-v1|,03cb5551899a11552fc339c9a3ac8e2fca822b0c09907f2a223c0a800b41a835,243,b370,castilla-la-mancha|2017|main|84,retained318,,,,Castilla-La Mancha,2017,aparato-digestivo,main,370,True,b,Ninguna de las respuestas anteriores es correcta.,Una de las siguientes afirmaciones no es correcta en relación con la hemocromatosis hereditaria,El mejor predictor de fibrosis en la Hemocromatosis hereditaria es el nivel de ferritina en sangre.,Ninguna de las respuestas anteriores es correcta.,La prueba de cribado de elección es la saturación de transferrina en sangre.,El fibroscán ® no está validado en el diagnóstico de fibrosis hepática en esta enfermedad.,24f8e67afe0030c3af128acc8c879536b692152497f9b80042fb332ffeb33fc0,bbdf1e622455cade95bf47f5dad038a0acd35e8ea5fbe333b9eb6c91d61cd90a,409,Gemini 3.6 Flash;GLM 5.2;Qwen 3.6 35B;Gemma 4 26B,Gemini 3.6 Flash=d;GLM 5.2=d;Qwen 3.6 35B=a;Gemma 4 26B=d,4,d,0,1,d,0,1,a,0,1,d,0,1
2,1,19,4,0,1.00000000,INVARIANT_HARD_CORE,False,openrouter_B-hard200-v1|,1ad4182bde494d5bfe4c695529843c5c9817d60ebf0dbc93c721182c0af05d1c,289,b455,aragon|2017|main|79,retained318,,,,Aragón,2017,aparato-digestivo,main,455,False,d,Ninguna de las respuestas anteriores es correcta.,¿Con qué infección vírica es mayor el riesgo de insuficiencia hepática aguda grave?,Virus A,Virus B,Virus C,Ninguna de las respuestas anteriores es correcta.,3d403608fc8d7a15ed6004b8a774b703d98c018b9055465075ae45d90fe05fd3,8b4012f301d9cf8f9e3abccaa4c2f43a02b9e4503e92762426b46e5f414101b9,153,Gemini 3.6 Flash;GLM 5.2;Qwen 3.6 35B;Gemma 4 26B,Gemini 3.6 Flash=b;GLM 5.2=b;Qwen 3.6 35B=b;Gemma 4 26B=b,1,b,0,1,b,0,0,b,0,0,b,0,0
3,1,19,4,0,1.00000000,INVARIANT_HARD_CORE,False,openrouter_B-hard200-v1|,41df47579a263267371e2d8c6ebe30bace225da71ad63b41886587c5265e166b,406,n088,castilla-y-leon|2019|main|43,new182,,,,Castilla y León,2019,aparato-digestivo,main,43,False,b,Ninguna de las respuestas anteriores es correcta.,"De los siguientes, señale el factor de riesgo más importante en relación con las úlceras por consumo de AINE:",Infección por H. pylori.,Ninguna de las respuestas anteriores es correcta.,Uso de glucocorticoides.,Edad > 70 años.,5671de60c0edfc57dad5062c90dee8b278a8aa10ae9af7d452c52bbc390042d8,feb96631b1c976bd55495b3b8940d22d3e986537877cff639caed58fe466d97e,221,Gemini 3.6 Flash;GLM 5.2;Qwen 3.6 35B;Gemma 4 26B,Gemini 3.6 Flash=d;GLM 5.2=d;Qwen 3.6 35B=d;Gemma 4 26B=d,4,d,0,1,d,0,1,d,0,1,d,0,1
4,1,19,4,0,1.00000000,INVARIANT_HARD_CORE,False,openrouter_B-hard200-v1|,490ec4f8951c2deef7a919a34732bbc6d1b88b0c39df34d98b6eb72b23850579,110,b170,navarra|2022|caso-clinico-1|95,retained318,,,,Navarra,2022,aparato-digestivo,caso-clinico-1,170,False,d,Ninguna de las respuestas anteriores es correcta.,"Estás de guardia y te avisan desde Urgencias donde están valorando a una mujer de 67 años que ha acudido por presentar, en las últimas 3 horas, 2 deposiciones de características melénicas. Son las 22:45h.
En la analítica presenta: Hemoglobina 7.8 g/dL, urea 69 y Creatinina 0.9mg/dL. El resto de parámetros están dentro de la normalidad.
Rehistoriada la paciente refiere ingesta de ibuprofeno en los 3 días previos por un dolor en un molar. No tiene antecedentes médicos de interés salvo una dislipemia bien controlada con estatinas y es alérgica a las quinolonas. Fuma unos 15 cigarrillos cada día.
En la exploración física la TA es de 118/65 mmHg y la FC de 86 lpm. La paciente está eupneica y algo pálida. La auscultación cardio-pulmonar es normal y en la exploración abdominal refiere molestias a la palpación profunda en región epigástrica

Si nuestra paciente hubiera sido Helicobacter pylori positivo, cuánto tiempo aconsejarías mantener el tratamiento con inhibidores de la bomba de protones:",Indefinido ya que tiene > 65 años,8 semanas,El tiempo que dure el tratamiento erradicador,Ninguna de las respuestas anteriores es correcta.,7d30f33bcf4627ecb141d0763b650111ba57ccb3c5a5add038765ef28843fb46,9558125886354eff35ac624b122acf5331994ab2e03394107f808061fe28e50e,1136,Gemini 3.6 Flash;GLM 5.2;Qwen 3.6 35B;Gemma 4 26B,Gemini 3.6 Flash=b;GLM 5.2=b;Qwen 3.6 35B=b;Gemma 4 26B=c,1,b,0,0,b,0,0,b,0,0,c,0,1
5,1,19,4,0,1.00000000,INVARIANT_HARD_CORE,False,openrouter_B-hard200-v1|,4992e33e71bc36f6d2176add085d0d148da1fac8da7d2210d70d5160eecf7ca9,298,b470,aragon|2017|reserva-especifica|108,retained318,,,,Aragón,2017,aparato-digestivo,reserva-especifica,470,False,b,Ninguna de las respuestas anteriores es correcta.,"Paciente de 64 años, cirrosis alcohólica, creatinina de 3 mg/dl, ascitis, y no mejoría tras expansión plasmática; sin proteinuria ni hematuria, con ecografía renal normal, y baja eliminación de sodio. Describa como será su situación hemodinámica.",Resistencia vascular sistémica aumentada con gasto cardíaco disminuido y filtrado glomerular alto.,Ninguna de las respuestas anteriores es correcta.,"Resistencia sistémica aumentada, gasto cardíaco alto y filtrado glomerular disminuido.","Resistencia vascular baja, gasto cardíaco alto y filtrado glomerular disminuido.",aea7fb390460df2a056601dd65444eb52370a0042a5fe4005d0bd7fd4f0dc6bf,a4ea814493ac02b7e0d68137a49b70f49c7e5d13a6d6dbe8ad1691975620f3d9,559,Gemini 3.6 Flash;GLM 5.2;Qwen 3.6 35B;Gemma 4 26B,Gemini 3.6 Flash=d;GLM 5.2=d;Qwen 3.6 35B=d;Gemma 4 26B=d,0,d,0,0,d,0,0,d,0,0,d,0,0
6,1,19,4,0,1.00000000,INVARIANT_HARD_CORE,False,openrouter_B-hard200-v1|,4a0a256aaf75db991069f3d321917845fd24bf62aeaffd3fb6766bfabcd482a9,211,b322,comunidad-de-madrid|2021|main|42,retained318,,,,Comunidad de Madrid,2021,aparato-digestivo,main,322,False,b,Ninguna de las respuestas anteriores es correcta.,Un paciente con Insuficiencia Hépatica Aguda Grave NO suele tener:,Descenso del factor V,Ninguna de las respuestas anteriores es correcta.,Hipoalbuminemia,Aumento de la presion intracraneal,0a7895d91b6534a53936caadec820e284193683fbbc130e760f3d1e2ade99a17,41118932c376881ab07b54da929b0f16e3ec9ed9ece47658226569a821075861,185,Gemini 3.6 Flash;GLM 5.2;Qwen 3.6 35B;Gemma 4 26B,Gemini 3.6 Flash=c;GLM 5.2=c;Qwen 3.6 35B=c;Gemma 4 26B=c,3,c,0,1,c,0,1,c,0,0,c,0,1
7,1,19,4,0,1.00000000,INVARIANT_HARD_CORE,False,openrouter_B-hard200-v1|,5b9931076c5fdfacfde1a7d6cca4148f440221e7ec29b4cc9e64d4c370fca031,274,b425,aragon|2017|reserva-especifica|102,retained318,,,,Aragón,2017,aparato-digestivo,reserva-especifica,425,False,c,Ninguna de las respuestas anteriores es correcta.,¿Cuál es el tratamiento de rescate recomendado en pacientes con hepatitis crónica B que han desarrollado resistencia a lamivudina?,Combinación de lamivudina y tenofovir.,Combinación de lamivudina y entecavir.,Ninguna de las respuestas anteriores es correcta.,Monoterapia con entecavir.,bfed4d89a3b3df48a4e34aab4b1e70223a483da433aab6b09e7f9fed1e770002,b0908a712e2fda4cef51aac3939ab58515abc0b18206b40d4485e617d3882752,281,Gemini 3.6 Flash;GLM 5.2;Qwen 3.6 35B;Gemma 4 26B,Gemini 3.6 Flash=a;GLM 5.2=a;Qwen 3.6 35B=a;Gemma 4 26B=d,4,a,0,1,a,0,1,a,0,1,d,0,1
8,1,19,4,0,1.00000000,INVARIANT_HARD_CORE,False,openrouter_B-hard200-v1|,5fe200c2b77eb5c0e268f94bf64987e5b4321452dc2abfbf8bcf0bb4c262c3b9,465,n147,castilla-la-mancha|2022|main|20,new182,,,,Castilla-La Mancha,2022,aparato-digestivo,main,20,False,d,Ninguna de las respuestas anteriores es correcta.,¿Cuál de las siguientes lesiones subepiteliales gástricas tendrá una mayor capacidad para crecer y diseminar a distancia?,Lipoma gástrico de 3cm,Pólipo inflamatorio fibroide en antro gástrico,Tumor carcinoide gástrico en paciente con hipergastrinemia.,Ninguna de las respuestas anteriores es correcta.,ca2622b39c009c8cc89ea76f2480ff5e09076d080ec3937a8b3213d95ed82271,3fb963c71bcedd9faae5e4f5f8f78e78ed54de9e500783c8dd6fa872a34cbaa4,297,Gemini 3.6 Flash;GLM 5.2;Qwen 3.6 35B;Gemma 4 26B,Gemini 3.6 Flash=c;GLM 5.2=c;Qwen 3.6 35B=c;Gemma 4 26B=c,4,c,0,1,c,0,1,c,0,1,c,0,1
9,1,19,4,0,1.00000000,INVARIANT_HARD_CORE,False,openrouter_B-hard200-v1|,6a274e2495cf5a53c34ff6d889ee01acedf9d23f45ae3fae031cb874feeeb4e0,247,b374,castilla-la-mancha|2017|main|71,retained318,,,,Castilla-La Mancha,2017,aparato-digestivo,main,374,False,d,Ninguna de las respuestas anteriores es correcta.,"En un paciente infectado por el genotipo 3 del VHC y con un índice de fibrosis ≤ 2, ¿Qué tratamiento antiviral no estaría indicado?",Sofosvubir / velpatasvir / voxilaprevir.,Glecaprevir / pibrentasvir.,Sofosvubir / velpatasvir.,Ninguna de las respuestas anteriores es correcta.,2a1583af7726f2327c0abbae65f3cd4836ad36a2c0875629eedbbc1eb1be8aff,9ea8392b7fa063e6072c9e254cf404d02aebc0d54c59e65fa5fe25efd76aa5ee,272,Gemini 3.6 Flash;GLM 5.2;Qwen 3.6 35B;Gemma 4 26B,Gemini 3.6 Flash=a;GLM 5.2=a;Qwen 3.6 35B=a;Gemma 4 26B=a,4,a,0,1,a,0,1,a,0,1,a,0,1
10,1,19,4,0,1.00000000,INVARIANT_HARD_CORE,False,openrouter_B-hard200-v1|,6cd1c460784470af9e827eff4accb13e357802e749cf816b0f79649a55284328,109,b168,navarra|2022|caso-clinico-1|93,retained318,,,,Navarra,2022,aparato-digestivo,caso-clinico-1,168,False,b,Ninguna de las respuestas anteriores es correcta.,"Estás de guardia y te avisan desde Urgencias donde están valorando a una mujer de 67 años que ha acudido por presentar, en las últimas 3 horas, 2 deposiciones de características melénicas. Son las 22:45h.
En la analítica presenta: Hemoglobina 7.8 g/dL, urea 69 y Creatinina 0.9mg/dL. El resto de parámetros están dentro de la normalidad.
Rehistoriada la paciente refiere ingesta de ibuprofeno en los 3 días previos por un dolor en un molar. No tiene antecedentes médicos de interés salvo una dislipemia bien controlada con estatinas y es alérgica a las quinolonas. Fuma unos 15 cigarrillos cada día.
En la exploración física la TA es de 118/65 mmHg y la FC de 86 lpm. La paciente está eupneica y algo pálida. La auscultación cardio-pulmonar es normal y en la exploración abdominal refiere molestias a la palpación profunda en región epigástrica

En el transcurso de la gastroscopia a la paciente se le tomó una muestra para Test de ureasa con resultado negativo. A la vista de este hallazgo, señale la respuesta CORRECTA:","Como ha tomado AINES, asumimos que ésa es la causa de la úlcera y, en el futuro, sólo deberemos aconsejar que no tome AINES o que asocie gastroprotección en caso de ser imprescindibles",Ninguna de las respuestas anteriores es correcta.,"Como tiene una hemorragia, el test de ureasa puede ser un falso negativo y habrá que realizar nueva gastroscopia para confirmar la cicatrización de la úlcera y tomar nuevas muestras","Como tiene más de 65 años, y ha sido una úlcera complicada, deberá hacer gastroprotección indefinida por lo que la presencia de Helicobácter es irrelevante",5f97d03db8af31628790de12f8954f5c420cb52f35f2b72695c317d3171419b1,bfac240209da4dbbbf8ce5157c83543550af871d253b5c8ea015a3c976565789,1590,Gemini 3.6 Flash;GLM 5.2;Qwen 3.6 35B;Gemma 4 26B,Gemini 3.6 Flash=c;GLM 5.2=c;Qwen 3.6 35B=c;Gemma 4 26B=a,4,c,0,1,c,0,1,c,0,1,a,0,1
11,1,19,4,0,1.00000000,INVARIANT_HARD_CORE,False,openrouter_B-hard200-v1|,7b5685d09e9359308db8e1137c9b69728aa8d6cbb222ecab81022301ee654ed7,430,n112,andalucia|2022|cuestionario-teorico|46,new182,,,,Andalucía,2022,aparato-digestivo,cuestionario-teorico,46,False,c,Ninguna de las respuestas anteriores es correcta.,"Un hombre de 41 años, con historia de síndrome de intestino corto y en nutrición parenteral domiciliaria en los últimos 2 años, acude a consulta por presentar ictericia franca de piel y mucosas, así como varios episodios de confusión que le impedían realizar tareas sencillas. Refiere aumento del perímetro abdominal y disminución de la diuresis. En la exploración se apreció ascitis no a tensión, edemas maleolares bilaterales, así como asterixis. Hemoglobina 10 g/dl; plaquetas: 109.000 cels/mcL; bilirrubina total 8 mg/dl; fosfatasa alcalina 155 U/L; AST: 40 U/L; ALT: 50 U/L; creatinina 1,8 mg/dl; INR: 1,9. En la planificación del manejo a largo plazo de este paciente, ¿cuál sería su mejor opción?",Trasplante intestinal.,Agonistas GLP-2 (Teduglutide).,Ninguna de las respuestas anteriores es correcta.,Optimización de la nutrición parenteral domiciliaria.,5837fbd2f5a79b53d88a7f24beda3029fe805e607dfd1ea839b0496f81380917,e58325f44d454337921f5e71743dfd6031fc1a71ea50f7f9b134d341ab9bb8a3,857,Gemini 3.6 Flash;GLM 5.2;Qwen 3.6 35B;Gemma 4 26B,Gemini 3.6 Flash=a;GLM 5.2=a;Qwen 3.6 35B=a;Gemma 4 26B=a,4,a,0,1,a,0,1,a,0,1,a,0,1
12,1,19,4,0,1.00000000,INVARIANT_HARD_CORE,False,openrouter_B-hard200-v1|,8b078266b383da862a6f38df93784dda1b8d209da31f15c6814c0dad69877c1a,232,b355,la-rioja|2021|main|37,retained318,,,,La Rioja,2021,aparato-digestivo,main,355,True,d,Ninguna de las respuestas anteriores es correcta.,"En relación al carcinoma hepatocelular, señale la respuesta falsa:",La determinación de AFP no es útil para el diagnóstico del carcinoma hepatocelular.,Respecto a la radioembolización transarterial (TARE) no existe evidencia científica para recomendar esta opción terapéutica en pacientes con carcinoma hepatocelular avanzado.,En los estudios publicados se ha mostrado que la RM con contraste órgano-específica no ofreció mayor sensibilidad ni precisión diagnóstica respecto a la RM con contraste extracelular.,Ninguna de las respuestas anteriores es correcta.,3b6a8ac9553958ed20551f0925b36cdd5c957d2a41fbc5107be8bde3eb7ea9f8,e5db922f59f229a9934ed5cdd1fb1537db4f706d28dfb765a38258aabb7c67ea,555,Gemini 3.6 Flash;GLM 5.2;Qwen 3.6 35B;Gemma 4 26B,Gemini 3.6 Flash=c;GLM 5.2=c;Qwen 3.6 35B=c;Gemma 4 26B=a,1,c,0,1,c,0,0,c,0,0,a,0,0
13,1,19,4,0,1.00000000,INVARIANT_HARD_CORE,False,openrouter_B-hard200-v1|,9509253bab59f6f98ac6f41b2e2f38c5f2617b350b65d88f89efc7eb89da7a6a,130,b196,comunidad-de-madrid|2021|main|135,retained318,,,,Comunidad de Madrid,2021,aparato-digestivo,main,196,False,b,Ninguna de las respuestas anteriores es correcta.,En el contexto de un paciente con colangitis biliar primaria ¿qué hallazgo histológico es característico y se considera diagnóstico cuando se observa en la biopsia hepática?,Cuerpos de Councilman,Ninguna de las respuestas anteriores es correcta.,Fibrosis en puentes,Granulomas no caseificantes,daef912619d7020bb153fd0e2e7ede33bfb1fcbd754754b5c73ac80c1d6d87c9,f68758a4dfa4aebaa4ea0d070e7358b0c02839267ea1000a665cbdb97ca88f50,289,Gemini 3.6 Flash;GLM 5.2;Qwen 3.6 35B;Gemma 4 26B,Gemini 3.6 Flash=d;GLM 5.2=d;Qwen 3.6 35B=d;Gemma 4 26B=d,4,d,0,1,d,0,1,d,0,1,d,0,1
14,1,19,4,0,1.00000000,INVARIANT_HARD_CORE,False,openrouter_B-hard200-v1|,ad286c951f4b6fb6308f0ae3670e71febf9d860f0707cdfa5c645f39fd7bb7ae,448,n130,castilla-y-leon|2019|main|116,new182,,,,Castilla y León,2019,aparato-digestivo,main,116,False,c,Ninguna de las respuestas anteriores es correcta.,"En una colonoscopia de cribado se reseca un pólipo pediculado con adenocarcinoma que invade la submucosa, pero limitada a la cabeza del pólipo. Señale el tipo de lesión y seguimiento endoscópico necesario:",Haggitt 0. Colonoscopia a los 6 meses.,Haggitt 1. Colonoscopia a los 6 meses.,Ninguna de las respuestas anteriores es correcta.,Haggitt 2. Colonoscopia al año.,904b2cfe34a0ac2faeba6191a4e7d11030c247d2c3aeb03a6758eee975b09aa4,ad78a874dc46be1bfbceb1814f4064e2a2cdbc6354c566084ffab315158704f0,361,Gemini 3.6 Flash;GLM 5.2;Qwen 3.6 35B;Gemma 4 26B,Gemini 3.6 Flash=b;GLM 5.2=b;Qwen 3.6 35B=b;Gemma 4 26B=d,3,b,0,0,b,0,1,b,0,1,d,0,1
15,1,19,4,0,1.00000000,INVARIANT_HARD_CORE,False,openrouter_B-hard200-v1|,cc98e950ae41e0e22b75557bc2380c9c662f280d671635d4d74afcb8498a8045,141,b211,galicia|2016|reserva-especifica|108,retained318,,,,Galicia,2016,aparato-digestivo,reserva-especifica,211,True,b,Ninguna de las respuestas anteriores es correcta.,"En relación con la enfermedad celíaca en el adulto, señale la opción incorrecta:","En un porcentaje significativo de los adultos que siguen la dieta sin gluten, las biopsias solo muestran una mejoría parcial, recuperándose más rápidamente el íleon que el duodeno",Ninguna de las respuestas anteriores es correcta.,Se recomienda realizar una densitometría ósea al año del diagnóstico a todos los pacientes adultos celíacos.,"Además de la dieta sin gluten, algunos pacientes celíacos precisan suplementos de hierro, vitamina D, vitamina B12, ácido fólico o vitamina K.",35edcf95759c180d033b4d8a9177d8846bd03902fa6ef888a407be46d7c4721e,4bb6169332122f967b198dbf5fcdbefbe55f363c5bb1cae0423b9603583cf1d7,558,Gemini 3.6 Flash;GLM 5.2;Qwen 3.6 35B;Gemma 4 26B,Gemini 3.6 Flash=c;GLM 5.2=c;Qwen 3.6 35B=c;Gemma 4 26B=a,3,c,0,1,c,0,1,c,0,0,a,0,1
16,1,19,4,0,1.00000000,INVARIANT_HARD_CORE,False,openrouter_B-hard200-v1|,d829a86e9ade774e4464f9c1451d8fa886b4aed5e589c9749dfebf2defa73b67,214,b326,andalucia|2021|cuestionario-teorico|31,retained318,,,,Andalucía,2021,aparato-digestivo,cuestionario-teorico,326,False,c,Ninguna de las respuestas anteriores es correcta.,¿Cuál de los siguientes hallazgos (aisladamente) permitiría establecer con mas seguridad el diagnóstico de síndrome de hipertensión portal secundario a hepatopatía crónica?,Ascitis en ecografía.,Varices esofágicas en endoscopia alta.,Ninguna de las respuestas anteriores es correcta.,Un flujo portal hepatópeto inferior a 20 cm/seg en ecografía doppler.,bf49ecd79dabc7952325f899af645a26af11b2bc660f81c318fc5005e6730294,4d78df46ef016a0b43ed11fcc057e986b2d0e04ab5a1c91449d8e36ac19a8b90,349,Gemini 3.6 Flash;GLM 5.2;Qwen 3.6 35B;Gemma 4 26B,Gemini 3.6 Flash=b;GLM 5.2=b;Qwen 3.6 35B=b;Gemma 4 26B=b,1,b,0,0,b,0,1,b,0,0,b,0,0
17,1,19,4,0,1.00000000,INVARIANT_HARD_CORE,False,openrouter_B-hard200-v1|,da126fa4d3ffbca75dfe6840f1063bec3011081442f398495b0973fb2e89f50c,494,n176,galicia|2022|main|52,new182,,,,Galicia,2022,aparato-digestivo,main,52,False,b,Ninguna de las respuestas anteriores es correcta.,"Paciente de 45 años que acude a servicio de urgencias hospitalarias tras ingesta voluntaria, con ideación autolítica, de cáustico ácido en grandes cantidades. A su llegada a urgencias presenta mal estado general y dolor torácico intenso tras vómitos constantes durante su traslado en ambulancia. Tras estabilización hemodinámica, se aprecia en analítica acidosis con intensa neutrofilia. Valorado por otorrinolaringología se aprecia eritema y edema generalizado en cavidad oral, manteniendo permeabilidad de vía aérea. ¿Qué prueba diagnóstica debe indicarse a continuación?",TAC toracoabdominal sin contraste.,Ninguna de las respuestas anteriores es correcta.,Endoscopia digestiva alta.,Tránsito esofagogastroduodenal.,0e637540a78b6a48fcb96697acf414933a610dccf0790f59ffa7096dd357af39,ea396b929c64b557170da96f74ac33675fbbc018329ca8fbe370c85ecb168541,713,Gemini 3.6 Flash;GLM 5.2;Qwen 3.6 35B;Gemma 4 26B,Gemini 3.6 Flash=a;GLM 5.2=a;Qwen 3.6 35B=c;Gemma 4 26B=c,2,a,0,1,a,0,1,c,0,0,c,0,0
18,1,19,4,0,1.00000000,INVARIANT_HARD_CORE,False,openrouter_B-hard200-v1|,e4ea3f351cffb2a2cd803df1ec5ee5d880f65e2d44fd95c256870635706780ff,82,b123,illes-balears|2022|caso-6|126,retained318,,,,Illes Balears,2022,aparato-digestivo,caso-6,123,False,b,Ninguna de las respuestas anteriores es correcta.,"Paciente de 62 años con los antecedentes siguientes:

No alergias.

Exfumador: tabaquismo activo desde la juventud hasta los 58 años.

Tosedor habitual.

Consumo diario de alcohol desde hace más de diez años. Consume dos cañas de cerveza, cuatro vasos de vino y dos carajillos al día. El fin de semana toma alguna cerveza más en fiestas y celebraciones y uno o dos gin-tonics.

Dice que no toma drogas.

Dice que no tiene antecedentes patológicos relevantes. No hace controles con su médico de cabecera. Nunca va al médico.
Enfermedad actual: consulta por distensión abdominal molesta, un aumento del perímetro abdominal progresivo de dos semanas de evolución y piernas hinchadas.

Exploración física: bien coloreado, subictericia conjuntival dudosa, arañas vasculares y telangiectasias en el tronco, eritema palmar e hipertrofia parotídea.

Cardiocirculatorio: pulsos rítmicos 90 lpm, soplo sistólico plurifocal, no ingurgitación yugular, edemas maleolares moderados.

Respiración: espiración un poco alargada, algún roncus diseminado.
Abdomen: muy distendido; indoloro a la presión o a la descompresión; sin defensa; matidez en flancos; la matidez cambia con los cambios posturales; signo de la ola; hepatomegalia de tres traveses, lisa e indolora; esplenomegalia dudosa, difícil de delimitar; pequeña protrusión umbilical; no reflujo hepatoyugular.

Radiografía del tórax: elevación de ambos hemidiafragmas.

Radiografía del abdomen: aumento difuso de la densidad, se aprecia perfil hepático y esplénico.

Electrocardiograma normal.

Analítica:
Leucocitos: 3.100/mm³ (3.000-10.000); Hto: 39 % (40-46); Hb: 12,1 g/dl (12-15); VCM: 105 fl (80-100); plaquetas: 105.000/mm³ (150.000-400.000); Quick: 59 % (> 70 %); INR: 1.4 (N 0.8-1.2); creatinina: 1.0 mg/dl; urea: 40 mg/dl; Na: 136 mEq/L; K: 4 mEq/L; urato: 7.9 (< 7); bilirrubina total: 1.9 mg/dl (< 1.3) GOT (ASAT): 105 UI/ml (< 40); GPT (ALAT): 50 UI/ml (< 40); GGT: 480 UI/ml (< 45); FA: 125 UI/ml (< 135); albúmina: 3,2 g/dl (> 3,5).

El resto de la analítica básica es normal.
Ecografía abdominal: líquido libre muy abundante, hígado de ecogenicidad aumentada difusamente, heterogéneo, difícil de ver por la ascitis. Forma hepática

irregular un poco abollonada, macronodular. Vena porta permeable, dilatada. Venas suprahepáticas permeables, no dilatadas. Vía biliar intrahepática y extrahepática normal. Vesícula con litiasis múltiple, no distendida y no edematosa. Bazo ligeramente aumentado de tamaño (15 cm de longitud máxima). El resto no tiene alteraciones. Páncreas no visto por interposición de aire.

Se hace una paracentesis (diagnóstica y evacuadora), y se obtienen 6.000 ml de ascitis.

Análisis del líquido ascítico:
- Glucosa: 120 mg/dl.
- Proteínas: 1,0 g/dl.
- Albúmina: 0,8 g/dl.
- LDH: 40 ui/ml.
- Hematíes: 100 /mm³.
- Leucocitos: 220 /mm³.

¿Qué tratamiento hay que administrar siempre tras una paracentesis evacuadora para prevenir la disfunción circulatoria y la insuficiencia renal posparacentesis?",Albúmina IV siempre.,Ninguna de las respuestas anteriores es correcta.,Expansores del plasma siempre.,"Expansores del plasma, pero solo en caso de que en la paracentesis se evacúen más de cinco litros de ascitis.",b8ab5ff2758445f5182035aa63d4d89940fb563f7473298154772ef7c3e8d31a,7f30a48a8b3b75e326bfe79463901a12366be93080bbef9d2f5f57f5fc571297,3186,Gemini 3.6 Flash;GLM 5.2;Qwen 3.6 35B;Gemma 4 26B,Gemini 3.6 Flash=d;GLM 5.2=d;Qwen 3.6 35B=a;Gemma 4 26B=d,4,d,0,1,d,0,1,a,0,1,d,0,1
19,1,19,4,0,1.00000000,INVARIANT_HARD_CORE,False,openrouter_B-hard200-v1|,f8c01d8425195de9e8fb5f9a0bb33509ba9eb95999c4df3e0ada1153e0e6ed65,88,b134,illes-balears|2022|caso-6|137,retained318,,,,Illes Balears,2022,aparato-digestivo,caso-6,134,False,b,Ninguna de las respuestas anteriores es correcta.,"Paciente de 62 años con los antecedentes siguientes:

No alergias.

Exfumador: tabaquismo activo desde la juventud hasta los 58 años.

Tosedor habitual.

Consumo diario de alcohol desde hace más de diez años. Consume dos cañas de cerveza, cuatro vasos de vino y dos carajillos al día. El fin de semana toma alguna cerveza más en fiestas y celebraciones y uno o dos gin-tonics.

Dice que no toma drogas.

Dice que no tiene antecedentes patológicos relevantes. No hace controles con su médico de cabecera. Nunca va al médico.
Enfermedad actual: consulta por distensión abdominal molesta, un aumento del perímetro abdominal progresivo de dos semanas de evolución y piernas hinchadas.

Exploración física: bien coloreado, subictericia conjuntival dudosa, arañas vasculares y telangiectasias en el tronco, eritema palmar e hipertrofia parotídea.

Cardiocirculatorio: pulsos rítmicos 90 lpm, soplo sistólico plurifocal, no ingurgitación yugular, edemas maleolares moderados.

Respiración: espiración un poco alargada, algún roncus diseminado.
Abdomen: muy distendido; indoloro a la presión o a la descompresión; sin defensa; matidez en flancos; la matidez cambia con los cambios posturales; signo de la ola; hepatomegalia de tres traveses, lisa e indolora; esplenomegalia dudosa, difícil de delimitar; pequeña protrusión umbilical; no reflujo hepatoyugular.

Radiografía del tórax: elevación de ambos hemidiafragmas.

Radiografía del abdomen: aumento difuso de la densidad, se aprecia perfil hepático y esplénico.

Electrocardiograma normal.

Analítica:
Leucocitos: 3.100/mm³ (3.000-10.000); Hto: 39 % (40-46); Hb: 12,1 g/dl (12-15); VCM: 105 fl (80-100); plaquetas: 105.000/mm³ (150.000-400.000); Quick: 59 % (> 70 %); INR: 1.4 (N 0.8-1.2); creatinina: 1.0 mg/dl; urea: 40 mg/dl; Na: 136 mEq/L; K: 4 mEq/L; urato: 7.9 (< 7); bilirrubina total: 1.9 mg/dl (< 1.3) GOT (ASAT): 105 UI/ml (< 40); GPT (ALAT): 50 UI/ml (< 40); GGT: 480 UI/ml (< 45); FA: 125 UI/ml (< 135); albúmina: 3,2 g/dl (> 3,5).

El resto de la analítica básica es normal.
Ecografía abdominal: líquido libre muy abundante, hígado de ecogenicidad aumentada difusamente, heterogéneo, difícil de ver por la ascitis. Forma hepática

irregular un poco abollonada, macronodular. Vena porta permeable, dilatada. Venas suprahepáticas permeables, no dilatadas. Vía biliar intrahepática y extrahepática normal. Vesícula con litiasis múltiple, no distendida y no edematosa. Bazo ligeramente aumentado de tamaño (15 cm de longitud máxima). El resto no tiene alteraciones. Páncreas no visto por interposición de aire.

Se hace una paracentesis (diagnóstica y evacuadora), y se obtienen 6.000 ml de ascitis.

Análisis del líquido ascítico:
- Glucosa: 120 mg/dl.
- Proteínas: 1,0 g/dl.
- Albúmina: 0,8 g/dl.
- LDH: 40 ui/ml.
- Hematíes: 100 /mm³.
- Leucocitos: 220 /mm³.

Señale la respuesta correcta en caso de que fuese necesario hacer una biopsia hepática en este paciente:","Se puede hacer la biopsia hepática percutánea sin problemas, siempre que sea con control ecográfico.",Ninguna de las respuestas anteriores es correcta.,Para hacer la biopsia hepática con seguridad es necesario administrar plasma fresco y plaquetas.,En este paciente solo es posible hacer la biopsia hepática por vía transyugular.,0b1a98e4f5b9ad7dcfbc8a23e151b197c9f239fe27384d7f48713a1bd65225d3,5c33d66c080a62e0ed6eddd0804802cd953c1cc52779afbec77e0f0b20db8f03,3247,Gemini 3.6 Flash;GLM 5.2;Qwen 3.6 35B;Gemma 4 26B,Gemini 3.6 Flash=d;GLM 5.2=d;Qwen 3.6 35B=d;Gemma 4 26B=d,3,d,0,1,d,0,1,d,0,0,d,0,1
20,20,67,3,1,0.75000000,INVARIANT_HARD_CORE,False,openrouter_B-hard200-v1|,059cfb98a0f1ded818172de9a9d00b26847caeb9b392f61ac3fd99dd28cc6f81,429,n111,la-rioja|2021|main|8,new182,,,,La Rioja,2021,aparato-digestivo,main,8,False,b,Ninguna de las respuestas anteriores es correcta.,"En relación con el sobrecrecimiento bacteriano intestinal, es cierto que:","No existe un patrón oro o prueba de referencia para el diagnóstico, por la alta probabilidad de contaminación del cultivo de aspirado de líquido yeyunal.",Ninguna de las respuestas anteriores es correcta.,Se recomiendan tratamientos prolongados con antibióticos (21-30 días) para conseguir reducir la microbiota tanto aerobia como anaerobia del intestino delgado.,"En la mayoría de los casos se observan lesiones en el estudio endoscópico del intestino delgado, como eritema o erosiones.",d2bf47c7aaeb9e45106e0074edfbbd02fd9b918d1f2e68aaad0b7a894db2551e,1d95267bac4a19520f65baf7e7dd74fb179d3d2652a1640be5bf91da0a1b70b5,555,GLM 5.2;Qwen 3.6 35B;Gemma 4 26B,Gemini 3.6 Flash=b;GLM 5.2=a;Qwen 3.6 35B=a;Gemma 4 26B=a,4,b,1,1,a,0,1,a,0,1,a,0,1
21,20,67,3,1,0.75000000,INVARIANT_HARD_CORE,False,openrouter_B-hard200-v1|,06663bf717dc68c4706b273ee130483183e6eeeca52b5fd5ee4060af2de513fd,123,b184,navarra|2022|reserva-casos-clinicos|109,retained318,,,,Navarra,2022,aparato-digestivo,reserva-casos-clinicos,184,True,d,Ninguna de las respuestas anteriores es correcta.,"Estás de guardia y te avisan desde Urgencias donde están valorando a una mujer de 67 años que ha acudido por presentar, en las últimas 3 horas, 2 deposiciones de características melénicas. Son las 22:45h.
En la analítica presenta: Hemoglobina 7.8 g/dL, urea 69 y Creatinina 0.9mg/dL. El resto de parámetros están dentro de la normalidad.
Rehistoriada la paciente refiere ingesta de ibuprofeno en los 3 días previos por un dolor en un molar. No tiene antecedentes médicos de interés salvo una dislipemia bien controlada con estatinas y es alérgica a las quinolonas. Fuma unos 15 cigarrillos cada día.
En la exploración física la TA es de 118/65 mmHg y la FC de 86 lpm. La paciente está eupneica y algo pálida. La auscultación cardio-pulmonar es normal y en la exploración abdominal refiere molestias a la palpación profunda en región epigástrica

Pregunta de reserva Caso Clínico numero 1: Cuál de las siguientes afirmaciones es INCORRECTA en relación a la prevención de las úlceras por AINEs:","Misoprostol reduce el riesgo de úlcera asociada a AINEs, independientemente de la dosis",Más del 30% de los pacientes que toman misoprostol lo suspenden por efectos secundarios,La prevención de las complicaciones ulcerosas sólo se consigue dosis más altas de misoprostol,Ninguna de las respuestas anteriores es correcta.,d6512385adf15cf2c4aef1ae29d323ad80b236491563a6030e03f3a08b7d07c3,faebe158a51d6d9a2bcfc5f903edfeabbdc0c2814d232fea32182e2cae52caa4,1308,GLM 5.2;Qwen 3.6 35B;Gemma 4 26B,Gemini 3.6 Flash=d;GLM 5.2=a;Qwen 3.6 35B=a;Gemma 4 26B=c,4,d,1,1,a,0,1,a,0,1,c,0,1
22,20,67,3,1,0.75000000,INVARIANT_HARD_CORE,False,openrouter_B-hard200-v1|,0c54b55feb9b2629cde9968201a18fd4085edcc5f90fa78693a01265e4bb56d9,94,r010,andalucia|2022|cuestionario-teorico|74,replacement22_2026-08-04,r010,b147,c0381,Andalucía,2022,aparato-digestivo,cuestionario-teorico,74,False,b,Ninguna de las respuestas anteriores es correcta.,"Mujer de 27 años, sin antecedentes, consulta por dolor epigástrico y náuseas de 3 meses de evolución y pérdida ponderal de 4 kg. Analíticamente destaca Hb de 13 g/dl, leucocitos de 13.000/mm3, amilasa 190 U/L y lipasa 45 U/L. En un TAC de abdomen se observa una masa sólido-quística, heterogénea de 5 cm de diámetro situada en el cuerpo del páncreas, encapsulada, que comprime vena esplénica desplazando la arteria esplénica. ¿Cuál es el diagnóstico más probable?",Neoplasia mucinosa papilar intraductal.,Ninguna de las respuestas anteriores es correcta.,Cistoadenoma mucinoso quístico.,Cistoadenoma seroso microquístico,52da835565b44f8179eda8a15fe2499264052df7e3864003daa63513f49372e9,f536980ec518e4c56aa399fcb0cbeb976d6b9d20e5ab1f2aded12b975ddf3bf6,615,GLM 5.2;Qwen 3.6 35B;Gemma 4 26B,Gemini 3.6 Flash=b;GLM 5.2=c;Qwen 3.6 35B=c;Gemma 4 26B=c,4,b,1,1,c,0,1,c,0,1,c,0,1
23,20,67,3,1,0.75000000,INVARIANT_HARD_CORE,False,openrouter_B-hard200-v1|,11be7a308ca00a11e57c8cbe68bead1930c7040d213e16a122f5fbf46264d396,325,n007,andalucia|2021|reserva|153,new182,,,,Andalucía,2021,aparato-digestivo,reserva,153,False,b,Ninguna de las respuestas anteriores es correcta.,"Una mujer de 29 años acude a urgencias con dolor abdominal, náuseas y vómitos. Ella reconoce haber tomado una cantidad indeterminada de paracetamol aproximadamente 12 horas antes de la admisión. ¿Cuál de las siguientes opciones implica el peor pronóstico?",GOT 6000 UI/l.,Ninguna de las respuestas anteriores es correcta.,INR 3.,Encefalopatía hepática grado 2.,a962a3820002136c6add6c9ab55a4c5c57cc9ff484fe0a900c917660029c3663,61e84bf025ccf853c1051fa040ddaba61dbce8f052dbe18ea5a01ef9b681da80,355,Gemini 3.6 Flash;Qwen 3.6 35B;Gemma 4 26B,Gemini 3.6 Flash=d;GLM 5.2=b;Qwen 3.6 35B=d;Gemma 4 26B=d,3,d,0,1,b,1,1,d,0,1,d,0,0
24,20,67,3,1,0.75000000,INVARIANT_HARD_CORE,False,openrouter_B-hard200-v1|,15f6d904047aadf8f0250ad0747d706daa48f90751cda0f68031b568f77d638b,148,b223,aragon|2020|reserva-especifica|102,retained318,,,,Aragón,2020,aparato-digestivo,reserva-especifica,223,True,d,Ninguna de las respuestas anteriores es correcta.,"En relación con la biopsia hepática, ¿cuál de estas afirmaciones es INCORRECTA?:","Los estudios controlados no demuestran que la biopsia con control ecográfico ~~reduzca~~ la mortalidad, pero sí la incidencia de complicaciones graves.",La indicación fundamental de la biopsia transyugular (BTY) es la presencia de una alteración grave de la coagulación.,"La eficacia diagnóstica de la BTY es muy elevada, lo que permite obtener un diagnóstico histológico correcto en cerca del 80% de los pacientes.",Ninguna de las respuestas anteriores es correcta.,3bd308c437cc6aa518d365fab97f24b424277568f16bb9f00d0e7fd3731e1540,c34a4b7ef4ef81fb834fda7e0124071940bb9eb7b2a15e802ce2607851ded8fd,540,Gemini 3.6 Flash;GLM 5.2;Qwen 3.6 35B,Gemini 3.6 Flash=c;GLM 5.2=c;Qwen 3.6 35B=c;Gemma 4 26B=d,4,c,0,1,c,0,1,c,0,1,d,1,1
25,20,67,3,1,0.75000000,INVARIANT_HARD_CORE,False,openrouter_B-hard200-v1|,1a803b4b0a64b6667b04db3754530f5a293c870625ac4eda3d4f0a91941d88cd,149,b224,comunitat-valenciana|2022|main|24,retained318,,,,Comunitat Valenciana,2022,aparato-digestivo,main,224,False,c,Ninguna de las respuestas anteriores es correcta.,Según las recomendaciones de la European Society of Gastrointestinal Endoscopy (ESGE) sobre la ecoendoscopia terapéutica ¿Cuál es el tiempo óptimo que debe transcurrir antes de realizar una CPRE transgástrica dirigida por ecoendoscopia después de la colocación de una prótesis de aposición luminal?,Al menos 2 días.,Al menos 5 días.,Ninguna de las respuestas anteriores es correcta.,Al menos 10 días.,8e98e5c8b3800c36a6c4df0b5fadaacef5d92c084c83271fa8827039b11dc440,e582dded764ef6f0222337c6ce032ce43f5067d3cfabb76b41574564e7d816e2,396,GLM 5.2;Qwen 3.6 35B;Gemma 4 26B,Gemini 3.6 Flash=c;GLM 5.2=d;Qwen 3.6 35B=d;Gemma 4 26B=d,3,c,1,0,d,0,1,d,0,1,d,0,1
26,20,67,3,1,0.75000000,INVARIANT_HARD_CORE,False,openrouter_B-hard200-v1|,1dc29cea31d94ee0f33ef14c34f245972bd40762bcc8018be58f4ee02bfabb1f,120,b181,navarra|2022|caso-clinico-3|106,retained318,,,,Navarra,2022,aparato-digestivo,caso-clinico-3,181,False,b,Ninguna de las respuestas anteriores es correcta.,"Varón de 65 años con antecedente de cirrosis hepática por VHC genotipo 3 (nunca tratado), sin otras comorbilidades, que ingresa por hematemesis. Se realiza gastroscopia visualizándose varices esofágicas grandes, una de ellas con sangrado activo y dos de ellas con extensión a curvadura menor gástrica. El paciente no presenta ascitis ni fiebre y desde el punto de vista hemodinámico tiene TA 100/60 mmHg, FC 75lpm, SatO2 94% FiO2 21%.
Analítica: Hemoglobina 8,5 g/dL, plaquetas 78 x 109/L, actividad de protrombina 52%. Creatinina 0,98 mg/dL, Sodio 129 mmol/L, bilirrubina total 3,1 mg/dL, albúmina 32 g/L. AST 125 U/L, ALT 101 U/L.
Serologías: IgM e IgG VHA negativo, HBsAg negativo, anti-HBs positivo, HBcAc total positivo, VIH negativo.
Ecografía abdominal: Hígado con contornos nodulares y aumento de la ecogenicidad hepática con aspecto granular, sugestivo de hepatopatía crónica. No se objetivan lesiones focales. Vena porta de calibre normal con flujo hepatópeto. Esplenomegalia homogénea de 17,5 cm. Circulación colateral en espacio esplenorrenal. No líquido libre intraabdominal

A los dos meses del ingreso es valorado en consulta encontrándose el paciente asintomático, sin ascitis, edemas ni encefalopatía. En la analítica de control presenta: bilirrubina 1,2 mg/dL, albúmina 4,1 g/dL e INR 1,2, RNA-VHC 2600000 UI/ml. ¿Qué opción de tratamiento sería la más adecuada para la infección crónica por VHC?",Sofosbuvir+velpatasvir+ribavirina 24 semanas,Ninguna de las respuestas anteriores es correcta.,Glecaprevir+pibrentasvir 16 semanas,Grazoprevir+elbasvir 16 semanas,1d5ad93e705a7668533a8784c8875c95c4fdfb5ecacb12bbe385109703a6ebd4,e19b5ab725276fd35e2d58b22a4a387f626b6595fef96be0dd3e90853f7e038d,1573,GLM 5.2;Qwen 3.6 35B;Gemma 4 26B,Gemini 3.6 Flash=b;GLM 5.2=c;Qwen 3.6 35B=c;Gemma 4 26B=c,4,b,1,1,c,0,1,c,0,1,c,0,1
27,20,67,3,1,0.75000000,INVARIANT_HARD_CORE,False,openrouter_B-hard200-v1|,2208959dfc4a39b9a77f99102f85303cda3effcc4ab9aa2924782f3c8d1e59d1,37,b52,illes-balears|2022|caso-3|54,retained318,,,,Illes Balears,2022,aparato-digestivo,caso-3,52,False,b,Ninguna de las respuestas anteriores es correcta.,"Paciente varón de 62 años con antecedentes de enolismo superior a 60 g/día de veinte años de evolución y fumador de 25 paquetes/año desde los 17 años.

Antecedente de dos ingresos por pancreatitis agudas leves en los últimos tres años. En los últimos tres meses presenta un cuadro de diarrea en forma de cuatro deposiciones al día, dolor abdominal continuo y diario, localizado en el epigastrio que no mejora con paracetamol. Además, refiere que ha perdido cuatro quilos. Se le hace una gastroscopia que es normal. Una TC abdominal revela la presencia de múltiples calcificaciones parenquimatosas en
la cabeza del páncreas, dilatación del conducto pancreático principal, una lesión quística de 10 mm en el cuerpo pancreático y atrofia de la cola de páncreas. Los coprocultivos, los parásitos en heces y la toxina de Clostridium difficile en heces son negativos, la serología de celiaquía negativa y las hormonas tiroideas son normales.

Elementos relevantes de la analítica. Glucosa: 124 mg/dl, GGT: 101 U/L, AST: 55 U/L, ALT: 65 U/L, VCM: 102 fl, BI total: 1,4 mg/dl, triglicéridos: 180 mg/dl, amilasa: 125 U/L, lipasa: 25 U/L.
El resto del hemograma y de la bioquímica está dentro de valores normales.

¿Cuáles son las determinaciones que evalúan mejor el estado nutricional de este paciente?",El peso actual es suficiente para evaluar su estado nutricional.,Ninguna de las respuestas anteriores es correcta.,"Glucosa, calcio y hematocrito.","Proteinograma, función renal e iones.",4f2fc51c6699395b12144329c00e7c43e7fe4fc305030e9d3b2340a033f364be,9417544ec0c8e08d1d044c850058b8bbb2c73912aedf5c0e24887204edc91686,1474,GLM 5.2;Qwen 3.6 35B;Gemma 4 26B,Gemini 3.6 Flash=b;GLM 5.2=d;Qwen 3.6 35B=d;Gemma 4 26B=d,4,b,1,1,d,0,1,d,0,1,d,0,1
28,20,67,3,1,0.75000000,INVARIANT_HARD_CORE,False,openrouter_B-hard200-v1|,28a4778eb196b84ff28a96662773e0c30a7bf83e9bbac07474a66699129ff3eb,362,n044,andalucia|2022|cuestionario-teorico|51,new182,,,,Andalucía,2022,aparato-digestivo,cuestionario-teorico,51,False,b,Ninguna de las respuestas anteriores es correcta.,"Con respecto a la patología diverticular del colon, señale la afirmación correcta:","El sexo femenino, el estreñimiento y la dieta pobre en fibra, son factores de riesgo de aparición de la enfermedad diverticular del colon.",Ninguna de las respuestas anteriores es correcta.,Actividad física y obesidad carecen de impacto sobre la aparición de diverticulitis aguda.,"El tratamiento crónico con corticoides parece constituir, por su efecto antiinflamatorio, un factor protector para la aparición de diverticulitis.",4079b6ef6fc5c30aaec189f783a340c1c6932b217d39d21c6dfba9cd4e3c1df4,a084d26630d8fd459c4df2d8c02a8028006e258c2fa7bee44344c189f18fc052,505,Gemini 3.6 Flash;GLM 5.2;Gemma 4 26B,Gemini 3.6 Flash=a;GLM 5.2=a;Qwen 3.6 35B=b;Gemma 4 26B=a,4,a,0,1,a,0,1,b,1,1,a,0,1
29,20,67,3,1,0.75000000,INVARIANT_HARD_CORE,False,openrouter_B-hard200-v1|,293828e8af9c348066eecca101fceb8010634ac8ad7e064e5c2c3c9bfbe9441d,309,b484,andalucia|2022|cuestionario-practico|150,retained318,,,,Andalucía,2022,aparato-digestivo,cuestionario-practico,484,False,c,Ninguna de las respuestas anteriores es correcta.,"Varón de 26 años con cuadro diarreico de tres meses de evolución y cansancio fácil. Aporta una analítica realizada por su médico de atención primaria con una hemoglobina de 9,5 g/dl, con una ferritina de 10 mcg/dl y un índice de saturación de la transferrina del 5%. El test de sangre oculta en heces resultó negativo.

A los 10 años, el paciente acude a consulta refiriendo haber estado asintomático realizando dieta sin gluten estricta, y con estudios serológicos repetidos negativos, hasta que hace unos 6 meses reaparece la diarrea, ahora con episodios de dolor abdominal, habiendo perdido unos 7 kg de peso. Se repite la endoscopia que encontró atrofia vellositaria con úlceras fibrinadas en el duodeno con distorsión de los pliegues; se tomaron biopsias que son informadas como ""infiltración intraepitelial por linfocitos en más de 50 linfocitos por cada 100 enterocitos, con un fenotipo mostrando reordenamientos monoclonales del gen TCRγ. En la TC se apreció dilatación de asas intestinales con engrosamiento de la pared, con gran edema mucoso y submucoso. Su sospecha diagnóstica sería:",Se trata de forma inequívoca de un Linfoma de Células T asociado a enteropatía.,Podría tratarse de un Linfoma B difuso de intestino.,Ninguna de las respuestas anteriores es correcta.,Podría tratarse de una Celiaquía Refractaria tipo I.,f7158add7fb0b4a758588cf6079373b4b1b9aed32d2acfc19a15f928a0d4f222,1d106231fe0100cb202c847ed6577fbc50206a32a770176950b6518e58f29a4e,1327,GLM 5.2;Qwen 3.6 35B;Gemma 4 26B,Gemini 3.6 Flash=c;GLM 5.2=a;Qwen 3.6 35B=a;Gemma 4 26B=a,2,c,1,1,a,0,1,a,0,0,a,0,0
30,20,67,3,1,0.75000000,INVARIANT_HARD_CORE,False,openrouter_B-hard200-v1|,3085e1584169dd30b741305e8f3cde5f117c17ed5528ea2c13c63824b7b854aa,22,b35,illes-balears|2022|caso-2|36,retained318,,,,Illes Balears,2022,aparato-digestivo,caso-2,35,True,b,Ninguna de las respuestas anteriores es correcta.,"Varón de 63 años remitido a la unidad de endoscopia para hacerle una gastroscopia por un reflujo de larga evolución (superior a 10 años). El paciente es obeso, hipertenso y fumador. Refiere disfagia a sólidos desde hace un mes. Se hace una gastroscopia que detecta a 32 cm de las arcadas dentarias la presencia de una mucosa ectópica que se extiende hasta la unión esofagogástrica situada a 38 cm de las arcadas dentarias en donde se aprecian signos de esofagitis por reflujo grado C.
Se pauta un tratamiento médico y se hace una nueva gastroscopia a las ocho semanas. En ella se aprecia la mucosa ectópica descrita previamente sugestiva de esófago de Barrett (C5M6) con una cicatrización completa de la esofagitis por reflujo y a 35 cm de las arcadas dentarias se aprecia un área irregular sobreelevada de unos 8 mm (0-Is) diferente al resto de la mucosa circundante. Se hacen biopsias de forma aleatoria de la lesión descrita, suponiendo que puede tratarse de un esófago de Barrett según el protocolo de Seattle. Los resultados de la lesión visible en el esófago confirman un esófago
de Barrett con metaplasia intestinal y presencia de focos de displasia de grado alto y las biopsias aleatorias confirmaban el esófago de Barrett sin displasia. Se planifica una estrategia de tratamiento y seguimiento.

Señale la respuesta falsa respecto a los puntos de referencia de la clasificación de Praga del esófago de Barrett:",El extremo proximal de la afectación longitudinal y circunferencial del epitelio de Barrett (CM).,Ninguna de las respuestas anteriores es correcta.,El hiato diafragmático.,La unión esofagogástrica.,0caa5d5650481fc86ee6dda9d5b726d887acbbcc85cee9f0bc7661f8a62fc39d,5503d48af1ebea9f6fa62f5cb60d449913f9f8c7254d9916a2094ee04ba12e49,1613,GLM 5.2;Qwen 3.6 35B;Gemma 4 26B,Gemini 3.6 Flash=b;GLM 5.2=c;Qwen 3.6 35B=c;Gemma 4 26B=c,3,b,1,1,c,0,1,c,0,0,c,0,1
31,20,67,3,1,0.75000000,INVARIANT_HARD_CORE,False,openrouter_B-hard200-v1|,36c15ac56405ea3d040ab9ae61939e1cf6c66d54c0d6fac94de52f7635f07902,381,n063,andalucia|2021|cuestionario-teorico|83,new182,,,,Andalucía,2021,aparato-digestivo,cuestionario-teorico,83,False,c,Ninguna de las respuestas anteriores es correcta.,¿Cuál es la complicación digestiva más frecuente en la fibrosis quística?,El reflujo gastroesofágico.,El sobrecrecimiento bacteriano.,Ninguna de las respuestas anteriores es correcta.,El estreñimiento.,d6eb08794ba9ad7647f0382d3b5e3cd4f13c8ae00a1f009ffac7259ddd13900b,e5ad01024825ad8e140d76bc96b1c70d769e15e610f8c3b08115d0cb97e00dc3,197,Gemini 3.6 Flash;Qwen 3.6 35B;Gemma 4 26B,Gemini 3.6 Flash=a;GLM 5.2=c;Qwen 3.6 35B=d;Gemma 4 26B=d,4,a,0,1,c,1,1,d,0,1,d,0,1
32,20,67,3,1,0.75000000,INVARIANT_HARD_CORE,False,openrouter_B-hard200-v1|,44005b3fd49db17c0a4b3281b7a57ace8185762d7ef38d6e93a47376d12f5fb7,196,b300,region-de-murcia|2019|main|111,retained318,,,,Región de Murcia,2019,aparato-digestivo,main,300,True,b,Ninguna de las respuestas anteriores es correcta.,Una de las siguientes opciones es falsa con relación a la inducción de la inmunosupresión (IS) en el trasplante hepático (TH):,Si hay insuficiencia renal se deben evitar los inhibidores de la calcineurina.,Ninguna de las respuestas anteriores es correcta.,"En pacientes de riesgo inmunológico (hepatitis autoinmune, cirrosis biliar primaria y colangitis esclerosante primaria) es recomendable hacer una inducción más potente.",El everólimus es un fármaco útil en los pacientes trasplantados por carcinoma hepatocelular por su función antitumoral.,eb46396e39e091cc7123930e69fe34b8f5fae42acb329b3fe45bbba2eeeb5499,f507db03ab28ee101e28308b9d1493f92cb2aa7550cceccb3082916193cb7676,540,GLM 5.2;Qwen 3.6 35B;Gemma 4 26B,Gemini 3.6 Flash=b;GLM 5.2=c;Qwen 3.6 35B=c;Gemma 4 26B=a,1,b,1,1,c,0,0,c,0,0,a,0,0
33,20,67,3,1,0.75000000,INVARIANT_HARD_CORE,False,openrouter_B-hard200-v1|,4e52b5e315a1ce52d38d82f314dc45dafa9327d2aadf6b170e47ea3d9e6925a3,330,n012,andalucia|2021|cuestionario-practico|117,new182,,,,Andalucía,2021,aparato-digestivo,cuestionario-practico,117,False,b,Ninguna de las respuestas anteriores es correcta.,Que tipo de colección tenía en el segunda ingreso:,Colección peripancreatica aguda.,Ninguna de las respuestas anteriores es correcta.,Necrosis pancreática aguda.,Necrosis encapsulada.,e897f188d7610d6341a2ef19eb0c1fd1132c3eb6963ba82baedba0725f634a4e,b9a508e2dcdcffb61d94a7b8f9ecb0044136727cc3125e9390379aad443608a1,179,Gemini 3.6 Flash;GLM 5.2;Qwen 3.6 35B,Gemini 3.6 Flash=d;GLM 5.2=d;Qwen 3.6 35B=d;Gemma 4 26B=b,1,d,0,0,d,0,0,d,0,1,b,1,0
34,20,67,3,1,0.75000000,INVARIANT_HARD_CORE,False,openrouter_B-hard200-v1|,50bcf9ce1753d97fc7a9a0df5ac60a6e2d097311f28f9b4a1803e69170b77332,304,b478,la-rioja|2021|reserva|102,retained318,,,,La Rioja,2021,aparato-digestivo,reserva,478,True,c,Ninguna de las respuestas anteriores es correcta.,Dentro de las modificaciones en la actual Clasificación de Chicago versión 4.0 (CCv4.0) es falso:,Se requiere una evaluación manométrica y no manométrica adicional para llegar a un diagnóstico concluyente y procesable de obstrucción al flujo de salida de la unión esófago-gástrica (EGJOO).,El espasmo esofágico distal y esófago hipercontráctil son tres patrones manométricos que deben ir acompañados de síntomas esofágicos obstructivos de disfagia y / o dolor torácico no cardíaco para que se consideren clínicamente relevantes.,Ninguna de las respuestas anteriores es correcta.,La definición de motilidad esofágica ineficaz es más estricta y ahora abarca la perístasis fragmentada.,1ed9ffeeb41da57a6331f6b325045d302818c93f61d5dd4a80cd1a40b7118b07,51d752b8e1fcedcb094ba0ce0ec6b861989f5952f8603ad6fd5277602aaf177c,678,GLM 5.2;Qwen 3.6 35B;Gemma 4 26B,Gemini 3.6 Flash=c;GLM 5.2=b;Qwen 3.6 35B=d;Gemma 4 26B=a,3,c,1,1,b,0,1,d,0,0,a,0,1
35,20,67,3,1,0.75000000,INVARIANT_HARD_CORE,False,openrouter_B-hard200-v1|,5549265d0eec0edaeaefae53300aae0b55aae1763bcc3bacaf4fefd75e3ac2b5,385,n067,galicia|2022|main|84,new182,,,,Galicia,2022,aparato-digestivo,main,84,False,c,Ninguna de las respuestas anteriores es correcta.,"Paciente de 75 años, con historia previa de hemorragia digestiva alta secundaria a úlcera gástrica y a tratamiento con corticoides por polimialgia reumática. El paciente presenta una artritis a estudio que precisa tratamiento con AINEs para control sintomático. Tras evaluación exhaustiva del paciente, se determina un riesgo cardiovascular bajo. ¿Qué tratamiento indicaría en este paciente?:",Naproxeno e IBP.,AINEs clásicos e IBP.,Ninguna de las respuestas anteriores es correcta.,Naproxeno y Misoprostol.,8cbb10bad732714a984c6fc613188ae3f51c74e106ed186af6ba6dcd04326a15,6c5c8f1a2a48627497f0997a20aefa90f8f858c4a3600c2254e0bd36f6d0b95e,502,GLM 5.2;Qwen 3.6 35B;Gemma 4 26B,Gemini 3.6 Flash=c;GLM 5.2=a;Qwen 3.6 35B=a;Gemma 4 26B=a,3,c,1,1,a,0,1,a,0,0,a,0,1
36,20,67,3,1,0.75000000,INVARIANT_HARD_CORE,False,openrouter_B-hard200-v1|,585f9970a3f1977c70c891d370003207d5f9adc220aded6f991e6028ad1da375,478,n160,comunidad-de-madrid|2021|main|133,new182,,,,Comunidad de Madrid,2021,aparato-digestivo,main,133,False,b,Ninguna de las respuestas anteriores es correcta.,¿Cuál es el tratamiento adyuvante de elección en los pacientes con adenocarcinoma de páncreas con buen performance status (PS 0-1)?,Radioterapia,Ninguna de las respuestas anteriores es correcta.,Gemcitabina,Capecitabina y gemcitabina,a325ab39bcdb0d1333c1c8312299c1291b99e51db4d280767d092554c4a015e0,0fbb21e280dbf5d0e4487e97efa287b851110d9e5a2f69de6202f0faac2b6c95,229,GLM 5.2;Qwen 3.6 35B;Gemma 4 26B,Gemini 3.6 Flash=b;GLM 5.2=d;Qwen 3.6 35B=d;Gemma 4 26B=d,4,b,1,1,d,0,1,d,0,1,d,0,1
37,20,67,3,1,0.75000000,INVARIANT_HARD_CORE,False,openrouter_B-hard200-v1|,612dad1e5b94ab673f3b58f7540efac57a677411126881040661a0fa359a0536,71,b106,illes-balears|2022|caso-5|109,retained318,,,,Illes Balears,2022,aparato-digestivo,caso-5,106,False,d,Ninguna de las respuestas anteriores es correcta.,"Varón de 32 años sin hábitos tóxicos ni alergias medicamentosas conocidas y sin antecedentes familiares de interés.

Como único antecedente patológico destaca una rectosigmoiditis ulcerosa diagnosticada dos años antes tras una historia de diarrea sanguinolenta intermitente y un tenesmo discreto. En ese momento se hizo una colonoscopia completa con biopsia que mostró una afectación del recto sigma hasta unos 15 cm del margen anal en forma de mucosa eritematosa friable con sangrado con el roce mínimo de predominante en el recto distal. Se descartaron procesos infecciosos intestinales. Las únicas
alteraciones analíticas reseñables en el momento del diagnóstico fueron que era positivo de P-ANCA y tenía una calprotectina fecal de 450 μg/g. Se pautó un tratamiento con enemas de mesalazina.

El paciente permaneció asintomático desde el diagnóstico siguiendo controles en consultas y con cumplimiento terapéutico. Contactó con su servicio de digestivo de referencia por presentar, en las dos semanas previas, un aumento del número de deposiciones con entre cuatro y seis deposiciones al día deshechas con resto hemático fresco en la mayoría de ellas, con imperiosidad, sin respetar descanso nocturno y con dolor abdominal previo a la deposición. No había afectación del estado general. El mes previo al inicio de la sintomatología digestiva inició una lumbalgia intermitente, en ocasiones
intensa, y se automedicó con ibuprofeno en comprimidos de 600 mg de forma puntual.

La exploración física fue normal y se solicitó una analítica completa en la cual destacaba HB: 12,5 gr/dl, VSG y PCR normales, calprotectina: 675 μg/g, FA: 270 UI/L, GGT: 65 UI/L, Bil. total: GOT y GPT normales, ferropenia discreta, resto de parámetros nutricionales normales.

En el caso presentado se hizo una colonoscopia completa que mostró una progresión a pancolitis ulcerosa, se asumió el diagnóstico de brote moderado severo y se controló de manera ambulatoria.

El paciente recibió un tratamiento con adalimumab para conseguir la remisión y se pautó como tratamiento de mantenimiento. Se le asoció, inicialmente, azatioprina que fue retirada por un episodio de pancreatitis leve.

Ante un alto grado de sospecha de colangitis esclerosante primaria (CEP), ¿cuál debe ser la actitud?","Hacer una ecografía y, en caso de ausencia de datos sugestivos, hacer controles analíticos ambulatorios y valorar otra exploración si la colestasis progresa.",Hacer una ecografía y si es normal solicitar un estudio con colangioresonancia. Si no hay lesiones hay que hacer un seguimiento ambulatorio.,Hacer una ecografía y si es normal solicitar un estudio con colangioresonancia. Si no hay lesiones debe hacerse una colangiografía retrograda endoscópica.,Ninguna de las respuestas anteriores es correcta.,7850ed10c42c78b98f8b6782b6cd8c4f91fd0d0fde56b956136d73f7d19a1714,c31a1e5af59c98904e08a3367d5528bac55cc1b5ece7aeec755f0428decf6f26,2767,GLM 5.2;Qwen 3.6 35B;Gemma 4 26B,Gemini 3.6 Flash=d;GLM 5.2=b;Qwen 3.6 35B=b;Gemma 4 26B=b,2,d,1,1,b,0,1,b,0,0,b,0,0
38,20,67,3,1,0.75000000,INVARIANT_HARD_CORE,False,openrouter_B-hard200-v1|,61fa407f17df7c6b9b48b9cb0499d34f96f8f0a35c92f627d37e69230dc70985,266,b414,navarra|2022|teorico-practica|36,retained318,,,,Navarra,2022,aparato-digestivo,teorico-practica,414,True,b,Ninguna de las respuestas anteriores es correcta.,Se estima que el 30% de los pacientes que se someten a una colonoscopia de cribado poblacional van a ser diagnosticados de diverticulosis colónica. Señale la afirmación FALSA en dicha patología:,El escenario más frecuente es el de la diverticulosis asintomática,Ninguna de las respuestas anteriores es correcta.,La clasificación de Hinchey permite estadificar la gravedad de la diverticulitis aguda,"En pacientes con hemorragia diverticular, realizar la colonoscopia en las primeras 24h tras el inicio del sangrado no incrementa la detección de estigmas de sangrado",821a49841a39c2eefdbf7dda0db88123e622ae6e547271e682b8b9fcd3b3bd9b,c1e5f45fc24a7619b53d687426865459fc2a210845bcb389509c880589130060,560,GLM 5.2;Qwen 3.6 35B;Gemma 4 26B,Gemini 3.6 Flash=b;GLM 5.2=d;Qwen 3.6 35B=d;Gemma 4 26B=d,2,b,1,1,d,0,1,d,0,0,d,0,0
39,20,67,3,1,0.75000000,INVARIANT_HARD_CORE,False,openrouter_B-hard200-v1|,6399fdafd01d96588bad75f273f3f7f4308fe28aafff55e31d14b0b6a17c5f2e,115,b175,navarra|2022|caso-clinico-2|100,retained318,,,,Navarra,2022,aparato-digestivo,caso-clinico-2,175,False,c,Ninguna de las respuestas anteriores es correcta.,"Una mañana en la sala de endoscopias en la agenda de cribado de cáncer colorrectal (CCR):

Según las clasificaciones morfológicas de los pólipos: la clasificación de París y sobre todo la clasificación LST (laterally spreading tumors). Señala la VERDADERA","Se sabe que los pólipos con nódulos menores de 1cm y de tamaño similar, se llaman granulares mixtos",Los pólipos planos elevados tienen un porcentaje estimado de invasividad menor del 5%,Ninguna de las respuestas anteriores es correcta.,Los pólipos pseudodeprimidos tienen un porcentaje de invasividad del 10%,14b170d92fbf34a2f1388d50b433f4c772dd8320fef8799bb08999513262d09e,9069cd378a2f67c5a4f9545d7ce44cc5af24f92030565bea20956ec74b7ff99d,560,Gemini 3.6 Flash;GLM 5.2;Qwen 3.6 35B,Gemini 3.6 Flash=b;GLM 5.2=b;Qwen 3.6 35B=b;Gemma 4 26B=c,4,b,0,1,b,0,1,b,0,1,c,1,1
40,20,67,3,1,0.75000000,INVARIANT_HARD_CORE,False,openrouter_B-hard200-v1|,6c474aa74060d29feb7c46d67b91ee4f7a7ba0ac6e446c737a8ad89017309420,153,b232,aragon|2017|main|83,retained318,,,,Aragón,2017,aparato-digestivo,main,232,False,d,Ninguna de las respuestas anteriores es correcta.,Una de las siguientes medidas terapéuticas NO ha demostrado ser de utilidad alguna en el tratamiento de la enfermedad de Ménétrier,Anticuerpos monoclonales frente al factor de crecimiento transformante alfa (TGF-alfa).,Erradicar la infección por H. pylori,Anticolinérgicos.,Ninguna de las respuestas anteriores es correcta.,e47f4fe4dadb163159a78e2d6d8b5d393d4ae6a39212fd71d6eb936a0d14ad0c,ba14330adca7f3120ebccca270cf995675accaaffa20b39715a0da5d571484b9,319,GLM 5.2;Qwen 3.6 35B;Gemma 4 26B,Gemini 3.6 Flash=d;GLM 5.2=a;Qwen 3.6 35B=c;Gemma 4 26B=c,2,d,1,1,a,0,1,c,0,0,c,0,0
41,20,67,3,1,0.75000000,INVARIANT_HARD_CORE,False,openrouter_B-hard200-v1|,70b22c91784b8f1619d9688a7398ffa9fce97211ebc73a46cf50a7295a0fa025,497,n179,navarra|2022|teorico-practica|48,new182,,,,Navarra,2022,aparato-digestivo,teorico-practica,48,False,d,Ninguna de las respuestas anteriores es correcta.,"En cuál de los siguientes casos, está autorizada por el Ministerio de Sanidad, la vacunación frente al herpes zóster (Shingrix):",En todos los pacientes con diagnóstico de EII,En pacientes con EII en tratamiento con fármacos biológicos,En todos los pacientes con EII en tratamiento con fármacos inhibidores de la JAK-kinasa,Ninguna de las respuestas anteriores es correcta.,9d700c790f1fbf46445533e6581963a7b471e3c363ef80066804b04515269b0c,95ed78a9f283d3f2a21f926c6c9e2605d6299cb7da0564cc06634b845a871f71,368,Gemini 3.6 Flash;GLM 5.2;Qwen 3.6 35B,Gemini 3.6 Flash=c;GLM 5.2=c;Qwen 3.6 35B=b;Gemma 4 26B=d,3,c,0,1,c,0,1,b,0,1,d,1,0
42,20,67,3,1,0.75000000,INVARIANT_HARD_CORE,False,openrouter_B-hard200-v1|,8d4850287c7081228c712f82f306f089fa6768864395258067c9a5029b48b872,235,b359,galicia|2016|reserva-especifica|109,retained318,,,,Galicia,2016,aparato-digestivo,reserva-especifica,359,True,d,Ninguna de las respuestas anteriores es correcta.,La ligadura endoscópica con bandas se considera el tratamiento de elección tanto en los episodios de hemorragia aguda por varices esofágicas como en la profilaxis secundaria de la misma. En relación con las complicaciones asociadas al procedimiento endoscópico señala la afirmación FALSA:,Tras la realización del procedimiento se observa aparición de úlceras esofágicas en la zona de colocación de bandas en un 5-15% de los pacientes y es una de sus principales complicaciones.,"La incidencia de aparición de úlceras esofágicas post-ligadura de varices esofágicas es más frecuente tras el tratamiento del episodio agudo de hemorragia por varices, que en las ligaduras programadas como profilaxis secundaria.","Tras la obliteración de las varices esofágicas después de las sesiones de bandas necesarias, se recomienda vigilancia endoscópica cada 3-6 meses dada la posibilidad de recurrencia.",Ninguna de las respuestas anteriores es correcta.,ffcfae5740c528f2fc9c0e79e044bf2f63abd4a84793eb37413665c55739db20,b072545c9575e3b4de63316f6c9fe2567f25228d2dc65b693151de2eb5c80553,933,Gemini 3.6 Flash;GLM 5.2;Qwen 3.6 35B,Gemini 3.6 Flash=a;GLM 5.2=b;Qwen 3.6 35B=b;Gemma 4 26B=d,4,a,0,1,b,0,1,b,0,1,d,1,1
43,20,67,3,1,0.75000000,INVARIANT_HARD_CORE,False,openrouter_B-hard200-v1|,8fb53b73ad93e19199d742e3a49b4729b046660cc75e9b1064f7abcc490de3d5,197,b301,aragon|2017|reserva-especifica|104,retained318,,,,Aragón,2017,aparato-digestivo,reserva-especifica,301,False,c,Ninguna de las respuestas anteriores es correcta.,Respecto a las indicaciones de vacunación preexposición de la hepatitis A vigentes en España (2017) señale lo correcto:,Convivientes con pacientes con Hepatitis aguda por virus A.,"Viaje a un país endémico, iniciando la pauta 1 semana antes del viaje.",Ninguna de las respuestas anteriores es correcta.,"Antecedente de haber consumido drogas por vía parenteral, sin consumo actual.",f254a6780db70c06625d93b5d13edf7b03ecd0f5e91aac3a9253f118a7908624,5b64af591ae642cebc740428edf6cc26f28e61071a877d05fd6ad9f264c70e7b,374,Gemini 3.6 Flash;GLM 5.2;Qwen 3.6 35B,Gemini 3.6 Flash=b;GLM 5.2=d;Qwen 3.6 35B=b;Gemma 4 26B=c,4,b,0,1,d,0,1,b,0,1,c,1,1
44,20,67,3,1,0.75000000,INVARIANT_HARD_CORE,False,openrouter_B-hard200-v1|,93f7eaec51a179889174dd8aec7ddf64b0a78e6fb275f5db063c47458734f67f,427,n109,la-rioja|2021|main|79,new182,,,,La Rioja,2021,aparato-digestivo,main,79,False,b,Ninguna de las respuestas anteriores es correcta.,En CPRE (colangiopancreatografía retrograda endoscópica) la canulación difícil se define como:,Canulación simple fallida antes de 5 minutos del primer intento.,Ninguna de las respuestas anteriores es correcta.,Canulación simple fallida después de 10-20 minutos del primer intento.,Canulación simple fallida después de 15-30 minutos del primer intento.,2f2cfca41824697447f6ac6f0c2664c517f461f2dcb54bc60349518c355ae17b,aa7ce2596ac145fc0844aa57a945b4bf633bfcd6383c37f18710b8fb26521c6e,347,GLM 5.2;Qwen 3.6 35B;Gemma 4 26B,Gemini 3.6 Flash=b;GLM 5.2=c;Qwen 3.6 35B=c;Gemma 4 26B=d,2,b,1,1,c,0,0,c,0,1,d,0,0
45,20,67,3,1,0.75000000,INVARIANT_HARD_CORE,False,openrouter_B-hard200-v1|,9b4ec04a470e4042871856882007af8e375fe218aaf438c545cdef30c823cfb3,23,b36,illes-balears|2022|caso-2|37,retained318,,,,Illes Balears,2022,aparato-digestivo,caso-2,36,False,b,Ninguna de las respuestas anteriores es correcta.,"Varón de 63 años remitido a la unidad de endoscopia para hacerle una gastroscopia por un reflujo de larga evolución (superior a 10 años). El paciente es obeso, hipertenso y fumador. Refiere disfagia a sólidos desde hace un mes. Se hace una gastroscopia que detecta a 32 cm de las arcadas dentarias la presencia de una mucosa ectópica que se extiende hasta la unión esofagogástrica situada a 38 cm de las arcadas dentarias en donde se aprecian signos de esofagitis por reflujo grado C.
Se pauta un tratamiento médico y se hace una nueva gastroscopia a las ocho semanas. En ella se aprecia la mucosa ectópica descrita previamente sugestiva de esófago de Barrett (C5M6) con una cicatrización completa de la esofagitis por reflujo y a 35 cm de las arcadas dentarias se aprecia un área irregular sobreelevada de unos 8 mm (0-Is) diferente al resto de la mucosa circundante. Se hacen biopsias de forma aleatoria de la lesión descrita, suponiendo que puede tratarse de un esófago de Barrett según el protocolo de Seattle. Los resultados de la lesión visible en el esófago confirman un esófago
de Barrett con metaplasia intestinal y presencia de focos de displasia de grado alto y las biopsias aleatorias confirmaban el esófago de Barrett sin displasia. Se planifica una estrategia de tratamiento y seguimiento.

Señale la afirmación correcta en referencia a la toma de biopsias en el esófago de Barrett:",Se deben hacer biopsias de forma aleatoria de cualquier sitio.,Ninguna de las respuestas anteriores es correcta.,Solo se deben biopsiar las áreas sospechosas.,Se deben hacer biopsias de los cuatro cuadrantes por cada centímetro de Barrett en botes separados.,ef05f0e397859da238119f60985df869ed0f4e4363164bf9f7e1f09939dd4258,11e776b5df425beeecba8dbbf1371cacd97e27945e6f73edc49c760599be0c20,1651,GLM 5.2;Qwen 3.6 35B;Gemma 4 26B,Gemini 3.6 Flash=b;GLM 5.2=d;Qwen 3.6 35B=d;Gemma 4 26B=d,4,b,1,1,d,0,1,d,0,1,d,0,1
46,20,67,3,1,0.75000000,INVARIANT_HARD_CORE,False,openrouter_B-hard200-v1|,a0b0a135c95bfe3e9363da80e2ca7a47c4b2e390ccd84262f3df78b082833d6d,61,b88,illes-balears|2022|caso-4|91,retained318,,,,Illes Balears,2022,aparato-digestivo,caso-4,88,False,b,Ninguna de las respuestas anteriores es correcta.,"Mujer de 18 años sin antecedentes personales ni familiares de interés y sin hábitos tóxicos. Ingresa por fiebre, pérdida de peso asociada a hiporexia, diarrea de comienzo reciente sin productos patológicos y dolor abdominal de dos semanas de evolución.

Exploración. Temperatura: 37,6 °C; TA: 100/60 mmHg; consciente, orientada, eupneica; peso: 40 quilos, talla: 155 cm, delgadez, retraso del desarrollo puberal, palidez discreta, bien hidratada y perfundida. No se palparon adenopatías. La auscultación cardiorrespiratoria fue normal y la exploración abdominal no mostró hallazgos de interés. En la
inspección anal se observó una hemorroide centinela y una fisura anal en el rafe posterior.

En la analítica destacaban, hemoglobina: 9,9 g/dl; hematocrito: 34 %; VCM: 81 fl; leucocitos: 15.600 /μl (82 % neutrófilos); plaquetas: 699.000 /μl; VSG: 41 Fe: 15 μg/dl; ferritina: 247 ng/ml; proteína C reactiva: 9,7 mg/dl.

Los coprocultivos y los parásitos en heces fueron negativos.
En la colonoscopia se exploró hasta el ciego y se hizo una ileoscopia de los últimos 10 cm. En todo el trayecto explorado se apreciaron úlceras profundas serpiginosas entre áreas de mucosa sana y se tomaron muestras para biopsia. Las biopsias del íleon y el colon fueron compatibles con una inflamación crónica activa.

En el seguimiento de la enfermedad de Crohn, tras una resección intestinal, ¿cuándo debe recomendarse una ileocolonoscopia?",A los 3 meses.,Ninguna de las respuestas anteriores es correcta.,A los 12 meses.,No es necesario realizar una ileocolonoscopia después de la cirugía.,681cadcc848eef420b3342cc4b5f9687e92cc1361da12f390edfd20d6337e75b,63dcaf00bd90e8361905bc3adae0bc4cc3dab878e9b7f7e67865c038bebd56e4,1569,Gemini 3.6 Flash;GLM 5.2;Gemma 4 26B,Gemini 3.6 Flash=c;GLM 5.2=c;Qwen 3.6 35B=b;Gemma 4 26B=c,3,c,0,1,c,0,1,b,1,1,c,0,0
47,20,67,3,1,0.75000000,INVARIANT_HARD_CORE,False,openrouter_B-hard200-v1|,a0d90658f357f1fac53a3511230df8792a6d00a5828b41957cb84f003b3c4903,252,b383,comunitat-valenciana|2022|main|39,retained318,,,,Comunitat Valenciana,2022,aparato-digestivo,main,383,True,b,Ninguna de las respuestas anteriores es correcta.,Según la guía ECCO señala la respuesta falsa respecto al grado de inmunosupresión de los diferentes agentes terapéuticos:,"La BUDESONIDA oral produce inmunosupresión sistémica en las dosis de 6 y 9 mg, pero no en la de 3 mg.",Ninguna de las respuestas anteriores es correcta.,Las dosis bajas de AZATIOPRINA (por ejemplo 1 mg/kg/día) pueden considerarse baja inmunosupresión.,Los AMINOSALICILATOS no producen inmunosupresión sistémica.,aaa08224fddb669b99a45fb4dec6d9bb573b4caf947efbf80bab77d21044bcb9,f04439cdcf1e62110a7528029aadcb63d177a404520695727c64bee6c6428677,428,Gemini 3.6 Flash;GLM 5.2;Gemma 4 26B,Gemini 3.6 Flash=a;GLM 5.2=a;Qwen 3.6 35B=b;Gemma 4 26B=a,4,a,0,1,a,0,1,b,1,1,a,0,1
48,20,67,3,1,0.75000000,INVARIANT_HARD_CORE,False,openrouter_B-hard200-v1|,a5bc8aa09b0a04a96829ea992d16b70e28be4fff317dd0e271d3460745138c8a,459,n141,galicia|2016|main|87,new182,,,,Galicia,2016,aparato-digestivo,main,87,False,c,Ninguna de las respuestas anteriores es correcta.,"En el manejo del paciente con pancreatitis crónica e insuficiencia pancreática exocrina (IPE), señale la opción verdadera:",La IPE leve se define por la secreción pancreática normal de enzimas asociada a disminución de la concentración de bicarbonato en el jugo duodenal.,La esteatorrea es evidente cuando la secreción de lipasa es inferior al 50 por ciento de su valor normal.,Ninguna de las respuestas anteriores es correcta.,Los inhibidores de la bomba de protones disminuyen la eficacia de la terapia sustitutiva con enzimas de la IPE.,f5c7cad13500866619b37db86e0b48e60c75d0da62bc29c702f8140702f21fff,5bacd07d2e4c0f7a4128fa8a2aa3d227f0e48e2cd128ae6eddcc99f89d519d54,534,Gemini 3.6 Flash;GLM 5.2;Gemma 4 26B,Gemini 3.6 Flash=a;GLM 5.2=a;Qwen 3.6 35B=c;Gemma 4 26B=d,1,a,0,0,a,0,0,c,1,0,d,0,1
49,20,67,3,1,0.75000000,INVARIANT_HARD_CORE,False,openrouter_B-hard200-v1|,af576fee21a68da72e3e0e74d620cb2f31b03d8b399903a355241fbd730c42dd,31,b46,illes-balears|2022|caso-2|48,retained318,,,,Illes Balears,2022,aparato-digestivo,caso-2,46,False,b,Ninguna de las respuestas anteriores es correcta.,"Varón de 63 años remitido a la unidad de endoscopia para hacerle una gastroscopia por un reflujo de larga evolución (superior a 10 años). El paciente es obeso, hipertenso y fumador. Refiere disfagia a sólidos desde hace un mes. Se hace una gastroscopia que detecta a 32 cm de las arcadas dentarias la presencia de una mucosa ectópica que se extiende hasta la unión esofagogástrica situada a 38 cm de las arcadas dentarias en donde se aprecian signos de esofagitis por reflujo grado C.
Se pauta un tratamiento médico y se hace una nueva gastroscopia a las ocho semanas. En ella se aprecia la mucosa ectópica descrita previamente sugestiva de esófago de Barrett (C5M6) con una cicatrización completa de la esofagitis por reflujo y a 35 cm de las arcadas dentarias se aprecia un área irregular sobreelevada de unos 8 mm (0-Is) diferente al resto de la mucosa circundante. Se hacen biopsias de forma aleatoria de la lesión descrita, suponiendo que puede tratarse de un esófago de Barrett según el protocolo de Seattle. Los resultados de la lesión visible en el esófago confirman un esófago
de Barrett con metaplasia intestinal y presencia de focos de displasia de grado alto y las biopsias aleatorias confirmaban el esófago de Barrett sin displasia. Se planifica una estrategia de tratamiento y seguimiento.

¿Cuál de las siguientes técnicas ablativas del EB después de la radiofrecuencia se considera de segunda línea en las últimas guías clínicas?",Argón plasma coagulation.,Ninguna de las respuestas anteriores es correcta.,Terapia fotodinámica.,Termoterapia por microondas.,68d42634f1b8061a1efa0a9004d3a0eb189ec2b0bd985c098930530f9ea929f9,a7f174406f04cb86cce321392ac0099b182f4d8c853d89ea7b290c254aceeb13,1568,Gemini 3.6 Flash;GLM 5.2;Gemma 4 26B,Gemini 3.6 Flash=a;GLM 5.2=a;Qwen 3.6 35B=b;Gemma 4 26B=c,3,a,0,1,a,0,1,b,1,1,c,0,0
50,20,67,3,1,0.75000000,INVARIANT_HARD_CORE,False,openrouter_B-hard200-v1|,b357c7571b38068f4a0b7a85808438ffe79204920bb9dd3829573866688565a0,337,n019,andalucia|2021|cuestionario-teorico|91,new182,,,,Andalucía,2021,aparato-digestivo,cuestionario-teorico,91,False,c,Ninguna de las respuestas anteriores es correcta.,"¿Cuál de las siguientes vacunas recomienda el grupo español de trabajo de Enfermedad de Crohn y Colitis Ulcerosa (GETECCU) en pacientes inmunocomprometidos, pero no en inmunocompetentes?",Varicela.,Tétanos-difteria.,Ninguna de las respuestas anteriores es correcta.,Pneumococo Polisacáridos (23-valente).,638326f954af16c259bec472981e1f974e441e4e25ccc26591aead41a594654c,2c5b795529990bc8314db86ebc644e0f1189e1be6a2b5cb4b2c0db1be6027528,299,Gemini 3.6 Flash;Qwen 3.6 35B;Gemma 4 26B,Gemini 3.6 Flash=d;GLM 5.2=c;Qwen 3.6 35B=d;Gemma 4 26B=a,1,d,0,1,c,1,0,d,0,0,a,0,0
51,20,67,3,1,0.75000000,INVARIANT_HARD_CORE,False,openrouter_B-hard200-v1|,b9856a388610489058939130f8550ab384636bf603ad7d31a4dba2cee2d244c6,481,n163,aragon|2017|main|74,new182,,,,Aragón,2017,aparato-digestivo,main,74,False,b,Ninguna de las respuestas anteriores es correcta.,"Respecto a los efectos adversos de los anti-TNF, ¿Cuál de las siguientes afirmaciones es cierta? :","La forma más frecuente de presentación de la psoriasis inducida por anti-TNF es ""en gotas""",Ninguna de las respuestas anteriores es correcta.,La monoterapia con anti-TNF se asocia claramente a un mayor riesgo de linfomas,Los anti-TNF en monoterapia no aumentan el riesgo de melanomas,61cc4dda4920194e734841135069ff2d54989510cbe24f810a67333081b30351,6c7d5da36807e756b32dda2306420bab5a5ca4c372ee3c98bedeb809afc0e644,377,GLM 5.2;Qwen 3.6 35B;Gemma 4 26B,Gemini 3.6 Flash=b;GLM 5.2=d;Qwen 3.6 35B=d;Gemma 4 26B=a,3,b,1,1,d,0,1,d,0,0,a,0,1
52,20,67,3,1,0.75000000,INVARIANT_HARD_CORE,False,openrouter_B-hard200-v1|,bbd4ed39bd61d2b36e956c8acb0a6c8f7cf3e6d862df2bf0e044473112e9948d,356,n038,andalucia|2021|cuestionario-teorico|66,new182,,,,Andalucía,2021,aparato-digestivo,cuestionario-teorico,66,False,b,Ninguna de las respuestas anteriores es correcta.,"Un varón de 49 años sin antecedentes de pancreatitis tiene una TC que muestra un quiste pancreático de 1,8 cm compatible con neoplasia papilar mucinosa intraductal, sin nódulos murales y con un conducto pancreático principal de calibre normal. ¿Qué actitud considera la mejor opción a seguir?",Realización de ecoendoscopia ahora.,Ninguna de las respuestas anteriores es correcta.,Realización de colangiopancreatografía por resonancia magnética en 2 años.,Remisión del paciente a cirugía para resección quirúrgica.,10f196add86daaa3e477ca66131d7c1fa77c436558e41df57548be9ea9631928,8c40010ef8cb7dd89ba32f92985245d26afcfab422a01a2c2e861d271dbc3ce1,508,GLM 5.2;Qwen 3.6 35B;Gemma 4 26B,Gemini 3.6 Flash=b;GLM 5.2=c;Qwen 3.6 35B=c;Gemma 4 26B=c,4,b,1,1,c,0,1,c,0,1,c,0,1
53,20,67,3,1,0.75000000,INVARIANT_HARD_CORE,False,openrouter_B-hard200-v1|,c6032f606ace1f654a2785534e0d2c14f1d512d3113b6db1b6ab978c12cfac4f,389,n071,la-rioja|2021|main|10,new182,,,,La Rioja,2021,aparato-digestivo,main,10,False,c,Ninguna de las respuestas anteriores es correcta.,"Un paciente que ha requerido una resección ileocecal por enfermedad de Crohn hace 18 meses presenta en una colonoscopia 9 meses tras la intervención un índice de Rutgeerts i1. Desde hace 3 meses presenta dolor abdominal de tipo cólico y distensión abdominal. Se realiza una analítica general donde todos los parámetros de inflamación son estrictamente normales y una calprotectina fecal de 80 mcg/g. Ante esta situación, señale la respuesta correcta:","A pesar de tener analítica normal, el paciente presenta una calprotectina fecal elevada y es muy probable que tenga recurrencia postquirúrgica.","Probablemente se trate de un trastorno funcional, ya que tanto la analítica como la calprotectina fecal son normales.",Ninguna de las respuestas anteriores es correcta.,Es necesario realizar una dilatación endoscópica de la anastomosis ileocólica para poder valorar el neoíleon terminal.,ef72bceae34d002304968d47b0112c02b9755eac6a86b9657299c87baf4d6ce9,3c0a57e7ff5cf091b37bb52e735e185ce1eea34923024a9a965afcda03b60ec4,877,GLM 5.2;Qwen 3.6 35B;Gemma 4 26B,Gemini 3.6 Flash=c;GLM 5.2=b;Qwen 3.6 35B=b;Gemma 4 26B=b,1,c,1,1,b,0,0,b,0,0,b,0,0
54,20,67,3,1,0.75000000,INVARIANT_HARD_CORE,False,openrouter_B-hard200-v1|,d12628aa93185695d3ea00ad67bc671428638dbe5877e18be8961caca6cb058f,436,n118,andalucia|2022|cuestionario-teorico|50,new182,,,,Andalucía,2022,aparato-digestivo,cuestionario-teorico,50,False,d,Ninguna de las respuestas anteriores es correcta.,"Un paciente de 73 años de edad, colecistectomizado 4 días antes, presenta distensión abdominal con dolor y disminución de ruidos intestinales. Abdomen con distensión, ruidos disminuidos y dolorimiento difuso a la palpación. En una radiografía simple de abdomen se observa un diámetro cecal de 9 cm. Tras medidas conservadoras, se repite la radiografía a los 3 días, sin cambios. ¿Cuál sería su recomendación más adecuada para este paciente?",Inserción de sonda nasogástrica de descompresión.,Cirugía para resección de colon segmentaria.,Descompresión endoscópica emergente.,Ninguna de las respuestas anteriores es correcta.,ec8b53142710d11bb77670335ddd33dd5ad2465230f03d2db5e4be0ac6134d4a,4e94908cdfa1794b89160855a6e3fc3b5dabc2dfb51ed6815a190390a491b156,618,GLM 5.2;Qwen 3.6 35B;Gemma 4 26B,Gemini 3.6 Flash=d;GLM 5.2=c;Qwen 3.6 35B=c;Gemma 4 26B=b,3,d,1,1,c,0,1,c,0,1,b,0,0
55,20,67,3,1,0.75000000,INVARIANT_HARD_CORE,False,openrouter_B-hard200-v1|,d1fd7ccbec54cf6fcd72ac447b6c6402afa2f8cd30adccfe47782bf70b9db13e,350,n032,galicia|2016|main|7,new182,,,,Galicia,2016,aparato-digestivo,main,7,False,c,Ninguna de las respuestas anteriores es correcta.,"La insuficiencia o fallo hepático agudo sobre crónico es una complicación frecuente en pacientes con cirrosis hepática y de alta mortalidad a corto plazo, en relación con el establecimiento de una situación de fallo multiorgánico. La identificación precoz del síndrome y el tratamiento de soporte es importante dada su progresión rápida y sus consecuencias pronósticas. Se han establecido una serie de índices pronósticos para la estratificación del riesgo y ayuda a la toma de decisiones. ¿Qué aseveración es correcta?",La insuficiencia hepática aguda sobre crónica se clasifica en 3 estadíos de gravedad en función del número y tipo de fallo de órganos observados. El estadío al diagnóstico se considera el mayor factor determinante de mortalidad a corto plazo y los estadíos grado 3 (>3 fallos de órgano) en el momento del diagnóstico se consideran irreversibles.,"Diferentes factores precipitantes favorecen el desarrollo de insuficiencia hepática aguda sobre crónica, tales como infecciones activas, alcoholismo activo o reactivación del VHB. Identificar y tratar el factor precipitante juega un papel clave en el pronóstico del cuadro, los casos en los que no se identifica el factor precipitante se asocian a mayor mortalidad.",Ninguna de las respuestas anteriores es correcta.,"La insuficiencia hepática aguda sobre crónica puede aparecer tanto en cirroticos compensados, representando el primer episodio de descompensación, como en cirróticos con descompensación previa. En estos casos de cirrosis descompensada previamente con episodios previos de ascitis, encefalopatía o HDA, el síndrome presenta peor pronóstico y mayor mortalidad.",12b32ba9f2b1baa5fd54ace8139051a4bb5eae7ec8ecfef9b438ae3082f1a3e8,39dced0841e257c80d966b585310dea5ac91a074df64c45f39c23d80e9b8533f,1636,GLM 5.2;Qwen 3.6 35B;Gemma 4 26B,Gemini 3.6 Flash=c;GLM 5.2=d;Qwen 3.6 35B=d;Gemma 4 26B=b,2,c,1,1,d,0,0,d,0,0,b,0,1
56,20,67,3,1,0.75000000,INVARIANT_HARD_CORE,False,openrouter_B-hard200-v1|,d6250b4a0b01e66447a3ebff4a223e0eac72ca1022bd93db74b76aeb6c6a4b57,414,n096,comunidad-de-madrid|2021|main|14,new182,,,,Comunidad de Madrid,2021,aparato-digestivo,main,14,False,b,Ninguna de las respuestas anteriores es correcta.,Indica cuál es un factor de mal pronóstico para la cirugía en la colitis ulcerosa:,Edad menor de 40 años,Ninguna de las respuestas anteriores es correcta.,Enfermedad limitada al recto,Historia de infecciones oportunistas,930b22828c6069f441b2af9aa4eba997128f1b029f78854c08fc7bb1f4ef2a01,78bfdb9cd25b8631bbf91cf7eac0aeb0f2855521b6488e9d9d8076647a253b75,216,GLM 5.2;Qwen 3.6 35B;Gemma 4 26B,Gemini 3.6 Flash=b;GLM 5.2=d;Qwen 3.6 35B=d;Gemma 4 26B=d,4,b,1,1,d,0,1,d,0,1,d,0,1
57,20,67,3,1,0.75000000,INVARIANT_HARD_CORE,False,openrouter_B-hard200-v1|,d94de818fb76614f3e3fc317a5e1b478b5fcc4e50f7c8c7353bb3a13f6fa7bd6,322,n004,galicia|2022|main|99,new182,,,,Galicia,2022,aparato-digestivo,main,99,False,c,Ninguna de las respuestas anteriores es correcta.,La técnica POEM (Miotomía Peroral Endoscópica) está especialmente indicada en los pacientes que presentan:,Acalasia tipo I.,Acalasia tipo II.,Ninguna de las respuestas anteriores es correcta.,Espasmo Esofágico Distal.,978b507322b56134356879445e8b8813d148cc60bbe213d145d0974649422ce7,424d62c9e334914ad61d0c51e6c375e9277071f2b51b195e99866eda820ac958,213,Gemini 3.6 Flash;Qwen 3.6 35B;Gemma 4 26B,Gemini 3.6 Flash=d;GLM 5.2=c;Qwen 3.6 35B=b;Gemma 4 26B=b,4,d,0,1,c,1,1,b,0,1,b,0,1
58,20,67,3,1,0.75000000,INVARIANT_HARD_CORE,False,openrouter_B-hard200-v1|,dd802342a81ae2e51791de1ed2a8b7ea5ad2a0d83a0bff416737e2af9d1e27ef,239,b364,comunitat-valenciana|2022|main|35,retained318,,,,Comunitat Valenciana,2022,aparato-digestivo,main,364,False,c,Ninguna de las respuestas anteriores es correcta.,En relación a la enfermedad de Whipple:,"La respuesta inicial al tratamiento con antibióticos suele ser rápida, aunque la diarrea suele ser el síntoma que más tarda en resolverse.",Sólo los humanos y los cerdos parecen verse afectados por esta enfermedad.,Ninguna de las respuestas anteriores es correcta.,Doxicilina 100 mg dos veces al día es una buena alternativa de tratamiento debido a su buena penetración a nivel del sistema nervioso central.,52e2c0905cb0d217a0f6f4f25336b93cac695bdc3c5b11d8376b56ce10e58666,4f2f9b92ef62d60900a50beba05d10a37e9b0da526a89bfe248dd037aeffccf0,442,GLM 5.2;Qwen 3.6 35B;Gemma 4 26B,Gemini 3.6 Flash=c;GLM 5.2=d;Qwen 3.6 35B=a;Gemma 4 26B=a,4,c,1,1,d,0,1,a,0,1,a,0,1
59,20,67,3,1,0.75000000,INVARIANT_HARD_CORE,False,openrouter_B-hard200-v1|,deb2cffd30251871c4beebe11ec2c20e46c034534d95ffb6af6ced597144c352,359,n041,galicia|2022|main|23,new182,,,,Galicia,2022,aparato-digestivo,main,23,False,b,Ninguna de las respuestas anteriores es correcta.,Paciente de 32 años que ingiere sustancia cáustica con fines autolíticos. La endoscopia muestra presencia de úlceras profundas y hemorragia con afectación circunferencial. Señale la Clasificación Zargar que corresponde a estos hallazgos endoscópicos:,Zargar IIa.,Ninguna de las respuestas anteriores es correcta.,Zargar IIIa.,Zargar IIIb.,498d5ffa14ed45fd77d6281294f541a4d8ae67eba138f311d6959aa93fb9f3f6,9a185ccb0435c72b57086767e7675cbe19ff02786f188412069200ef9425878b,334,GLM 5.2;Qwen 3.6 35B;Gemma 4 26B,Gemini 3.6 Flash=b;GLM 5.2=c;Qwen 3.6 35B=d;Gemma 4 26B=d,2,b,1,1,c,0,1,d,0,0,d,0,0
60,20,67,3,1,0.75000000,INVARIANT_HARD_CORE,False,openrouter_B-hard200-v1|,e0e38f6e12cfef602fd0986f4147b8d7204398cae33928034aee09cfb8495bea,43,b61,illes-balears|2022|caso-3|63,retained318,,,,Illes Balears,2022,aparato-digestivo,caso-3,61,False,c,Ninguna de las respuestas anteriores es correcta.,"Paciente varón de 62 años con antecedentes de enolismo superior a 60 g/día de veinte años de evolución y fumador de 25 paquetes/año desde los 17 años.

Antecedente de dos ingresos por pancreatitis agudas leves en los últimos tres años. En los últimos tres meses presenta un cuadro de diarrea en forma de cuatro deposiciones al día, dolor abdominal continuo y diario, localizado en el epigastrio que no mejora con paracetamol. Además, refiere que ha perdido cuatro quilos. Se le hace una gastroscopia que es normal. Una TC abdominal revela la presencia de múltiples calcificaciones parenquimatosas en
la cabeza del páncreas, dilatación del conducto pancreático principal, una lesión quística de 10 mm en el cuerpo pancreático y atrofia de la cola de páncreas. Los coprocultivos, los parásitos en heces y la toxina de Clostridium difficile en heces son negativos, la serología de celiaquía negativa y las hormonas tiroideas son normales.

Elementos relevantes de la analítica. Glucosa: 124 mg/dl, GGT: 101 U/L, AST: 55 U/L, ALT: 65 U/L, VCM: 102 fl, BI total: 1,4 mg/dl, triglicéridos: 180 mg/dl, amilasa: 125 U/L, lipasa: 25 U/L.
El resto del hemograma y de la bioquímica está dentro de valores normales.

Las pruebas para determinar la insuficiencia pancreática exocrina demuestran una insuficiencia pancreática exocrina (IPE) grave.

22 meses después del diagnóstico el paciente ingresa por ictericia conjuntival y cutánea con cifras de bilirrubina de 9 mg/dl (de predominio directo) y colestasis marcada en la analítica. Una ecografía abdominal en urgencias muestra una dilatación de la vía biliar extrahepática.

Una TC abdominal con protocolo pancreático objetiva una lesión sólida en la cabeza del páncreas de 2,7 x 2,5 cm con dilatación de la vía biliar extrahepática de 13 mm. No se observan lesiones hepáticas ocupantes de espacio. La lesión está en contacto con la arteria mesentérica superior en más de 180° con presencia de una trombosis portal.

¿Qué debe solicitarse como primera estrategia para drenar inicialmente la vía biliar?",Drenaje por vía transparietohepática con colocación de un drenaje metálico no recubierto.,CPRE con colocación de un drenaje metálico no recubierto.,Ninguna de las respuestas anteriores es correcta.,Drenaje interno-externo por vía transparietohepática y colocación posterior de un drenaje biliar de plástico por vía endoscópica.,31cd5f04f9c12d2128b5fe7af216e59819ebd4fd3e687abd4f1d3a1dc60f96a3,cfbec28db6711c6d16e7a4505ab01e1962db239c48daa61ddd3f540a49c4a7c6,2367,GLM 5.2;Qwen 3.6 35B;Gemma 4 26B,Gemini 3.6 Flash=c;GLM 5.2=b;Qwen 3.6 35B=b;Gemma 4 26B=a,2,c,1,1,b,0,0,b,0,1,a,0,0
61,20,67,3,1,0.75000000,INVARIANT_HARD_CORE,False,openrouter_B-hard200-v1|,e96f9f064d1f8ea9f38437fd8e2ec0b1af082e64d03412f19c41cb6e6e19ae0d,376,n058,galicia|2016|main|90,new182,,,,Galicia,2016,aparato-digestivo,main,90,False,c,Ninguna de las respuestas anteriores es correcta.,"El estadio de un adenocarcinoma sobre mucosa metaplásica de Barrett, que invade la muscularis mucosa es:",T1a m1,T1b sm1,Ninguna de las respuestas anteriores es correcta.,T1a m2,ea588265773e994218ddfa867c41f09a3b741a87bb600ac7596f0783b69b37ec,4bea9d784491e9f790a94dcb92b52c95840a939296c8c277ebc2c00b595fcedf,172,GLM 5.2;Qwen 3.6 35B;Gemma 4 26B,Gemini 3.6 Flash=c;GLM 5.2=d;Qwen 3.6 35B=d;Gemma 4 26B=a,2,c,1,1,d,0,0,d,0,1,a,0,0
62,20,67,3,1,0.75000000,INVARIANT_HARD_CORE,False,openrouter_B-hard200-v1|,e9e9033ff18689093178b062360eedfd7119681206aeb5c2c28e973a3c868344,311,b486,galicia|2016|reserva-especifica|104,retained318,,,,Galicia,2016,aparato-digestivo,reserva-especifica,486,False,b,Ninguna de las respuestas anteriores es correcta.,Señala cuál de los factores descritos puede incrementar la posibilidad de progresión de la hepatopátia alcohólica y del desarrollo de hepatocarcinoma.,La deficiencia de Zinc y vitaminas del complejo B.,Ninguna de las respuestas anteriores es correcta.,La desnutrición asociada al alcoholismo.,A y B son ciertas.,81ae6d1559a4bbe48b73cb51a3a6794f614d58737b9eb9418233768274a8e768,f21bfb666e39e7e53f43af17f0b41adc5224797c2efcc97424d507d6477d5f74,307,GLM 5.2;Qwen 3.6 35B;Gemma 4 26B,Gemini 3.6 Flash=b;GLM 5.2=c;Qwen 3.6 35B=c;Gemma 4 26B=c,2,b,1,1,c,0,0,c,0,1,c,0,0
63,20,67,3,1,0.75000000,INVARIANT_HARD_CORE,False,openrouter_B-hard200-v1|,eba07ded1f2c10a8b181f71f6ee49edba616677ac0adc0132940ad5bee72e210,357,n039,andalucia|2021|cuestionario-practico|113,new182,,,,Andalucía,2021,aparato-digestivo,cuestionario-practico,113,False,c,Ninguna de las respuestas anteriores es correcta.,"Finalmente, el paciente tuvo que ser ingresado en UCI por fracaso respiratorio, donde necesita intubación. Pasadas cuatro semanas de su ingreso en UCI se realiza un nuevo TAC de abdomen en el que se describe una gran colección encapsulada compuesta de material sólido y quístico, situada en posición retrogástrica, de unos 12 cm de diámetro mayor. ¿Qué puede decir de la colección en cuestión?",Que por su tamaño y el previsible compromiso de órganos adyacentes necesita ser drenada mediante ecoendoscopia.,Que por su tamaño y el corto tiempo de evolución que lleva necesita drenaje quirúrgico.,Ninguna de las respuestas anteriores es correcta.,Que por su tamaño y el previsible compromiso de órganos vecinos necesita ser drenada de forma percutánea por radiología.,cb92206f75d8905c2face83b7e7edadea46ed5013e577725b2c38d61f5ba2a02,ab13cd10ad48fa2e3377429cab05640eb49a50e25ed852d0688cea94af3a1223,760,GLM 5.2;Qwen 3.6 35B;Gemma 4 26B,Gemini 3.6 Flash=c;GLM 5.2=a;Qwen 3.6 35B=a;Gemma 4 26B=a,3,c,1,1,a,0,0,a,0,1,a,0,1
64,20,67,3,1,0.75000000,INVARIANT_HARD_CORE,False,openrouter_B-hard200-v1|,ee30527e8a5af519c15f804ec001984a5551ab635ff53465fa7b128db20224ad,413,n095,andalucia|2022|cuestionario-practico|127,new182,,,,Andalucía,2022,aparato-digestivo,cuestionario-practico,127,False,d,Ninguna de las respuestas anteriores es correcta.,¿Qué conducta cree más adecuada en esta situación?,Consulta al cirujano para laparotomía y cierre de la perforación.,Consulta al endoscopista terapéutico para cierre endoscópico de la perforación con clips Ovesco o hemoclips convencionales.,Tratamiento analgésico en urgencias y alta domiciliaria con pauta analgésica.,Ninguna de las respuestas anteriores es correcta.,a525cf5eb975b10f72208f3b354984de4d410d7df452de85ff4b8c125ac092c1,ad5f40dc44720c47add471d80f6226bf9a4854242a465191c92e7b9e6acd490d,364,GLM 5.2;Qwen 3.6 35B;Gemma 4 26B,Gemini 3.6 Flash=d;GLM 5.2=b;Qwen 3.6 35B=b;Gemma 4 26B=b,2,d,1,1,b,0,0,b,0,0,b,0,1
65,20,67,3,1,0.75000000,INVARIANT_HARD_CORE,False,openrouter_B-hard200-v1|,fdfe1fff405fe5ee7535f349131c9ea41685b4eeae469cc0a76f53737ef5ab80,498,n180,galicia|2022|main|22,new182,,,,Galicia,2022,aparato-digestivo,main,22,False,b,Ninguna de las respuestas anteriores es correcta.,"Paciente que acude a nuestra consulta por dispepsia con resultado positivo en test de aliento para HP. Entre sus antecedentes destaca que es alérgico a penicilina. Siguiendo las recomendaciones de la V Conferencia Española de Consenso sobre el tratamiento de la infección por Helicobacter Pylori, ¿qué tratamiento erradicador elegiría como primera línea?:","Triple terapia con IBP, claritromicina y metronidazol.",Ninguna de las respuestas anteriores es correcta.,"Triple terapia con IBP, Claritromicina y levofloxacino.","Cuádruple terapia con IBP, levofloxacino, claritromicina y bismuto.",3a53c3e4d2c5995a5bd8cf1a2fa40e64fbf75ffff8c32549ef75c1befae41101,67d9996fee2ec0385454f3672e5f5838e2f3416fe10ac6d82d1b987a97f488fd,580,GLM 5.2;Qwen 3.6 35B;Gemma 4 26B,Gemini 3.6 Flash=b;GLM 5.2=a;Qwen 3.6 35B=a;Gemma 4 26B=a,4,b,1,1,a,0,1,a,0,1,a,0,1
66,20,67,3,1,0.75000000,INVARIANT_HARD_CORE,False,openrouter_B-hard200-v1|,fe53e9e44f60e4cd9a0588d51234e4ce1eeb4a3f139cc7881178da2e61ed0bef,231,b354,region-de-murcia|2019|main|110,retained318,,,,Región de Murcia,2019,aparato-digestivo,main,354,False,c,Ninguna de las respuestas anteriores es correcta.,"Una de los siguientes no es una indicación para trasplante hepático en carcinoma hepatocelular (CHC), según los criterios de Milán:",Nódulo único menor de 5 cm.,Menos de 3 nódulos menores de 3 cm.,Ninguna de las respuestas anteriores es correcta.,No microinvasión vascular.,a559bd85ab5fb4f453bb874a831631510774ea10193b7a3e3875fa9b54278626,f1ba1d9705fcf76d097ae9cfc798d02e1aa7b73c276997857e019da8fc082523,268,Gemini 3.6 Flash;GLM 5.2;Qwen 3.6 35B,Gemini 3.6 Flash=d;GLM 5.2=d;Qwen 3.6 35B=d;Gemma 4 26B=c,4,d,0,1,d,0,1,d,0,1,c,1,1
67,20,67,3,1,0.75000000,INVARIANT_HARD_CORE,False,openrouter_B-hard200-v1|,ff83c50c28174acc1e62df806e539f50d8c004d9b21d30b4e45278016cc3e8d5,193,b296,galicia|2016|reserva-especifica|107,retained318,,,,Galicia,2016,aparato-digestivo,reserva-especifica,296,True,b,Ninguna de las respuestas anteriores es correcta.,"En referencia al esófago de Barrett, señale el enunciado falso:",El riesgo de desarrollo de adenocarcinoma sobre esófago de Barrett sin displasia es de un 0.3 por ciento por año.,Ninguna de las respuestas anteriores es correcta.,Los pacientes con extensión de esófago de Barrett mayor de 10 cm. tienen el mismo riesgo de progresión que los pacientes con displasia de bajo grado.,La resección endoscópica de lesiones visibles sobre el epitelio metaplásico mediante la técnica de ligadura con bandas tiene una eficacia mayor del 85 por ciento.,a29ac1aec909df618d386e1ad12f0927a5537e157cff7a5bbb719dfbbcf8e943,f912efab0de8fcc53c339f6f247fed8df4982a5e40a4c8d70db21302f00c6301,536,GLM 5.2;Qwen 3.6 35B;Gemma 4 26B,Gemini 3.6 Flash=b;GLM 5.2=c;Qwen 3.6 35B=c;Gemma 4 26B=c,1,b,1,1,c,0,0,c,0,0,c,0,0
68,68,150,2,2,0.50000000,INVARIANT_HARD_CORE,False,openrouter_B-hard200-v1|,0324dd0d0c40a6377d21a53b6917d0c831cf23ec1cff980c45873104c4f859a5,187,b284,castilla-y-leon|2019|reserva-especifica|158,retained318,,,,Castilla y León,2019,aparato-digestivo,reserva-especifica,284,True,c,Ninguna de las respuestas anteriores es correcta.,"En relación con la extracción endoscópica de cuerpos extraños, una de las siguientes recomendaciones es falsa según la Guía Clínica de la European Society of Gastrointestinal Endoscopy (ESGE):","Se recomienda endoscopia urgente, dentro de las primeras 24 horas, para cuerpos extraños esofágicos sin obstrucción completa.",ESGE no recomienda el estudio con bario.,Ninguna de las respuestas anteriores es correcta.,Se recomienda endoscopia no urgente (dentro de las 72 horas) para cuerpos extraños romos de tamaño mediano localizados en el estómago.,b6b3fd165718516c97086164dcc2655d2516bf799893cc01960536288702011e,84f458e00863cfe6322c863bde05d2778386c9786e99f753b1dda676558641cb,540,Qwen 3.6 35B;Gemma 4 26B,Gemini 3.6 Flash=c;GLM 5.2=c;Qwen 3.6 35B=d;Gemma 4 26B=a,4,c,1,1,c,1,1,d,0,1,a,0,1
69,68,150,2,2,0.50000000,INVARIANT_HARD_CORE,False,openrouter_B-hard200-v1|,045623db7d53149dbd5d7595d4994c85530ce94d84be34386b76cc7e0575a3da,146,b221,castilla-la-mancha|2017|main|87,retained318,,,,Castilla-La Mancha,2017,aparato-digestivo,main,221,True,c,Ninguna de las respuestas anteriores es correcta.,"Atendiendo a las guías de Práctica Clínica Americanas de enfermedades vasculares hepáticas de 2020 de la Asociación Americana para el Estudio de las Enfermedades Hepáticas (AASLD), ¿Cuál de los siguientes enunciados es FALSO acerca del Síndrome de Budd-Chiari (SBC)?",El cribado de varices esofágicas en el paciente con SBC crónico es igual que el del paciente cirrótico.,Todos los pacientes con SBC deben recibir tratamiento anticoagulante.,Ninguna de las respuestas anteriores es correcta.,El trasplante hepático es útil en pacientes con fallo hepático agudo secundario a SBC y en pacientes con fracaso de otras terapias.,73f3787d9e9d78368c2ae641114534199ded2304b86b3f8dfa57fe4d03a13be4,e61ce88de25b947b43b395a24a1ca58f57bcdb674c683c116c9db76ce038e7ba,618,GLM 5.2;Qwen 3.6 35B,Gemini 3.6 Flash=c;GLM 5.2=b;Qwen 3.6 35B=b;Gemma 4 26B=c,2,c,1,1,b,0,0,b,0,1,c,1,0
70,68,150,2,2,0.50000000,INVARIANT_HARD_CORE,False,openrouter_B-hard200-v1|,0616bfee79857a6243fb6a92b197db615823a00f5a5187dfce7a80a409e5c298,237,b362,comunidad-de-madrid|2021|main|38,retained318,,,,Comunidad de Madrid,2021,aparato-digestivo,main,362,True,b,Ninguna de las respuestas anteriores es correcta.,¿Cuál de las afirmaciones siguientes es FALSA en relación con el tratamiento de la infección por H pylori?,"Se recomienda que la duración del tratamiento cuádruple concomitante sin bismuto (IBP, claritromicina, amoxicilina y metronidazol) sea de 14 días.",Ninguna de las respuestas anteriores es correcta.,"Se recomienda que la duración de la terapia cuádruple con bismuto (IBP, bismuto, tetraciclina y metronidazol) sea de 10 días como mínimo","Tras el fracaso de un primer tratamiento con una terapia cuádruple con bismuto (IBP, bismuto, tetraciclinay metronidazol), se recomienda una pauta cuádruple con levofloxacino (IBP, amoxicilina, levofloxacino y bismuto).",b3c4e97f8da2a20ee550b5b59b99ebae4f7acfd202c354f9cd4b8151fc1cf460,8a9e2cc60440b6860992956f85844ea7f03bcfe2b6d358b1cd66e028b6246a60,656,Qwen 3.6 35B;Gemma 4 26B,Gemini 3.6 Flash=b;GLM 5.2=b;Qwen 3.6 35B=d;Gemma 4 26B=d,3,b,1,1,b,1,1,d,0,1,d,0,0
71,68,150,2,2,0.50000000,INVARIANT_HARD_CORE,False,openrouter_B-hard200-v1|,0694aff316198c8bb6cf6f9f6c0fb8a0ec70b935c81b45d969fa4d8cfcae487e,435,n117,aragon|2017|main|16,new182,,,,Aragón,2017,aparato-digestivo,main,16,False,b,Ninguna de las respuestas anteriores es correcta.,En la cirrosis alcohólica el cociente GOT/GPT es habitualmente de 2 o más ¿Por qué?,Deficiencia de 5'-nucleotidasa.,Ninguna de las respuestas anteriores es correcta.,Deficiencia de transglutaminasa tisular.,Aumento de síntesis de GOT.,3a404aa9e6ad8ae1a43e5b6ef4780cd2b14405633fc79e9ff129ec42eff2e5c5,9b0b65720903afae830bd9e7b8097f511f7fe433e30841efdc82e5562a4ee2ee,230,GLM 5.2;Gemma 4 26B,Gemini 3.6 Flash=b;GLM 5.2=d;Qwen 3.6 35B=b;Gemma 4 26B=d,4,b,1,1,d,0,1,b,1,1,d,0,1
72,68,150,2,2,0.50000000,INVARIANT_HARD_CORE,False,openrouter_B-hard200-v1|,12e9c473f8fbfa436c06efa436e749b65d580c0a997852c1c6c796df251b7934,102,r018,la-rioja|2021|main|4,replacement22_2026-08-04,r018,b158,c2443,La Rioja,2021,aparato-digestivo,main,4,False,b,Ninguna de las respuestas anteriores es correcta.,Los criterios Roma IV de la hinchazón/distensión abdominal funcional incluyen:,Distensión o hinchazón abdominal recurrente que sucede al menos una vez al mes y que sea el síntoma predominante.,Ninguna de las respuestas anteriores es correcta.,"Cumplir lo anterior al menos los 6 últimos meses, con inicio de los síntomas 12 meses previo al diagnóstico.",Que no exista dolor ni molestia abdominal además de la distensión.,a60acd1a7953ddf3d21ea9cc60fcfd8852432abae84ccd79bcc81d27bed526ad,d84561c12983d34fb7ade115d3033f2f70ff5a5040e15638c45760e7b1343845,414,Qwen 3.6 35B;Gemma 4 26B,Gemini 3.6 Flash=b;GLM 5.2=b;Qwen 3.6 35B=a;Gemma 4 26B=a,3,b,1,1,b,1,1,a,0,1,a,0,0
73,68,150,2,2,0.50000000,INVARIANT_HARD_CORE,False,openrouter_B-hard200-v1|,18aa3c2754700de2a4c281c83a52e503a809ba766b047aadcf04eb9caa41a3b8,212,b323,andalucia|2021|cuestionario-teorico|59,retained318,,,,Andalucía,2021,aparato-digestivo,cuestionario-teorico,323,True,d,Ninguna de las respuestas anteriores es correcta.,"Sobre la colitis microscópica, señale la afirmación INCORRECTA:",El uso concomitante de IBP y AINE aumenta el riesgo de presentar colitis microscópica.,"La colitis microscópica se ha asociado a enfermedades autoinmunes como la tiroiditis autoinmune, diabetes mellitus tipo 1 y artritis oligoarticular no erosiva.",Se recomienda tomar al menos 3 biopsias de ascendente y 3 de descendente para el diagnóstico anatomopatológico de CM y la diferenciación entre colitis colágena y colitis linfocítica.,Ninguna de las respuestas anteriores es correcta.,b743721141bdd193116b7706335f58f45a548c6661084759bee96349fe3dce71,d2107b2c8c5315b8d244d0315bf1d5af6115caeeac84f37058cfcf7e42a27614,539,Gemini 3.6 Flash;GLM 5.2,Gemini 3.6 Flash=c;GLM 5.2=c;Qwen 3.6 35B=d;Gemma 4 26B=d,3,c,0,1,c,0,1,d,1,1,d,1,0
74,68,150,2,2,0.50000000,INVARIANT_HARD_CORE,False,openrouter_B-hard200-v1|,1a49e912dd8a18034790b1266e825fb20d7df922a55dc5b583d7016f3568b211,51,b76,illes-balears|2022|caso-4|78,retained318,,,,Illes Balears,2022,aparato-digestivo,caso-4,76,False,c,Ninguna de las respuestas anteriores es correcta.,"Mujer de 18 años sin antecedentes personales ni familiares de interés y sin hábitos tóxicos. Ingresa por fiebre, pérdida de peso asociada a hiporexia, diarrea de comienzo reciente sin productos patológicos y dolor abdominal de dos semanas de evolución.

Exploración. Temperatura: 37,6 °C; TA: 100/60 mmHg; consciente, orientada, eupneica; peso: 40 quilos, talla: 155 cm, delgadez, retraso del desarrollo puberal, palidez discreta, bien hidratada y perfundida. No se palparon adenopatías. La auscultación cardiorrespiratoria fue normal y la exploración abdominal no mostró hallazgos de interés. En la
inspección anal se observó una hemorroide centinela y una fisura anal en el rafe posterior.

En la analítica destacaban, hemoglobina: 9,9 g/dl; hematocrito: 34 %; VCM: 81 fl; leucocitos: 15.600 /μl (82 % neutrófilos); plaquetas: 699.000 /μl; VSG: 41 Fe: 15 μg/dl; ferritina: 247 ng/ml; proteína C reactiva: 9,7 mg/dl.

Los coprocultivos y los parásitos en heces fueron negativos.
En la colonoscopia se exploró hasta el ciego y se hizo una ileoscopia de los últimos 10 cm. En todo el trayecto explorado se apreciaron úlceras profundas serpiginosas entre áreas de mucosa sana y se tomaron muestras para biopsia. Las biopsias del íleon y el colon fueron compatibles con una inflamación crónica activa.

¿Cuál de estas pruebas diagnósticas es la más útil para valorar la existencia de complicaciones abdominales como abscesos y fístulas?",Colonoscopia.,Ecografía abdominal.,Ninguna de las respuestas anteriores es correcta.,Tránsito intestinal.,2d930ac3f76992b2ba6cce1982a44269d8f3900d882f5e942657482d5aae85ea,fb30ec3480ee75d8c83355682f4060b21bb1c2dbfbc80f4f85f0f8092d469b6b,1535,Gemini 3.6 Flash;Qwen 3.6 35B,Gemini 3.6 Flash=b;GLM 5.2=c;Qwen 3.6 35B=b;Gemma 4 26B=c,4,b,0,1,c,1,1,b,0,1,c,1,1
75,68,150,2,2,0.50000000,INVARIANT_HARD_CORE,False,openrouter_B-hard200-v1|,1c284ccf43f7417b85572cc2f55c945cca1085de4758d53e9ce3255a1594e847,343,n025,andalucia|2021|cuestionario-practico|133,new182,,,,Andalucía,2021,aparato-digestivo,cuestionario-practico,133,False,b,Ninguna de las respuestas anteriores es correcta.,"A partir de la exposición clínica, ¿Cuál sería el diagnóstico sindrómico inicial más probable?",Colitis infecciosa,Ninguna de las respuestas anteriores es correcta.,Patología neoplásica,Enfermedad Inflamatoria intestinal,423d336be4a10fc6975196db8b019f636049ba83c0f5a5c04c6197277935cce7,ef5dc6b5ae5462dd0618811718e6cf00551a8abe02765490eb018e8460c0713b,215,Gemini 3.6 Flash;Qwen 3.6 35B,Gemini 3.6 Flash=d;GLM 5.2=b;Qwen 3.6 35B=d;Gemma 4 26B=b,2,d,0,1,b,1,0,d,0,0,b,1,1
76,68,150,2,2,0.50000000,INVARIANT_HARD_CORE,False,openrouter_B-hard200-v1|,1e4acf704daff9389934f21638b7c97f8b5e5f7d70791d80622da923d0207d58,445,n127,andalucia|2022|cuestionario-teorico|69,new182,,,,Andalucía,2022,aparato-digestivo,cuestionario-teorico,69,False,c,Ninguna de las respuestas anteriores es correcta.,"Un varón de 58 años de edad, con historia clínica de pancreatitis alcohólica, acude a consulta por presentar un progresivo empeoramiento de su dolor abdominal que presenta de forma intermitente, acompañado de náuseas y vómitos. A la exploración física, se palpa una sensación de masa en epigastrio. Los hallazgos de laboratorio demuestran una bilirrubina de 2 mg/dl, fosfatasa alcalina de 175 U/L, GPT 40 U/L, GOT 85 U/L y lipasa 350 U/L. En el TAC que usted solicita se observa una lesión quística encapsulada de 10 cm en la cara anterior del páncreas. ¿Qué debemos hacer con este paciente a continuación?","Observación, porque la mayoría de los pseudoquistes se resuelven o permanecen estables durante años sin causar clínica significativa.","Esperar 4-6 semanas a la maduración de la cápsula del quiste, para plantear su drenaje guiado por ecoendoscopia.",Ninguna de las respuestas anteriores es correcta.,"Drenaje quirúrgico mediante laparotomía media, pues su resultado en la pancreatitis crónica es superior.",106bd9276690536d8795eaa91ab3cab6b1b5c96f925300af260ac9eeeae11d39,df92673ca0cb142169624f10a8078c14dee85fc08cbb19b2d77fea963408c319,1004,Qwen 3.6 35B;Gemma 4 26B,Gemini 3.6 Flash=c;GLM 5.2=c;Qwen 3.6 35B=b;Gemma 4 26B=b,4,c,1,1,c,1,1,b,0,1,b,0,1
77,68,150,2,2,0.50000000,INVARIANT_HARD_CORE,False,openrouter_B-hard200-v1|,22c1fa92de8c8c1ff01b60579172a3cd5de5fa291e9f5bf437a35aaafa5f390d,185,b282,la-rioja|2021|reserva|107,retained318,,,,La Rioja,2021,aparato-digestivo,reserva,282,False,d,Ninguna de las respuestas anteriores es correcta.,Una fístula transesfinteriana con trayecto secundario en la fosa isquiorrectal corresponde según la clasificación de Saint James a un grado:,I,II,III,Ninguna de las respuestas anteriores es correcta.,a15076efb6582d1415c2ef96c844a2a0ca76536b642ff468081fa06dae487460,90bbe3d07a008f878e6e010c853354ec81f66afd0cb49a80a52f4343bba895a9,195,Qwen 3.6 35B;Gemma 4 26B,Gemini 3.6 Flash=d;GLM 5.2=d;Qwen 3.6 35B=b;Gemma 4 26B=c,2,d,1,1,d,1,1,b,0,0,c,0,0
78,68,150,2,2,0.50000000,INVARIANT_HARD_CORE,False,openrouter_B-hard200-v1|,338adc1ed268bb562c7002779fcefd5e3748bc4896864204a9f0b55855b14d8f,114,b174,navarra|2022|caso-clinico-2|99,retained318,,,,Navarra,2022,aparato-digestivo,caso-clinico-2,174,False,d,Ninguna de las respuestas anteriores es correcta.,"Una mañana en la sala de endoscopias en la agenda de cribado de cáncer colorrectal (CCR):

En otra colonoscopia de cribado nos encontramos un pólipo plano granular homogéneo de 4 cm en el colon derecho que se decide derivar para resección posterior. Señala la respuesta VERDADERA","El informe describe que el pólipo se encontraba a 90cm del ano. Incluir en este informe la distancia en cm a la cual hemos encontrado el pólipo es muy útil, ya que será de gran ayuda para el endoscopista que realice la resección",La morfología del pólipo indica alto poder de invasión submucosa e implica técnicas de resección en bloque como la disección endoscópica submucosa,"Como el endoscopista que realiza la exploración se considera competente en realizar la resección, decide realizar una resección bajo el agua, ya que la probabilidad de resecar esta lesión en bloque con esta técnica se acerca al 95%.",Ninguna de las respuestas anteriores es correcta.,bece7dd362a3ad2656f5215dada655732454bbd47dab6c628742187fac23bde4,17e61215792599e9ffa02127b9ca882358ab941ea48ebabe36ce2459d5a0c12b,934,Qwen 3.6 35B;Gemma 4 26B,Gemini 3.6 Flash=d;GLM 5.2=d;Qwen 3.6 35B=a;Gemma 4 26B=a,2,d,1,1,d,1,1,a,0,0,a,0,0
79,68,150,2,2,0.50000000,INVARIANT_HARD_CORE,False,openrouter_B-hard200-v1|,39cbdfddb997d8727dcf4c61a47781d0cee68178edb0316f1aff5097cc793fef,241,b367,navarra|2022|teorico-practica|12,retained318,,,,Navarra,2022,aparato-digestivo,teorico-practica,367,False,b,Ninguna de las respuestas anteriores es correcta.,¿Cuál de las siguientes opciones es la CORRECTA respecto al tratamiento farmacológico de la Dispepsia Funcional?,Los IBP solo tienen beneficio en dosis altas,Ninguna de las respuestas anteriores es correcta.,"El tratamiento siempre se debe prescribir en función del síndrome predominante (síndrome de distress postprandial, síndrome de dolor epigástrico)",El efecto beneficioso de Amitriptilina siempre se hace presente al día siguiente de haberse iniciado,84710cd7bece6c6b5b67d8adfb6ab1a94b7c325397a9126bb307956fb618109a,eca7493560f6bb9baa5c84192962e93acc75cace0ee65c6eb96011f92abc5342,450,Qwen 3.6 35B;Gemma 4 26B,Gemini 3.6 Flash=b;GLM 5.2=b;Qwen 3.6 35B=c;Gemma 4 26B=c,4,b,1,1,b,1,1,c,0,1,c,0,1
80,68,150,2,2,0.50000000,INVARIANT_HARD_CORE,False,openrouter_B-hard200-v1|,3b128c3e49e550925c923a5955d60676428c03f32cc405dc071627a67901c485,441,n123,region-de-murcia|2019|main|20,new182,,,,Región de Murcia,2019,aparato-digestivo,main,20,False,b,Ninguna de las respuestas anteriores es correcta.,Los intervalos de vigilancia para Barrett no displásicos se deben estratificar de acuerdo con la longitud del segmento de Barrett son (señale la opción VERDADERA):,Extensión máxima de Barrett ≥ 1 cm y < 3 cm: 10 años.,Ninguna de las respuestas anteriores es correcta.,Extensión máxima de Barrett ≥ 1 cm y < 3 cm: 3 años.,Extensión máxima de Barrett ≥ 1 cm y < 3 cm: 1 año.,09c7ba42ecd04f3edb1555ff01ec9ed6302a39a3a1050309cc73cb26d92614e2,71ddd5d6d8c1a87cfc0673bb02b676fc4947374958b905f64b7767c45e28db25,368,Qwen 3.6 35B;Gemma 4 26B,Gemini 3.6 Flash=b;GLM 5.2=b;Qwen 3.6 35B=c;Gemma 4 26B=c,3,b,1,1,b,1,1,c,0,1,c,0,0
81,68,150,2,2,0.50000000,INVARIANT_HARD_CORE,False,openrouter_B-hard200-v1|,42df4b458765f11e7c882e1d5056e18814d28d8201caa60ba76f551a26b0d378,284,b444,castilla-la-mancha|2017|main|57,retained318,,,,Castilla-La Mancha,2017,aparato-digestivo,main,444,True,d,Ninguna de las respuestas anteriores es correcta.,"En el estudio de la función exocrina en el contexto de la pancreatitis crónica, señale la respuesta incorrecta",El coeficiente de absorción grasa (CFA) está aceptado como el gold standard para la evaluación de la función exocrina pero no se aplica en la práctica clínica diaria.,La determinación de C13-triglicéridos en aire espirado es una alternativa al CFA pero su uso en la práctica clínica diaria está limitado.,Cualquier paciente con diagnóstico reciente de pancreatitis crónica debería ser evaluado con test de función pancreática aunque los hallazgos morfológicos no sean relevantes.,Ninguna de las respuestas anteriores es correcta.,e3b9692721604f228dafa3b207d0cf7784d0b29561f54a454c37b2f683860bb1,1d05987778b35722877ee60440bb0b7a314b5b4e914db5768e7041e36f1532b1,636,GLM 5.2;Qwen 3.6 35B,Gemini 3.6 Flash=d;GLM 5.2=c;Qwen 3.6 35B=c;Gemma 4 26B=d,4,d,1,1,c,0,1,c,0,1,d,1,1
82,68,150,2,2,0.50000000,INVARIANT_HARD_CORE,False,openrouter_B-hard200-v1|,44399d35532b09b93c278f9506e57b92735fb7905703621b0e79bd3dd4f0a525,483,n165,comunidad-de-madrid|2021|main|25,new182,,,,Comunidad de Madrid,2021,aparato-digestivo,main,25,False,b,Ninguna de las respuestas anteriores es correcta.,¿En cuál de las siguientes situaciones está indicada la punción por ecoendoscopia en una lesión quística pancreática?,Lesión quística en cuerpo de páncreas de 15 mm con aspecto microquístico (imagen en “panal de abeja”) y calcificación central.,Ninguna de las respuestas anteriores es correcta.,Neoplasia papilar mucinosa intraductal de rama secundaria con crecimiento en un paciente con EPOC grado IV.,Lesión quística de 20 mm en cabeza de páncreas compatible con neoplasia papilar mucinosa intraductal de rama secundaria en una resonancia magnética.,60ebbbbbf14d9ed5d642f45171e3250e94e4450f156c3c84aa3c349466985dad,67ffc1a51546fcb8f3139bee4d87df0f1d330d8991f380b9453617d17f45568d,547,Qwen 3.6 35B;Gemma 4 26B,Gemini 3.6 Flash=b;GLM 5.2=b;Qwen 3.6 35B=c;Gemma 4 26B=d,4,b,1,1,b,1,1,c,0,1,d,0,1
83,68,150,2,2,0.50000000,INVARIANT_HARD_CORE,False,openrouter_B-hard200-v1|,473532704385ea5d31ad7c1a816a48807b2c4c7764acd0e05e494b7c1b67cde4,366,n048,comunidad-de-madrid|2021|main|68,new182,,,,Comunidad de Madrid,2021,aparato-digestivo,main,68,False,d,Ninguna de las respuestas anteriores es correcta.,¿Cuál de las siguientes opciones es CORRECTA en relación con la pancreatitis aguda?,Se debe recomendar ayuno durante al menos 48 horas para favorecer el reposo pancreático,En un paciente con pancreatitis aguda que requiera nutrición enteral se recomienda emplear una sonda nasoyeyunal.,El Ringer Lactato ha demostrado reducir la mortalidad frente al suero salino fisiológico,Ninguna de las respuestas anteriores es correcta.,37aa34a15e2a4aa8c17202b01118af105f52ddf5cfeb91b1d182b8452514033a,daeaee7abbad92b1327e43b3e081ef1143493c532fe6a37121aead0a028689da,420,Qwen 3.6 35B;Gemma 4 26B,Gemini 3.6 Flash=d;GLM 5.2=d;Qwen 3.6 35B=c;Gemma 4 26B=c,2,d,1,1,d,1,1,c,0,0,c,0,0
84,68,150,2,2,0.50000000,INVARIANT_HARD_CORE,False,openrouter_B-hard200-v1|,4755dd53cf470a9b475c9184ca5b7f164f2ec1405f8c8a265dead2a24b4369c4,151,b227,region-de-murcia|2019|main|71,retained318,,,,Región de Murcia,2019,aparato-digestivo,main,227,False,d,Ninguna de las respuestas anteriores es correcta.,En estreñimiento funcional se recomiendan las siguientes medidas dietéticas menos una:,Ingesta de 25-30 g de fibra soluble con la dieta al día.,"Ingesta adecuada de líquido (1,5-2 l al día).",Patrón regular de comidas.,Ninguna de las respuestas anteriores es correcta.,d385dd7cc8436bf9549b45d30fe58753e600f14e22ccbf60b3f87393b77145d7,7df4f8f30a51628f7eaffbbf1a5c641bf65a72356f68ff945c4dc29f3f7cca58,262,Qwen 3.6 35B;Gemma 4 26B,Gemini 3.6 Flash=d;GLM 5.2=d;Qwen 3.6 35B=a;Gemma 4 26B=a,4,d,1,1,d,1,1,a,0,1,a,0,1
85,68,150,2,2,0.50000000,INVARIANT_HARD_CORE,False,openrouter_B-hard200-v1|,47e62abd17fb76f6e2c4bf2fd361a286370855543baa9e47205272cef26e8a11,422,n104,castilla-la-mancha|2022|main|39,new182,,,,Castilla-La Mancha,2022,aparato-digestivo,main,39,False,b,Ninguna de las respuestas anteriores es correcta.,"En una colonoscopia por antecedentes familiares de cáncer de colon se extirpa un pólipo pediculado con un diámetro de 14 mm en su cabeza que presenta displasia de alto grado. La base de resección está libre de displasia. Según la Guía de la ESGE de 2020 sobre el seguimiento de pólipos de colon, ¿Cuándo debe realizarse la próxima colonoscopia?",A los 5 años,Ninguna de las respuestas anteriores es correcta.,Al año,A los 6 meses,22ff03d6bd23b3e6c2ee324dddbded267e5404a3822e88953a315557422695d4,c19da437896a3f7bbf66929ef49948cbe4163a5946524c9baadd8e4e7e3d6014,424,GLM 5.2;Gemma 4 26B,Gemini 3.6 Flash=b;GLM 5.2=c;Qwen 3.6 35B=b;Gemma 4 26B=c,3,b,1,1,c,0,1,b,1,1,c,0,0
86,68,150,2,2,0.50000000,INVARIANT_HARD_CORE,False,openrouter_B-hard200-v1|,4877d2315b6a98dc3158ec5be823513b240629527a7b0ed7964452f5739eefef,282,b442,la-rioja|2024|main|99,retained318,,,,La Rioja,2024,aparato-digestivo,main,442,False,c,Ninguna de las respuestas anteriores es correcta.,¿Cuál de los siguientes fármacos tiene “recomendación en contra” de su uso como tratamiento de la esofagitis eosinofilica según la última guía de la Asociación Americana de Gastroenteterología 2025?:,Benralizumab.,Dupilumab.,Ninguna de las respuestas anteriores es correcta.,Mepolizumab.,9f34f417904b6db52f8fc458a1b345255aeac0781ff5e293b299e20ff5323c03,fdbc75bcf53e5989496d64cfda4a7d9bc2d0e73aac2712b2093bee277ce94064,283,Gemini 3.6 Flash;Qwen 3.6 35B,Gemini 3.6 Flash=d;GLM 5.2=c;Qwen 3.6 35B=a;Gemma 4 26B=c,3,d,0,1,c,1,1,a,0,1,c,1,0
87,68,150,2,2,0.50000000,INVARIANT_HARD_CORE,False,openrouter_B-hard200-v1|,4cdd627b3b06d9b44011551f0e30ea550f3dc9a28430bbd2a63cb29635cb27da,276,b431,navarra|2022|teorico-practica|59,retained318,,,,Navarra,2022,aparato-digestivo,teorico-practica,431,False,c,Ninguna de las respuestas anteriores es correcta.,"De las siguientes afirmaciones según la guía EASL 2022 (European Association for the Study of the Liver) sobre el manejo de la colangitis esclerosante primaria, ¿qué factor se considera de mal pronóstico?:",Sexo femenino,Enfermedad de ducto pequeño,Ninguna de las respuestas anteriores es correcta.,Edad más joven al diagnóstico,16cb8d4440e34ce52c4a4777d36c3b249fac7f793ee2c4adb6e2ee1508850a94,8c73f217749fd7d149f68f5d5d8ba35158b79226b9977178e3a9ad901a9e17bc,323,GLM 5.2;Gemma 4 26B,Gemini 3.6 Flash=c;GLM 5.2=d;Qwen 3.6 35B=c;Gemma 4 26B=b,4,c,1,1,d,0,1,c,1,1,b,0,1
88,68,150,2,2,0.50000000,INVARIANT_HARD_CORE,False,openrouter_B-hard200-v1|,5108a9c3bccd9ac3b886af1cc4a72e032cf4f6495f0dc40446b3545e4adbce1a,279,b435,castilla-la-mancha|2017|main|92,retained318,,,,Castilla-La Mancha,2017,aparato-digestivo,main,435,True,b,Ninguna de las respuestas anteriores es correcta.,"Con respecto al diagnóstico y manejo de la colestasis gravídica, señale la opción incorrecta","La principal manifestación clínica es el prurito palmo – plantar, de predominio nocturno",Ninguna de las respuestas anteriores es correcta.,El objetivo del tratamiento es disminuir los ácidos biliares en sangre hasta conseguir la madurez pulmonar fetal,El tratamiento con acido ursodeoxicolico (10-16 mg/kg/día) es seguro en mujeres con colestasis intrahepatica del embarazo,c4c40b4327e4b75cbd08c6640cc8b77897591ce170c6cebaa1469bb4e7a55657,ca76477b60ebddbbc55f515120fe49419596684ff117cc14973318f7df4a39fc,462,GLM 5.2;Qwen 3.6 35B,Gemini 3.6 Flash=b;GLM 5.2=c;Qwen 3.6 35B=c;Gemma 4 26B=b,4,b,1,1,c,0,1,c,0,1,b,1,1
89,68,150,2,2,0.50000000,INVARIANT_HARD_CORE,False,openrouter_B-hard200-v1|,520d42708dd567e0b2186aec5e8a560f9b5486ed0c3cd9fc680dca53a0dc5cf0,170,b262,galicia|2022|reserva-especifica|108,retained318,,,,Galicia,2022,aparato-digestivo,reserva-especifica,262,True,d,Ninguna de las respuestas anteriores es correcta.,"En cuanto al cáncer colo-rectal, señale la respuesta INCORRECTA:",Es el más frecuente en España globalmente.,La forma hereditaria más frecuente es el Síndrome de Lynch.,La obesidad es un factor de riesgo.,Ninguna de las respuestas anteriores es correcta.,fe9aadc4307fc42457346bd0f9c204a00a582a56d9034c1ddc87f97f66fdd03d,f8dcb7ae30ee3e93a82aeef974d33f3d6156964ef20091f85f114f2ececbff39,249,Qwen 3.6 35B;Gemma 4 26B,Gemini 3.6 Flash=d;GLM 5.2=d;Qwen 3.6 35B=a;Gemma 4 26B=a,4,d,1,1,d,1,1,a,0,1,a,0,1
90,68,150,2,2,0.50000000,INVARIANT_HARD_CORE,False,openrouter_B-hard200-v1|,5d4ba3c9d6f585b157b16bd33a34474af89d1a5cf07a84eb5ce9d12ae567bf81,431,n113,andalucia|2022|cuestionario-teorico|90,new182,,,,Andalucía,2022,aparato-digestivo,cuestionario-teorico,90,False,b,Ninguna de las respuestas anteriores es correcta.,"En un paciente con cirrosis hepática, el riesgo de sangrado por rotura de varices esofágicas aparece cuando el gradiente de presión venosa hepática es:",Igual o superior a 10 mmHg.,Ninguna de las respuestas anteriores es correcta.,Igual o superior a 15 mmHg.,Igual o superior a 20 mmHg.,40d5a3f0421af91a8a743faee11fee4f46379dff6986d317029d9e01468db1f5,5df31e0035542696894b8158064cb5be3e163444afa939b553b97d8193a4f0eb,281,Qwen 3.6 35B;Gemma 4 26B,Gemini 3.6 Flash=b;GLM 5.2=b;Qwen 3.6 35B=a;Gemma 4 26B=c,3,b,1,1,b,1,1,a,0,1,c,0,0
91,68,150,2,2,0.50000000,INVARIANT_HARD_CORE,False,openrouter_B-hard200-v1|,623a58ebc691f186e6fd1b35f1c12c1db9b8770692c78ae2e7f34f3f1d2268db,344,n026,la-rioja|2021|main|33,new182,,,,La Rioja,2021,aparato-digestivo,main,33,False,b,Ninguna de las respuestas anteriores es correcta.,¿Cuál de estas enfermedades está más frecuentemente asociada a la infección por VHC?,Síndrome de Fanconi.,Ninguna de las respuestas anteriores es correcta.,Glomeruloesclerosis focal y segmentaria.,Glomerulonefritis por depósitos de IgA.,5b99c47a15c8df98a6f4b9f8f64ad295e3cf503276821b61869e91f9ca2e48d9,9a462e5d4bb0a65d4d13f8c137d01c05fa1c09a733f42ba1d63e577ecb8c7909,232,Qwen 3.6 35B;Gemma 4 26B,Gemini 3.6 Flash=b;GLM 5.2=b;Qwen 3.6 35B=c;Gemma 4 26B=c,4,b,1,1,b,1,1,c,0,1,c,0,1
92,68,150,2,2,0.50000000,INVARIANT_HARD_CORE,False,openrouter_B-hard200-v1|,676378808660e9b72699a6a79682f1b950aec03e9be1e1e8b56f8fd8d856a17a,7,b11,illes-balears|2022|caso-1|11,retained318,,,,Illes Balears,2022,aparato-digestivo,caso-1,11,False,c,Ninguna de las respuestas anteriores es correcta.,"Paciente de 57 años, sin antecedentes personales ni familiares de cáncer de colon ni de cáncer en otras localizaciones, fumador de 22 cigarrillos al día, con hábitos de vida sedentarios, enolismo de 60 gr/día, obesidad con un índice de masa corporal de 37 y una dieta rica en carnes rojas y procesadas.

Este paciente tiene un hermano de 52 años, asintomático. En la familia no existen otros antecedentes de CCR. ¿Qué recomendación debemos dar al hermano en cuanto a prevención del CCR?",Es susceptible de endoscopia de forma inmediata.,No requiere ningún tipo de procedimiento dada la edad y la ausencia de clínica asociada.,Ninguna de las respuestas anteriores es correcta.,Se le debe ofrecer una colonoscopia anual como herramienta de prevención más eficaz a nivel de coste.,4c383eef4717778210749fa7bfae2c1ff3dcc952068d550dc2c721252ba7a0af,d54a8bd961d3070c1eccf18441da4313fc1cbcc6614bc3bb32c7c1aca976d3ed,772,GLM 5.2;Gemma 4 26B,Gemini 3.6 Flash=c;GLM 5.2=a;Qwen 3.6 35B=c;Gemma 4 26B=a,2,c,1,1,a,0,1,c,1,0,a,0,0
93,68,150,2,2,0.50000000,INVARIANT_HARD_CORE,False,openrouter_B-hard200-v1|,67da46c07b36329335c01e98ea67ce95e494b8d7c3b944acbb2c38e479e12f22,28,b43,illes-balears|2022|caso-2|44,retained318,,,,Illes Balears,2022,aparato-digestivo,caso-2,43,True,d,Ninguna de las respuestas anteriores es correcta.,"Varón de 63 años remitido a la unidad de endoscopia para hacerle una gastroscopia por un reflujo de larga evolución (superior a 10 años). El paciente es obeso, hipertenso y fumador. Refiere disfagia a sólidos desde hace un mes. Se hace una gastroscopia que detecta a 32 cm de las arcadas dentarias la presencia de una mucosa ectópica que se extiende hasta la unión esofagogástrica situada a 38 cm de las arcadas dentarias en donde se aprecian signos de esofagitis por reflujo grado C.
Se pauta un tratamiento médico y se hace una nueva gastroscopia a las ocho semanas. En ella se aprecia la mucosa ectópica descrita previamente sugestiva de esófago de Barrett (C5M6) con una cicatrización completa de la esofagitis por reflujo y a 35 cm de las arcadas dentarias se aprecia un área irregular sobreelevada de unos 8 mm (0-Is) diferente al resto de la mucosa circundante. Se hacen biopsias de forma aleatoria de la lesión descrita, suponiendo que puede tratarse de un esófago de Barrett según el protocolo de Seattle. Los resultados de la lesión visible en el esófago confirman un esófago
de Barrett con metaplasia intestinal y presencia de focos de displasia de grado alto y las biopsias aleatorias confirmaban el esófago de Barrett sin displasia. Se planifica una estrategia de tratamiento y seguimiento.

Señale la respuesta falsa en referencia a la ablación por radiofrecuencia (RFA) del esófago de Barrett:",Las sociedades científicas recomiendan la RFA como terapia de primera línea para la ablación de EB displásico o EB después de la resección de lesiones visibles.,La ablación por radiofrecuencia erradica eficazmente el esófago de Barrett displásico (BE) y reduce el riesgo metacrónico del adenocarcinoma esofágico (EAC).,La tasa de complicaciones es aceptablemente baja (del 6 al 14 % de estenosis).,Ninguna de las respuestas anteriores es correcta.,4394008641f6999e8820461e3d5acf28d56324b4270b910139ab13b14c6fc8d2,a20ccdc798e945737f7e73c331829bd7fe0b734e6a80f1a19d5a9eca0d6ee734,1852,Qwen 3.6 35B;Gemma 4 26B,Gemini 3.6 Flash=d;GLM 5.2=d;Qwen 3.6 35B=c;Gemma 4 26B=c,4,d,1,1,d,1,1,c,0,1,c,0,1
94,68,150,2,2,0.50000000,INVARIANT_HARD_CORE,False,openrouter_B-hard200-v1|,67fdf93896ad9baf1846fe5d596c4e2823c30a36ffe54ac06158800b594409aa,269,b417,comunitat-valenciana|2022|main|15,retained318,,,,Comunitat Valenciana,2022,aparato-digestivo,main,417,False,b,Ninguna de las respuestas anteriores es correcta.,"Si un paciente acude a urgencias por presentar un sangrado bajo autolimitado y sin características clínicas adversas, se recomienda que podría ser dado de alta con manejo ambulatorio posterior, cuando la puntuación Oakland sea:",≥ 10 puntos.,Ninguna de las respuestas anteriores es correcta.,≤ 9 puntos.,≤ 10 puntos.,9041a57bdab3fe3a0710e2921992ebe5aac26675bc307b94906dc8f8682a700c,b2cb9f93237a6794bb5738b0a9f12786839bd1b7b87f35e4950e9af090d7955b,311,Qwen 3.6 35B;Gemma 4 26B,Gemini 3.6 Flash=b;GLM 5.2=b;Qwen 3.6 35B=c;Gemma 4 26B=c,3,b,1,1,b,1,1,c,0,1,c,0,0
95,68,150,2,2,0.50000000,INVARIANT_HARD_CORE,False,openrouter_B-hard200-v1|,69f6b21ce7dc907218d754c017cd8212373e6104f9ab9d47eb6442bc282e5579,354,n036,andalucia|2021|cuestionario-practico|140,new182,,,,Andalucía,2021,aparato-digestivo,cuestionario-practico,140,False,b,Ninguna de las respuestas anteriores es correcta.,"Según las últimas recomendaciones, ¿cómo se denomina la situación de la infección crónica por la hepatitis B en la que se encuentra el paciente?",Hepatitis crónica por VHB HBe Ag negativo.,Ninguna de las respuestas anteriores es correcta.,Hepatitis crónica por VHB en situación de inmunotoleracia.,Hepatitis crónica por VHB en situación de portador inactivo.,9238ad70dbe7810ea692a2c0d686a39dada6dcc6aa21c0e1fb9648f3cfa846cc,8a87bf2f528c2bfdaa9a3fae35d7eed9250b2e4c0d1b0dcce63a878dc3b6ad09,353,Gemini 3.6 Flash;GLM 5.2,Gemini 3.6 Flash=a;GLM 5.2=a;Qwen 3.6 35B=b;Gemma 4 26B=b,4,a,0,1,a,0,1,b,1,1,b,1,1
96,68,150,2,2,0.50000000,INVARIANT_HARD_CORE,False,openrouter_B-hard200-v1|,6ca7251b764f2fabb576c1c765772681fe1e29aee6dc514adbb32edefe4753e8,447,n129,la-rioja|2021|main|38,new182,,,,La Rioja,2021,aparato-digestivo,main,38,False,c,Ninguna de las respuestas anteriores es correcta.,Señala la afirmación correcta sobre el colangiocarcinoma intrahepático (CCiH):,Los subtipos histológicos principales son el colangiocarcinoma de conducto pequeño y el CCiH con patrón similar a una malformación de la placa ductal.,Que asiente sobre hígado cirrótico es signo de mal pronóstico.,Ninguna de las respuestas anteriores es correcta.,El colangiolocarcinoma se considera un subtipo de CCiH de ducto pequeño de peor pronóstico.,0902caf52f9d850c1ef5bd8005eb39151e975b22b7c0cee3d7570e2d4b6e8242,88b2604124cc01abbc8034b03682c9e96d5d1f90263b9988210ec4da6cd6958e,430,GLM 5.2;Gemma 4 26B,Gemini 3.6 Flash=c;GLM 5.2=b;Qwen 3.6 35B=c;Gemma 4 26B=a,3,c,1,1,b,0,1,c,1,1,a,0,0
97,68,150,2,2,0.50000000,INVARIANT_HARD_CORE,False,openrouter_B-hard200-v1|,6d250c4481ce4a439014d5f231ed0aeacd8421120d11b8d6b71844ec9d0fad3f,105,r021,andalucia|2022|cuestionario-teorico|62,replacement22_2026-08-04,r021,b161,c0369,Andalucía,2022,aparato-digestivo,cuestionario-teorico,62,False,b,Ninguna de las respuestas anteriores es correcta.,"¿Cuál de las siguientes es una contraindicación absoluta para la inserción de una prótesis autoexpandible de colon, en un paciente con cáncer colorrectal obstructivo?",Localización del margen distal a menos de 5 cm del margen anal.,Ninguna de las respuestas anteriores es correcta.,Situación del tumor en el colon proximal.,Metástasis peritoneales asociadas al tumor.,47dc3941d33d8661f153cd85e0ca7c2933a54539ba0f1cc0906c09093629807e,261863232e4066e66c37cb35803265f0c9c26bf5e8904c6db21ef5eee2eebfb1,362,Qwen 3.6 35B;Gemma 4 26B,Gemini 3.6 Flash=b;GLM 5.2=b;Qwen 3.6 35B=a;Gemma 4 26B=a,4,b,1,1,b,1,1,a,0,1,a,0,1
98,68,150,2,2,0.50000000,INVARIANT_HARD_CORE,False,openrouter_B-hard200-v1|,6e82a006393b0322d9d107185155ce1780bf9dcafcd0e3ae1f396f34b1941ecb,273,b423,aragon|2020|reserva-especifica|104,retained318,,,,Aragón,2020,aparato-digestivo,reserva-especifica,423,False,d,Ninguna de las respuestas anteriores es correcta.,¿Cuál de estos criterios NO se incluye entre los definidos por la OMS para el diagnóstico del síndrome de la poliposis serrada?,5 o más pólipos serrados proximales al colon sigmoide y dos de ellos mayores de 10 mm. de diámetro.,Cualquier número de pólipos serrados proximales al sigma en individuo con antecedentes familiares de primer grado de poliposis serrada.,"Más de 20 pólipos serrados de cualquier tamaño, distribuidos a lo largo del colon.",Ninguna de las respuestas anteriores es correcta.,713467b430776c0b3bc3bb5ac84fec0c0d2cd06187a5333414f50257a2db1ab1,2e6dc80632ed6eeafc1285fd2bcf16ba56d0687fb46e46b561a4e39d6b22c2e2,492,Gemini 3.6 Flash;GLM 5.2,Gemini 3.6 Flash=b;GLM 5.2=c;Qwen 3.6 35B=d;Gemma 4 26B=d,4,b,0,1,c,0,1,d,1,1,d,1,1
99,68,150,2,2,0.50000000,INVARIANT_HARD_CORE,False,openrouter_B-hard200-v1|,6ef64c985aded65f965a9f235bfba0efdc3b95118f9ffe7ff78cd238114e797d,486,n168,andalucia|2021|cuestionario-teorico|90,new182,,,,Andalucía,2021,aparato-digestivo,cuestionario-teorico,90,False,b,Ninguna de las respuestas anteriores es correcta.,¿Cuál de las siguientes manifestaciones extraintestinales de la Enfermedad Inflamatoria Intestinal cursa con una evolución independiente de la actividad de la enfermedad luminal?,Eritema Nodoso.,Ninguna de las respuestas anteriores es correcta.,Epiescleritis.,Artritis periférica,2f4593d1875de70af82ebb634951d4c4b5626c98dab7dffd4025f9875d08b1ba,c3e7091bd9afe1cd2c40e6d0747996d34a967e1b228146efa1b5c0aa68a4430f,275,Qwen 3.6 35B;Gemma 4 26B,Gemini 3.6 Flash=b;GLM 5.2=b;Qwen 3.6 35B=d;Gemma 4 26B=c,3,b,1,1,b,1,1,d,0,1,c,0,0
100,68,150,2,2,0.50000000,INVARIANT_HARD_CORE,False,openrouter_B-hard200-v1|,6fbbbba9564a8a7ebf57e55d086e40e5d2f1119769eefdeb100b68d22f0b2358,424,n106,castilla-la-mancha|2022|main|6,new182,,,,Castilla-La Mancha,2022,aparato-digestivo,main,6,False,b,Ninguna de las respuestas anteriores es correcta.,"Con respecto a los trastornos motores esofágicos, la clasificación de Chicago versión 4.0 define dentro de los trastornos de la peristalsis al espasmo esofágico distal clínicamente relevante, como una patología con una presión de relajación integrada normal, dolor torácico no cardiaco o disfagia durante la manometría y",100% de las degluciones con peristalsis fallida.,Ninguna de las respuestas anteriores es correcta.,≥ 20% de las degluciones con hipercontractilidad.,≥ 50% de las degluciones con peristalsis fallida.,85c9e63dfdd9824bf07b4f7ccb4197ce74abbea5ee8ea52ed8f66ba4da35c8a0,a4cd1caf18e7c3be800a5adc78aeb3f21856783d7de95118e45ff11030d91a71,515,Qwen 3.6 35B;Gemma 4 26B,Gemini 3.6 Flash=b;GLM 5.2=b;Qwen 3.6 35B=c;Gemma 4 26B=c,4,b,1,1,b,1,1,c,0,1,c,0,1
101,68,150,2,2,0.50000000,INVARIANT_HARD_CORE,False,openrouter_B-hard200-v1|,7333bf1a00989a6f4016f592d005cf6d7a9aeba5deb5b41b526699a4cdb24a62,69,b101,illes-balears|2022|caso-5|104,retained318,,,,Illes Balears,2022,aparato-digestivo,caso-5,101,False,c,Ninguna de las respuestas anteriores es correcta.,"Varón de 32 años sin hábitos tóxicos ni alergias medicamentosas conocidas y sin antecedentes familiares de interés.

Como único antecedente patológico destaca una rectosigmoiditis ulcerosa diagnosticada dos años antes tras una historia de diarrea sanguinolenta intermitente y un tenesmo discreto. En ese momento se hizo una colonoscopia completa con biopsia que mostró una afectación del recto sigma hasta unos 15 cm del margen anal en forma de mucosa eritematosa friable con sangrado con el roce mínimo de predominante en el recto distal. Se descartaron procesos infecciosos intestinales. Las únicas
alteraciones analíticas reseñables en el momento del diagnóstico fueron que era positivo de P-ANCA y tenía una calprotectina fecal de 450 μg/g. Se pautó un tratamiento con enemas de mesalazina.

El paciente permaneció asintomático desde el diagnóstico siguiendo controles en consultas y con cumplimiento terapéutico. Contactó con su servicio de digestivo de referencia por presentar, en las dos semanas previas, un aumento del número de deposiciones con entre cuatro y seis deposiciones al día deshechas con resto hemático fresco en la mayoría de ellas, con imperiosidad, sin respetar descanso nocturno y con dolor abdominal previo a la deposición. No había afectación del estado general. El mes previo al inicio de la sintomatología digestiva inició una lumbalgia intermitente, en ocasiones
intensa, y se automedicó con ibuprofeno en comprimidos de 600 mg de forma puntual.

La exploración física fue normal y se solicitó una analítica completa en la cual destacaba HB: 12,5 gr/dl, VSG y PCR normales, calprotectina: 675 μg/g, FA: 270 UI/L, GGT: 65 UI/L, Bil. total: GOT y GPT normales, ferropenia discreta, resto de parámetros nutricionales normales.

Señale la afirmación verdadera en el caso que se comenta tras conocer los resultados expuestos:",Puede asumirse que está en actividad moderada y que se pueden iniciar esteroides sistémicos vía oral para inducir la remisión.,La presencia de colestasis disociada hace sospechar la colangitis esclerosante primaria (CEP) como manifestación extraintestinal ya que es la más frecuente en la CU.,Ninguna de las respuestas anteriores es correcta.,Todas las respuestas anteriores son ciertas.,32411011a2ebbdcf2adb37d6603638b286d72dd61f7dcb2563399ed7e3168f65,b2acf593f4f9f22e4b4be5396f150d10a169d66d67b86129df9b786090520088,2234,Gemini 3.6 Flash;Gemma 4 26B,Gemini 3.6 Flash=a;GLM 5.2=c;Qwen 3.6 35B=c;Gemma 4 26B=b,3,a,0,1,c,1,1,c,1,1,b,0,0
102,68,150,2,2,0.50000000,INVARIANT_HARD_CORE,False,openrouter_B-hard200-v1|,7532cda98d2b580e578e1c49e8bdb6a78681d43f64c257a54654ea5e66fa07a2,96,r012,andalucia|2021|cuestionario-teorico|94,replacement22_2026-08-04,r012,b151,c0248,Andalucía,2021,aparato-digestivo,cuestionario-teorico,94,False,b,Ninguna de las respuestas anteriores es correcta.,¿Cuál de las siguientes afirmaciones es correcta en relación a la caracterización de las lesiones neoplásicas del colon?.,Las lesiones de extensión lateral granulares (LST-G) tienen mayor riesgo de invasión submucosa que las no granulares (LST-NG).,Ninguna de las respuestas anteriores es correcta.,Para la realización de la clasificación de NICE se requiere magnificación y Narrow Band Imaging (NBI).,"En la clasificación JNET las lesiones según su patrón vascular y de superficie se dividen en tres tipos (tipo 1, tipo 2 y tipo 3).",66675bb958a9916ef57e726a0958153676b4016fd0ae1dabe452d40d33eb5ee7,bbb7c2cc596a29588e3b2c5597f60159657974ad8dee6cd34f9250b637aefdb7,528,Qwen 3.6 35B;Gemma 4 26B,Gemini 3.6 Flash=b;GLM 5.2=b;Qwen 3.6 35B=c;Gemma 4 26B=d,2,b,1,1,b,1,1,c,0,0,d,0,0
103,68,150,2,2,0.50000000,INVARIANT_HARD_CORE,False,openrouter_B-hard200-v1|,75a729bc8e9235ed0424d630abd3847498eabe7b025ac5060345e51a4649ebb9,70,b104,illes-balears|2022|caso-5|107,retained318,,,,Illes Balears,2022,aparato-digestivo,caso-5,104,True,b,Ninguna de las respuestas anteriores es correcta.,"Varón de 32 años sin hábitos tóxicos ni alergias medicamentosas conocidas y sin antecedentes familiares de interés.

Como único antecedente patológico destaca una rectosigmoiditis ulcerosa diagnosticada dos años antes tras una historia de diarrea sanguinolenta intermitente y un tenesmo discreto. En ese momento se hizo una colonoscopia completa con biopsia que mostró una afectación del recto sigma hasta unos 15 cm del margen anal en forma de mucosa eritematosa friable con sangrado con el roce mínimo de predominante en el recto distal. Se descartaron procesos infecciosos intestinales. Las únicas
alteraciones analíticas reseñables en el momento del diagnóstico fueron que era positivo de P-ANCA y tenía una calprotectina fecal de 450 μg/g. Se pautó un tratamiento con enemas de mesalazina.

El paciente permaneció asintomático desde el diagnóstico siguiendo controles en consultas y con cumplimiento terapéutico. Contactó con su servicio de digestivo de referencia por presentar, en las dos semanas previas, un aumento del número de deposiciones con entre cuatro y seis deposiciones al día deshechas con resto hemático fresco en la mayoría de ellas, con imperiosidad, sin respetar descanso nocturno y con dolor abdominal previo a la deposición. No había afectación del estado general. El mes previo al inicio de la sintomatología digestiva inició una lumbalgia intermitente, en ocasiones
intensa, y se automedicó con ibuprofeno en comprimidos de 600 mg de forma puntual.

La exploración física fue normal y se solicitó una analítica completa en la cual destacaba HB: 12,5 gr/dl, VSG y PCR normales, calprotectina: 675 μg/g, FA: 270 UI/L, GGT: 65 UI/L, Bil. total: GOT y GPT normales, ferropenia discreta, resto de parámetros nutricionales normales.

En el caso presentado se hizo una colonoscopia completa que mostró una progresión a pancolitis ulcerosa, se asumió el diagnóstico de brote moderado severo y se controló de manera ambulatoria.

En caso de necesitar cualquiera de los fármacos indicados para inducir la remisión tras el fracaso a los esteroides, ¿cuál de las siguientes afirmaciones es falsa respecto al tratamiento de continuación?",Se aconseja mantener el tratamiento que ha conseguido inducir la remisión.,Ninguna de las respuestas anteriores es correcta.,"Factores como la edad, antecedentes personales o comorbilidades (cardiopatía, neoplasias o infecciones graves) deben tenerse en cuenta a la hora de decidir el tratamiento para inducir la remisión y el mantenimiento en la CU moderada-grave.",En el caso de los fármacos anti-TNF se aconseja añadir tiopurinas para mejorar la respuesta y la duración del tratamiento.,761f90c38b230eb47b81e7b7dd4fd32df90fd692ae48211f729738efa3e76325,8bfa13a3ae992e1d6101e93bcc30dbc6439ca4d14e6863ef5b22a4c2e7be51d4,2635,Qwen 3.6 35B;Gemma 4 26B,Gemini 3.6 Flash=b;GLM 5.2=b;Qwen 3.6 35B=d;Gemma 4 26B=d,4,b,1,1,b,1,1,d,0,1,d,0,1
104,68,150,2,2,0.50000000,INVARIANT_HARD_CORE,False,openrouter_B-hard200-v1|,76a40d4bea3de1b079a7ee395cffb8081d4c6fc790f2b354fc44398a59811bd2,171,b264,galicia|2022|reserva-especifica|101,retained318,,,,Galicia,2022,aparato-digestivo,reserva-especifica,264,False,b,Ninguna de las respuestas anteriores es correcta.,"En los cánceres ductales de cabeza de páncreas, ¿cuál de los siguientes criterios NO se corresponde con un tumor resecable ""borderline""?",Contacto con la arteria mesentérica superior menos de 180 grados.,Ninguna de las respuestas anteriores es correcta.,Contacto con la vena cava inferior.,Contacto con la vena mesentérica superior más de 180 grados.,582802772f64c93f9ddaf1e90804188f8d78ac3af4bef51008705edba70ba07c,7a5768f45c50059a7f9b81554ae84afcb2e8d0ed9674cce00a3379b2fb8bb98d,345,GLM 5.2;Gemma 4 26B,Gemini 3.6 Flash=b;GLM 5.2=c;Qwen 3.6 35B=b;Gemma 4 26B=c,2,b,1,1,c,0,1,b,1,0,c,0,0
105,68,150,2,2,0.50000000,INVARIANT_HARD_CORE,False,openrouter_B-hard200-v1|,76b976534ef1f04535cd5cdfb8f2870b4371ee13a65683998a6985bd3ca91466,162,b247,comunidad-de-madrid|2021|reserva-especifica|156,retained318,,,,Comunidad de Madrid,2021,aparato-digestivo,reserva-especifica,247,True,c,Ninguna de las respuestas anteriores es correcta.,Farmacoterapia y sedación en endoscopia. ¿Cuál de las siguientes asociaciones entre fármaco y objetivo terapéutico es FALSA?,Propofol- Sedación profunda.,Fentanilo- Analgesia.,Ninguna de las respuestas anteriores es correcta.,Midazolam- Sedación superficial.,1b7c663e28c2705147a8e415487ca540b6d68a7ac5643bca34352d6e32b6561b,d0a8141a38a8c9d4570debc813cb68bea26812bed3af5bb38083ace403b4c313,254,GLM 5.2;Gemma 4 26B,Gemini 3.6 Flash=c;GLM 5.2=d;Qwen 3.6 35B=c;Gemma 4 26B=d,4,c,1,1,d,0,1,c,1,1,d,0,1
106,68,150,2,2,0.50000000,INVARIANT_HARD_CORE,False,openrouter_B-hard200-v1|,77b6230dfe9f489258843c55f0eaf69300ffd9f0d8bf44f00acf89ffad3ad998,264,b411,la-rioja|2021|main|11,retained318,,,,La Rioja,2021,aparato-digestivo,main,411,False,c,Ninguna de las respuestas anteriores es correcta.,"En el tratamiento de la enfermedad perianal en enfermedad de Crohn, según las guías de la ECCO (European Crohn's and Colitis Organisation) no hay suficiente evidencia para recomendar en práctica clínica:",Ciprofloxacino.,Azatioprina.,Ninguna de las respuestas anteriores es correcta.,Adalimumab.,4ce6fc7fc2645c9e77c1fdd09c721642d3db3dac248ee4a850dc3157468664e7,3ebcc9c3910e64cc42ab3d821ef7e83a5b627efc6c9f96748e0817d59c030354,290,Qwen 3.6 35B;Gemma 4 26B,Gemini 3.6 Flash=c;GLM 5.2=c;Qwen 3.6 35B=b;Gemma 4 26B=a,4,c,1,1,c,1,1,b,0,1,a,0,1
107,68,150,2,2,0.50000000,INVARIANT_HARD_CORE,False,openrouter_B-hard200-v1|,7be3f8ddcba568a3ec09c3339bae5be2c9242402d3f6cd17e5b06486786d5d4a,95,r011,andalucia|2021|cuestionario-teorico|23,replacement22_2026-08-04,r011,b148,c0177,Andalucía,2021,aparato-digestivo,cuestionario-teorico,23,False,b,Ninguna de las respuestas anteriores es correcta.,"Un hombre de 45 años consulta por diarreas acuosas muy abundantes de cuatro meses de evolución. La diarrea no se controla con el ayuno ni con loperamida. Refiere una pérdida de 7 kg de peso (10%). En la exploración física presenta hipotensión arterial 95/55 mmHg con una frecuencia cardíaca de 110 spm. Refiere dolor a la palpación profunda en mesogastrio. En el TC abdominal se observa una masa de 5,1 x 5,8 x 4 cm en la cola del páncreas. ¿Cuál sería su diagnóstico de sospecha?",Adenocarcinoma de páncreas,Ninguna de las respuestas anteriores es correcta.,Peptidoma YY (tirosina/tirosina),Somatostatinoma,2d41c19f2b72bb9ce15682165588969b834f0e95f0d746458cd1a19f8a331518,1a931bcb90ccb68119bbdb2d5f8182ee3bb1626baf9a4b28ea2d30ac723601cf,602,GLM 5.2;Gemma 4 26B,Gemini 3.6 Flash=b;GLM 5.2=c;Qwen 3.6 35B=b;Gemma 4 26B=c,4,b,1,1,c,0,1,b,1,1,c,0,1
108,68,150,2,2,0.50000000,INVARIANT_HARD_CORE,False,openrouter_B-hard200-v1|,7ca66f2f726af396221acdda2dc8104d5b9e3b4795b8223a15414dc1c8ad0a1d,490,n172,la-rioja|2024|main|55,new182,,,,La Rioja,2024,aparato-digestivo,main,55,False,c,Ninguna de las respuestas anteriores es correcta.,"En la última actualización de 2022 de la guía ESGE (European Society of Gastrointestinal Endoscopy) de diagnóstico y tratamiento mediante cápsula endoscópica de intestino delgado (ID) y enteroscopia, se establece lo siguiente:","Se recomienda estudio con cápsula endoscópica de ID en pacientes con sospecha de hemorragia digestiva de origen en intestino delgado evidente (“overt”) lo antes posible, idealmente en los primeros 7 días, para maximizar el rendimiento diagnóstico.",Se recomienda estudio con cápsula endoscópica de ID para la vigilancia del intestino delgado proximal en la poliposis adenomatosa familiar.,Ninguna de las respuestas anteriores es correcta.,"Se recomienda el uso de cápsula patency (de permeabilidad) previo a cápsula endoscópica de ID en pacientes con sospecha de enfermedad de Crohn, con o sin síntomas obstructivos.",41f76e5bde1737de37b03fe3230635268bd0619af13e96534bcfe62d818d85d9,fb0ec80e0151f08a2d4b731b35159395bd7c6eb026ef1c843f7e8919354402c9,837,Qwen 3.6 35B;Gemma 4 26B,Gemini 3.6 Flash=c;GLM 5.2=c;Qwen 3.6 35B=a;Gemma 4 26B=a,3,c,1,1,c,1,1,a,0,0,a,0,1
109,68,150,2,2,0.50000000,INVARIANT_HARD_CORE,False,openrouter_B-hard200-v1|,7d4ecce47534fa55dc79c9bf6552d00f91c0ba29690696d9d5618ff3b334360b,78,b115,illes-balears|2022|caso-5|118,retained318,,,,Illes Balears,2022,aparato-digestivo,caso-5,115,False,c,Ninguna de las respuestas anteriores es correcta.,"Varón de 32 años sin hábitos tóxicos ni alergias medicamentosas conocidas y sin antecedentes familiares de interés.

Como único antecedente patológico destaca una rectosigmoiditis ulcerosa diagnosticada dos años antes tras una historia de diarrea sanguinolenta intermitente y un tenesmo discreto. En ese momento se hizo una colonoscopia completa con biopsia que mostró una afectación del recto sigma hasta unos 15 cm del margen anal en forma de mucosa eritematosa friable con sangrado con el roce mínimo de predominante en el recto distal. Se descartaron procesos infecciosos intestinales. Las únicas
alteraciones analíticas reseñables en el momento del diagnóstico fueron que era positivo de P-ANCA y tenía una calprotectina fecal de 450 μg/g. Se pautó un tratamiento con enemas de mesalazina.

El paciente permaneció asintomático desde el diagnóstico siguiendo controles en consultas y con cumplimiento terapéutico. Contactó con su servicio de digestivo de referencia por presentar, en las dos semanas previas, un aumento del número de deposiciones con entre cuatro y seis deposiciones al día deshechas con resto hemático fresco en la mayoría de ellas, con imperiosidad, sin respetar descanso nocturno y con dolor abdominal previo a la deposición. No había afectación del estado general. El mes previo al inicio de la sintomatología digestiva inició una lumbalgia intermitente, en ocasiones
intensa, y se automedicó con ibuprofeno en comprimidos de 600 mg de forma puntual.

La exploración física fue normal y se solicitó una analítica completa en la cual destacaba HB: 12,5 gr/dl, VSG y PCR normales, calprotectina: 675 μg/g, FA: 270 UI/L, GGT: 65 UI/L, Bil. total: GOT y GPT normales, ferropenia discreta, resto de parámetros nutricionales normales.

En el caso presentado se hizo una colonoscopia completa que mostró una progresión a pancolitis ulcerosa, se asumió el diagnóstico de brote moderado severo y se controló de manera ambulatoria.

El paciente recibió un tratamiento con adalimumab para conseguir la remisión y se pautó como tratamiento de mantenimiento. Se le asoció, inicialmente, azatioprina que fue retirada por un episodio de pancreatitis leve.

Se descartó la CEP y se mantuvo en remisión clínica y biológica en los siguientes ocho meses en monoterapia con adalimumab a dosis habituales de 40 mg cada dos semanas. A partir de esa fecha, de forma progresiva, refiere un aumento del número de deposiciones pasando de una a cinco o seis, con sangrado con las heces en la mayoría de las deposiciones, cierto tenesmo y dolor cólico previo a la deposición. Refirió una afectación de su calidad de vida, pero no de su estado general. Se hizo un estudio de heces con coprocultivos negativos, Clostridium negativo y calprotectina de 540 μg/g. La
analítica de sangre, el hemograma, el VSG, la PCR y los parámetros nutricionales fueron normales. Se decidió hacer una rectosigmoidoscopia que evidenció mucosa con eritema intenso friable con alguna erosión aislada desde el recto que afectaba de forma difusa toda la mucosa valorada. Se tomaron muestras para biopsia para conocer el grado de actividad histológico y la presencia de citomegalovirus (CMV).

Señale la afirmación verdadera respecto al tratamiento médico de la colitis ulcerosa grave:",Los esteroides sistémicos son el tratamiento inicial y se debe añadir una segunda línea de tratamiento si no hay respuesta siete días después de iniciar el tratamiento esteroideo.,En caso de requerir una segunda línea debe indicarse infliximab porqué ha demostrado que es más eficaz y seguro que la ciclosporina en estos pacientes.,Ninguna de las respuestas anteriores es correcta.,La ciclosporina siempre es la primera elección en caso de fracaso de los esteroides.,add01492cd3c95421c3146ed18516cf8bf8e2c4be1a7eaaa0b829e8d7fd2a3b3,dd34db1d02d3249c05b4cf70da62a89e6773a9e896bd574729ef1008eea8a1d3,3719,GLM 5.2;Gemma 4 26B,Gemini 3.6 Flash=c;GLM 5.2=a;Qwen 3.6 35B=c;Gemma 4 26B=a,2,c,1,1,a,0,0,c,1,1,a,0,0
110,68,150,2,2,0.50000000,INVARIANT_HARD_CORE,False,openrouter_B-hard200-v1|,7e783ea8337b1a752b3da84c3be77ab9820506760ffcce549645c566270a9461,195,b299,galicia|2022|main|9,retained318,,,,Galicia,2022,aparato-digestivo,main,299,False,b,Ninguna de las respuestas anteriores es correcta.,"Paciente varón de 50 años. Se realiza gastroscopia por pirosis, sin respuesta a tratamiento con IBP. La endoscopia muestra la presencia de Esófago de Barrett C1M5 de la Clasificación de Praga. Los resultados histológicos confirman la existencia de metaplasia sin displasia. Siguiendo las últimas Guías ESGE de diagnóstico y manejo de Esófago de Barrett, ¿en cuánto tiempo le corresponde el siguiente control endoscópico?",1 año.,Ninguna de las respuestas anteriores es correcta.,5 años.,No precisa más controles endoscópicos.,7ec641799ac7126d2673b79058da93cc90bcfb0b6eb3af711ecc8441d1717240,f3eda4675b9d99369dce553f78f8032287c06ee0f71de8427b3010789a065490,520,GLM 5.2;Gemma 4 26B,Gemini 3.6 Flash=b;GLM 5.2=c;Qwen 3.6 35B=b;Gemma 4 26B=a,3,b,1,1,c,0,0,b,1,1,a,0,1
111,68,150,2,2,0.50000000,INVARIANT_HARD_CORE,False,openrouter_B-hard200-v1|,804e6a7b543e9dfc68d84a5c8744e8119e6b043143960e3b5f5a8c77e4b05334,5,b7,illes-balears|2022|caso-1|7,retained318,,,,Illes Balears,2022,aparato-digestivo,caso-1,7,True,d,Ninguna de las respuestas anteriores es correcta.,"Paciente de 57 años, sin antecedentes personales ni familiares de cáncer de colon ni de cáncer en otras localizaciones, fumador de 22 cigarrillos al día, con hábitos de vida sedentarios, enolismo de 60 gr/día, obesidad con un índice de masa corporal de 37 y una dieta rica en carnes rojas y procesadas.

Señale la respuesta falsa en relación con la calidad de las endoscopias del programa de cribado:",Deben ser procedimientos hechos por endoscopistas de alta cualificación para poder detectar y tratar las lesiones.,Se deben hacer en gabinetes con programación específica separada de las endoscopias de rutina.,Se debe disponer de equipamientos de la máxima calidad para optimizar la detección de las lesiones.,Ninguna de las respuestas anteriores es correcta.,11625cd44dba8c7ea369809a9dfe4ce219882d7fc76401778d7565c2e06ca0b9,b0069f52f90920324f139161feadf3b091706c8a0c4358524172c9fa705614dc,756,GLM 5.2;Qwen 3.6 35B,Gemini 3.6 Flash=d;GLM 5.2=b;Qwen 3.6 35B=b;Gemma 4 26B=d,4,d,1,1,b,0,1,b,0,1,d,1,1
112,68,150,2,2,0.50000000,INVARIANT_HARD_CORE,False,openrouter_B-hard200-v1|,81a73a3347b99f420d1371c71179bf5b4d8ba8703789fbcda7a9c1d4d9718f57,216,b329,andalucia|2022|cuestionario-practico|135,retained318,,,,Andalucía,2022,aparato-digestivo,cuestionario-practico,329,False,b,Ninguna de las respuestas anteriores es correcta.,"Un varón de 54 años, albañil de profesión, sin hábitos tóxicos, y con el antecedente de una parálisis facial bilateral 7 años antes, atribuida a un síndrome de Guillain-Barré completamente resuelto, acude a urgencias por dolor abdominal y diarrea. El paciente había comenzado con diarrea desde aproximadamente 1 mes antes, inicialmente con 3 deposiciones líquidas cada día, que había ido incrementándose en frecuencia hasta unas 6-8, algunas de ellas mezcladas con sangre roja. Además, describía dolor abdominal cólico y pérdida ponderal de unos 5-6 kg de peso en ese plazo, Durante la evolución
comenzó con dolor abdominal postprandial, que se aliviaba parcialmente con la defecación, pero que finalmente se hizo continuo. Durante las últimas semanas ni las deposiciones ni el dolor respetaban el descanso nocturno, y acude finalmente por empeoramiento de la clínica e imposibilidad para la ingesta oral. Exploración: Consciente y orientado, con afectación de su estado general. Temperatura 37,8 ºC, pulso 102 lpm, TA 98/60 mm Hg. IMC: 22 kg/m². Abdomen blando y depresible, doloroso a la palpación profunda en hemiabdomen izquierdo, más intensamente en cuadrante inferior izquierdo, sin masas
ni visceromegalias. No defensa ni signos de irritación peritoneal. Blumberg negativo. Ruidos intestinales normales. ANALÍTICA: Hemoglobina 14,3 g/dl, leucocitos 14.900/mm³, plaquetas 499.000/mm³; urea 17 mg/dl, creatinina 0,72 mg/dl, LDH: 302 UI/L, PCR 74,7 mg/L. Una determinación de toxina de Clostridium difficile y una determinación de parásitos y cultivo de heces resultaron negativos. La Rx de abdomen fue normal. Al día siguiente de su ingreso empeora el dolor, se realiza una rectoscopia en la que se exploran los últimos 15 cm de colon apreciando desde margen anal una mucosa con áreas
parcheadas de eritema, con pérdida del patrón vascular y úlceras milimétricas, con otras áreas de mucosa sana respetada. Se toman biopsias para cultivo de virus y para estudio histológico. Tras discreta mejoría con tratamiento con corticoides, se realiza una colonoscopia que describe desde recto hasta ciego existe una afectación circunferencial continua con amplias zonas ulceradas de aspecto geográfico. Válvula ileocecal e íleon normales.

¿Qué afirmación le parece correcta con respecto a este paciente?","Se trata de una forma de megacolon toxico, probablemente asociado a una enfermedad inflamatoria intestinal.",Ninguna de las respuestas anteriores es correcta.,El episodio de desmielinización previa por el síndrome de Guillain-Barré es una contraindicación para el tratamiento biológico.,"El paciente debe tratarse con fluidoterapia, dieta absoluta, corticoides y mesalazina oral.",4c59ec0a6c077a1382a87eccc835c9f101907f8a3f56fa06fc4611a952e8289f,11cce358e0b735c4a6df4f85c6f74fe229b094c14fee82b89781cfabf625aee4,2672,GLM 5.2;Qwen 3.6 35B,Gemini 3.6 Flash=b;GLM 5.2=c;Qwen 3.6 35B=c;Gemma 4 26B=b,4,b,1,1,c,0,1,c,0,1,b,1,1
113,68,150,2,2,0.50000000,INVARIANT_HARD_CORE,False,openrouter_B-hard200-v1|,82fa318abb52bc4d63eaccf8280ff0d86d6ab6ae47fccd69dcf095b801438239,107,b166,navarra|2022|caso-clinico-1|91,retained318,,,,Navarra,2022,aparato-digestivo,caso-clinico-1,166,False,c,Ninguna de las respuestas anteriores es correcta.,"Estás de guardia y te avisan desde Urgencias donde están valorando a una mujer de 67 años que ha acudido por presentar, en las últimas 3 horas, 2 deposiciones de características melénicas. Son las 22:45h.
En la analítica presenta: Hemoglobina 7.8 g/dL, urea 69 y Creatinina 0.9mg/dL. El resto de parámetros están dentro de la normalidad.
Rehistoriada la paciente refiere ingesta de ibuprofeno en los 3 días previos por un dolor en un molar. No tiene antecedentes médicos de interés salvo una dislipemia bien controlada con estatinas y es alérgica a las quinolonas. Fuma unos 15 cigarrillos cada día.
En la exploración física la TA es de 118/65 mmHg y la FC de 86 lpm. La paciente está eupneica y algo pálida. La auscultación cardio-pulmonar es normal y en la exploración abdominal refiere molestias a la palpación profunda en región epigástrica

Si seguimos las recomendaciones de la ESGE (European Society of Gastrointestinal Endoscopy), cuándo le deberíamos realizar la gastroscopia. Señale la respuesta CORRECTA:",Emergente (antes de 6h),Urgente (antes de 12h),Ninguna de las respuestas anteriores es correcta.,Demorada (>24 horas),ce92732f6e6259ea4369a9f289f73dcfa80cc67235651691fe2876f5ed469e08,47e5d88518a43b73132cf99bde34a0a1ff87d89b15509df47883a9ce715fe2b6,1129,GLM 5.2;Gemma 4 26B,Gemini 3.6 Flash=c;GLM 5.2=b;Qwen 3.6 35B=c;Gemma 4 26B=b,4,c,1,1,b,0,1,c,1,1,b,0,1
114,68,150,2,2,0.50000000,INVARIANT_HARD_CORE,False,openrouter_B-hard200-v1|,858551a2c5f6189b268177c85dea141687b2e8057e5bc2bbef3104e92ee3803d,29,b44,illes-balears|2022|caso-2|45,retained318,,,,Illes Balears,2022,aparato-digestivo,caso-2,44,True,d,Ninguna de las respuestas anteriores es correcta.,"Varón de 63 años remitido a la unidad de endoscopia para hacerle una gastroscopia por un reflujo de larga evolución (superior a 10 años). El paciente es obeso, hipertenso y fumador. Refiere disfagia a sólidos desde hace un mes. Se hace una gastroscopia que detecta a 32 cm de las arcadas dentarias la presencia de una mucosa ectópica que se extiende hasta la unión esofagogástrica situada a 38 cm de las arcadas dentarias en donde se aprecian signos de esofagitis por reflujo grado C.
Se pauta un tratamiento médico y se hace una nueva gastroscopia a las ocho semanas. En ella se aprecia la mucosa ectópica descrita previamente sugestiva de esófago de Barrett (C5M6) con una cicatrización completa de la esofagitis por reflujo y a 35 cm de las arcadas dentarias se aprecia un área irregular sobreelevada de unos 8 mm (0-Is) diferente al resto de la mucosa circundante. Se hacen biopsias de forma aleatoria de la lesión descrita, suponiendo que puede tratarse de un esófago de Barrett según el protocolo de Seattle. Los resultados de la lesión visible en el esófago confirman un esófago
de Barrett con metaplasia intestinal y presencia de focos de displasia de grado alto y las biopsias aleatorias confirmaban el esófago de Barrett sin displasia. Se planifica una estrategia de tratamiento y seguimiento.

La recurrencia del esófago de Barrett tras el tratamiento endoscópico ablativo se relaciona con diferentes factores. Señale la respuesta falsa:",Presencia de hernia de hiato.,Hábito tabáquico.,Displasia de riesgo alto en la presentación inicial.,Ninguna de las respuestas anteriores es correcta.,ceb122a03a2f86299c620a1ea5bba19e93785cd7397b4067a9a2f37e3e7ad409,a6e835c2e74ddc1064b2f09c1e3ee43e2f7d1e6964c3d1facb681df60ccdb13a,1595,GLM 5.2;Qwen 3.6 35B,Gemini 3.6 Flash=d;GLM 5.2=b;Qwen 3.6 35B=c;Gemma 4 26B=d,4,d,1,1,b,0,1,c,0,1,d,1,1
115,68,150,2,2,0.50000000,INVARIANT_HARD_CORE,False,openrouter_B-hard200-v1|,867547e4a92f374ff6547b40d09738296e47bbd6251759d6c12c42f21c448664,395,n077,comunidad-de-madrid|2021|main|111,new182,,,,Comunidad de Madrid,2021,aparato-digestivo,main,111,False,b,Ninguna de las respuestas anteriores es correcta.,"Para la extracción de pólipos diminutos, la Sociedad Europea de Endoscopia Gastrointestinal (ESGE) recomienda incluir un margen claro de tejido normal de:",10 mm,Ninguna de las respuestas anteriores es correcta.,5 mm,No se requiere margen,e15421c9aae33a0ddf1e2fac89034a65596aabcf2fd32e0c7c1f7dfdb4936de5,6361c92e6c8873a14ed68183d11b37b8fd50e3a8daa64cf53c53c9151ad5ac72,233,Qwen 3.6 35B;Gemma 4 26B,Gemini 3.6 Flash=b;GLM 5.2=b;Qwen 3.6 35B=d;Gemma 4 26B=d,3,b,1,1,b,1,1,d,0,1,d,0,0
116,68,150,2,2,0.50000000,INVARIANT_HARD_CORE,False,openrouter_B-hard200-v1|,88ac082d0bcd3d173fffec521b27a8bfc968d0107b2d7fc7b7fd3153ca816447,251,b381,region-de-murcia|2019|main|144,retained318,,,,Región de Murcia,2019,aparato-digestivo,main,381,True,b,Ninguna de las respuestas anteriores es correcta.,"En relación a la historia natural del Virus de la Hepatitis B, en la fase infección crónica con Hbe Ag -(fase 3), es falso que:",Esta fase equivale al término de portador asintomático.,Ninguna de las respuestas anteriores es correcta.,Se caracteriza por la presencia de anti- Hbe.,Habitualmente la carga viral está por debajo de 2000 UI/ml.,9d39b6d1ea6250cb7e2570811116b74220bb80790224da2ed504c035e4fe20fc,96d2d3630e48e1d0136a279cd4121da6683319fc8c1423537f3c6729af931b70,335,GLM 5.2;Qwen 3.6 35B,Gemini 3.6 Flash=b;GLM 5.2=a;Qwen 3.6 35B=a;Gemma 4 26B=b,4,b,1,1,a,0,1,a,0,1,b,1,1
117,68,150,2,2,0.50000000,INVARIANT_HARD_CORE,False,openrouter_B-hard200-v1|,8a1280b14a249e2f71321326f7ff4ca28d44d503269f6d7d74b4fd654ca04188,442,n124,andalucia|2022|cuestionario-practico|145,new182,,,,Andalucía,2022,aparato-digestivo,cuestionario-practico,145,False,c,Ninguna de las respuestas anteriores es correcta.,"El endoscopista decide insertar prótesis de aposición luminal. La paciente pudo ser dada de alta, pero a las 2 semanas acude nuevamente por hematemesis importante y melenas, con shock hipovolémico durante su estancia en el servicio de urgencias. Un angio-TAC demuestra una hemorragia de alto débito desde la pared interna de la colección, que es de menor tamaño pero está repleta de sangre. ¿Qué afirmación es correcta?","El tratamiento es con cirugía directa, con hemostasia quirúrgica.",Tratamiento endoscópico con Hemospray®.,Ninguna de las respuestas anteriores es correcta.,Hay evidencia de que la inserción de una prótesis tipo doble pig-tail profiláctica dentro de la prótesis de aposición luminar es una medida efectiva para prevenir la hemorragia.,b69fec33d71fcefef90abf8b324be9753c0c8e4388ea44720b62e5982b0aa7d8,91ef8fe521b49dcadb0b3948692c98439e58aa13c37d230fbb03baf96c435790,749,Gemini 3.6 Flash;Qwen 3.6 35B,Gemini 3.6 Flash=d;GLM 5.2=c;Qwen 3.6 35B=d;Gemma 4 26B=c,4,d,0,1,c,1,1,d,0,1,c,1,1
118,68,150,2,2,0.50000000,INVARIANT_HARD_CORE,False,openrouter_B-hard200-v1|,8f089d7520188586fe86af15cc9cb222502822912061a1050a1ec630dbb5b5dc,303,b475,castilla-y-leon|2019|reserva-especifica|161,retained318,,,,Castilla y León,2019,aparato-digestivo,reserva-especifica,475,True,c,Ninguna de las respuestas anteriores es correcta.,Señale la respuesta INCORRECTA con respecto al uso de azatioprina en la enfermedad inflamatoria intestinal:,"Se ha relacionado con tumores de piel no melanocíticos, de tracto urinario y linfomas.","La determinación previa de la actividad de la tiopurina metiltransferasa (TPMT) no es imprescindible, pero permite mayor seguridad inicial.",Ninguna de las respuestas anteriores es correcta.,Se recomienda evitar su uso en pacientes con serología negativa para virus Epstein Barr (VEB,a320d1a5a890e98e60a652b7d92a56df687e0a6664f84bef458c83b6bfdd59cc,2bda075eee58b873499baee9d29b9ee27b1d30b3350f250abd32e6d4d95b8c84,473,Qwen 3.6 35B;Gemma 4 26B,Gemini 3.6 Flash=c;GLM 5.2=c;Qwen 3.6 35B=b;Gemma 4 26B=d,4,c,1,1,c,1,1,b,0,1,d,0,1
119,68,150,2,2,0.50000000,INVARIANT_HARD_CORE,False,openrouter_B-hard200-v1|,90eedb91d3b2c458ad7cf18cd3303a53f0bfe24e4d02549fce5cd4cba7f9a6a7,439,n121,galicia|2022|main|7,new182,,,,Galicia,2022,aparato-digestivo,main,7,False,b,Ninguna de las respuestas anteriores es correcta.,"Varón, 63 años, sin antecedentes personales de interés. Es diagnosticado en 2018 de cirrosis hepática por alcohol tras una primera descompensación en forma de hemorragia digestiva por varices esofágicas. Abstinente desde entonces, con función hepática normal, A5 de Child-Pugh, PS 0. En TC abdominal presenta cuatro nódulos en segmentos VI y VII, con comportamiento dinámico de hepatocarcinoma, de 42 mm, 28 mm 18 mm y 16 mm, sin trombosis portal asociada. Según criterio BCLC la primera opción terapéutica a considerar sería:",Trasplante hepático.,Ninguna de las respuestas anteriores es correcta.,Radioembolización con Ytrio.,Terapia sistémica.,717b7bfcff965ccd6ddc352dcc24b703d95eb68000ffe0d5a11dbf3098086ecc,2355c95974a94a7baa27db27bdf6517d43f4d72f14b91843ad84a4c9ff992e7f,641,Qwen 3.6 35B;Gemma 4 26B,Gemini 3.6 Flash=b;GLM 5.2=b;Qwen 3.6 35B=c;Gemma 4 26B=a,3,b,1,1,b,1,1,c,0,1,a,0,0
120,68,150,2,2,0.50000000,INVARIANT_HARD_CORE,False,openrouter_B-hard200-v1|,93c3ef0b63a4f7dd3ace98c55c80f89a2da22882caf433490f648dbd91bf9628,68,b99,illes-balears|2022|caso-5|102,retained318,,,,Illes Balears,2022,aparato-digestivo,caso-5,99,True,b,Ninguna de las respuestas anteriores es correcta.,"Varón de 32 años sin hábitos tóxicos ni alergias medicamentosas conocidas y sin antecedentes familiares de interés.

Como único antecedente patológico destaca una rectosigmoiditis ulcerosa diagnosticada dos años antes tras una historia de diarrea sanguinolenta intermitente y un tenesmo discreto. En ese momento se hizo una colonoscopia completa con biopsia que mostró una afectación del recto sigma hasta unos 15 cm del margen anal en forma de mucosa eritematosa friable con sangrado con el roce mínimo de predominante en el recto distal. Se descartaron procesos infecciosos intestinales. Las únicas
alteraciones analíticas reseñables en el momento del diagnóstico fueron que era positivo de P-ANCA y tenía una calprotectina fecal de 450 μg/g. Se pautó un tratamiento con enemas de mesalazina.

El paciente permaneció asintomático desde el diagnóstico siguiendo controles en consultas y con cumplimiento terapéutico. Contactó con su servicio de digestivo de referencia por presentar, en las dos semanas previas, un aumento del número de deposiciones con entre cuatro y seis deposiciones al día deshechas con resto hemático fresco en la mayoría de ellas, con imperiosidad, sin respetar descanso nocturno y con dolor abdominal previo a la deposición. No había afectación del estado general. El mes previo al inicio de la sintomatología digestiva inició una lumbalgia intermitente, en ocasiones
intensa, y se automedicó con ibuprofeno en comprimidos de 600 mg de forma puntual.

La exploración física fue normal y se solicitó una analítica completa en la cual destacaba HB: 12,5 gr/dl, VSG y PCR normales, calprotectina: 675 μg/g, FA: 270 UI/L, GGT: 65 UI/L, Bil. total: GOT y GPT normales, ferropenia discreta, resto de parámetros nutricionales normales.

Señale la afirmación falsa:",La extensión de la afectación mucosa se da en un 20 % de los pacientes en los cinco primeros años desde el diagnóstico.,Ninguna de las respuestas anteriores es correcta.,Un 20 % de los pacientes de CU tendrán manifestaciones extraintestinales a lo largo de su vida.,Las manifestaciones extraintestinales pueden aparecer antes que la enfermedad intestinal.,e27dff4fe9fe699d31e1a22a73bfae6fe7f9b1a50d070a7ae0086997571a8c3b,6b09b319c405cd6184d79a8a433deb39d38a6e453251258538f4f8095db7ce21,2134,Qwen 3.6 35B;Gemma 4 26B,Gemini 3.6 Flash=b;GLM 5.2=b;Qwen 3.6 35B=c;Gemma 4 26B=a,4,b,1,1,b,1,1,c,0,1,a,0,1
121,68,150,2,2,0.50000000,INVARIANT_HARD_CORE,False,openrouter_B-hard200-v1|,a01ce3200efeb43936459e89a118149a7b9e90288cd6c086917440bf27b3d022,319,n001,la-rioja|2024|main|89,new182,,,,La Rioja,2024,aparato-digestivo,main,89,False,c,Ninguna de las respuestas anteriores es correcta.,En relación con la colitis microscópica señale cuál de las siguientes afirmaciones es CORRECTA:,Se ha descrito una asociación genética con los alelos HLA A1*05 y DQ B1.,"Se ha observado asociación con la enfermedad celíaca, y se considera que el gluten actúa como antígeno desencadenante de la inflamación en la mucosa colónica.",Ninguna de las respuestas anteriores es correcta.,La capacidad absortiva del agua en el colon guarda una relación inversa con el grado de celularidad en la lámina propia y con el engrosamiento de la banda subepitelial de colágeno.,8df077f5b0f391ed903d5b109e5049c7628e6ae555f240d97eaeab6dbc1cb527,6b82689b120949cbc9b7fb40af14463a55aea99dd47d1d123cd1e46146442dc2,554,GLM 5.2;Qwen 3.6 35B,Gemini 3.6 Flash=c;GLM 5.2=d;Qwen 3.6 35B=d;Gemma 4 26B=c,3,c,1,1,d,0,1,d,0,0,c,1,1
122,68,150,2,2,0.50000000,INVARIANT_HARD_CORE,False,openrouter_B-hard200-v1|,ab5288f232510249fb29bfeed16441b2528a8fd6a135dfac036fadd18a0e9afd,277,b432,andalucia|2021|cuestionario-practico|123,retained318,,,,Andalucía,2021,aparato-digestivo,cuestionario-practico,432,False,c,Ninguna de las respuestas anteriores es correcta.,"Una mujer de 62 años acude para realización de colonoscopia por test de sangre oculta en heces positivo en el contexto del programa de cribado poblacional de cáncer colorrectal de Andalucía. Se encontraba asintomática y no tenía comorbilidades ni antecedentes personales ni familiares de cáncer colorrectal. Se realiza colonoscopia hasta ciego, bajo sedación profunda, con un tiempo de retirada de 18 minutos. Se encontró un pólipo 0-Ip de 14mm en sigma, que se extirpa de forma completa y en bloque, informado por el patólogo como adenoma tubulovelloso con displasia de bajo grado. No se encontraron
otras lesiones. La puntuación de la escala de Boston fue 5 (2 en colon izquierdo, 1 en colon transverso y 1 en ciego-colon ascendente).

¿Cuál es la actitud más correcta que se debe seguir a continuación?","Debe completarse el estudio con TAC colonografía/colonoscopia virtual o enema opaco, según disponibilidad.","Debe realizarse un nuevo test de sangre oculta en heces tres meses tras la polipectomía y, si es positivo, repetir la colonoscopia.",Ninguna de las respuestas anteriores es correcta.,"Se debe individualizar la pauta de seguimiento endoscópico, con intervalos más estrechos que los recomendados por las guías de práctica clínica.",b9f3417960d11177bd4fc19208d77c1a9553b3b4ef8b23962690de50d01cc490,f7c38fc8ac7675b9abbe2dd30a107f9ffe770064fbc0f1cead8f62dd43894caf,1235,GLM 5.2;Gemma 4 26B,Gemini 3.6 Flash=c;GLM 5.2=d;Qwen 3.6 35B=c;Gemma 4 26B=a,4,c,1,1,d,0,1,c,1,1,a,0,1
123,68,150,2,2,0.50000000,INVARIANT_HARD_CORE,False,openrouter_B-hard200-v1|,ad4104b87ead0954ff901d2bd31a08e0ab22b627077520d9fe937ed7bf1d28c9,499,n181,galicia|2022|main|92,new182,,,,Galicia,2022,aparato-digestivo,main,92,False,c,Ninguna de las respuestas anteriores es correcta.,Señale la afirmación CORRECTA:,"Los tumores con afectación de la unión esofagogástrica tipo Siewert I, deben ser estadificados y tratados como cáncer gástrico.","Los tumores con afectación de la unión esofagogástrica tipo Siewert II, deben ser estadificados y tratados como cáncer gástrico.",Ninguna de las respuestas anteriores es correcta.,La clasificación de Siewert no influye en el manejo de un tumor con afectación de la unión esofagogástrica.,456ba0d1fec016e8cb33a722205e15659a4f9974232ee00ae727337c6d6649c8,edd2efe1e0bcc470a6183fac2b74723068c8d8d4451939aca0d440b02889a3d3,441,GLM 5.2;Gemma 4 26B,Gemini 3.6 Flash=c;GLM 5.2=b;Qwen 3.6 35B=c;Gemma 4 26B=a,3,c,1,1,b,0,1,c,1,1,a,0,0
124,68,150,2,2,0.50000000,INVARIANT_HARD_CORE,False,openrouter_B-hard200-v1|,b122ed27c9b4efe34712c051e2086d70368c1b8907c9e9b8452ea426f611f45c,365,n047,andalucia|2021|cuestionario-practico|148,new182,,,,Andalucía,2021,aparato-digestivo,cuestionario-practico,148,False,c,Ninguna de las respuestas anteriores es correcta.,"Durante el ingreso hospitalario se realizan distintos estudios para filiar la hepatitis aguda que presenta con: • Serologías virus A,B,C,D y E: negativa • VIH, VEB, CMV, adenovirus, VHS negativos. • Autoinmunidad hepática completa: negativa. • Inmunoglobulinas: IgG límite superior 1830. IgM e IgA normales. • Ceruloplasmia y cupruria: normal. Alfa-1AT normal. • Estudio férrico: normal (ferritina, transferrina, hierro sérico e IST). • AngioTAC abdominal: Normal. Pero la paciente en el cuarto día de ingreso en su analítica de seguimiento comienza a mostrar un empeoramiento del INR 2.45 y del TP en segundos, aunque la Bilirrubina total se mantiene en rangos similares al primer control A la exploración sigue destacando la ictericia mucocutánea y la paciente aunque colaboradora, se despista un poco con las respuestas. En este momento cree que lo indicado es:",Realizar una biopsia hepática percutánea,Iniciar tratamiento con fitomenadiona y repetir el control analítico,Ninguna de las respuestas anteriores es correcta.,Traslado a UCI para monitorización y realización de biopsia hepática percutanea,02e97f4379cb72980c2231da4ac9df20294c13a26112bbc65d4b66096d5026fd,aabdecbea0b7b52e91a6656e2c7e1b2da4a93b711fe83816ce57cd4fe87e8849,1100,Qwen 3.6 35B;Gemma 4 26B,Gemini 3.6 Flash=c;GLM 5.2=c;Qwen 3.6 35B=d;Gemma 4 26B=d,4,c,1,1,c,1,1,d,0,1,d,0,1
125,68,150,2,2,0.50000000,INVARIANT_HARD_CORE,False,openrouter_B-hard200-v1|,b12d871ef4e4fa72003be4be52696c342ecef371ddc943a6fb1d89eaa285418e,210,b321,galicia|2022|reserva-especifica|104,retained318,,,,Galicia,2022,aparato-digestivo,reserva-especifica,321,False,d,Ninguna de las respuestas anteriores es correcta.,"Paciente de 63 años con Esófago de Barrett C1M2 de la Clasificación de Praga. Asintomático con omeprazol 20 mg cada 24 horas. En la última revisión, las biopsias constatan la presencia de metaplasia sin displasia. Siguiendo las últimas Guías ESGE para el diagnóstico y manejo de Esófago de Barrett, ¿para cuándo programaría la siguiente revisión endoscópica?",6 meses.,1 año.,3 años.,Ninguna de las respuestas anteriores es correcta.,d950c6c96e0463f51ef8532d746f50c0c9cd78755beca147825b8a76fab2ca22,a30bbef666bad27fb5b65fffe56f603b80c61da47b163497bb7261122f10440f,428,Qwen 3.6 35B;Gemma 4 26B,Gemini 3.6 Flash=d;GLM 5.2=d;Qwen 3.6 35B=c;Gemma 4 26B=c,2,d,1,1,d,1,1,c,0,0,c,0,0
126,68,150,2,2,0.50000000,INVARIANT_HARD_CORE,False,openrouter_B-hard200-v1|,b30e3c1a294a4700fc0a4dba27fdbc124d1f2d5776a8c3ba8ae391bb5befdb42,332,n014,galicia|2022|main|2,new182,,,,Galicia,2022,aparato-digestivo,main,2,False,c,Ninguna de las respuestas anteriores es correcta.,Según las recomendaciones de la V Conferencia Española de Consenso para el tratamiento de la infección por Helicobacter Pylori:,Un tratamiento erradicador se considera efectivo cuando logra la curación de la infección en un porcentaje próximo o preferiblemente mayor al 70 por ciento.,Se recomienda el uso de probióticos para reducir el riesgo de diarrea secundaria a tratamiento antibiótico.,Ninguna de las respuestas anteriores es correcta.,"En pacientes alérgicos a penicilina, se recomienda como primera línea terapéutica triple terapia con IBP, Tetraciclina y Metronidazol.",2428e9040121a93207b1db388261c63feac15dbfadab31d8ea0395da70adf70d,995ba09ead90eccf96ad3b6ee208feabf9a3cfd112de374e3293361073da3bfb,573,Qwen 3.6 35B;Gemma 4 26B,Gemini 3.6 Flash=c;GLM 5.2=c;Qwen 3.6 35B=b;Gemma 4 26B=b,2,c,1,1,c,1,1,b,0,0,b,0,0
127,68,150,2,2,0.50000000,INVARIANT_HARD_CORE,False,openrouter_B-hard200-v1|,b331679ade0af57b31c5b06c705c4f1fa7e8915692650305d7d4194978e1adea,341,n023,la-rioja|2024|main|6,new182,,,,La Rioja,2024,aparato-digestivo,main,6,False,d,Ninguna de las respuestas anteriores es correcta.,La clasificación de la organización mundial de la salud (WHO) de adenocarcinoma gástrico incluye:,Difuso e intestinal.,Escamoso y adenoescamoso.,Exofítico e infiltrativo.,Ninguna de las respuestas anteriores es correcta.,ebd2924600073ab3657bb521311ef7ddf146bb1f188b40d16e114097e59713e1,46cdb2df58dd91855c2f114f10248faed68c4e8091171b96f135cdacfe33a794,216,Qwen 3.6 35B;Gemma 4 26B,Gemini 3.6 Flash=d;GLM 5.2=d;Qwen 3.6 35B=a;Gemma 4 26B=a,3,d,1,1,d,1,1,a,0,1,a,0,0
128,68,150,2,2,0.50000000,INVARIANT_HARD_CORE,False,openrouter_B-hard200-v1|,b4c1593e005f662d2237f518daf53a3f4d2ae2f6117b312b1d892ebe15345380,233,b357,andalucia|2022|cuestionario-teorico|100,retained318,,,,Andalucía,2022,aparato-digestivo,cuestionario-teorico,357,False,c,Ninguna de las respuestas anteriores es correcta.,"Un varón de 52 años de edad, con leucemia linfoblástica aguda, recibe un trasplante de médula ósea alogénico. El día 22º postrasplante desarrolla un rash cutáneo difuso, dolor abdominal y diarrea. Se le consulta la posibilidad de realizar endoscopia para el diagnóstico. ¿De dónde es más rentable tomar las biopsias para el diagnóstico de una enfermedad injerto contra huésped?","Esófago, siendo el punto de elección para la toma de biopsias por ser el procedimiento menos invasivo.",Duodeno.,Ninguna de las respuestas anteriores es correcta.,"Unión gastroesofágica, con una sensibilidad muy superior a las otras localizaciones.",b65d359932d73fa8a2d1dd0451cde2a400f17ab01c5140792c53524285187cce,c06ea53e41ab2351867f92a71507031202c72af3ba7510b77766dd6b8d5fa25a,620,Qwen 3.6 35B;Gemma 4 26B,Gemini 3.6 Flash=c;GLM 5.2=c;Qwen 3.6 35B=b;Gemma 4 26B=d,4,c,1,1,c,1,1,b,0,1,d,0,1
129,68,150,2,2,0.50000000,INVARIANT_HARD_CORE,False,openrouter_B-hard200-v1|,b6bf60517bc0107e88383801e4388a684d1cfdb296992fd66d1628996866b3d8,176,b270,comunitat-valenciana|2022|main-47-80|78,retained318,,,,Comunitat Valenciana,2022,aparato-digestivo,main-47-80,270,True,d,Ninguna de las respuestas anteriores es correcta.,"Según la Guía Europea de Gastroenterología basada en la evidencia para el diagnóstico y tratamiento de la pancreatitis crónica (HaPanEU), ante un paciente diagnosticado de pancreatitis crónica con insuficiencia pancreática exocrina, una de las siguientes aseveraciones no es cierta:",No se precisan de forma sistemática pruebas de función pancreática exocrina para controlar eficacia del tratamiento enzimático.,La presencia de insuficiencia pancreática exocrina debe evaluarse anualmente en pacientes con pancreatitis crónica.,Todo paciente con nuevo diagnóstico de pancreatitis crónica debe realizarse pruebas de detección de insuficiencia exocrina pancreática.,Ninguna de las respuestas anteriores es correcta.,bbd0919d391c8500292cbce2da38969eabe9a421df20809dfb1e88d0e3709d99,ff3ad941726c2034f79be7994b0b5a095c7135b488b694fc0a72fa62470fedba,708,Qwen 3.6 35B;Gemma 4 26B,Gemini 3.6 Flash=d;GLM 5.2=d;Qwen 3.6 35B=b;Gemma 4 26B=b,4,d,1,1,d,1,1,b,0,1,b,0,1
130,68,150,2,2,0.50000000,INVARIANT_HARD_CORE,False,openrouter_B-hard200-v1|,ba41b37edfe7489ad27cad1e71c468b7f737552f642c2b9a1a4b897706df5932,286,b447,castilla-y-leon|2019|reserva-especifica|154,retained318,,,,Castilla y León,2019,aparato-digestivo,reserva-especifica,447,False,d,Ninguna de las respuestas anteriores es correcta.,"Ante un paciente que acude al Servicio de Urgencias con la sospecha de ingestión aguda accidental de un cáustico, la primera medida a realizar será:",Endoscopia digestiva alta.,Radiografía simple de tórax y abdomen.,Estudio analítico que incluya hemograma y bioquímica general.,Ninguna de las respuestas anteriores es correcta.,ded2e20a6bc4cdd6126bf43a43eaf43d9dc313c907537712ab970ac334f85b74,629fb26c7f80d14edbeae81a81b04465e0231c069d7e4c0a9eb0322c0f18c3fc,322,GLM 5.2;Gemma 4 26B,Gemini 3.6 Flash=d;GLM 5.2=b;Qwen 3.6 35B=d;Gemma 4 26B=b,4,d,1,1,b,0,1,d,1,1,b,0,1
131,68,150,2,2,0.50000000,INVARIANT_HARD_CORE,False,openrouter_B-hard200-v1|,bec893ee585a08a690235d479e046227d644f9045c81b61e3862a409fbba3f3f,297,b469,aragon|2017|reserva-especifica|103,retained318,,,,Aragón,2017,aparato-digestivo,reserva-especifica,469,True,d,Ninguna de las respuestas anteriores es correcta.,"De acuerdo a la guía de la European Society of Gastrointestinal Endoscopy (ESGE) y respecto del seguimiento tras polipectomía, ¿cuál de estas afirmaciones NO es cierta?:","En caso de resección en fragmentos (piecemeal) de una adenoma mayor de 10 mm, el seguimiento endoscópico debe hacerse a los 6 meses antes de hacer ninguna otra recomendación","La ESGE no recomienda el uso de test de sangre oculta en heces tras polipectomía como método de seguimiento, pero en caso de realizarse de manera no planificada y si es positivo, la decisión debe basarse en el buen juicio clínico","Los pacientes con extirpación de pólipos serrados de menos de 10 mm sin displasia deben clasificarse como de bajo riesgo, mientras que aquellos que tengan pólipos serrados de más de 10 mm con displasia serán clasificados como de alto riesgo",Ninguna de las respuestas anteriores es correcta.,4a9c635e26d2d38735e7ce21029d54dd55ad5838be56372eae67571237e19c00,5c7fb2259af62797b20787137b9e40784652022caeec058553f208de45ad56ff,860,Gemini 3.6 Flash;Gemma 4 26B,Gemini 3.6 Flash=a;GLM 5.2=d;Qwen 3.6 35B=d;Gemma 4 26B=a,4,a,0,1,d,1,1,d,1,1,a,0,1
132,68,150,2,2,0.50000000,INVARIANT_HARD_CORE,False,openrouter_B-hard200-v1|,c0b885a23b1b1050ffb2c058c826df0a54e4a04fd4f5a8e26e37d85f5678bfcb,468,n150,galicia|2019|main|56,new182,,,,Galicia,2019,aparato-digestivo,main,56,False,b,Ninguna de las respuestas anteriores es correcta.,Le consulta un paciente de 45 años cuyo padre tuvo un cáncer colorrectal a los 48 años. ¿Cuál sería su recomendación de cribado de cáncer de colon según las últimas recomendaciones de 2019 de la Sociedad Europea de Endoscopia Digestiva (ESGE)?:,Comenzar cribado poblacional con sangre oculta en heces a la edad correspondiente.,Ninguna de las respuestas anteriores es correcta.,Realizar ya una colonoscopia y posteriormente cada 10 años.,Realizar una colonoscopia a los 50 años y posteriormente cada 5 años.,86e4e767684fef56a3eedb9359096e6b818188b2646f85afcccd23a09527e996,13df9813220e8a6ab7a72b7f4ec77ad03c50a244e6b559a793774f0d0ea4fd8a,503,Gemini 3.6 Flash;Gemma 4 26B,Gemini 3.6 Flash=c;GLM 5.2=b;Qwen 3.6 35B=b;Gemma 4 26B=c,4,c,0,1,b,1,1,b,1,1,c,0,1
133,68,150,2,2,0.50000000,INVARIANT_HARD_CORE,False,openrouter_B-hard200-v1|,c371301e9bb838ba5131231c8673fee9f7be3c62b92a7cc091a0558f4df2c084,213,b325,comunitat-valenciana|2022|main-47-80|61,retained318,,,,Comunitat Valenciana,2022,aparato-digestivo,main-47-80,325,False,c,Ninguna de las respuestas anteriores es correcta.,La lesión hepática más frecuentemente producida por azatioprina es:,Ductopenia.,Granulomas.,Ninguna de las respuestas anteriores es correcta.,Esteatohepatitis.,0840ed3123abefcdf084219079d0bd56f9e712826a52648d9e13364a240f3726,6e490a6725486366d05eb9fbdbf57074fc11a8d6797df4f2efebe9239900a9e8,155,GLM 5.2;Gemma 4 26B,Gemini 3.6 Flash=c;GLM 5.2=a;Qwen 3.6 35B=c;Gemma 4 26B=a,3,c,1,1,a,0,1,c,1,1,a,0,0
134,68,150,2,2,0.50000000,INVARIANT_HARD_CORE,False,openrouter_B-hard200-v1|,c3999db7db95b040903ad370ba7d336a14b8546a55d18896eb74d9cda89e8cec,246,b373,andalucia|2021|cuestionario-teorico|47,retained318,,,,Andalucía,2021,aparato-digestivo,cuestionario-teorico,373,False,d,Ninguna de las respuestas anteriores es correcta.,La toma de biopsias aleatorias en la colonoscopia de cribado de cáncer de colon en pacientes con colitis ulcerosa NO esta recomendada en caso de:,Mala preparación.,Inflamación moderada o severa.,Abundantes pólipos inflamatorios o pseudopólipos.,Ninguna de las respuestas anteriores es correcta.,83bada94b0009c42aecb0afad6c365d1ee272b8361a569df3946747f79fe0a6b,040d94b2810022b992a2df2753130954adc3ec62c5a2f9b3c384ada058b9beb9,290,Gemini 3.6 Flash;GLM 5.2,Gemini 3.6 Flash=b;GLM 5.2=b;Qwen 3.6 35B=d;Gemma 4 26B=d,2,b,0,1,b,0,0,d,1,1,d,1,0
135,68,150,2,2,0.50000000,INVARIANT_HARD_CORE,False,openrouter_B-hard200-v1|,c8231254a30a7773df37e867fab2f5264df159ccb48ca75e19242ee5c2408b0c,415,n097,galicia|2022|main|78,new182,,,,Galicia,2022,aparato-digestivo,main,78,False,c,Ninguna de las respuestas anteriores es correcta.,"Según la última Guía ESGE para diagnóstico y manejo de Esófago de Barrett, se debe de derivar a centro de referencia, a los pacientes con esófago de Barrett con una extensión máxima:",Igual o superior a 3 cm.,Igual o superior a 5 cm.,Ninguna de las respuestas anteriores es correcta.,Igual o superior a 15 cm.,8897b7fae38c0e89a630d28c1756eabf52e80ab4bc0adefb9b403c7bf451d689,e5153b5490e05fe42191237a2acc5671dc270a88dccfebc2829793c166a98614,304,Qwen 3.6 35B;Gemma 4 26B,Gemini 3.6 Flash=c;GLM 5.2=c;Qwen 3.6 35B=a;Gemma 4 26B=a,2,c,1,1,c,1,1,a,0,0,a,0,0
136,68,150,2,2,0.50000000,INVARIANT_HARD_CORE,False,openrouter_B-hard200-v1|,d0e3bce22ebb38224f1374a57d190b10e5af8bd472c785aac0654e79f9ff8a69,97,r013,la-rioja|2024|main|51,replacement22_2026-08-04,r013,b153,c2600,La Rioja,2024,aparato-digestivo,main,51,False,d,Ninguna de las respuestas anteriores es correcta.,El déficit de alfa-1 antitripsina es un trastorno hereditario con un patrón de herencia:,Intermedio.,Recesivo.,Dominante.,Ninguna de las respuestas anteriores es correcta.,4b74a558be2e42b28471dbc124d53cb48bf1cdbe57e324b2f77a8a517a7a343e,8eda1fb541c98690c58a5a95b1559a45258e257daee868f75e81b8f8c8a6bde2,167,Qwen 3.6 35B;Gemma 4 26B,Gemini 3.6 Flash=d;GLM 5.2=d;Qwen 3.6 35B=b;Gemma 4 26B=b,3,d,1,1,d,1,1,b,0,1,b,0,0
137,68,150,2,2,0.50000000,INVARIANT_HARD_CORE,False,openrouter_B-hard200-v1|,db022c0562cbedbec85682605a1426fde1ce92c359b26543aa21d946ee101981,245,b372,aragon|2020|main|78,retained318,,,,Aragón,2020,aparato-digestivo,main,372,False,c,Ninguna de las respuestas anteriores es correcta.,"De los siguientes gases intestinales, ¿Cuál es el principal responsable del olor pútrido de la expulsión de gases intestinales?",Amonio.,Metano.,Ninguna de las respuestas anteriores es correcta.,Dimetilsulfuro.,4745916deda3745badfbab4546e6039da6fdf97ebac0c8e37e3a0d60a75d6b44,16ed3c21f1203c3be6ef04e49b1251ea5f77626babdea1e3b98a0b7fc666251b,205,Gemini 3.6 Flash;Gemma 4 26B,Gemini 3.6 Flash=d;GLM 5.2=c;Qwen 3.6 35B=c;Gemma 4 26B=d,4,d,0,1,c,1,1,c,1,1,d,0,1
138,68,150,2,2,0.50000000,INVARIANT_HARD_CORE,False,openrouter_B-hard200-v1|,dd8909c961f4865aa419227624e10055b06f174ecec3ab4f0aa2c8c286f486a1,384,n066,andalucia|2021|cuestionario-teorico|77,new182,,,,Andalucía,2021,aparato-digestivo,cuestionario-teorico,77,False,b,Ninguna de las respuestas anteriores es correcta.,¿Cuál es el tratamiento inicial de elección para una proctitis ulcerosa con actividad leve-moderada?,Mesalazina oral,Ninguna de las respuestas anteriores es correcta.,Combinación de Mesalazina oral y tópica,Beclometasona,e94d7fc0b5ed4686a72db98c98b89b8824c0764083497c3a0df11f3ac52847bc,a562082be9ecc9e26e20adb216d28e153cc0ee31788634f6364e53161e03a43b,216,Qwen 3.6 35B;Gemma 4 26B,Gemini 3.6 Flash=b;GLM 5.2=b;Qwen 3.6 35B=c;Gemma 4 26B=c,4,b,1,1,b,1,1,c,0,1,c,0,1
139,68,150,2,2,0.50000000,INVARIANT_HARD_CORE,False,openrouter_B-hard200-v1|,e0fc7bc645f2e0a49b3a8e958d0fc89f9b5391c0804a6bc39d992d21311f82a4,18,b30,illes-balears|2022|caso-2|31,retained318,,,,Illes Balears,2022,aparato-digestivo,caso-2,30,False,c,Ninguna de las respuestas anteriores es correcta.,"Varón de 63 años remitido a la unidad de endoscopia para hacerle una gastroscopia por un reflujo de larga evolución (superior a 10 años). El paciente es obeso, hipertenso y fumador. Refiere disfagia a sólidos desde hace un mes. Se hace una gastroscopia que detecta a 32 cm de las arcadas dentarias la presencia de una mucosa ectópica que se extiende hasta la unión esofagogástrica situada a 38 cm de las arcadas dentarias en donde se aprecian signos de esofagitis por reflujo grado C.
Se pauta un tratamiento médico y se hace una nueva gastroscopia a las ocho semanas. En ella se aprecia la mucosa ectópica descrita previamente sugestiva de esófago de Barrett (C5M6) con una cicatrización completa de la esofagitis por reflujo y a 35 cm de las arcadas dentarias se aprecia un área irregular sobreelevada de unos 8 mm (0-Is) diferente al resto de la mucosa circundante. Se hacen biopsias de forma aleatoria de la lesión descrita, suponiendo que puede tratarse de un esófago de Barrett según el protocolo de Seattle. Los resultados de la lesión visible en el esófago confirman un esófago
de Barrett con metaplasia intestinal y presencia de focos de displasia de grado alto y las biopsias aleatorias confirmaban el esófago de Barrett sin displasia. Se planifica una estrategia de tratamiento y seguimiento.

¿Qué técnica de estudio es de más utilidad para un diagnóstico correcto en un paciente con síntomas de reflujo gastroesofágico que no responde al tratamiento con inhibidores de la bomba de protones?",Manometría de alta resolución.,PH-metría ambulatoria 24 h de doble canal.,Ninguna de las respuestas anteriores es correcta.,Bilitec™.,b1b12135b689720f90997ecc1896d87b22f84f0a20a06390257b83534b865818,29408f195dfa594107e074d48d70e10fe292eff5ccc696b42fb95aed87bb678a,1633,Qwen 3.6 35B;Gemma 4 26B,Gemini 3.6 Flash=c;GLM 5.2=c;Qwen 3.6 35B=b;Gemma 4 26B=b,4,c,1,1,c,1,1,b,0,1,b,0,1
140,68,150,2,2,0.50000000,INVARIANT_HARD_CORE,False,openrouter_B-hard200-v1|,e64227b90ca460d1c2ff44936c146b7a4017a664a0ba3112c7f6756f75169f3e,188,b285,la-rioja|2024|main|81,retained318,,,,La Rioja,2024,aparato-digestivo,main,285,False,c,Ninguna de las respuestas anteriores es correcta.,Señale en cuál de los siguientes pacientes indicaría un TIPS precoz:,"Hepatopatía Crónica en estadío de Cirrosis por alcohol con consumo activo y antecedente hace 5 días de hemorragia por varices esofágicas. Presenta nuevo episodio de hematemesis y encefalopatía hepática grado II. Shock hipovolémico. Bil. 17; Crea. 2,2; Alb. 2,3; INR 1,39. Endoscopia: Sangrado agudo incontrolable que requiere la colocación de prótesis de Dannis.","Primer episodio de hematemesis en paciente sin enfermedad hepática conocida hasta la fecha. Inestabilidad hemodinámica. Endoscopia: hemorragia incoercible, se coloca balón de Sengstaken. Bil. 1,1; Crea. 0,75; Alb. 4,3; INR 1,1.",Ninguna de las respuestas anteriores es correcta.,"Paciente trasladado de otro centro para valorar trasplante por fallo agudo sobre crónico. Bil. 35; Crea. 3,15; Alb 1,9; INR 2,87. Intubado en UCI por distrés respiratorio. Encefalopatía hepática III-IV. Ascitis moderada. Presenta hematemesis con inestabilidad hemodinámica. Endoscopia: Sangrado activo procedente de variz esofágica. Se coloca prótesis de Danis.",b0bb1045e5c8768762f3b32fbb38f9b55773a05f209ee2ae2f2d2bf5920a56e1,5585ca1b778a16d6be80e3bb6c266568b2b335ce9e70503d4ff3a93173fd4447,1067,Qwen 3.6 35B;Gemma 4 26B,Gemini 3.6 Flash=c;GLM 5.2=c;Qwen 3.6 35B=a;Gemma 4 26B=a,2,c,1,1,c,1,1,a,0,0,a,0,0
141,68,150,2,2,0.50000000,INVARIANT_HARD_CORE,False,openrouter_B-hard200-v1|,e7f34f406f5554b2c333ea278f5c37c402c31c59e3ba4a57d1bdc208096b1d81,165,b252,aragon|2017|main|53,retained318,,,,Aragón,2017,aparato-digestivo,main,252,True,d,Ninguna de las respuestas anteriores es correcta.,Señale cuál de estas afirmaciones NO es cierta respecto al uso de propofol en exploraciones endoscópicas:,El uso de propofol por personal de enfermería entrenado es equiparable en seguridad a los sedantes tradicionales si se hace en las condiciones de monitorización y vigilancia adecuadas,La utilización de propofol por personal de endoscopias en pacientes ASA III es posible y segura cuando se realiza en unidades de endoscopia con experiencia en el uso del mismo,La dosificación del propofol debe individualizarse de acuerdo a la respuesta y condiciones basales del paciente,Ninguna de las respuestas anteriores es correcta.,b32753ff98f44c2b16a9574c3d0eb62a81052ce96bb50ae0e4883143110703f5,37cf8a4406b07d710f143a415e54a5edbc2ac56673f1b4c5eb8b7211abfd4b59,623,GLM 5.2;Qwen 3.6 35B,Gemini 3.6 Flash=d;GLM 5.2=b;Qwen 3.6 35B=b;Gemma 4 26B=d,4,d,1,1,b,0,1,b,0,1,d,1,1
142,68,150,2,2,0.50000000,INVARIANT_HARD_CORE,False,openrouter_B-hard200-v1|,e9655236746bccb3e73c42b5e5c5d27c5f87aca8799bf127499c70014f43f1c5,174,b267,la-rioja|2021|main|77,retained318,,,,La Rioja,2021,aparato-digestivo,main,267,True,b,Ninguna de las respuestas anteriores es correcta.,Indique la respuesta falsa respecto a la litotricia mecánica biliar.,Fue descrita por primera vez en la década de 1980.,Ninguna de las respuestas anteriores es correcta.,La mayoría de los dispositivos son rígidos y de cierta dificultad de manejo.,Es la modalidad de litotricia más económica.,ef3def074b1000129748cd212c74ff54eb57131c63f58a298e661ed5a654876f,e8512026195822e078a7d35a728ac68da23a40146d530054fcf0d1ff3498edb4,287,Gemini 3.6 Flash;Qwen 3.6 35B,Gemini 3.6 Flash=c;GLM 5.2=b;Qwen 3.6 35B=a;Gemma 4 26B=b,3,c,0,1,b,1,1,a,0,1,b,1,0
143,68,150,2,2,0.50000000,INVARIANT_HARD_CORE,False,openrouter_B-hard200-v1|,ebfb8a9cc4c2e2a9e062e13faa8376fd2ba257d4ed4f1d1a7b8f4ca0bd930d4d,437,n119,galicia|2016|main|15,new182,,,,Galicia,2016,aparato-digestivo,main,15,False,c,Ninguna de las respuestas anteriores es correcta.,Indique el test de laboratorio más útil en el diagnóstico diferencial entre pancreatitis aguda biliar y pancreatitis aguda por otras etiologías:,AST.,Bilirrubina.,Ninguna de las respuestas anteriores es correcta.,Fosfatasa alcalina.,fe5b7cfc1d4005b26a93fcd821a00bc4beb577aa13a6cd098dc99b8693387ec2,a4a5713739bb2d9b4f087b22aca51c086741f513f5ab9cc6ae27852bd883ffc5,228,Qwen 3.6 35B;Gemma 4 26B,Gemini 3.6 Flash=c;GLM 5.2=c;Qwen 3.6 35B=a;Gemma 4 26B=b,4,c,1,1,c,1,1,a,0,1,b,0,1
144,68,150,2,2,0.50000000,INVARIANT_HARD_CORE,False,openrouter_B-hard200-v1|,ec886e4a7687db65a92036e5ab4a94ee6b9809718f72765f8ea8726ac5237896,380,n062,la-rioja|2021|main|18,new182,,,,La Rioja,2021,aparato-digestivo,main,18,False,c,Ninguna de las respuestas anteriores es correcta.,"En relación a la elastosonografía hepática, señale la respuesta verdadera:","A diferencia de la elastografía de transición (Fibroscan®), no precisa ayunas.",La elastosonografía cuantitativa (shear-wave) precisa comparar datos antes y después de ejercer presión mediante un compresor externo (transductor) o una función fisiológica (respiración).,Ninguna de las respuestas anteriores es correcta.,La precisión diagnóstica de cirrosis en VHC es muy inferior respecto a la elastografía de transición (Fibroscan®).,fe1425968450e0af09a16d154a8ea01246b092ee42c0e7c4283e210c002d2095,f164651589ee7acb20e18f95058465eabcdea3dd377f30ccf2b74b1e16d0b89a,503,Qwen 3.6 35B;Gemma 4 26B,Gemini 3.6 Flash=c;GLM 5.2=c;Qwen 3.6 35B=a;Gemma 4 26B=b,3,c,1,1,c,1,1,a,0,0,b,0,1
145,68,150,2,2,0.50000000,INVARIANT_HARD_CORE,False,openrouter_B-hard200-v1|,ef46dbefda581be067d2aacf35378fc0dbb26ec68af5e6817ef3862f113be01e,335,n017,la-rioja|2024|main|34,new182,,,,La Rioja,2024,aparato-digestivo,main,34,False,c,Ninguna de las respuestas anteriores es correcta.,¿Cuál es el factor subrogado más importante en un paciente cirrótico en cuanto al pronóstico?:,Grado de fibrosis por biopsia hepática.,Encefalopatía hepática.,Ninguna de las respuestas anteriores es correcta.,Niveles de bilirrubina.,3836f804896f3e7a195175f2d52f07a922b2732245424b25d2c5cdbfbc0e2596,93b2e9421effe1f743d37081dfd9f05a6f70fa4d784d231f5011ef9f605447ef,228,Qwen 3.6 35B;Gemma 4 26B,Gemini 3.6 Flash=c;GLM 5.2=c;Qwen 3.6 35B=b;Gemma 4 26B=d,4,c,1,1,c,1,1,b,0,1,d,0,1
146,68,150,2,2,0.50000000,INVARIANT_HARD_CORE,False,openrouter_B-hard200-v1|,f0155b63cff062e662ce68b99801aa4af4ac84aae42e50ca9b8d8d9b7c3df47e,467,n149,andalucia|2021|cuestionario-teorico|34,new182,,,,Andalucía,2021,aparato-digestivo,cuestionario-teorico,34,False,d,Ninguna de las respuestas anteriores es correcta.,"Un refugiado sirio de 28 años acude a su consulta por presentar pérdida de peso y diarrea crónica durante los últimos 6 meses. La exploración es normal. En la analítica destaca una hemoglobina de 8 g/dL. La determinación de parásitos en heces observa la presencia de G. Lamblia, pero un tratamiento para la misma no mejora los síntomas. Una endoscopia alta y colonoscopia son normales. Se toman biopsias duodenales que no muestran signos de atrofia. Se realiza una capsuloendoscopia observándose un engrosamiento de pliegues intestinales a lo largo de todo el intestino delgado. En una enteroscopia se toman múltiples biopsias de intestino delgado. ¿Cuál es el diagnóstico más probable?",Tumor carcinoide.,Enfermedad de Whipple.,Linfoma T asociado a enteropatía (EATL),Ninguna de las respuestas anteriores es correcta.,efa61b721b9582d2536dc1df5a105ee8bae71c81a8d6a916ad716484cb5ffc7f,90b1b93155af795194d69b57c434cdcea4cbe8442856605c837da055a316b699,813,Qwen 3.6 35B;Gemma 4 26B,Gemini 3.6 Flash=d;GLM 5.2=d;Qwen 3.6 35B=b;Gemma 4 26B=b,4,d,1,1,d,1,1,b,0,1,b,0,1
147,68,150,2,2,0.50000000,INVARIANT_HARD_CORE,False,openrouter_B-hard200-v1|,f09200d28571a6344ad271d5afbe6efb6c2912ccda95d5864c2f97a506b545cd,285,b446,navarra|2022|teorico-practica|1,retained318,,,,Navarra,2022,aparato-digestivo,teorico-practica,446,False,b,Ninguna de las respuestas anteriores es correcta.,¿Qué parámetros incluye la escala de Rockall?,"Edad, frecuencia cardiaca, hemoglobina, comorbilidad, diagnóstico, estigmas endoscópicos de hemorragia reciente",Ninguna de las respuestas anteriores es correcta.,"Edad, hemoglobina, urea, presión arterial sistólica, comorbilidad, diagnóstico, estigmas endoscópicos de hemorragia reciente","Edad, presión arterial media, comorbilidad, forma de presentación, estigmas endoscópicos de hemorragia reciente",ece45e106aca69022a8a9ebd8b2bec2aabca43520e324a7366194eb66b69fe5c,b0277b841006e18be1a28f1748772bbbc97449de9619ac83a2cc4d1c795d0a19,440,GLM 5.2;Gemma 4 26B,Gemini 3.6 Flash=b;GLM 5.2=a;Qwen 3.6 35B=b;Gemma 4 26B=c,4,b,1,1,a,0,1,b,1,1,c,0,1
148,68,150,2,2,0.50000000,INVARIANT_HARD_CORE,False,openrouter_B-hard200-v1|,f0f4e5f9c7c611018fe14762f62b88f53076feba5ca817e44b487b85857f89f7,140,b210,comunitat-valenciana|2022|main-47-80|77,retained318,,,,Comunitat Valenciana,2022,aparato-digestivo,main-47-80,210,True,c,Ninguna de las respuestas anteriores es correcta.,Según la European Society of Gastrointestinal Endoscopy (ESGE) señale cuál de las siguientes afirmaciones en el tratamiento de la estenosis biliar secundaria a pancreatitis crónica no es cierta:,La elevación asintomática de la fosfatasa alcalina tres veces los limites altos de la normalidad con elevación de la bilirrubina durante 1 mes se acepta como indicación para el drenaje de la vía biliar,Se debe considerar la cirugía cuando hay fracaso del tratamiento endoscópico después de 1 año.,Ninguna de las respuestas anteriores es correcta.,La ictericia se puede resolver espontáneamente en el plazo de 1 mes en el 20-50% de los casos.,a1a9fb3f8d2470ce8532072baf4a08158d3d4ea27be87bf98d5a7e30048cda7a,e738e0c313ccf9152b6385eac7d69d09d87b0a89388e8391f8631a549e9a9f76,632,Qwen 3.6 35B;Gemma 4 26B,Gemini 3.6 Flash=c;GLM 5.2=c;Qwen 3.6 35B=a;Gemma 4 26B=a,3,c,1,1,c,1,1,a,0,1,a,0,0
149,68,150,2,2,0.50000000,INVARIANT_HARD_CORE,False,openrouter_B-hard200-v1|,f7781bb57449be63bca60d05d9cfd863c80ae322834f7e52fa1566da5bf27f9c,310,b485,castilla-la-mancha|2017|main|5,retained318,,,,Castilla-La Mancha,2017,aparato-digestivo,main,485,False,c,Ninguna de las respuestas anteriores es correcta.,"Según la Clasificación de Chicago, la acalasia esofágica se divide en tres subgrupos. Señale la respuesta correcta","En la acalasia tipo III o espástica, a la falta de relajación adecuada de la UGE (mediana de IRP >15 mmHg) se asocia peristalsis anormal con contracciones prematuras (espásticas) con DCI > 400 mmHg/s/cm en ≥ 30% de las degluciones.","La acalasia tipo I se caracteriza por una mediana de IRP elevada (> 15 mmHg), 100% peristalsis fallida y presurización panesofágica ≥ 20% de las degluciones.",Ninguna de las respuestas anteriores es correcta.,La acalasia tipo II es aquella que asocia una IRP>15 mm de Hg con peristalsis anormal y contracciones prematuras (espásticas) con DCI > 450 mmHg/s/cm en ≥ 30% de las degluciones.,b4e875f7327e22407a4c46822ab588c405fc74e34bfb07297f764c84855b9299,fa58a83644229dc57526ba1bdecc4b443e00b5d3ad2d29cbfcb25f3117bc3a4a,729,GLM 5.2;Gemma 4 26B,Gemini 3.6 Flash=c;GLM 5.2=a;Qwen 3.6 35B=c;Gemma 4 26B=a,4,c,1,1,a,0,1,c,1,1,a,0,1
150,68,150,2,2,0.50000000,INVARIANT_HARD_CORE,False,openrouter_B-hard200-v1|,fe06f088fa66ceb62afd58d8336b9d0fd7d3e70c7d7ee5797c39d60f2093fb35,374,n056,galicia|2022|main|32,new182,,,,Galicia,2022,aparato-digestivo,main,32,False,b,Ninguna de las respuestas anteriores es correcta.,"Varón de 45 años, fumador, HTA, obeso, con antecedente de una insuficiencia renal crónica y una cardiopatía isquémica con normalización posterior de la fracción de eyección (FEVI). Presenta un brote grave de colitis ulcerosa refractario a corticoides, ¿Qué opción te parece adecuada teniendo en cuenta el perfil de seguridad de estos fármacos?:",Tofacitinib a dosis de 10 mg c/12 horas durante 8 semanas y posteriormente mantenimiento con 5 mg c/12 horas.,Ninguna de las respuestas anteriores es correcta.,"Ciclosporina endovenosa, dosis de 2–4 mg/kg de peso al día, hasta conseguir remisión y mantenimiento posterior con vedolizumab 300 mg cada 8 semanas.","Vedolizumab 300 mg iv en semanas 0, 2 y 6 y posterior mantenimiento con 300 mg c/8 semanas.",e8dc180c9248fc165164d5c85a1d9e327b659828f583da77d174ec0cdf50c4e7,3a2b60e82c1bd1ec0c7ace8509a794d9b7514fa5b369ac1cc96f961c89a988ec,742,GLM 5.2;Gemma 4 26B,Gemini 3.6 Flash=b;GLM 5.2=d;Qwen 3.6 35B=b;Gemma 4 26B=d,1,b,1,1,d,0,0,b,1,0,d,0,0
151,151,296,1,3,0.25000000,SELECTED_BOUNDARY_TIE,True,openrouter_B-hard200-v1|,00ee9fedd76e3cea875c3b4fe57960feab585b6157e2cd12b7149a760e6b0aea,278,b434,comunidad-de-madrid|2021|main|96,retained318,,,,Comunidad de Madrid,2021,aparato-digestivo,main,434,False,c,Ninguna de las respuestas anteriores es correcta.,¿Qué tratamiento NO se recomienda para el mantenimiento de pacientes con colitis ulcerosa moderada a grave que no responden a tratamientos convencionales?,Adalimumab,Ustekinumab,Ninguna de las respuestas anteriores es correcta.,Mirikizumab,c12dece377d857cd92580f21b4d88c9e7c35534b98e5c76bf7af35f19799490c,b1dfdf20e2df966f6a9b72a971463247254d9767afb513bead775c5be2474083,235,Qwen 3.6 35B,Gemini 3.6 Flash=c;GLM 5.2=c;Qwen 3.6 35B=a;Gemma 4 26B=c,4,c,1,1,c,1,1,a,0,1,c,1,1
152,151,296,1,3,0.25000000,SELECTED_BOUNDARY_TIE,True,openrouter_B-hard200-v1|,03b9349aae93f21cadb67129df4801530437526baac6e1f148a0f2a64b7e2eef,172,b265,galicia|2022|reserva-especifica|105,retained318,,,,Galicia,2022,aparato-digestivo,reserva-especifica,265,False,c,Ninguna de las respuestas anteriores es correcta.,"Varón, 63 años, sin antecedentes personales de interés. Es diagnosticado en 2018 de cirrosis hepática por alcohol tras una primera descompensación en forma de hemorragia digestiva por varices esofágicas. Abstinente desde entonces, con función hepática normal, A5 de Child–Pugh, PS 0. En TC abdominal se observa un nódulo de 31 mm con comportamiento dinámico diagnóstico de hepatocarcinoma. Según criterio BCLC la primera opción terapéutica a considerar sería:",Resección.,Ablación.,Ninguna de las respuestas anteriores es correcta.,Quimioembolización transarterial.,46bde085e912c52d790daae9eb484795e607883690dbde82f9027e4b71d1f1b4,299da2e8e5549a5e0a5326168ae3f9ec95dbe3fb9d1c3a2ff5b586e2e65432ff,560,Gemma 4 26B,Gemini 3.6 Flash=c;GLM 5.2=c;Qwen 3.6 35B=c;Gemma 4 26B=b,2,c,1,1,c,1,1,c,1,0,b,0,0
153,151,296,1,3,0.25000000,SELECTED_BOUNDARY_TIE,True,openrouter_B-hard200-v1|,0b508e1d0a2849fdeda9e25dd97e094c50a7578cd96a665b2c2d64c89b2494db,24,b37,illes-balears|2022|caso-2|38,retained318,,,,Illes Balears,2022,aparato-digestivo,caso-2,37,True,c,Ninguna de las respuestas anteriores es correcta.,"Varón de 63 años remitido a la unidad de endoscopia para hacerle una gastroscopia por un reflujo de larga evolución (superior a 10 años). El paciente es obeso, hipertenso y fumador. Refiere disfagia a sólidos desde hace un mes. Se hace una gastroscopia que detecta a 32 cm de las arcadas dentarias la presencia de una mucosa ectópica que se extiende hasta la unión esofagogástrica situada a 38 cm de las arcadas dentarias en donde se aprecian signos de esofagitis por reflujo grado C.
Se pauta un tratamiento médico y se hace una nueva gastroscopia a las ocho semanas. En ella se aprecia la mucosa ectópica descrita previamente sugestiva de esófago de Barrett (C5M6) con una cicatrización completa de la esofagitis por reflujo y a 35 cm de las arcadas dentarias se aprecia un área irregular sobreelevada de unos 8 mm (0-Is) diferente al resto de la mucosa circundante. Se hacen biopsias de forma aleatoria de la lesión descrita, suponiendo que puede tratarse de un esófago de Barrett según el protocolo de Seattle. Los resultados de la lesión visible en el esófago confirman un esófago
de Barrett con metaplasia intestinal y presencia de focos de displasia de grado alto y las biopsias aleatorias confirmaban el esófago de Barrett sin displasia. Se planifica una estrategia de tratamiento y seguimiento.

Señale la afirmación falsa en referencia al seguimiento del esófago de Barrett:",En general depende de la extensión del Barrett y de la presencia o no de displasia.,El esófago de Barrett sin displasia requiere un seguimiento de entre tres y cinco años según las diferentes sociedades científicas.,Ninguna de las respuestas anteriores es correcta.,La displasia de grado bajo detectada en el seguimiento endoscópico debe ser confirmada por un segundo patólogo o por un patólogo experto.,c744333d943cbb4ab9f7783611f98fb9b56835149c24c918b9c43c2dc4f0039a,1978f9d84f1198493e30cd9aa065295cdc74ad70e30d35ba8d50e13f3da58c80,1784,Gemma 4 26B,Gemini 3.6 Flash=c;GLM 5.2=c;Qwen 3.6 35B=c;Gemma 4 26B=b,4,c,1,1,c,1,1,c,1,1,b,0,1
154,151,296,1,3,0.25000000,SELECTED_BOUNDARY_TIE,True,openrouter_B-hard200-v1|,0bb9be70560478ebcd98be44c704e2115214ca3c5c5e1b05aa51cb6a654e5c66,17,b29,illes-balears|2022|caso-2|30,retained318,,,,Illes Balears,2022,aparato-digestivo,caso-2,29,False,c,Ninguna de las respuestas anteriores es correcta.,"Varón de 63 años remitido a la unidad de endoscopia para hacerle una gastroscopia por un reflujo de larga evolución (superior a 10 años). El paciente es obeso, hipertenso y fumador. Refiere disfagia a sólidos desde hace un mes. Se hace una gastroscopia que detecta a 32 cm de las arcadas dentarias la presencia de una mucosa ectópica que se extiende hasta la unión esofagogástrica situada a 38 cm de las arcadas dentarias en donde se aprecian signos de esofagitis por reflujo grado C.
Se pauta un tratamiento médico y se hace una nueva gastroscopia a las ocho semanas. En ella se aprecia la mucosa ectópica descrita previamente sugestiva de esófago de Barrett (C5M6) con una cicatrización completa de la esofagitis por reflujo y a 35 cm de las arcadas dentarias se aprecia un área irregular sobreelevada de unos 8 mm (0-Is) diferente al resto de la mucosa circundante. Se hacen biopsias de forma aleatoria de la lesión descrita, suponiendo que puede tratarse de un esófago de Barrett según el protocolo de Seattle. Los resultados de la lesión visible en el esófago confirman un esófago
de Barrett con metaplasia intestinal y presencia de focos de displasia de grado alto y las biopsias aleatorias confirmaban el esófago de Barrett sin displasia. Se planifica una estrategia de tratamiento y seguimiento.

Señale la respuesta correcta en referencia a las siguientes afirmaciones sobre la esofagitis por reflujo de grado C de la clasificación de Los Ángeles","Supone una o más lesiones de la mucosa, igual o menor de 5 mm de longitud, sin confluencia.","Supone una o más lesiones de la mucosa, con confluencia y afectación de más del 75 % de la circunferencia esofágica.",Ninguna de las respuestas anteriores es correcta.,"Supone una o más lesiones de la mucosa, superior a 5 mm de longitud, sin confluencia.",70372455a58763598b00b870e0e398b0ab6ff48604b2b97bb488f9922411dd6d,ef1a126976736e9a13ade225e6c9174f5df0c0eb2fac640a9c433643227d90d4,1796,Gemma 4 26B,Gemini 3.6 Flash=c;GLM 5.2=c;Qwen 3.6 35B=c;Gemma 4 26B=b,3,c,1,1,c,1,1,c,1,1,b,0,0
155,151,296,1,3,0.25000000,SELECTED_BOUNDARY_TIE,True,openrouter_B-hard200-v1|,0c56d384840bcead821889a375fe55105578240a20f78f265644e7e754407449,206,b317,comunidad-de-madrid|2021|main|44,retained318,,,,Comunidad de Madrid,2021,aparato-digestivo,main,317,True,d,Ninguna de las respuestas anteriores es correcta.,"Usted sabe que el prurito es un síntoma frecuente en las enfermedades colestásicas crónicas y que genera gran disconfort en los pacientes. En relación con su tratamiento, señale cuál de las siguientes afirmaciones es FALSA",Es importante mantener una adecuada hidratación de la piel,La colestiramina y el colestipol actúan aumentando la excreción fecal de sustancias pruritógenas,El uso de sertralina puede resultar beneficioso en pacientes con prurito refractario,Ninguna de las respuestas anteriores es correcta.,1f8611221a0fecc507f11a304872b8b9a6f06fdb51ec6f574f696b78e96e3596,55b9763e3683c4180ab80afb6547d90cd4eeee5ab6fdff1a92a0df1d0f456a41,509,Gemma 4 26B,Gemini 3.6 Flash=d;GLM 5.2=d;Qwen 3.6 35B=d;Gemma 4 26B=c,4,d,1,1,d,1,1,d,1,1,c,0,1
156,151,296,1,3,0.25000000,SELECTED_BOUNDARY_TIE,True,openrouter_B-hard200-v1|,0d918ea1896568d773344145de3296437260866351a7ec0ece3fcdd1f7351fea,223,b338,galicia|2019|reserva-especifica|107,retained318,,,,Galicia,2019,aparato-digestivo,reserva-especifica,338,True,d,Ninguna de las respuestas anteriores es correcta.,"La fase de infección crónica del virus hepatitis B con antígeno e positivo (HBeAg) (antes denominada fase de inmunotolerancia), presenta todas las siguientes características, EXCEPTO:",Niveles muy elevados del DNA de la hepatitis B.,Valores normales de ALT.,La tasa de seroconversión espontánea en esta fase es muy baja.,Ninguna de las respuestas anteriores es correcta.,277cd5e45b970ac97ce8d06cd905509a54667c662c05b04756bb774724fba2eb,e999fe47043269ae165321e95d4eeb116fd56abf3cfbf317a49cc28563819fdd,365,Gemma 4 26B,Gemini 3.6 Flash=d;GLM 5.2=d;Qwen 3.6 35B=d;Gemma 4 26B=c,4,d,1,1,d,1,1,d,1,1,c,0,1
157,151,296,1,3,0.25000000,SELECTED_BOUNDARY_TIE,True,openrouter_B-hard200-v1|,0dd8241dbf0a3690b7c8f7a824936dbb5402699c1931896c939bc4f7ba2da913,288,b450,comunidad-de-madrid|2021|main|101,retained318,,,,Comunidad de Madrid,2021,aparato-digestivo,main,450,False,c,Ninguna de las respuestas anteriores es correcta.,Usted asiste a un paciente de 38 años con inmunodeficiencia común variable que consulta por un hallazgo de varices esofágicas de gran tamaño; en una ecografía doppler se aprecia permeabilidad del eje esplenoportal. El perfil hepático es normal ¿Cuál debe ser el primer diagnóstico de sospecha?,Cirrosis criptogenética,Síndrome de Budd-Chiari,Ninguna de las respuestas anteriores es correcta.,Esquistosomiasis,bc97c40b045e942c1234b5e8bb180084e8bd026b0953caeef7f1d2ef7c3fa344,076e6eb2efbde35002078dee21a70cac4774bfd0c70d41818ab2d6cd8a7ae732,404,Gemma 4 26B,Gemini 3.6 Flash=c;GLM 5.2=c;Qwen 3.6 35B=c;Gemma 4 26B=a,4,c,1,1,c,1,1,c,1,1,a,0,1
158,151,296,1,3,0.25000000,SELECTED_BOUNDARY_TIE,True,openrouter_B-hard200-v1|,10d6a84cf5d3b817874f139043e2c0b9a7a1fdb41c1db4ebb3f3b1107e33bd8e,471,n153,comunitat-valenciana|2022|main-47-80|76,new182,,,,Comunitat Valenciana,2022,aparato-digestivo,main-47-80,76,False,b,Ninguna de las respuestas anteriores es correcta.,"Un hombre de 64 años acude a urgencias tras iniciar hace 48 horas un cuadro de dolor epigástrico intenso de características pancreáticas. A la exploración presenta un dolor intenso en hemiabdomen superior sin signos de peritonismo. Está consciente y orientado, temperatura de 36.7° C, tensión arterial de 175/85 mmHg, frecuencia cardíaca de 108 lpm. En el hemograma únicamente destacaba unos leucocitos de 16.000 µ/L . La química hemática mostraba una amilasa de 2.120 UI/L, urea normal, glucosa de 180 mg /dl, elevación de transaminasas entre 2-3 veces su valor normal. La Rx de tórax normal y la ecografía abdominal informaba de colelitiasis múltiple y ausencia de dilatación de la vía biliar. ¿Cuántos puntos de gravedad tiene según la clasificación BISAP?",1,Ninguna de las respuestas anteriores es correcta.,3,4,57176c388800dd69f34acc82a51e1e200057eeb473dc0ac59d01727034392784,686d958a06bac32ddb733f44c98d130fa3ae227332af625ec7d35a64f1b2794f,811,Gemma 4 26B,Gemini 3.6 Flash=b;GLM 5.2=b;Qwen 3.6 35B=b;Gemma 4 26B=a,3,b,1,1,b,1,1,b,1,0,a,0,1
159,151,296,1,3,0.25000000,SELECTED_BOUNDARY_TIE,True,openrouter_B-hard200-v1|,1145ba8ae878a8e3f3deda221387b6a7641473af4f7e83a19cd63a332981929e,112,b172,navarra|2022|caso-clinico-2|97,retained318,,,,Navarra,2022,aparato-digestivo,caso-clinico-2,172,False,b,Ninguna de las respuestas anteriores es correcta.,"Una mañana en la sala de endoscopias en la agenda de cribado de cáncer colorrectal (CCR):

Requisitos a cumplir en el programa de cribado de CCR. Señala la VERDADERA",Una demora de 3 meses en la realización de las colonoscopias de cribado se considera adecuado,Ninguna de las respuestas anteriores es correcta.,En Navarra los pacientes pueden elegir por test de sangre oculta en heces o por colonoscopia directa,Los vídeo-colonoscopios que no tienen alta definición de imagen son aptos para este tipo de endoscopia.,e9a0ede554e2546d71ff5d69b62c9a9adbd0b73f34a2b54358372e1a160c2a64,6bed4342da153c60a5dabef4cdb254e6b51237e29966cf47cffd358ffa7e1827,510,Gemma 4 26B,Gemini 3.6 Flash=b;GLM 5.2=b;Qwen 3.6 35B=b;Gemma 4 26B=c,4,b,1,1,b,1,1,b,1,1,c,0,1
160,151,296,1,3,0.25000000,SELECTED_BOUNDARY_TIE,True,openrouter_B-hard200-v1|,128c9a6682314182911dffdc217097629b5914698eb0114cef9852ed0e99aaef,121,b182,navarra|2022|caso-clinico-3|107,retained318,,,,Navarra,2022,aparato-digestivo,caso-clinico-3,182,True,c,Ninguna de las respuestas anteriores es correcta.,"Varón de 65 años con antecedente de cirrosis hepática por VHC genotipo 3 (nunca tratado), sin otras comorbilidades, que ingresa por hematemesis. Se realiza gastroscopia visualizándose varices esofágicas grandes, una de ellas con sangrado activo y dos de ellas con extensión a curvadura menor gástrica. El paciente no presenta ascitis ni fiebre y desde el punto de vista hemodinámico tiene TA 100/60 mmHg, FC 75lpm, SatO2 94% FiO2 21%.
Analítica: Hemoglobina 8,5 g/dL, plaquetas 78 x 109/L, actividad de protrombina 52%. Creatinina 0,98 mg/dL, Sodio 129 mmol/L, bilirrubina total 3,1 mg/dL, albúmina 32 g/L. AST 125 U/L, ALT 101 U/L.
Serologías: IgM e IgG VHA negativo, HBsAg negativo, anti-HBs positivo, HBcAc total positivo, VIH negativo.
Ecografía abdominal: Hígado con contornos nodulares y aumento de la ecogenicidad hepática con aspecto granular, sugestivo de hepatopatía crónica. No se objetivan lesiones focales. Vena porta de calibre normal con flujo hepatópeto. Esplenomegalia homogénea de 17,5 cm. Circulación colateral en espacio esplenorrenal. No líquido libre intraabdominal

En la ecografía de screening semestral se objetiva trombosis reciente que ocupa el 60% de la vena porta principal. Según las últimas recomendaciones de la AASLD (American Association Study Liver Diseases 2020), señale la FALSA:",Realizar prueba de imagen con contraste,Iniciar anticoagulación,Ninguna de las respuestas anteriores es correcta.,La aparición de isquemia intestinal es menos frecuente que en los pacientes que no presentan cirrosis,49b5a44ee822b69568f91b8e66348fc4033d146288f04f5327195500d481fd59,9f7791350b86a9e3ce26bcb6ac799f649fef06f0dd47551b0d8e4415b6d03e7c,1528,GLM 5.2,Gemini 3.6 Flash=c;GLM 5.2=b;Qwen 3.6 35B=c;Gemma 4 26B=c,4,c,1,1,b,0,1,c,1,1,c,1,1
161,151,296,1,3,0.25000000,SELECTED_BOUNDARY_TIE,True,openrouter_B-hard200-v1|,13eac40c60a2f3f07ab2ef88ae7e7d33016f9ec6a04fe4ff26b1ad3aa4bec9c8,383,n065,andalucia|2022|reserva|151,new182,,,,Andalucía,2022,aparato-digestivo,reserva,151,False,d,Ninguna de las respuestas anteriores es correcta.,"Una mujer de 45 años de edad, con sospecha de disfunción del esfínter de Oddi, se somete a una CPRE por elevación de enzimas hepáticas y dolor abdominal leve persistente. La canulación es difícil y requiere un precorte para el acceso a la vía biliar. Tras el procedimiento la paciente desarrolla un dolor abdominal grave, con elevación de las cifras de lipasa hasta 2.000 UI/L. Otros parámetros de laboratorio son normales. ¿Cuál de las siguientes medidas podrían haberse empleado para evitar esta complicación?",Inserción de un stent biliar.,Esfinterotomía pancreática.,Parche previo de nitroglicerina.,Ninguna de las respuestas anteriores es correcta.,66f17c182747443af0c46f7af84b68457638a9acf249adda4c17b29c7f63e7b4,6b0392a6d8167682974ecc0922b3ff056b2a0a60b9dc97c7accdbbe60f71cc70,648,Gemma 4 26B,Gemini 3.6 Flash=d;GLM 5.2=d;Qwen 3.6 35B=d;Gemma 4 26B=b,4,d,1,1,d,1,1,d,1,1,b,0,1
162,151,296,1,3,0.25000000,SELECTED_BOUNDARY_TIE,True,openrouter_B-hard200-v1|,13f3b4a3de13f65d377fd3e276e9eea27c262e7202d76f2f97db90cc1c01797f,163,r005,galicia|2019|main|65,replacement22_2026-08-04,r005,b248,c2116,Galicia,2019,aparato-digestivo,main,65,False,d,Ninguna de las respuestas anteriores es correcta.,"En una ecografía abdominal describen una lesión ocupante de espacio situada en el segmento antero-superior del lóbulo hepático derecho, entre la vena suprahepática derecha y la media, craneal a la vena porta. ¿En qué segmento del hígado se hallaría según la clasificación de Couinaud?:",IV.,VI.,VII.,Ninguna de las respuestas anteriores es correcta.,40a1a595c05c8bd028b5b126369b5f139a2f4fc41b19d3aeda9271a7d8c1e1fe,68986069b3b332887ddc84f83a19ddaaef9cb012ce8ed3b7c6fb977c342b2be4,344,Gemma 4 26B,Gemini 3.6 Flash=d;GLM 5.2=d;Qwen 3.6 35B=d;Gemma 4 26B=c,4,d,1,1,d,1,1,d,1,1,c,0,1
163,151,296,1,3,0.25000000,SELECTED_BOUNDARY_TIE,True,openrouter_B-hard200-v1|,177a4f659a4483902f64e6e01f05e4389d579a2fd03804d22c232d941971ef7c,128,b193,andalucia|2021|cuestionario-practico|126,retained318,,,,Andalucía,2021,aparato-digestivo,cuestionario-practico,193,False,b,Ninguna de las respuestas anteriores es correcta.,"Una mujer de 62 años acude para realización de colonoscopia por test de sangre oculta en heces positivo en el contexto del programa de cribado poblacional de cáncer colorrectal de Andalucía. Se encontraba asintomática y no tenía comorbilidades ni antecedentes personales ni familiares de cáncer colorrectal. Se realiza colonoscopia hasta ciego, bajo sedación profunda, con un tiempo de retirada de 18 minutos. Se encontró un pólipo 0-Ip de 14mm en sigma, que se extirpa de forma completa y en bloque, informado por el patólogo como adenoma tubulovelloso con displasia de bajo grado. No se encontraron
otras lesiones. La puntuación de la escala de Boston fue 5 (2 en colon izquierdo, 1 en colon transverso y 1 en ciego-colon ascendente).

Realizado árbol genealógico familiar, no hay historia familiar de cáncer y el estudio inmunohistoquímico muestra tinción positiva (expresión) de las cuatro proteínas MMR (MLH1, MSH2, MSH6, PMS2). ¿Cuál sería la actitud preventiva más adecuada a seguir con su hijo de 35 años, siguiendo las recomendaciones más recientes de las guías de práctica clínica europea y española?","Iniciar ya colonoscopias, con una periodicidad cada 10 años.",Ninguna de las respuestas anteriores es correcta.,Iniciar colonoscopias a partir de los 40 años con una periodicidad cada 5 años.,Iniciar colonoscopias a partir de los 50 años con una periodicidad cada 5 años.,feb18c80930f4fd42a5ab858b98832734ae37d51d7daf473d6cb02bf9a92af2e,3f8347284ad9112c002741a99c6c6c0b8e23a59636eafd5792fd26016e2ff3bc,1377,Qwen 3.6 35B,Gemini 3.6 Flash=b;GLM 5.2=b;Qwen 3.6 35B=c;Gemma 4 26B=b,4,b,1,1,b,1,1,c,0,1,b,1,1
164,151,296,1,3,0.25000000,SELECTED_BOUNDARY_TIE,True,openrouter_B-hard200-v1|,1949bb3ce9570ad959579983b319d894759a2975a66ee1880f95d8f14a7aaf63,34,b49,illes-balears|2022|caso-3|51,retained318,,,,Illes Balears,2022,aparato-digestivo,caso-3,49,False,b,Ninguna de las respuestas anteriores es correcta.,"Paciente varón de 62 años con antecedentes de enolismo superior a 60 g/día de veinte años de evolución y fumador de 25 paquetes/año desde los 17 años.

Antecedente de dos ingresos por pancreatitis agudas leves en los últimos tres años. En los últimos tres meses presenta un cuadro de diarrea en forma de cuatro deposiciones al día, dolor abdominal continuo y diario, localizado en el epigastrio que no mejora con paracetamol. Además, refiere que ha perdido cuatro quilos. Se le hace una gastroscopia que es normal. Una TC abdominal revela la presencia de múltiples calcificaciones parenquimatosas en
la cabeza del páncreas, dilatación del conducto pancreático principal, una lesión quística de 10 mm en el cuerpo pancreático y atrofia de la cola de páncreas. Los coprocultivos, los parásitos en heces y la toxina de Clostridium difficile en heces son negativos, la serología de celiaquía negativa y las hormonas tiroideas son normales.

Elementos relevantes de la analítica. Glucosa: 124 mg/dl, GGT: 101 U/L, AST: 55 U/L, ALT: 65 U/L, VCM: 102 fl, BI total: 1,4 mg/dl, triglicéridos: 180 mg/dl, amilasa: 125 U/L, lipasa: 25 U/L.
El resto del hemograma y de la bioquímica está dentro de valores normales.

¿Cuál es la mejor técnica no invasiva para el estudio de los signos ductales pancreáticos?",CPRE.,Ninguna de las respuestas anteriores es correcta.,Ecografía abdominal.,TC abdominal.,694159468cc7fbe37b6acc478ce645f817a4832fa82977e6013086f98ae9c11a,7f6c49bdefadc05af9426b5606e6d5d494830b8e6ffcf5d3f71d062c648363df,1382,Gemma 4 26B,Gemini 3.6 Flash=b;GLM 5.2=b;Qwen 3.6 35B=b;Gemma 4 26B=d,4,b,1,1,b,1,1,b,1,1,d,0,1
165,151,296,1,3,0.25000000,SELECTED_BOUNDARY_TIE,True,openrouter_B-hard200-v1|,19b4d67a4520267ee99652b1f60053c5829ca396b82862c511a5e992fe051e5d,21,b33,illes-balears|2022|caso-2|34,retained318,,,,Illes Balears,2022,aparato-digestivo,caso-2,33,True,c,Ninguna de las respuestas anteriores es correcta.,"Varón de 63 años remitido a la unidad de endoscopia para hacerle una gastroscopia por un reflujo de larga evolución (superior a 10 años). El paciente es obeso, hipertenso y fumador. Refiere disfagia a sólidos desde hace un mes. Se hace una gastroscopia que detecta a 32 cm de las arcadas dentarias la presencia de una mucosa ectópica que se extiende hasta la unión esofagogástrica situada a 38 cm de las arcadas dentarias en donde se aprecian signos de esofagitis por reflujo grado C.
Se pauta un tratamiento médico y se hace una nueva gastroscopia a las ocho semanas. En ella se aprecia la mucosa ectópica descrita previamente sugestiva de esófago de Barrett (C5M6) con una cicatrización completa de la esofagitis por reflujo y a 35 cm de las arcadas dentarias se aprecia un área irregular sobreelevada de unos 8 mm (0-Is) diferente al resto de la mucosa circundante. Se hacen biopsias de forma aleatoria de la lesión descrita, suponiendo que puede tratarse de un esófago de Barrett según el protocolo de Seattle. Los resultados de la lesión visible en el esófago confirman un esófago
de Barrett con metaplasia intestinal y presencia de focos de displasia de grado alto y las biopsias aleatorias confirmaban el esófago de Barrett sin displasia. Se planifica una estrategia de tratamiento y seguimiento.

El diagnóstico de esófago de Barrett se basa en los hallazgos endoscópicos y en la confirmación histológica. Señale la respuesta falsa.",La mayoría de las sociedades científicas necesitan la presencia de metaplasia intestinal para el diagnóstico del esófago de Barrett.,Se recomienda usar endoscopios de alta definición con luz blanca para la vigilancia endoscópica del esófago de Barrett.,Ninguna de las respuestas anteriores es correcta.,"No se recomienda el uso rutinario de cromoendoscopia, endoscopia de autofluoresencia o endomicroscopia láser focal para el diagnóstico del esófago de Barrett.",f407a27f4953ae648b0562456f1d60c8d7b918238eee184d235425babdac16d9,0589cd181f617c06441a17c1d6754b58adf11c42ce1cd28988ef18f2b3244d49,1898,Gemma 4 26B,Gemini 3.6 Flash=c;GLM 5.2=c;Qwen 3.6 35B=c;Gemma 4 26B=d,4,c,1,1,c,1,1,c,1,1,d,0,1
166,151,296,1,3,0.25000000,SELECTED_BOUNDARY_TIE,True,openrouter_B-hard200-v1|,1a949fbda4ee79f27096fe77d90338bfee9ba850f8a53e30564835a61c1d9989,39,b55,illes-balears|2022|caso-3|57,retained318,,,,Illes Balears,2022,aparato-digestivo,caso-3,55,False,d,Ninguna de las respuestas anteriores es correcta.,"Paciente varón de 62 años con antecedentes de enolismo superior a 60 g/día de veinte años de evolución y fumador de 25 paquetes/año desde los 17 años.

Antecedente de dos ingresos por pancreatitis agudas leves en los últimos tres años. En los últimos tres meses presenta un cuadro de diarrea en forma de cuatro deposiciones al día, dolor abdominal continuo y diario, localizado en el epigastrio que no mejora con paracetamol. Además, refiere que ha perdido cuatro quilos. Se le hace una gastroscopia que es normal. Una TC abdominal revela la presencia de múltiples calcificaciones parenquimatosas en
la cabeza del páncreas, dilatación del conducto pancreático principal, una lesión quística de 10 mm en el cuerpo pancreático y atrofia de la cola de páncreas. Los coprocultivos, los parásitos en heces y la toxina de Clostridium difficile en heces son negativos, la serología de celiaquía negativa y las hormonas tiroideas son normales.

Elementos relevantes de la analítica. Glucosa: 124 mg/dl, GGT: 101 U/L, AST: 55 U/L, ALT: 65 U/L, VCM: 102 fl, BI total: 1,4 mg/dl, triglicéridos: 180 mg/dl, amilasa: 125 U/L, lipasa: 25 U/L.
El resto del hemograma y de la bioquímica está dentro de valores normales.

Las pruebas para determinar la insuficiencia pancreática exocrina demuestran una insuficiencia pancreática exocrina (IPE) grave.

Si se decide iniciar el TES, ¿cuál debe ser la dosis recomendada?","20.000 U en desayuno, comida y cena.","10.000 U en el desayuno, comida y cena y 10.000 U en los snacks.",50.000 U en la comida principal.,Ninguna de las respuestas anteriores es correcta.,4e8cfbfe6f00ae799bb1a5ded98ed50c4d6af64bc5631cdd83869acbde7dc2c6,409808bd0d66bf9ebb511e5cd94991a2734b4a9e4d24ecad473b24414ba97c73,1581,Gemma 4 26B,Gemini 3.6 Flash=d;GLM 5.2=d;Qwen 3.6 35B=d;Gemma 4 26B=a,4,d,1,1,d,1,1,d,1,1,a,0,1
167,151,296,1,3,0.25000000,SELECTED_BOUNDARY_TIE,True,openrouter_B-hard200-v1|,1c71542f8737f8699473a62b0aa6f7061d4703d8af765112412b1e31f2a50241,79,b116,illes-balears|2022|caso-5|119,retained318,,,,Illes Balears,2022,aparato-digestivo,caso-5,116,False,c,Ninguna de las respuestas anteriores es correcta.,"Varón de 32 años sin hábitos tóxicos ni alergias medicamentosas conocidas y sin antecedentes familiares de interés.

Como único antecedente patológico destaca una rectosigmoiditis ulcerosa diagnosticada dos años antes tras una historia de diarrea sanguinolenta intermitente y un tenesmo discreto. En ese momento se hizo una colonoscopia completa con biopsia que mostró una afectación del recto sigma hasta unos 15 cm del margen anal en forma de mucosa eritematosa friable con sangrado con el roce mínimo de predominante en el recto distal. Se descartaron procesos infecciosos intestinales. Las únicas
alteraciones analíticas reseñables en el momento del diagnóstico fueron que era positivo de P-ANCA y tenía una calprotectina fecal de 450 μg/g. Se pautó un tratamiento con enemas de mesalazina.

El paciente permaneció asintomático desde el diagnóstico siguiendo controles en consultas y con cumplimiento terapéutico. Contactó con su servicio de digestivo de referencia por presentar, en las dos semanas previas, un aumento del número de deposiciones con entre cuatro y seis deposiciones al día deshechas con resto hemático fresco en la mayoría de ellas, con imperiosidad, sin respetar descanso nocturno y con dolor abdominal previo a la deposición. No había afectación del estado general. El mes previo al inicio de la sintomatología digestiva inició una lumbalgia intermitente, en ocasiones
intensa, y se automedicó con ibuprofeno en comprimidos de 600 mg de forma puntual.

La exploración física fue normal y se solicitó una analítica completa en la cual destacaba HB: 12,5 gr/dl, VSG y PCR normales, calprotectina: 675 μg/g, FA: 270 UI/L, GGT: 65 UI/L, Bil. total: GOT y GPT normales, ferropenia discreta, resto de parámetros nutricionales normales.

En el caso presentado se hizo una colonoscopia completa que mostró una progresión a pancolitis ulcerosa, se asumió el diagnóstico de brote moderado severo y se controló de manera ambulatoria.

El paciente recibió un tratamiento con adalimumab para conseguir la remisión y se pautó como tratamiento de mantenimiento. Se le asoció, inicialmente, azatioprina que fue retirada por un episodio de pancreatitis leve.

Se descartó la CEP y se mantuvo en remisión clínica y biológica en los siguientes ocho meses en monoterapia con adalimumab a dosis habituales de 40 mg cada dos semanas. A partir de esa fecha, de forma progresiva, refiere un aumento del número de deposiciones pasando de una a cinco o seis, con sangrado con las heces en la mayoría de las deposiciones, cierto tenesmo y dolor cólico previo a la deposición. Refirió una afectación de su calidad de vida, pero no de su estado general. Se hizo un estudio de heces con coprocultivos negativos, Clostridium negativo y calprotectina de 540 μg/g. La
analítica de sangre, el hemograma, el VSG, la PCR y los parámetros nutricionales fueron normales. Se decidió hacer una rectosigmoidoscopia que evidenció mucosa con eritema intenso friable con alguna erosión aislada desde el recto que afectaba de forma difusa toda la mucosa valorada. Se tomaron muestras para biopsia para conocer el grado de actividad histológico y la presencia de citomegalovirus (CMV).

¿Qué factor de riesgo de la colitis ulcerosa no se ha asociado a un aumento del riesgo?",Gastroenteritis.,Privación de sueño.,Ninguna de las respuestas anteriores es correcta.,"Fármacos como AINES, antibióticos o anticonceptivos orales.",9525dde73e772d71418efddd8c077eba8371738342c893f13792eef813cbe5af,694f8e3fdcb78df1e9a9f1ef99d533d38aeb6a336ab63ed30191d6e6b2e04e21,3395,Qwen 3.6 35B,Gemini 3.6 Flash=c;GLM 5.2=c;Qwen 3.6 35B=b;Gemma 4 26B=c,3,c,1,1,c,1,1,b,0,1,c,1,0
168,151,296,1,3,0.25000000,SELECTED_BOUNDARY_TIE,True,openrouter_B-hard200-v1|,1e4d5bb0a46e7f7a2667dc4c897c4e9d554f8a81be01b9f5052c6cf93caaf057,487,r001,la-rioja|2021|main|46,replacement22_2026-08-04,r001,n169,c2485,La Rioja,2021,aparato-digestivo,main,46,False,d,Ninguna de las respuestas anteriores es correcta.,En el síndrome hepatopulmonar (SHP) es cierto que:,Existe una relación clara entre la presencia o gravedad del SHP y la gravedad de la enfermedad hepática valorada por la clasificación de Child-Turcotte-Pugh o por el índice MELD.,La determinación del gradiente alveolo-arterial de oxígeno no es un método más sensible que la presión parcial arterial de oxígeno.,La gammagrafía pulmonar con macroagregados de albúmina (γMA) marcados con ⁹⁹ᵐTc es considerado el Gold-estándar para el diagnóstico del SHP.,Ninguna de las respuestas anteriores es correcta.,b9b6ad648f3ab5132dd3adaf76e13c53fb2f51cd36541bcb1e3b9aed7e4f42a1,e6095fffa974fbec4aa32bc522dc7fad132f208e35f8247ce4669da26d11fba9,548,Qwen 3.6 35B,Gemini 3.6 Flash=d;GLM 5.2=d;Qwen 3.6 35B=c;Gemma 4 26B=d,3,d,1,1,d,1,1,c,0,0,d,1,1
169,151,296,1,3,0.25000000,SELECTED_BOUNDARY_TIE,True,openrouter_B-hard200-v1|,209d021732d6a610dc1e787e909c89ba9b6874787ad42f2301d03e86416d1be6,379,n061,comunitat-valenciana|2022|main-47-80|62,new182,,,,Comunitat Valenciana,2022,aparato-digestivo,main-47-80,62,False,c,Ninguna de las respuestas anteriores es correcta.,¿Cuál de las siguientes pruebas es más fiable para detectar consumo de alcohol en un paciente con sospecha de enfermedad hepática alcohólica?,GOT aumentada.,Gamma GT aumentada.,Ninguna de las respuestas anteriores es correcta.,Aumento de VCM.,42e048de99243f24fd9f20d8e2b68104c6b34022c55b623b34dc04cea80b4e72,a9fce3484eb33d0b0277ef74183c2cb89f846eeccdbc784fac3988ef8f92cdb7,238,GLM 5.2,Gemini 3.6 Flash=c;GLM 5.2=b;Qwen 3.6 35B=c;Gemma 4 26B=c,4,c,1,1,b,0,1,c,1,1,c,1,1
170,151,296,1,3,0.25000000,SELECTED_BOUNDARY_TIE,True,openrouter_B-hard200-v1|,24265320123fa2a200ba9172fbf563aed84a23568758eb20b4cad2960c00eba1,261,b400,la-rioja|2024|main|74,retained318,,,,La Rioja,2024,aparato-digestivo,main,400,False,c,Ninguna de las respuestas anteriores es correcta.,"Mujer de 34 años, con mutación STK11. ¿Cuál es el síndrome más probable?:",Poliposis adenomatosa familiar.,Gardner.,Ninguna de las respuestas anteriores es correcta.,Cowden.,f93e675b77288bfa0d69962e44e8c5f4a06743e008b11893d1b5d20f070136a6,f0920f897fef1559e991451d2605d07575a16b9a49170d30f36b6c0eb9959893,168,Gemma 4 26B,Gemini 3.6 Flash=c;GLM 5.2=c;Qwen 3.6 35B=c;Gemma 4 26B=d,4,c,1,1,c,1,1,c,1,1,d,0,1
171,151,296,1,3,0.25000000,SELECTED_BOUNDARY_TIE,True,openrouter_B-hard200-v1|,246bb328e43736b53994a995cdf3d313e41e5783614e072109f3d478f65b8db0,15,b27,illes-balears|2022|caso-2|28,retained318,,,,Illes Balears,2022,aparato-digestivo,caso-2,27,False,b,Ninguna de las respuestas anteriores es correcta.,"Varón de 63 años remitido a la unidad de endoscopia para hacerle una gastroscopia por un reflujo de larga evolución (superior a 10 años). El paciente es obeso, hipertenso y fumador. Refiere disfagia a sólidos desde hace un mes. Se hace una gastroscopia que detecta a 32 cm de las arcadas dentarias la presencia de una mucosa ectópica que se extiende hasta la unión esofagogástrica situada a 38 cm de las arcadas dentarias en donde se aprecian signos de esofagitis por reflujo grado C.
Se pauta un tratamiento médico y se hace una nueva gastroscopia a las ocho semanas. En ella se aprecia la mucosa ectópica descrita previamente sugestiva de esófago de Barrett (C5M6) con una cicatrización completa de la esofagitis por reflujo y a 35 cm de las arcadas dentarias se aprecia un área irregular sobreelevada de unos 8 mm (0-Is) diferente al resto de la mucosa circundante. Se hacen biopsias de forma aleatoria de la lesión descrita, suponiendo que puede tratarse de un esófago de Barrett según el protocolo de Seattle. Los resultados de la lesión visible en el esófago confirman un esófago
de Barrett con metaplasia intestinal y presencia de focos de displasia de grado alto y las biopsias aleatorias confirmaban el esófago de Barrett sin displasia. Se planifica una estrategia de tratamiento y seguimiento.

Señale la respuesta correcta en referencia a los diferentes fenotipos de presentación de la enfermedad por reflujo gastroesofágico:",La enfermedad por reflujo gastroesofágico no erosivo supone menos del 50 % de todos los casos de reflujo.,Ninguna de las respuestas anteriores es correcta.,El reflujo no erosivo se asocia a exposiciones normales de ácido en el esófago sin lesiones de la mucosa esofágica.,La enfermedad por reflujo gastroesofágico erosiva es más frecuente que la no erosiva y se clasifica según la clasificación de Los Ángeles.,2f704ddce6331088b97be2d19c9dfb939dd6f20ecaa05ffd3b34b5f7b28b38c7,1e8d8af5b4c787d9782a2fddfc9d451cdde0893d8572cdf86159818db8cf6b66,1843,Gemma 4 26B,Gemini 3.6 Flash=b;GLM 5.2=b;Qwen 3.6 35B=b;Gemma 4 26B=c,3,b,1,1,b,1,1,b,1,0,c,0,1
172,151,296,1,3,0.25000000,SELECTED_BOUNDARY_TIE,True,openrouter_B-hard200-v1|,24e0960e84cbfcca8ff1169b8cb4014038a1951de8dd0d5ddebbabc56b0f5a26,388,n070,comunitat-valenciana|2022|main-47-80|50,new182,,,,Comunitat Valenciana,2022,aparato-digestivo,main-47-80,50,False,c,Ninguna de las respuestas anteriores es correcta.,"A un paciente de 57 años se le realiza una colonoscopia hasta ciego, con una preparación de Boston de 8 puntos, resecándose 2 pólipos sésiles (Paris 0-Is) de forma completa y no fragmentada: un adenoma tubular con displasia de bajo grado de 6mm y un adenoma serrado sésil de 6mm con displasia. ¿Cuál sería la recomendación de seguimiento según las últimas recomendaciones de la guía de vigilancia postpolipectomía de la Sociedad Europea de Endoscopia Digestiva (ESGE) de 2020?",Vuelta al programa de cribado de CCR.,Colonoscopia en 1 año.,Ninguna de las respuestas anteriores es correcta.,Colonoscopia en 5 años.,34472ffbb41629a3b01f00082bcc6f48d23896b169338880d605923b0d9726c2,84a415d1f48ab6ad600f4de133375d9bb89f1a14fe59920ecdb0452ed6dc9883,607,Gemma 4 26B,Gemini 3.6 Flash=c;GLM 5.2=c;Qwen 3.6 35B=c;Gemma 4 26B=d,3,c,1,1,c,1,0,c,1,1,d,0,1
173,151,296,1,3,0.25000000,SELECTED_BOUNDARY_TIE,True,openrouter_B-hard200-v1|,27506bb1d16d2144f41e5bfbdd8c3845fe9df514283d095f67fcbfd31f48649f,480,n162,comunitat-valenciana|2022|main-47-80|71,new182,,,,Comunitat Valenciana,2022,aparato-digestivo,main-47-80,71,False,d,Ninguna de las respuestas anteriores es correcta.,"Un hepatocarcinoma estadio C (Avanzado) de la clasificación BCLC, tiene indicación de:",Resección.,Trasplante.,Quimioembolización.,Ninguna de las respuestas anteriores es correcta.,f7d5274bdc7607e03280b3d7a4a280dd0f807d71f135cf08220fbfd237179fdf,d4b2e448968baf8b64497f1bd690048a50c5553842ebeba2dbe15f3fb15161ad,175,Gemma 4 26B,Gemini 3.6 Flash=d;GLM 5.2=d;Qwen 3.6 35B=d;Gemma 4 26B=c,4,d,1,1,d,1,1,d,1,1,c,0,1
174,151,296,1,3,0.25000000,SELECTED_BOUNDARY_TIE,True,openrouter_B-hard200-v1|,2866e25fd7a99882e20b726403aab812d246ee5801f2279577fcaadf9dedd93d,250,b379,andalucia|2021|cuestionario-practico|124,retained318,,,,Andalucía,2021,aparato-digestivo,cuestionario-practico,379,False,b,Ninguna de las respuestas anteriores es correcta.,"Una mujer de 62 años acude para realización de colonoscopia por test de sangre oculta en heces positivo en el contexto del programa de cribado poblacional de cáncer colorrectal de Andalucía. Se encontraba asintomática y no tenía comorbilidades ni antecedentes personales ni familiares de cáncer colorrectal. Se realiza colonoscopia hasta ciego, bajo sedación profunda, con un tiempo de retirada de 18 minutos. Se encontró un pólipo 0-Ip de 14mm en sigma, que se extirpa de forma completa y en bloque, informado por el patólogo como adenoma tubulovelloso con displasia de bajo grado. No se encontraron
otras lesiones. La puntuación de la escala de Boston fue 5 (2 en colon izquierdo, 1 en colon transverso y 1 en ciego-colon ascendente).

En la siguiente colonoscopia practicada, se encuentra una lesión de extensión lateral ligeramente elevada 0-IIa, con patrón nodular mixto no homogéneo (LST-G), de 25mm en colon ascendente, realizándose resección mucosa completa y en bloque. El patólogo informa de la existencia de un adenocarcinoma bien diferenciado sobre adenoma velloso que invade la submucosa, con una profundidad máxima de 4mm, sin evidencia de invasión vascular ni linfática, sin budding, y con distancia al margen de resección de 0,5mm. Señale la interpretación CORRECTA de los hallazgos:","Se trata de una neoplasia no invasiva de alto grado (Tis), sin riesgo de diseminación ganglionar.",Ninguna de las respuestas anteriores es correcta.,"Se trata de un adenocarcinoma invasor sobre pólipo (pT1), con criterios histológicos de buen pronóstico y bajo riesgo de diseminación ganglionar.",Se trata de un adenocarcinoma T2N0M0.,8cd0a9db93c9ff13d813cd30dae40341ad9ed1f4bcb665ce2e68ee4a000589ee,196aa42c3bec2552d473a8261d145d853581c273d6c1a541cd59b17c1e419d53,1627,Gemma 4 26B,Gemini 3.6 Flash=b;GLM 5.2=b;Qwen 3.6 35B=b;Gemma 4 26B=c,3,b,1,1,b,1,1,b,1,1,c,0,0
175,151,296,1,3,0.25000000,SELECTED_BOUNDARY_TIE,True,openrouter_B-hard200-v1|,2e6758eb5503b7f35d58c03b148831cdd34291e82ed6686f78aa4e29621bc460,83,b124,illes-balears|2022|caso-6|127,retained318,,,,Illes Balears,2022,aparato-digestivo,caso-6,124,False,b,Ninguna de las respuestas anteriores es correcta.,"Paciente de 62 años con los antecedentes siguientes:

No alergias.

Exfumador: tabaquismo activo desde la juventud hasta los 58 años.

Tosedor habitual.

Consumo diario de alcohol desde hace más de diez años. Consume dos cañas de cerveza, cuatro vasos de vino y dos carajillos al día. El fin de semana toma alguna cerveza más en fiestas y celebraciones y uno o dos gin-tonics.

Dice que no toma drogas.

Dice que no tiene antecedentes patológicos relevantes. No hace controles con su médico de cabecera. Nunca va al médico.
Enfermedad actual: consulta por distensión abdominal molesta, un aumento del perímetro abdominal progresivo de dos semanas de evolución y piernas hinchadas.

Exploración física: bien coloreado, subictericia conjuntival dudosa, arañas vasculares y telangiectasias en el tronco, eritema palmar e hipertrofia parotídea.

Cardiocirculatorio: pulsos rítmicos 90 lpm, soplo sistólico plurifocal, no ingurgitación yugular, edemas maleolares moderados.

Respiración: espiración un poco alargada, algún roncus diseminado.
Abdomen: muy distendido; indoloro a la presión o a la descompresión; sin defensa; matidez en flancos; la matidez cambia con los cambios posturales; signo de la ola; hepatomegalia de tres traveses, lisa e indolora; esplenomegalia dudosa, difícil de delimitar; pequeña protrusión umbilical; no reflujo hepatoyugular.

Radiografía del tórax: elevación de ambos hemidiafragmas.

Radiografía del abdomen: aumento difuso de la densidad, se aprecia perfil hepático y esplénico.

Electrocardiograma normal.

Analítica:
Leucocitos: 3.100/mm³ (3.000-10.000); Hto: 39 % (40-46); Hb: 12,1 g/dl (12-15); VCM: 105 fl (80-100); plaquetas: 105.000/mm³ (150.000-400.000); Quick: 59 % (> 70 %); INR: 1.4 (N 0.8-1.2); creatinina: 1.0 mg/dl; urea: 40 mg/dl; Na: 136 mEq/L; K: 4 mEq/L; urato: 7.9 (< 7); bilirrubina total: 1.9 mg/dl (< 1.3) GOT (ASAT): 105 UI/ml (< 40); GPT (ALAT): 50 UI/ml (< 40); GGT: 480 UI/ml (< 45); FA: 125 UI/ml (< 135); albúmina: 3,2 g/dl (> 3,5).

El resto de la analítica básica es normal.
Ecografía abdominal: líquido libre muy abundante, hígado de ecogenicidad aumentada difusamente, heterogéneo, difícil de ver por la ascitis. Forma hepática

irregular un poco abollonada, macronodular. Vena porta permeable, dilatada. Venas suprahepáticas permeables, no dilatadas. Vía biliar intrahepática y extrahepática normal. Vesícula con litiasis múltiple, no distendida y no edematosa. Bazo ligeramente aumentado de tamaño (15 cm de longitud máxima). El resto no tiene alteraciones. Páncreas no visto por interposición de aire.

Se hace una paracentesis (diagnóstica y evacuadora), y se obtienen 6.000 ml de ascitis.

Análisis del líquido ascítico:
- Glucosa: 120 mg/dl.
- Proteínas: 1,0 g/dl.
- Albúmina: 0,8 g/dl.
- LDH: 40 ui/ml.
- Hematíes: 100 /mm³.
- Leucocitos: 220 /mm³.

¿Qué dosis de albúmina se recomienda actualmente para prevenir la disfunción circulatoria y la insuficiencia renal posparacentesis?",Depende del nivel de albúmina en sangre del paciente.,Ninguna de las respuestas anteriores es correcta.,Depende de la función renal del paciente.,Todas las respuestas anteriores son correctas.,711faa41851c5cb673831803fcc060e7a86c96841e03ff4d8fac764088c9f72e,0b6a35db2aa477a6b284c3687f66e0777d89e1969bc0bf273e0009536aee6c8a,3138,Gemma 4 26B,Gemini 3.6 Flash=b;GLM 5.2=b;Qwen 3.6 35B=b;Gemma 4 26B=a,4,b,1,1,b,1,1,b,1,1,a,0,1
176,151,296,1,3,0.25000000,SELECTED_BOUNDARY_TIE,True,openrouter_B-hard200-v1|,2f0fdeb6a70fe5ec561fdc57b052908f8cbf6d6c4518bb404ef20c8f0d7a7625,147,b222,castilla-la-mancha|2022|main|23,retained318,,,,Castilla-La Mancha,2022,aparato-digestivo,main,222,False,b,Ninguna de las respuestas anteriores es correcta.,"Una paciente de 86 años acude a urgencias por dolor en epigastrio y vómitos con restos alimentarios. La paciente presenta mal estado general y deshidratación. A la exploración presenta dolor leve en epigastrio con timpanismo. Analíticamente destaca hemoglobina 16.3 g/dl, urea 133 mg/dl, creatinina 3.20 mg/dl, y PCR 189.6 mg/l. En la radiografía simple de abdomen se observa una gran dilatación de la cámara gástrica y aerobilia. También dos niveles hidroaéreos en el hipocondrio derecho. Cuál es el diagnóstico más probable",Vólvulo gástrico,Ninguna de las respuestas anteriores es correcta.,Bezoar gástrico,Síndrome de la pinza aorto-mesentérica,7156d27eaece3b9983eed7a8119307bc8835abf39074c4123ba3a2397d8b11c9,13bc74ec0a37f5f41801f3cbaaa22f3db98c0d1fdabb0ef62c9ad3d67855d78a,643,Gemma 4 26B,Gemini 3.6 Flash=b;GLM 5.2=b;Qwen 3.6 35B=b;Gemma 4 26B=a,4,b,1,1,b,1,1,b,1,1,a,0,1
177,151,296,1,3,0.25000000,SELECTED_BOUNDARY_TIE,True,openrouter_B-hard200-v1|,33350075607253adf19bf9c7cdbcd89119a814a19a20dd9576800f23214236c1,48,b69,illes-balears|2022|caso-3|71,retained318,,,,Illes Balears,2022,aparato-digestivo,caso-3,69,True,c,Ninguna de las respuestas anteriores es correcta.,"Paciente varón de 62 años con antecedentes de enolismo superior a 60 g/día de veinte años de evolución y fumador de 25 paquetes/año desde los 17 años.

Antecedente de dos ingresos por pancreatitis agudas leves en los últimos tres años. En los últimos tres meses presenta un cuadro de diarrea en forma de cuatro deposiciones al día, dolor abdominal continuo y diario, localizado en el epigastrio que no mejora con paracetamol. Además, refiere que ha perdido cuatro quilos. Se le hace una gastroscopia que es normal. Una TC abdominal revela la presencia de múltiples calcificaciones parenquimatosas en
la cabeza del páncreas, dilatación del conducto pancreático principal, una lesión quística de 10 mm en el cuerpo pancreático y atrofia de la cola de páncreas. Los coprocultivos, los parásitos en heces y la toxina de Clostridium difficile en heces son negativos, la serología de celiaquía negativa y las hormonas tiroideas son normales.

Elementos relevantes de la analítica. Glucosa: 124 mg/dl, GGT: 101 U/L, AST: 55 U/L, ALT: 65 U/L, VCM: 102 fl, BI total: 1,4 mg/dl, triglicéridos: 180 mg/dl, amilasa: 125 U/L, lipasa: 25 U/L.
El resto del hemograma y de la bioquímica está dentro de valores normales.

Las pruebas para determinar la insuficiencia pancreática exocrina demuestran una insuficiencia pancreática exocrina (IPE) grave.

22 meses después del diagnóstico el paciente ingresa por ictericia conjuntival y cutánea con cifras de bilirrubina de 9 mg/dl (de predominio directo) y colestasis marcada en la analítica. Una ecografía abdominal en urgencias muestra una dilatación de la vía biliar extrahepática.

Una TC abdominal con protocolo pancreático objetiva una lesión sólida en la cabeza del páncreas de 2,7 x 2,5 cm con dilatación de la vía biliar extrahepática de 13 mm. No se observan lesiones hepáticas ocupantes de espacio. La lesión está en contacto con la arteria mesentérica superior en más de 180° con presencia de una trombosis portal.

Señale la respuesta falsa en relación con la TC abdominal en la evaluación de un paciente con sospecha de adenocarcinoma de páncreas:",En un protocolo pancreático es la prueba de elección para la evaluación de un paciente con sospecha de adenocarcinoma pancreático.,"En comparación con la resonancia magnética, ofrece más detalles anatómicos de la relación del tumor con la vascularización.",Ninguna de las respuestas anteriores es correcta.,"La PET-TC no se utiliza habitualmente en el diagnóstico, pero puede ser útil en la detección de enfermedad metastásica oculta.",a1fe165812b530cb47db1b16dfa652eafb6fe98236f1f26ae92b0b82bc84958f,f09814187edb53a469fbd303d41fcf29aeedc9c551d4a3444ec98f2baaa2b738,2519,GLM 5.2,Gemini 3.6 Flash=c;GLM 5.2=b;Qwen 3.6 35B=c;Gemma 4 26B=c,4,c,1,1,b,0,1,c,1,1,c,1,1
178,151,296,1,3,0.25000000,SELECTED_BOUNDARY_TIE,True,openrouter_B-hard200-v1|,34e210e597f0ce7433f7da81b52d13e3a7474aecb8cca578258cba9a04ed6308,417,n099,castilla-y-leon|2019|main|53,new182,,,,Castilla y León,2019,aparato-digestivo,main,53,False,c,Ninguna de las respuestas anteriores es correcta.,"En un paciente Naive no coinfectado y con Hepatopatía crónica VCH, la duración habitual del tratamiento con Sofosbuvir y Velpatasvir es de:",4 semanas,8 semanas,Ninguna de las respuestas anteriores es correcta.,24 semanas,c4b97e946af1f1dcadc992dea407db6c7452ff289cf1a59bb79115327da5a40b,981081f0ac584c7fe298bf688410c6d7d930c79fcfad9a88f2e81c234b85bd24,216,Gemma 4 26B,Gemini 3.6 Flash=c;GLM 5.2=c;Qwen 3.6 35B=c;Gemma 4 26B=b,4,c,1,1,c,1,1,c,1,1,b,0,1
179,151,296,1,3,0.25000000,SELECTED_BOUNDARY_TIE,True,openrouter_B-hard200-v1|,36fa510a2f24702981029ec0234fa701bf727e4b2973629564467a47dd6bac91,192,b295,comunidad-de-madrid|2021|main|149,retained318,,,,Comunidad de Madrid,2021,aparato-digestivo,main,295,False,d,Ninguna de las respuestas anteriores es correcta.,"Usted conoce que los pacientes con cirrosis descompensada desarrollan con frecuencia sarcopenia, Señale por favor cuál de los siguientes mecanismos NO está implicado en el desarrollo de esta complicación",Descenso de testosterona y de hormona de crecimiento,Incremento de la concentración de amonio plasmático,Presencia de endotoxinemia y de disfunción mitocondrial,Ninguna de las respuestas anteriores es correcta.,b43de87490e0a68d9d0afc4af3bdbd80cb47a6369a7a2e270481a9752777973b,05b31cbb231e5c9ca947f5d0d16d578d7935fd864b8050de0dc22dbf6614aeea,410,Qwen 3.6 35B,Gemini 3.6 Flash=d;GLM 5.2=d;Qwen 3.6 35B=b;Gemma 4 26B=d,4,d,1,1,d,1,1,b,0,1,d,1,1
180,151,296,1,3,0.25000000,SELECTED_BOUNDARY_TIE,True,openrouter_B-hard200-v1|,3804df5dbbded8a895371d3dd5021cd09d8bb6dcb225bb876b1ceddf7a06a9d8,460,n142,galicia|2022|main|45,new182,,,,Galicia,2022,aparato-digestivo,main,45,False,c,Ninguna de las respuestas anteriores es correcta.,"Paciente de 60 años que acude a consulta tras ingreso en digestivo por Hemorragia Digestiva secundaria a úlcera en segunda porción duodenal. Se ha prescrito tratamiento erradicador de Helicobacter Pylori y el test de aliento es negativo. El paciente refiere encontrarse mal, con dolor abdominal, pirosis intensa y diarrea diariamente. Se solicita una gastroscopia de control que evidencia persistencia de úlcera duodenal, múltiples erosiones gástricas en localización atípica y esofagitis grado C de la Clasificación de Los Ángeles. ¿Qué determinación debemos solicitar para completar el estudio de este paciente?:",Elastasa fecal.,Calprotectina fecal.,Ninguna de las respuestas anteriores es correcta.,Péptido intestinal Vasoactivo (VIP).,6ab3f4bf9bb3ab12e67e9abe8ae37c1542e7293cc2b76652a7a4856ec5b7eb2c,670db337dfc72a656c9f5e1f2a45dd8eb5bf5914038816bf9bcc22c0ce64be81,734,Gemma 4 26B,Gemini 3.6 Flash=c;GLM 5.2=c;Qwen 3.6 35B=c;Gemma 4 26B=d,4,c,1,1,c,1,1,c,1,1,d,0,1
181,151,296,1,3,0.25000000,SELECTED_BOUNDARY_TIE,True,openrouter_B-hard200-v1|,3a52026d05b12d7cb23ac81e976e45ac05387b2ff8ba8ddc54fdd6f5b089f7bb,53,b78,illes-balears|2022|caso-4|80,retained318,,,,Illes Balears,2022,aparato-digestivo,caso-4,78,False,b,Ninguna de las respuestas anteriores es correcta.,"Mujer de 18 años sin antecedentes personales ni familiares de interés y sin hábitos tóxicos. Ingresa por fiebre, pérdida de peso asociada a hiporexia, diarrea de comienzo reciente sin productos patológicos y dolor abdominal de dos semanas de evolución.

Exploración. Temperatura: 37,6 °C; TA: 100/60 mmHg; consciente, orientada, eupneica; peso: 40 quilos, talla: 155 cm, delgadez, retraso del desarrollo puberal, palidez discreta, bien hidratada y perfundida. No se palparon adenopatías. La auscultación cardiorrespiratoria fue normal y la exploración abdominal no mostró hallazgos de interés. En la
inspección anal se observó una hemorroide centinela y una fisura anal en el rafe posterior.

En la analítica destacaban, hemoglobina: 9,9 g/dl; hematocrito: 34 %; VCM: 81 fl; leucocitos: 15.600 /μl (82 % neutrófilos); plaquetas: 699.000 /μl; VSG: 41 Fe: 15 μg/dl; ferritina: 247 ng/ml; proteína C reactiva: 9,7 mg/dl.

Los coprocultivos y los parásitos en heces fueron negativos.
En la colonoscopia se exploró hasta el ciego y se hizo una ileoscopia de los últimos 10 cm. En todo el trayecto explorado se apreciaron úlceras profundas serpiginosas entre áreas de mucosa sana y se tomaron muestras para biopsia. Las biopsias del íleon y el colon fueron compatibles con una inflamación crónica activa.

Siendo A «edad al diagnóstico», L «localización de la enfermedad» y B «patrón de comportamiento», ¿cuál es la opción correcta para esta paciente según la clasificación de Montreal?",A1 L2 B2.,Ninguna de las respuestas anteriores es correcta.,A3 L3 B2.,A2 L1 B3.,cbd74f587d92d77009c30a37fa6a79404a18e74beec47c001dc572fe3f1f70bf,d3e68c2f9923ee2fdd79aa810d723e899e7fa43477003b95cffe04f56296e927,1556,Gemma 4 26B,Gemini 3.6 Flash=b;GLM 5.2=b;Qwen 3.6 35B=b;Gemma 4 26B=a,3,b,1,1,b,1,1,b,1,1,a,0,0
182,151,296,1,3,0.25000000,SELECTED_BOUNDARY_TIE,True,openrouter_B-hard200-v1|,3c6d9a025574622a5acf7a7a438b2ee88171f61b0b8a88152e1e4e43c340fb2d,302,b474,la-rioja|2021|reserva|105,retained318,,,,La Rioja,2021,aparato-digestivo,reserva,474,False,b,Ninguna de las respuestas anteriores es correcta.,¿Cuál de los siguientes está descrito como factor de riesgo en enfermedad de Crohn y protector en colitis ulcerosa?,Infección por H.pylori.,Ninguna de las respuestas anteriores es correcta.,Lactancia materna.,Todos los anteriores.,1ae1bb7beae2e204d89824c39d30d802e2b7242ca5c01b18671d88c01d2e1d96,a9b7fde6384f6e828a1d314e12285bbd3a6218e3d986290a2f9f84a558a296f8,226,Gemma 4 26B,Gemini 3.6 Flash=b;GLM 5.2=b;Qwen 3.6 35B=b;Gemma 4 26B=a,4,b,1,1,b,1,1,b,1,1,a,0,1
183,151,296,1,3,0.25000000,SELECTED_BOUNDARY_TIE,True,openrouter_B-hard200-v1|,3fd2e6c319f9cf3b6cb69f60e4d63a841febb0e0af75edfb48d665b424e000ee,314,b490,aragon|2020|main|90,retained318,,,,Aragón,2020,aparato-digestivo,main,490,False,c,Ninguna de las respuestas anteriores es correcta.,"En un paciente no colecistectomizado con disfunción del esfínter de Oddi tipo III, ¿cómo están los enzimas hepáticos y el conducto biliar común?",Enzimas hepáticos alterados y conducto biliar normal.,Enzimas hepáticos normales y conducto biliar dilatado.,Ninguna de las respuestas anteriores es correcta.,Enzimas hepáticos alterados y conducto biliar dilatado.,8084731df31c37f9922f7b957f84e0b5b503f678da044030142a57a55880b048,6b00a3f1b2cb8958abe49e28cfb48e1b89d89cfc7ca0c6b1d622004ad30448c6,355,Gemma 4 26B,Gemini 3.6 Flash=c;GLM 5.2=c;Qwen 3.6 35B=c;Gemma 4 26B=a,4,c,1,1,c,1,1,c,1,1,a,0,1
184,151,296,1,3,0.25000000,SELECTED_BOUNDARY_TIE,True,openrouter_B-hard200-v1|,42a8adf94aab363108a34b5992913fd8ebdbad329a0ee7e0fee2e76ded3f6ad8,161,b246,galicia|2019|reserva-especifica|109,retained318,,,,Galicia,2019,aparato-digestivo,reserva-especifica,246,False,d,Ninguna de las respuestas anteriores es correcta.,¿Cuál de las siguientes entidades se asocia con más frecuencia a la colangitis esclerosante primaria?,Lupus eritematoso sistémico.,Esclerodermia.,Enfermedad celíaca.,Ninguna de las respuestas anteriores es correcta.,48287cce283460787b0da111f95865f27b8dcae10f64eea84cd7dd04ae0e9f22,7aab1ab1e1122e6a598da21b4042f0b66906b06717d672e051f9581217cefbe2,211,Gemma 4 26B,Gemini 3.6 Flash=d;GLM 5.2=d;Qwen 3.6 35B=d;Gemma 4 26B=c,4,d,1,1,d,1,1,d,1,1,c,0,1
185,151,296,1,3,0.25000000,SELECTED_BOUNDARY_TIE,True,openrouter_B-hard200-v1|,46bb1fbeb5b9b932eb05c5d36668201e15499d5a2872586bf1c741cb272e1820,372,n054,castilla-la-mancha|2022|main|10,new182,,,,Castilla-La Mancha,2022,aparato-digestivo,main,10,False,c,Ninguna de las respuestas anteriores es correcta.,"Según la guía ASGE 2022 para el manejo endoscópico de la esofagitis eosinofílica (EEo), señale la respuesta verdadera",Para el diagnóstico de EEo se deben tomar al menos 12 muestras de biopsia del esófago,Solo es necesario tomar muestras de biopsia del esófago distal para el diagnóstico de EEo.,Ninguna de las respuestas anteriores es correcta.,"El seguimiento tras terapia se basa fundamentalmente en la clínica, sin ser necesario tomar muestras para confirmar la mejoría histológica.",8028b49dd105346e708b678a971863087bf20ad495a10acf477baf592e65b5ab,47b7849110428e0f171dad8483fba7d0584064f27d7ee3559e52e200164c588c,480,Gemma 4 26B,Gemini 3.6 Flash=c;GLM 5.2=c;Qwen 3.6 35B=c;Gemma 4 26B=a,4,c,1,1,c,1,1,c,1,1,a,0,1
186,151,296,1,3,0.25000000,SELECTED_BOUNDARY_TIE,True,openrouter_B-hard200-v1|,46c7ca766302aaf9d0b9c10fe4ecd30f57ca472d3cb59514f3006d8d5b9f6537,360,n042,andalucia|2021|cuestionario-teorico|86,new182,,,,Andalucía,2021,aparato-digestivo,cuestionario-teorico,86,False,c,Ninguna de las respuestas anteriores es correcta.,¿Cuál de los siguientes fármacos ha demostrado mejorar el dolor frente al placebo en la dispepsia funcional subtipo dolor epigástrico (SDE)?,Fluoxetina,Cinitaprida,Ninguna de las respuestas anteriores es correcta.,Sucralfato,7ce6a6bb9d26537fa7f88f9142fb104309d01e1dca1cd89b766fa7c7f28ef821,96c0d693b93cf961045567de9def14752011cac145390402e9c04ad296bee4b4,220,Gemma 4 26B,Gemini 3.6 Flash=c;GLM 5.2=c;Qwen 3.6 35B=c;Gemma 4 26B=b,4,c,1,1,c,1,1,c,1,1,b,0,1
187,151,296,1,3,0.25000000,SELECTED_BOUNDARY_TIE,True,openrouter_B-hard200-v1|,4722c82ad06d12fb1154e325e34cfefe4df18902f9456df9bdc67e8a8cbb152f,75,b112,illes-balears|2022|caso-5|115,retained318,,,,Illes Balears,2022,aparato-digestivo,caso-5,112,False,b,Ninguna de las respuestas anteriores es correcta.,"Varón de 32 años sin hábitos tóxicos ni alergias medicamentosas conocidas y sin antecedentes familiares de interés.

Como único antecedente patológico destaca una rectosigmoiditis ulcerosa diagnosticada dos años antes tras una historia de diarrea sanguinolenta intermitente y un tenesmo discreto. En ese momento se hizo una colonoscopia completa con biopsia que mostró una afectación del recto sigma hasta unos 15 cm del margen anal en forma de mucosa eritematosa friable con sangrado con el roce mínimo de predominante en el recto distal. Se descartaron procesos infecciosos intestinales. Las únicas
alteraciones analíticas reseñables en el momento del diagnóstico fueron que era positivo de P-ANCA y tenía una calprotectina fecal de 450 μg/g. Se pautó un tratamiento con enemas de mesalazina.

El paciente permaneció asintomático desde el diagnóstico siguiendo controles en consultas y con cumplimiento terapéutico. Contactó con su servicio de digestivo de referencia por presentar, en las dos semanas previas, un aumento del número de deposiciones con entre cuatro y seis deposiciones al día deshechas con resto hemático fresco en la mayoría de ellas, con imperiosidad, sin respetar descanso nocturno y con dolor abdominal previo a la deposición. No había afectación del estado general. El mes previo al inicio de la sintomatología digestiva inició una lumbalgia intermitente, en ocasiones
intensa, y se automedicó con ibuprofeno en comprimidos de 600 mg de forma puntual.

La exploración física fue normal y se solicitó una analítica completa en la cual destacaba HB: 12,5 gr/dl, VSG y PCR normales, calprotectina: 675 μg/g, FA: 270 UI/L, GGT: 65 UI/L, Bil. total: GOT y GPT normales, ferropenia discreta, resto de parámetros nutricionales normales.

En el caso presentado se hizo una colonoscopia completa que mostró una progresión a pancolitis ulcerosa, se asumió el diagnóstico de brote moderado severo y se controló de manera ambulatoria.

El paciente recibió un tratamiento con adalimumab para conseguir la remisión y se pautó como tratamiento de mantenimiento. Se le asoció, inicialmente, azatioprina que fue retirada por un episodio de pancreatitis leve.

Se descartó la CEP y se mantuvo en remisión clínica y biológica en los siguientes ocho meses en monoterapia con adalimumab a dosis habituales de 40 mg cada dos semanas. A partir de esa fecha, de forma progresiva, refiere un aumento del número de deposiciones pasando de una a cinco o seis, con sangrado con las heces en la mayoría de las deposiciones, cierto tenesmo y dolor cólico previo a la deposición. Refirió una afectación de su calidad de vida, pero no de su estado general. Se hizo un estudio de heces con coprocultivos negativos, Clostridium negativo y calprotectina de 540 μg/g. La
analítica de sangre, el hemograma, el VSG, la PCR y los parámetros nutricionales fueron normales. Se decidió hacer una rectosigmoidoscopia que evidenció mucosa con eritema intenso friable con alguna erosión aislada desde el recto que afectaba de forma difusa toda la mucosa valorada. Se tomaron muestras para biopsia para conocer el grado de actividad histológico y la presencia de citomegalovirus (CMV).

Si se asume que ha habido una pérdida de eficacia del tratamiento de mantenimiento, ¿qué actitud es la adecuada?","Debe iniciarse el tratamiento con esteroides orales, debe suspenderse el adalimumab y debe iniciarse el tratamiento con infliximab para inducir de nuevo la remisión.",Ninguna de las respuestas anteriores es correcta.,"Con presencia de anticuerpos antiadalimumab y niveles bajos del fármaco, debe insistirse en el adalimumab intensificando y debe añadirse el tacrolimus como inmunosupresor.",Todas las respuestas anteriores son adecuadas.,46e0cbe47e3811d8454ff3fa4e57174cfabb03f3d5e3558293fd9092de618f48,7388bd9f790bd979b433908cecb0b130aed1f7d38a6df987bdf9531a139f8e58,3708,Gemma 4 26B,Gemini 3.6 Flash=b;GLM 5.2=b;Qwen 3.6 35B=b;Gemma 4 26B=a,4,b,1,1,b,1,1,b,1,1,a,0,1
188,151,296,1,3,0.25000000,SELECTED_BOUNDARY_TIE,True,openrouter_B-hard200-v1|,491f880179a0e6c9f9ef41a87d6119169368d2d6c59cff98f0061ed3492913c4,127,b192,navarra|2022|teorico-practica|75,retained318,,,,Navarra,2022,aparato-digestivo,teorico-practica,192,False,c,Ninguna de las respuestas anteriores es correcta.,"Varón de 58 años que acude a urgencias por dolor agudo y constante en hipocondrio derecho, con náuseas, vómitos y fiebre de 38º. A la exploración presente ictericia e hipersensibilidad a la palpación en hipocondrio derecho. Se solicita una ecografía abdominal observando colelitiasis múltiple y dilatación de vía intrahepática sin poder valorar colédoco ni región pancreática por interposición de gas. Se completa con un TC observando litiasis en conducto cístico de 15 mm, dilatación de conducto hepático común y vía biliar intrahepática, estando el colédoco distal normal. ¿Cuál de los siguientes es el diagnóstico MÁS probable?",Colangiocarcinoma tipo Klatskin,Quiste de colédoco,Ninguna de las respuestas anteriores es correcta.,Colangiocarcinoma proximal,27fef1ce294c33e0165bb2a02cbe2895ef37fa3619aedd62b1b0038f9017d6ec,5010dbddb3c0e6c252252c6ff57bf36a4965853559e7808451b4ff229f2a0335,754,Gemma 4 26B,Gemini 3.6 Flash=c;GLM 5.2=c;Qwen 3.6 35B=c;Gemma 4 26B=d,4,c,1,1,c,1,1,c,1,1,d,0,1
189,151,296,1,3,0.25000000,SELECTED_BOUNDARY_TIE,True,openrouter_B-hard200-v1|,49b8044b21db6962143c7def5a2d87d42b8e4a0f485c846ab8dc5b0d36dcdd27,143,b215,comunidad-de-madrid|2021|reserva-especifica|159,retained318,,,,Comunidad de Madrid,2021,aparato-digestivo,reserva-especifica,215,True,c,Ninguna de las respuestas anteriores es correcta.,Usted sabe que el tratamiento de la encefalopatía hepática ha de incluir recomendaciones nutricionales. Señale por favor cuál de las siguientes es INCORRECTA,Se debe evaluar la presencia de sarcopenia y el estatus nutricional de todos los pacientes con encefalopatía hepática,La ingesta calórica y proteica no debe ser diferente de la recomendada para cualquier paciente con cirrosis,Ninguna de las respuestas anteriores es correcta.,Las proteinas vegetales y las procedentes de la leche son preferibles a las proteinas animales en pacientes con encefalopatía hepática,bbbeefdd690a7f745666246f97aeb20d6a6f439ce7b4c7b3f27f045dd7cd6da7,aee4424fbf3b547a3d6aa1b4788337e01e9c716604369026c5124b1a9ba047bb,564,GLM 5.2,Gemini 3.6 Flash=c;GLM 5.2=d;Qwen 3.6 35B=c;Gemma 4 26B=c,4,c,1,1,d,0,1,c,1,1,c,1,1
190,151,296,1,3,0.25000000,SELECTED_BOUNDARY_TIE,True,openrouter_B-hard200-v1|,4b7d0be8d84302904be76a9ed43ed8af3329f3104a061082cceb49cc62e048b7,353,n035,la-rioja|2021|main|66,new182,,,,La Rioja,2021,aparato-digestivo,main,66,False,c,Ninguna de las respuestas anteriores es correcta.,¿Cuál de estas características nos hará sospechar que no estamos ante un linfoma primario intestinal?,Ausencia de ganglios palpables.,Ausencia de linfadenopatía mediastínica.,Ninguna de las respuestas anteriores es correcta.,Afectación ganglionar regional en la laparotomía.,d7d483d2ccc63df2e9605c867dbf6b454acbfa1b8cd5b8666791c6eb49f82137,dae0936d0c18e869fb2340499021e43aef410ba04b78128fb55561160a2b0f29,270,Gemma 4 26B,Gemini 3.6 Flash=c;GLM 5.2=c;Qwen 3.6 35B=c;Gemma 4 26B=d,4,c,1,1,c,1,1,c,1,1,d,0,1
191,151,296,1,3,0.25000000,SELECTED_BOUNDARY_TIE,True,openrouter_B-hard200-v1|,4ed10d389a9bdda0d9bb1c3e8a32e4c4186935b9585350b57764607f02f68514,271,b421,castilla-la-mancha|2022|main|21,retained318,,,,Castilla-La Mancha,2022,aparato-digestivo,main,421,False,b,Ninguna de las respuestas anteriores es correcta.,"La descripción por visión ecoendoscópica de una lesión hiperecoica, homogénea con márgenes regulares que surge de la submucosa (tercera capa del tracto gastrointestinal) se corresponde con toda probabilidad a un",Quiste de duplicación,Ninguna de las respuestas anteriores es correcta.,Tumor carcinoide,Tumor del estroma gastrointestinal,38614485e2044036d6469caa46b3937d2d3315c8f729410278c5b8addcb97afe,da942e38bb3fa8026dcb824ae09f2b47486f355538f7aea56a83b4c41c48ae69,331,Gemma 4 26B,Gemini 3.6 Flash=b;GLM 5.2=b;Qwen 3.6 35B=b;Gemma 4 26B=d,4,b,1,1,b,1,1,b,1,1,d,0,1
192,151,296,1,3,0.25000000,SELECTED_BOUNDARY_TIE,True,openrouter_B-hard200-v1|,4efcc3b53f0dae3e246ea932d574b77cc0bdcbfe002886113e8b4677f0566f21,336,n018,castilla-y-leon|2019|main|48,new182,,,,Castilla y León,2019,aparato-digestivo,main,48,False,d,Ninguna de las respuestas anteriores es correcta.,"De las siguientes, ¿cuál es la causa más frecuente de malabsorción de vitamina B<sub>12</sub>?","Enfermedad de Crohn, con afectación de íleon terminal.",Insuficiencia Pancreática.,Gastrectomía.,Ninguna de las respuestas anteriores es correcta.,1b43a98b3301344143c69e7d9a2c0a481d80840b90d0fd334308d4a4ba2f50ab,eec497b31f41de823f4bb19aec3a518592cc40b35b47e740d9e364c307a09693,236,Gemma 4 26B,Gemini 3.6 Flash=d;GLM 5.2=d;Qwen 3.6 35B=d;Gemma 4 26B=c,4,d,1,1,d,1,1,d,1,1,c,0,1
193,151,296,1,3,0.25000000,SELECTED_BOUNDARY_TIE,True,openrouter_B-hard200-v1|,535f62aa98a9bdafbd02a400e7023ed473f235a4cc1e8ac3045ec1a14209baf3,477,n159,galicia|2022|main|54,new182,,,,Galicia,2022,aparato-digestivo,main,54,False,b,Ninguna de las respuestas anteriores es correcta.,"Con respecto al programa de vigilancia de hepatocarcinoma en pacientes con enfermedad hepática crónica, ¿qué afirmación es CORRECTA?:",Está indicado solamente en pacientes con cirrosis.,Ninguna de las respuestas anteriores es correcta.,Se suspende en pacientes que han sido incluidos en lista de trasplante hepático.,La determinación de alfa-fetoproteína cada seis meses puede sustituir a la ecografía en casos de mala visualización ecográfica.,c659b70a2d2d290568b962c45f14816d568358cd3c1037e57f9cea755eca2782,a493f8cf1215f7297f656a6a4a20f43cfc2a9fcbbe2c608dfef240708397e79d,439,Qwen 3.6 35B,Gemini 3.6 Flash=b;GLM 5.2=b;Qwen 3.6 35B=c;Gemma 4 26B=b,4,b,1,1,b,1,1,c,0,1,b,1,1
194,151,296,1,3,0.25000000,SELECTED_BOUNDARY_TIE,True,openrouter_B-hard200-v1|,585f47600f3446a652bbc12fb7aa0697e66cab759bfec3673088f467b4ca4c05,255,b387,andalucia|2022|cuestionario-teorico|56,retained318,,,,Andalucía,2022,aparato-digestivo,cuestionario-teorico,387,False,c,Ninguna de las respuestas anteriores es correcta.,"Un varón de 56 años de edad, sin historia familiar de cáncer de colon se realiza una colonoscopia de cribado. En la exploración se identifica un pólipo de unos 8 mm de diámetro, pediculado, en colon sigmoide, que se reseca por completo. La anatomía patológica muestra que es un adenoma serrado con displasia. ¿Cuándo debe repetirse la colonoscopia?",2-6 meses.,1 año.,Ninguna de las respuestas anteriores es correcta.,5 años.,46186f2b6c52f4b4b80751ced1cbdb721e35239b328daea24428d6e5f1ac683a,c1cb0f8f1e4eb7b214ca152bacc9a78d551ecdc68712e4b6253b22665b53c71f,420,GLM 5.2,Gemini 3.6 Flash=c;GLM 5.2=b;Qwen 3.6 35B=c;Gemma 4 26B=c,3,c,1,1,b,0,1,c,1,1,c,1,0
195,151,296,1,3,0.25000000,SELECTED_BOUNDARY_TIE,True,openrouter_B-hard200-v1|,5a4686fff4049c7e99bb10c35569b20ccf908d3f1bb123f43bc2aa895a2d9834,194,b297,galicia|2019|main|100,retained318,,,,Galicia,2019,aparato-digestivo,main,297,False,c,Ninguna de las respuestas anteriores es correcta.,"En un paciente diagnosticado de hemocromatosis, homocigoto C282Y, el objetivo del tratamiento con sangrías sería:",Disminuir la saturación de transferrina por debajo del 45%.,Mantener la hemoglobina entre 12 y 13 g/dL.,Ninguna de las respuestas anteriores es correcta.,Conseguir cifras de hierro sérico por debajo de 100 microgramos por decilitro.,79158bbecd2e7299d3339d6a610957a10813a0f83b73d7dde254446bffdb7b34,eff33d351a9eee249d1c3bad1520d6c8a3c037e9e54c1078acd8921da71606db,342,Qwen 3.6 35B,Gemini 3.6 Flash=c;GLM 5.2=c;Qwen 3.6 35B=a;Gemma 4 26B=c,3,c,1,1,c,1,1,a,0,1,c,1,0
196,151,296,1,3,0.25000000,SELECTED_BOUNDARY_TIE,True,openrouter_B-hard200-v1|,5ab446c2a995a531b9746491546b8c1aa231a925eba784722ba2626f2d1e92a3,244,b371,comunitat-valenciana|2022|main|19,retained318,,,,Comunitat Valenciana,2022,aparato-digestivo,main,371,True,c,Ninguna de las respuestas anteriores es correcta.,Señale la respuesta incorrecta con respecto a la Linaclotida:,Es un péptido de 14 aminoácidos de absorción mínima.,Está contraindicada en niños menores de 6 años.,Ninguna de las respuestas anteriores es correcta.,La diarrea es el evento adverso más común de este fármaco.,0a5caab669056f1d06635077fc663ef66a0028dfe3c288f865e9294d1098a8b4,239bcc075e79092db7b598516c9f618cb45112ee9e5deba8ae6382e765dd76c5,267,Gemma 4 26B,Gemini 3.6 Flash=c;GLM 5.2=c;Qwen 3.6 35B=c;Gemma 4 26B=a,4,c,1,1,c,1,1,c,1,1,a,0,1
197,151,296,1,3,0.25000000,SELECTED_BOUNDARY_TIE,True,openrouter_B-hard200-v1|,62f298457d44e656da9d52495123532405eae979c9db409997c526e85dc49ae7,99,r015,la-rioja|2024|main|98,replacement22_2026-08-04,r015,b155,c2647,La Rioja,2024,aparato-digestivo,main,98,False,c,Ninguna de las respuestas anteriores es correcta.,"Respecto a la puntuación de Glasgow-Blatchford en la hemorragia digestiva alta, ¿Cuál de los siguientes parámetros forma parte de la puntuación?:",Edad.,Vaso visible,Ninguna de las respuestas anteriores es correcta.,Presión arterial media.,5e6b1c416fec0a72ab34bc77ac97929007fcd35467acef544f0f6a9be0313d26,56436d4901f5a64e66867cae3cb2170b2d107df2a853444c693788d3bf38c0a7,234,Gemma 4 26B,Gemini 3.6 Flash=c;GLM 5.2=c;Qwen 3.6 35B=c;Gemma 4 26B=a,4,c,1,1,c,1,1,c,1,1,a,0,1
198,151,296,1,3,0.25000000,SELECTED_BOUNDARY_TIE,True,openrouter_B-hard200-v1|,638272b0fd322538e4fd20512e2c257b9e4dbec6cb6ad934814512239bc55c17,84,b125,illes-balears|2022|caso-6|128,retained318,,,,Illes Balears,2022,aparato-digestivo,caso-6,125,False,b,Ninguna de las respuestas anteriores es correcta.,"Paciente de 62 años con los antecedentes siguientes:

No alergias.

Exfumador: tabaquismo activo desde la juventud hasta los 58 años.

Tosedor habitual.

Consumo diario de alcohol desde hace más de diez años. Consume dos cañas de cerveza, cuatro vasos de vino y dos carajillos al día. El fin de semana toma alguna cerveza más en fiestas y celebraciones y uno o dos gin-tonics.

Dice que no toma drogas.

Dice que no tiene antecedentes patológicos relevantes. No hace controles con su médico de cabecera. Nunca va al médico.
Enfermedad actual: consulta por distensión abdominal molesta, un aumento del perímetro abdominal progresivo de dos semanas de evolución y piernas hinchadas.

Exploración física: bien coloreado, subictericia conjuntival dudosa, arañas vasculares y telangiectasias en el tronco, eritema palmar e hipertrofia parotídea.

Cardiocirculatorio: pulsos rítmicos 90 lpm, soplo sistólico plurifocal, no ingurgitación yugular, edemas maleolares moderados.

Respiración: espiración un poco alargada, algún roncus diseminado.
Abdomen: muy distendido; indoloro a la presión o a la descompresión; sin defensa; matidez en flancos; la matidez cambia con los cambios posturales; signo de la ola; hepatomegalia de tres traveses, lisa e indolora; esplenomegalia dudosa, difícil de delimitar; pequeña protrusión umbilical; no reflujo hepatoyugular.

Radiografía del tórax: elevación de ambos hemidiafragmas.

Radiografía del abdomen: aumento difuso de la densidad, se aprecia perfil hepático y esplénico.

Electrocardiograma normal.

Analítica:
Leucocitos: 3.100/mm³ (3.000-10.000); Hto: 39 % (40-46); Hb: 12,1 g/dl (12-15); VCM: 105 fl (80-100); plaquetas: 105.000/mm³ (150.000-400.000); Quick: 59 % (> 70 %); INR: 1.4 (N 0.8-1.2); creatinina: 1.0 mg/dl; urea: 40 mg/dl; Na: 136 mEq/L; K: 4 mEq/L; urato: 7.9 (< 7); bilirrubina total: 1.9 mg/dl (< 1.3) GOT (ASAT): 105 UI/ml (< 40); GPT (ALAT): 50 UI/ml (< 40); GGT: 480 UI/ml (< 45); FA: 125 UI/ml (< 135); albúmina: 3,2 g/dl (> 3,5).

El resto de la analítica básica es normal.
Ecografía abdominal: líquido libre muy abundante, hígado de ecogenicidad aumentada difusamente, heterogéneo, difícil de ver por la ascitis. Forma hepática

irregular un poco abollonada, macronodular. Vena porta permeable, dilatada. Venas suprahepáticas permeables, no dilatadas. Vía biliar intrahepática y extrahepática normal. Vesícula con litiasis múltiple, no distendida y no edematosa. Bazo ligeramente aumentado de tamaño (15 cm de longitud máxima). El resto no tiene alteraciones. Páncreas no visto por interposición de aire.

Se hace una paracentesis (diagnóstica y evacuadora), y se obtienen 6.000 ml de ascitis.

Análisis del líquido ascítico:
- Glucosa: 120 mg/dl.
- Proteínas: 1,0 g/dl.
- Albúmina: 0,8 g/dl.
- LDH: 40 ui/ml.
- Hematíes: 100 /mm³.
- Leucocitos: 220 /mm³.

¿Cómo hay que interpretar el consumo diario habitual de alcohol de este paciente?",El paciente bebe una cantidad de alcohol moderada que no supone un riesgo significativo para su salud.,Ninguna de las respuestas anteriores es correcta.,"El paciente bebe una cantidad de alcohol posiblemente excesiva, pero el riesgo de patología orgánica relacionada con el alcohol depende de su peso y de su comorbilidad.",Con los datos actuales no podemos juzgar si el consumo de alcohol de este paciente es excesivo o no.,a2442f22c9fc50a71ecbfa3f2112f816203f3df5bc1788934e5e1cfbd4db7ed6,f2e0304864cdee71f8fb2884268ba9b9ad86556010c051de2dbf4ac64e2efb8e,3318,Gemma 4 26B,Gemini 3.6 Flash=b;GLM 5.2=b;Qwen 3.6 35B=b;Gemma 4 26B=c,4,b,1,1,b,1,1,b,1,1,c,0,1
199,151,296,1,3,0.25000000,SELECTED_BOUNDARY_TIE,True,openrouter_B-hard200-v1|,63a9a0d29df87e613f088365fcba551421a33187baddf457389bbdcacf7d8563,373,n055,comunitat-valenciana|2022|main-47-80|60,new182,,,,Comunitat Valenciana,2022,aparato-digestivo,main-47-80,60,False,c,Ninguna de las respuestas anteriores es correcta.,La lesión hepática en caso de DILI (Drug Induced Liver Injury) más frecuentemente producida por tamoxifeno es:,Ductopenia.,Peliosis.,Ninguna de las respuestas anteriores es correcta.,Necrosis centrolubulillar.,1a98630aec40ecff93090d55599d090f0ea41f83e87324191d3795b969a4b394,859cc7d7a3cb81d778497abf14e73cad8d1cbc3acbdfa1b187719562d3507a9a,205,Gemma 4 26B,Gemini 3.6 Flash=c;GLM 5.2=c;Qwen 3.6 35B=c;Gemma 4 26B=d,4,c,1,1,c,1,1,c,1,1,d,0,1
200,151,296,1,3,0.25000000,SELECTED_BOUNDARY_TIE,True,openrouter_B-hard200-v1|,646039cf8387ff6bd81573c6f2a541fcf8af9b2481c765420a15f641de63fd3c,364,n046,comunidad-de-madrid|2021|main|61,new182,,,,Comunidad de Madrid,2021,aparato-digestivo,main,61,False,d,Ninguna de las respuestas anteriores es correcta.,¿Cuál de los siguientes es un criterio diagnóstico de colangitis biliar primaria?,Aumento de IgM,Aumento de GGT,ANA>1:80,Ninguna de las respuestas anteriores es correcta.,74fb9da16e6db437069afc71e3499b0d8a1dc8b545158d3ecdf53365d891702f,c8899b27c12592b8c9b70b202d92e985aa6ac940309cbc5fd2940b08cf33d892,166,Gemma 4 26B,Gemini 3.6 Flash=d;GLM 5.2=d;Qwen 3.6 35B=d;Gemma 4 26B=a,3,d,1,1,d,1,1,d,1,1,a,0,0
