question_id,source_key,region,year,specialty,exam_part,question_number,question_text,option_a,option_b,option_c,option_d,correct_letter,correct_option_text,flags,page_in_exam_pdf,source_exam_pdf,source_answer_key_pdf,origin,content_sha256,raw_form_sha256
b2,illes-balears|2022|caso-1|2,Illes Balears,2022,aparato-digestivo,caso-1,2,"Paciente de 57 años, sin antecedentes personales ni familiares de cáncer de colon ni de cáncer en otras localizaciones, fumador de 22 cigarrillos al día, con hábitos de vida sedentarios, enolismo de 60 gr/día, obesidad con un índice de masa corporal de 37 y una dieta rica en carnes rojas y procesadas.

Señale la respuesta falsa en relación con los factores de riesgo del cáncer colorrectal:",El consumo de tabaco incrementa el riesgo de cáncer de colon.,El consumo de alcohol incrementa el riesgo de cáncer de colon.,Ninguna de las respuestas anteriores es correcta.,El ejercicio físico regular es un factor que reduce el riesgo de cáncer de colon.,c,Ninguna de las respuestas anteriores es correcta.,negated,3,AD_ILLES_BALEARS_2022__EXAM__exam__cuadernillo-de-examen-aparato-digestivo-fea.pdf,AD_ILLES_BALEARS_2022__ANSWER_KEY__answer-key__plantilla-correctora-del-examen.pdf,retained318,07a23a2bdd3c6899611ce482adeca8eb151e4b7a102b9b03d85cf3a69ee7bec3,2a9676081446fdd5e028b2ffe468c76b83d3ebd15bd5cd07b9ebfb076e5ccc36
r001,la-rioja|2021|main|46,La Rioja,2021,aparato-digestivo,main,46,En el síndrome hepatopulmonar (SHP) es cierto que:,Existe una relación clara entre la presencia o gravedad del SHP y la gravedad de la enfermedad hepática valorada por la clasificación de Child-Turcotte-Pugh o por el índice MELD.,La determinación del gradiente alveolo-arterial de oxígeno no es un método más sensible que la presión parcial arterial de oxígeno.,La gammagrafía pulmonar con macroagregados de albúmina (γMA) marcados con ⁹⁹ᵐTc es considerado el Gold-estándar para el diagnóstico del SHP.,Ninguna de las respuestas anteriores es correcta.,d,Ninguna de las respuestas anteriores es correcta.,,18,AD_LA_RIOJA_2020_2021__EXAM__exam__fea-aparato-digestivo-2021.pdf,AD_LA_RIOJA_2020_2021__CORRECTION__correction__plantilla-respuestas-modificada-fea-aparato-digestivo-2021.pdf,replacement22_2026-08-04,b9b6ad648f3ab5132dd3adaf76e13c53fb2f51cd36541bcb1e3b9aed7e4f42a1,e6095fffa974fbec4aa32bc522dc7fad132f208e35f8247ce4669da26d11fba9
b4,illes-balears|2022|caso-1|4,Illes Balears,2022,aparato-digestivo,caso-1,4,"Paciente de 57 años, sin antecedentes personales ni familiares de cáncer de colon ni de cáncer en otras localizaciones, fumador de 22 cigarrillos al día, con hábitos de vida sedentarios, enolismo de 60 gr/día, obesidad con un índice de masa corporal de 37 y una dieta rica en carnes rojas y procesadas.

Señale la respuesta correcta en relación con el cáncer colorrectal (CCR):",La dieta rica en carnes rojas y procesadas disminuye el riesgo de CCR.,Ninguna de las respuestas anteriores es correcta.,La dieta rica en grasas y la obesidad disminuyen el riesgo de CCR.,No se debe recomendar retirar el consumo de tabaco y de alcohol para prevenir el CCR.,b,Ninguna de las respuestas anteriores es correcta.,,4,AD_ILLES_BALEARS_2022__EXAM__exam__cuadernillo-de-examen-aparato-digestivo-fea.pdf,AD_ILLES_BALEARS_2022__ANSWER_KEY__answer-key__plantilla-correctora-del-examen.pdf,retained318,6181e50b2b33a05ba0ab3c2757fa7af006495f76779afc10883bca9a0c945ca2,d82aef44d145356c59a3de3889af7451a1cfa9da8a7bc77043aa163bac18ebed
r002,navarra|2022|teorico-practica|69,Navarra,2022,aparato-digestivo,teorico-practica,69,"Según la clasificación de Todani, la dilatación de la porción intraduodenal del conducto colédoco o coledococele correspondería a un quiste tipo:",II,Ia,Ib,Ninguna de las respuestas anteriores es correcta.,d,Ninguna de las respuestas anteriores es correcta.,,15,AD_NAVARRA_2022__EXAM__040_exam_preguntas-test-examen-digestivo-definitivo-ope-2022-estabili.pdf,AD_NAVARRA_2022__ANSWER_KEY__041_answer-key_respuestas-digestivo-ope-2022-estabilizacion.pdf,replacement22_2026-08-04,05ddbfee8772c2e79d23c89633126a64a552b276e54898c8eddb8b0e1f8ef43c,17e0a1b0164e366724373478be00af3ae99604125768425c3ccb6c97145d1b04
r003,andalucia|2021|cuestionario-teorico|51,Andalucía,2021,aparato-digestivo,cuestionario-teorico,51,"Entre los distintos signos y/o síntomas que pueden aparecer en un proceso de hepatitis aguda, señale cual constituye un claro criterio de ingreso hospitalario:",Astenia,Febrícula,Dolor en hipocondrio derecho,Ninguna de las respuestas anteriores es correcta.,d,Ninguna de las respuestas anteriores es correcta.,,13,AD_ANDALUCIA_2021_22_LIBRE__EXAM__07__9122-aparato-digestivo-pdf.pdf,AD_ANDALUCIA_2021_22_LIBRE__CORRECTION__09__9122-plantilla-respuestas-def-digestivo-pdf.pdf,replacement22_2026-08-04,e698c3e5e8ee0661967f1955f5470a727138006bf2ef08ccfe3e180a8991279e,c060fa4ebdd7c2a19168dc7f0ca92c2ded59a8d733c90b6082f54bb1a16b785a
b5,illes-balears|2022|caso-1|5,Illes Balears,2022,aparato-digestivo,caso-1,5,"Paciente de 57 años, sin antecedentes personales ni familiares de cáncer de colon ni de cáncer en otras localizaciones, fumador de 22 cigarrillos al día, con hábitos de vida sedentarios, enolismo de 60 gr/día, obesidad con un índice de masa corporal de 37 y una dieta rica en carnes rojas y procesadas.

El paciente descrito inicialmente no presenta ningún tipo de sintomatología. Señale la respuesta correcta en relación con el programa de cribado del cáncer de colon:",No tiene criterios para participar ya que solo se incluyen los pacientes de entre 60 y 75 años.,Ninguna de las respuestas anteriores es correcta.,La ausencia de antecedentes familiares es un criterio de exclusión del programa de cribado del CCR.,La ausencia de síntomas es un criterio de exclusión del programa de cribado del CCR.,b,Ninguna de las respuestas anteriores es correcta.,,4,AD_ILLES_BALEARS_2022__EXAM__exam__cuadernillo-de-examen-aparato-digestivo-fea.pdf,AD_ILLES_BALEARS_2022__ANSWER_KEY__answer-key__plantilla-correctora-del-examen.pdf,retained318,5542fadb1335631c34a095acfefddb43d0a31ff90540b0f15ead867f23325519,6011c6684b011981c3ae06371cd720abc82355d23a82c204351efd30109498ef
r004,andalucia|2021|cuestionario-teorico|57,Andalucía,2021,aparato-digestivo,cuestionario-teorico,57,"¿Cuál es la actitud más adecuada ante el hallazgo incidental en una pieza de apendicectomía de un tumor carcinoide de 8mm NET G1 (bien diferenciado, bajo índice mitótico, Ki-67<3%) con márgenes libres?",Hemicolectomía derecha con vaciamiento ganglionar en un segundo tiempo.,Ileocequectomía con vaciamiento ganglionar en un segundo tiempo.,Adyuvancia con octreótido.,Ninguna de las respuestas anteriores es correcta.,d,Ninguna de las respuestas anteriores es correcta.,,14,AD_ANDALUCIA_2021_22_LIBRE__EXAM__07__9122-aparato-digestivo-pdf.pdf,AD_ANDALUCIA_2021_22_LIBRE__CORRECTION__09__9122-plantilla-respuestas-def-digestivo-pdf.pdf,replacement22_2026-08-04,a3504cdc745871daf70c446f5433376060d3192fc8b5ac3fc5c6fafe7aa3ad6a,e37a6554155df8ae7a19de46758ba98cfc07484597e7b06a33f0da5a69557dea
b6,illes-balears|2022|caso-1|6,Illes Balears,2022,aparato-digestivo,caso-1,6,"Paciente de 57 años, sin antecedentes personales ni familiares de cáncer de colon ni de cáncer en otras localizaciones, fumador de 22 cigarrillos al día, con hábitos de vida sedentarios, enolismo de 60 gr/día, obesidad con un índice de masa corporal de 37 y una dieta rica en carnes rojas y procesadas.

Una vez incluido en el programa de cribado se hace la determinación de sangre oculta en heces (SOH) inmunológica cuantitativa, que resulta positiva. Señale la respuesta correcta:",No se debe ofrecer ningún tipo de prueba complementaria.,Se debe ofrecer al paciente hacer una segunda determinación de SOH.,Ninguna de las respuestas anteriores es correcta.,Si no hay síntomas no es necesario hacer una colonoscopia.,c,Ninguna de las respuestas anteriores es correcta.,,4,AD_ILLES_BALEARS_2022__EXAM__exam__cuadernillo-de-examen-aparato-digestivo-fea.pdf,AD_ILLES_BALEARS_2022__ANSWER_KEY__answer-key__plantilla-correctora-del-examen.pdf,retained318,959ccdbeb722e1ed27257935fa1b7c342a6d305250318aa3a0e7a817c562a718,362927fef3a353e113b8c39f1ff753576abc7e622bf275602623287971a0bace
r005,galicia|2019|main|65,Galicia,2019,aparato-digestivo,main,65,"En una ecografía abdominal describen una lesión ocupante de espacio situada en el segmento antero-superior del lóbulo hepático derecho, entre la vena suprahepática derecha y la media, craneal a la vena porta. ¿En qué segmento del hígado se hallaría según la clasificación de Couinaud?:",IV.,VI.,VII.,Ninguna de las respuestas anteriores es correcta.,d,Ninguna de las respuestas anteriores es correcta.,,13,AD_GALICIA_OPE_2019__EXAM__gal-05__cas-especifico-digestivo-20210925132858-cas-pdf.pdf,AD_GALICIA_OPE_2019__CORRECTION__gal-07__fea-aparello-dixestivo-20211214124928-cas-pdf.pdf,replacement22_2026-08-04,40a1a595c05c8bd028b5b126369b5f139a2f4fc41b19d3aeda9271a7d8c1e1fe,68986069b3b332887ddc84f83a19ddaaef9cb012ce8ed3b7c6fb977c342b2be4
b7,illes-balears|2022|caso-1|7,Illes Balears,2022,aparato-digestivo,caso-1,7,"Paciente de 57 años, sin antecedentes personales ni familiares de cáncer de colon ni de cáncer en otras localizaciones, fumador de 22 cigarrillos al día, con hábitos de vida sedentarios, enolismo de 60 gr/día, obesidad con un índice de masa corporal de 37 y una dieta rica en carnes rojas y procesadas.

Señale la respuesta falsa en relación con la calidad de las endoscopias del programa de cribado:",Deben ser procedimientos hechos por endoscopistas de alta cualificación para poder detectar y tratar las lesiones.,Se deben hacer en gabinetes con programación específica separada de las endoscopias de rutina.,Se debe disponer de equipamientos de la máxima calidad para optimizar la detección de las lesiones.,Ninguna de las respuestas anteriores es correcta.,d,Ninguna de las respuestas anteriores es correcta.,negated,5,AD_ILLES_BALEARS_2022__EXAM__exam__cuadernillo-de-examen-aparato-digestivo-fea.pdf,AD_ILLES_BALEARS_2022__ANSWER_KEY__answer-key__plantilla-correctora-del-examen.pdf,retained318,11625cd44dba8c7ea369809a9dfe4ce219882d7fc76401778d7565c2e06ca0b9,b0069f52f90920324f139161feadf3b091706c8a0c4358524172c9fa705614dc
r006,galicia|2016|main|86,Galicia,2016,aparato-digestivo,main,86,"En relación con la aparición de un pioderma gangrenoso en un paciente con colitis ulcerosa, ¿qué es cierto?",Es una manifestación extraintestinal que sólo se observa en brotes graves de colitis ulcerosa o enfermedad de Crohn.,Ninguna de las respuestas anteriores es correcta.,El tratamiento de primera línea del pioderma gangrenoso son los antibióticos.,"Cualquier tratamiento biológico, incluyendo Infliximab, adalimumab o vedolizumab se considera adecuado ante un pioderma gangrenoso que no responda a tratamiento esteroideo.",b,Ninguna de las respuestas anteriores es correcta.,,21,AD_GALICIA_OPE_2016__EXAM__gal-02__aparato-digestivo-cas-20171029192531-cas-pdf.pdf,AD_GALICIA_OPE_2016__CORRECTION__gal-03__aparello-dixestivo-20180201084525-cas-pdf.pdf,replacement22_2026-08-04,28cacccb653af0dad2d5967a05880422fe4140f5beabaafb28ec93bbf2e295b8,cdbc76b88874eb43969f0b2acdd2521f2e1e6c233c49ee5dead586e5f0220442
b9,illes-balears|2022|caso-1|9,Illes Balears,2022,aparato-digestivo,caso-1,9,"Paciente de 57 años, sin antecedentes personales ni familiares de cáncer de colon ni de cáncer en otras localizaciones, fumador de 22 cigarrillos al día, con hábitos de vida sedentarios, enolismo de 60 gr/día, obesidad con un índice de masa corporal de 37 y una dieta rica en carnes rojas y procesadas.

Se repite la colonoscopia y se objetiva la presencia de un pólipo único pediculado de 15 mm a 30 cm del margen anal. La colonoscopia es completa hasta el ciego, con 9 puntos en la escala de Boston. Se hace una polipectomía con una resección completa del pólipo con su pedículo. En el estudio histológico se describe un adenoma tubulovelloso con displasia de alto grado focal estrictamente superficial, con márgenes de resección libres de tejido adenomatoso con margen de resección amplio en el pedículo. Señale la respuesta correcta:",Se requiere un tratamiento quirúrgico complementario para asegurar la curación de la lesión.,Ninguna de las respuestas anteriores es correcta.,Se debe repetir la colonoscopia de inmediato para revisar la escara de la polipectomía dado el riesgo alto de lesión residual.,Se debe hacer una TC abdominal complementaria como estudio de la extensión de la lesión.,b,Ninguna de las respuestas anteriores es correcta.,,6,AD_ILLES_BALEARS_2022__EXAM__exam__cuadernillo-de-examen-aparato-digestivo-fea.pdf,AD_ILLES_BALEARS_2022__ANSWER_KEY__answer-key__plantilla-correctora-del-examen.pdf,retained318,4d35a80c2ab6502131f84057b3759c49efdcabf8f25ffec9782d180f40b51443,6c094293ded589afdf1b6ce8f3f81d3b27b8aa68e4a291d578f0ff1951c5b583
r007,galicia|2019|main|81,Galicia,2019,aparato-digestivo,main,81,"En cuanto al síndrome del intestino irritable, señale la respuesta VERDADERA:",Comienzo de síntomas en mayores de 50 años no es signo de alarma.,En el hombre es más frecuente el estreñimiento y en la mujer la diarrea.,El pioderma gangrenoso no es signo de organicidad.,Ninguna de las respuestas anteriores es correcta.,d,Ninguna de las respuestas anteriores es correcta.,,16,AD_GALICIA_OPE_2019__EXAM__gal-05__cas-especifico-digestivo-20210925132858-cas-pdf.pdf,AD_GALICIA_OPE_2019__CORRECTION__gal-07__fea-aparello-dixestivo-20211214124928-cas-pdf.pdf,replacement22_2026-08-04,0c63d442a22191d309528e8228cdcaeaaff0f5e72a5eb2d37fa362579b8f0bb8,5774938cb77fe6b606bf037b3a84391603b7e489f50302528a15e7a304ff5e15
b11,illes-balears|2022|caso-1|11,Illes Balears,2022,aparato-digestivo,caso-1,11,"Paciente de 57 años, sin antecedentes personales ni familiares de cáncer de colon ni de cáncer en otras localizaciones, fumador de 22 cigarrillos al día, con hábitos de vida sedentarios, enolismo de 60 gr/día, obesidad con un índice de masa corporal de 37 y una dieta rica en carnes rojas y procesadas.

Este paciente tiene un hermano de 52 años, asintomático. En la familia no existen otros antecedentes de CCR. ¿Qué recomendación debemos dar al hermano en cuanto a prevención del CCR?",Es susceptible de endoscopia de forma inmediata.,No requiere ningún tipo de procedimiento dada la edad y la ausencia de clínica asociada.,Ninguna de las respuestas anteriores es correcta.,Se le debe ofrecer una colonoscopia anual como herramienta de prevención más eficaz a nivel de coste.,c,Ninguna de las respuestas anteriores es correcta.,,6,AD_ILLES_BALEARS_2022__EXAM__exam__cuadernillo-de-examen-aparato-digestivo-fea.pdf,AD_ILLES_BALEARS_2022__ANSWER_KEY__answer-key__plantilla-correctora-del-examen.pdf,retained318,4c383eef4717778210749fa7bfae2c1ff3dcc952068d550dc2c721252ba7a0af,d54a8bd961d3070c1eccf18441da4313fc1cbcc6614bc3bb32c7c1aca976d3ed
b12,illes-balears|2022|caso-1|12,Illes Balears,2022,aparato-digestivo,caso-1,12,"Paciente de 57 años, sin antecedentes personales ni familiares de cáncer de colon ni de cáncer en otras localizaciones, fumador de 22 cigarrillos al día, con hábitos de vida sedentarios, enolismo de 60 gr/día, obesidad con un índice de masa corporal de 37 y una dieta rica en carnes rojas y procesadas.

El paciente deja de acudir a les consultas externas. Regresa al cabo de siete años con un cuadro de rectorragias asociadas a una pérdida de ocho quilos. Señale la respuesta correcta:",No requiere una colonoscopia porque tiene una de hace siete años.,Ninguna de las respuestas anteriores es correcta.,En este caso basta con un análisis de SOH.,La exploración inicial debe ser una ecografía abdominal.,b,Ninguna de las respuestas anteriores es correcta.,,7,AD_ILLES_BALEARS_2022__EXAM__exam__cuadernillo-de-examen-aparato-digestivo-fea.pdf,AD_ILLES_BALEARS_2022__ANSWER_KEY__answer-key__plantilla-correctora-del-examen.pdf,retained318,b02c5b6670c3190bdaa4c2e5d9e6cc482f67d73dd28c11e8b8293e7bb3a0f859,4b810f715ad6c47d1fa9263f6719eaa25adb748e9c8b278cfada8fa84e358f49
r008,la-rioja|2024|main|95,La Rioja,2024,aparato-digestivo,main,95,Un paciente con disfagia progresiva sufre pérdida de peso. La endoscopia revela una lesión ulcerada estenosante en el tercio medio esofágico. ¿Cuál de los siguientes hallazgos histológicos sería más característico del diagnóstico más probable?:,Glándulas atípicas infiltrativas con invasión progresiva de la pared.,Glándulas gástricas ectópicas con metaplasia intestinal.,Ninguna de las respuestas anteriores es correcta.,Proliferación linfoide con patrón en cielo estrellado.,c,Ninguna de las respuestas anteriores es correcta.,,24,AD_LA_RIOJA_2023_2024__EXAM__exam__fea-aparato-digestivo-2025.pdf,AD_LA_RIOJA_2023_2024__CORRECTION__correction__plantilla-respuestas-modificada-fea-aparato-digestivo-2025.pdf,replacement22_2026-08-04,53fb04f87c7274a0054fb0e2aca094fe1a1966008ca36539591db0b5c18f3b23,a6ca526d33ffef637ab939486e819349bb786f2f83bc80fa389b38912bd1fd6b
r009,castilla-la-mancha|2017|main|22,Castilla-La Mancha,2017,aparato-digestivo,main,22,¿Mediante técnicas de inmunohistoquímica cuáles serán las características de un schwannoma gástrico y que permitan distinguirlo de un GIST gástrico?,"Proteína S 100 positivo, c-Kit positivo.",Ninguna de las respuestas anteriores es correcta.,"Proteína S 100 negativo, c-Kit positivo.","Proteína S 100 negativo, c-Kit negativo.",b,Ninguna de las respuestas anteriores es correcta.,,5,AD_CASTILLA_LA_MANCHA_2017_2018__EXAM__exam__cuestionario-fea-aparato-digestivo.pdf,AD_CASTILLA_LA_MANCHA_2017_2018__CORRECTION__correction__plantilla-correctora-definitiva-fea-aparato-digestivo.pdf,replacement22_2026-08-04,96ccb13ce5e05d56f54378057e397ecd8738645e1b7347fb2d39fd9deac767b4,9861a651867a7c209b5760741df75801b88714cd760b3cdb6188348d843c50e9
b13,illes-balears|2022|caso-1|14,Illes Balears,2022,aparato-digestivo,caso-1,13,"Paciente de 57 años, sin antecedentes personales ni familiares de cáncer de colon ni de cáncer en otras localizaciones, fumador de 22 cigarrillos al día, con hábitos de vida sedentarios, enolismo de 60 gr/día, obesidad con un índice de masa corporal de 37 y una dieta rica en carnes rojas y procesadas.

El estudio de extensión muestra ausencia de lesiones a distancia en el pulmón o el hígado. También muestra ausencia de adenopatías evidentes. Se objetiva una lesión neoformativa con una imagen sugestiva de infiltración hasta la submucosa, pero sin contactar con la muscular propia. Señale la respuesta correcta respecto al estadiaje:",Estadio T3N1M1.,Estadio T2N0M0.,Ninguna de las respuestas anteriores es correcta.,Estadio T2N1M0.,c,Ninguna de las respuestas anteriores es correcta.,,7,AD_ILLES_BALEARS_2022__EXAM__exam__cuadernillo-de-examen-aparato-digestivo-fea.pdf,AD_ILLES_BALEARS_2022__ANSWER_KEY__answer-key__plantilla-correctora-del-examen.pdf,retained318,aff3151dc1a61323e21c11bd0589e0005b300a751ff913dbcdd31b8c953d0df1,a3b33dde3afcf9af7cebe3e3ea3f536ab3c98b4b2f4abfadb36eab0f64bccb8c
r010,andalucia|2022|cuestionario-teorico|74,Andalucía,2022,aparato-digestivo,cuestionario-teorico,74,"Mujer de 27 años, sin antecedentes, consulta por dolor epigástrico y náuseas de 3 meses de evolución y pérdida ponderal de 4 kg. Analíticamente destaca Hb de 13 g/dl, leucocitos de 13.000/mm3, amilasa 190 U/L y lipasa 45 U/L. En un TAC de abdomen se observa una masa sólido-quística, heterogénea de 5 cm de diámetro situada en el cuerpo del páncreas, encapsulada, que comprime vena esplénica desplazando la arteria esplénica. ¿Cuál es el diagnóstico más probable?",Neoplasia mucinosa papilar intraductal.,Ninguna de las respuestas anteriores es correcta.,Cistoadenoma mucinoso quístico.,Cistoadenoma seroso microquístico,b,Ninguna de las respuestas anteriores es correcta.,,20,AD_ANDALUCIA_2022_EXTRAORDINARIA_LIBRE__EXAM__12__revisado-56007-fea-aparato-digestivo-final-pdf.pdf,AD_ANDALUCIA_2022_EXTRAORDINARIA_LIBRE__CORRECTION__14__def-feaapdigestivo-sas-2023-pdf.pdf,replacement22_2026-08-04,52da835565b44f8179eda8a15fe2499264052df7e3864003daa63513f49372e9,f536980ec518e4c56aa399fcb0cbeb976d6b9d20e5ab1f2aded12b975ddf3bf6
b21,illes-balears|2022|caso-1|22,Illes Balears,2022,aparato-digestivo,caso-1,21,"Paciente de 57 años, sin antecedentes personales ni familiares de cáncer de colon ni de cáncer en otras localizaciones, fumador de 22 cigarrillos al día, con hábitos de vida sedentarios, enolismo de 60 gr/día, obesidad con un índice de masa corporal de 37 y una dieta rica en carnes rojas y procesadas.

En el caso de este paciente, se hace un estudio inmunohistoquímico sobre el bloque parafinado del tumor. Se detecta un déficit de expresión de MSH6; una expresión correcta de MLH1, MSH2, PMS2. Asimismo, se objetiva la presencia de inestabilidad de microsatélites. Señale la respuesta correcta:",Con este resultado se puede considerar que no existe alteración de la inmunohistoquímica y se puede descartar el síndrome de Lynch.,Ninguna de las respuestas anteriores es correcta.,Se trata de un resultado típico de la poliposis adenomatosa familiar.,Se trata de un resultado típico del síndrome de poliposis serrada.,b,Ninguna de las respuestas anteriores es correcta.,,10,AD_ILLES_BALEARS_2022__EXAM__exam__cuadernillo-de-examen-aparato-digestivo-fea.pdf,AD_ILLES_BALEARS_2022__ANSWER_KEY__answer-key__plantilla-correctora-del-examen.pdf,retained318,3d336498426e882f379b5ec7ea2f528efffa4fd14b70b8388015b411759490e9,3958c27a06267a306afb13f2f755d052ecd8212e153668d828e99444f8a6f42e
r011,andalucia|2021|cuestionario-teorico|23,Andalucía,2021,aparato-digestivo,cuestionario-teorico,23,"Un hombre de 45 años consulta por diarreas acuosas muy abundantes de cuatro meses de evolución. La diarrea no se controla con el ayuno ni con loperamida. Refiere una pérdida de 7 kg de peso (10%). En la exploración física presenta hipotensión arterial 95/55 mmHg con una frecuencia cardíaca de 110 spm. Refiere dolor a la palpación profunda en mesogastrio. En el TC abdominal se observa una masa de 5,1 x 5,8 x 4 cm en la cola del páncreas. ¿Cuál sería su diagnóstico de sospecha?",Adenocarcinoma de páncreas,Ninguna de las respuestas anteriores es correcta.,Peptidoma YY (tirosina/tirosina),Somatostatinoma,b,Ninguna de las respuestas anteriores es correcta.,,7,AD_ANDALUCIA_2021_22_LIBRE__EXAM__07__9122-aparato-digestivo-pdf.pdf,AD_ANDALUCIA_2021_22_LIBRE__CORRECTION__09__9122-plantilla-respuestas-def-digestivo-pdf.pdf,replacement22_2026-08-04,2d41c19f2b72bb9ce15682165588969b834f0e95f0d746458cd1a19f8a331518,1a931bcb90ccb68119bbdb2d5f8182ee3bb1626baf9a4b28ea2d30ac723601cf
b22,illes-balears|2022|caso-1|23,Illes Balears,2022,aparato-digestivo,caso-1,22,"Paciente de 57 años, sin antecedentes personales ni familiares de cáncer de colon ni de cáncer en otras localizaciones, fumador de 22 cigarrillos al día, con hábitos de vida sedentarios, enolismo de 60 gr/día, obesidad con un índice de masa corporal de 37 y una dieta rica en carnes rojas y procesadas.

Se hace un estudio genético por medio de un panel de colon, para el estudio de mutaciones germinales. El estudio es negativo y muestra una ausencia de mutaciones en el conjunto de genes asociados al síndrome de Lynch y a la poliposis adenomatosa. El estudio de deleciones también ha sido negativo. Señale la entidad a la que corresponde la situación de este caso:",Poliposis adenomatosa familiar.,Síndrome de Lynch.,Síndrome X.,Ninguna de las respuestas anteriores es correcta.,d,Ninguna de las respuestas anteriores es correcta.,,10,AD_ILLES_BALEARS_2022__EXAM__exam__cuadernillo-de-examen-aparato-digestivo-fea.pdf,AD_ILLES_BALEARS_2022__ANSWER_KEY__answer-key__plantilla-correctora-del-examen.pdf,retained318,6c2ec099ff4b322682fc7fb3c440c5da0428f52c24f0de9f8517c753e844d739,5609db1fa95056bba696f89daa4c7f747b716d9b4904f83695b201b2237612fe
r012,andalucia|2021|cuestionario-teorico|94,Andalucía,2021,aparato-digestivo,cuestionario-teorico,94,¿Cuál de las siguientes afirmaciones es correcta en relación a la caracterización de las lesiones neoplásicas del colon?.,Las lesiones de extensión lateral granulares (LST-G) tienen mayor riesgo de invasión submucosa que las no granulares (LST-NG).,Ninguna de las respuestas anteriores es correcta.,Para la realización de la clasificación de NICE se requiere magnificación y Narrow Band Imaging (NBI).,"En la clasificación JNET las lesiones según su patrón vascular y de superficie se dividen en tres tipos (tipo 1, tipo 2 y tipo 3).",b,Ninguna de las respuestas anteriores es correcta.,,22,AD_ANDALUCIA_2021_22_LIBRE__EXAM__07__9122-aparato-digestivo-pdf.pdf,AD_ANDALUCIA_2021_22_LIBRE__CORRECTION__09__9122-plantilla-respuestas-def-digestivo-pdf.pdf,replacement22_2026-08-04,66675bb958a9916ef57e726a0958153676b4016fd0ae1dabe452d40d33eb5ee7,bbb7c2cc596a29588e3b2c5597f60159657974ad8dee6cd34f9250b637aefdb7
b24,illes-balears|2022|caso-2|25,Illes Balears,2022,aparato-digestivo,caso-2,24,"Varón de 63 años remitido a la unidad de endoscopia para hacerle una gastroscopia por un reflujo de larga evolución (superior a 10 años). El paciente es obeso, hipertenso y fumador. Refiere disfagia a sólidos desde hace un mes. Se hace una gastroscopia que detecta a 32 cm de las arcadas dentarias la presencia de una mucosa ectópica que se extiende hasta la unión esofagogástrica situada a 38 cm de las arcadas dentarias en donde se aprecian signos de esofagitis por reflujo grado C.
Se pauta un tratamiento médico y se hace una nueva gastroscopia a las ocho semanas. En ella se aprecia la mucosa ectópica descrita previamente sugestiva de esófago de Barrett (C5M6) con una cicatrización completa de la esofagitis por reflujo y a 35 cm de las arcadas dentarias se aprecia un área irregular sobreelevada de unos 8 mm (0-Is) diferente al resto de la mucosa circundante. Se hacen biopsias de forma aleatoria de la lesión descrita, suponiendo que puede tratarse de un esófago de Barrett según el protocolo de Seattle. Los resultados de la lesión visible en el esófago confirman un esófago
de Barrett con metaplasia intestinal y presencia de focos de displasia de grado alto y las biopsias aleatorias confirmaban el esófago de Barrett sin displasia. Se planifica una estrategia de tratamiento y seguimiento.

Señale la afirmación falsa en referencia al diagnóstico de la enfermedad por reflujo gastroesofágico (ERGE):",El paciente que presenta síntomas típicos de enfermedad por reflujo puede diagnosticarse a partir de la historia clínica y generalmente no requiere otras investigaciones.,Ninguna de las respuestas anteriores es correcta.,El ensayo terapéutico con inhibidores de la bomba de protones (IBP) tiene valor diagnóstico en los pacientes con síntomas típicos de ERGE.,La pH-metría está indicada para investigar la presencia de reflujo en los pacientes que no responden al tratamiento empírico y presentan una endoscopia negativa.,b,Ninguna de las respuestas anteriores es correcta.,negated,11,AD_ILLES_BALEARS_2022__EXAM__exam__cuadernillo-de-examen-aparato-digestivo-fea.pdf,AD_ILLES_BALEARS_2022__ANSWER_KEY__answer-key__plantilla-correctora-supuesto-2.pdf,retained318,46b617af1800cd3ba2810ae6308d98cf5f1a55cd037f319fc8ea9f0d4f414030,4a1c0dd7c161a76403d7f34c6e872a22fb8d1229ca3ba3f794c13b5719cd6637
b25,illes-balears|2022|caso-2|26,Illes Balears,2022,aparato-digestivo,caso-2,25,"Varón de 63 años remitido a la unidad de endoscopia para hacerle una gastroscopia por un reflujo de larga evolución (superior a 10 años). El paciente es obeso, hipertenso y fumador. Refiere disfagia a sólidos desde hace un mes. Se hace una gastroscopia que detecta a 32 cm de las arcadas dentarias la presencia de una mucosa ectópica que se extiende hasta la unión esofagogástrica situada a 38 cm de las arcadas dentarias en donde se aprecian signos de esofagitis por reflujo grado C.
Se pauta un tratamiento médico y se hace una nueva gastroscopia a las ocho semanas. En ella se aprecia la mucosa ectópica descrita previamente sugestiva de esófago de Barrett (C5M6) con una cicatrización completa de la esofagitis por reflujo y a 35 cm de las arcadas dentarias se aprecia un área irregular sobreelevada de unos 8 mm (0-Is) diferente al resto de la mucosa circundante. Se hacen biopsias de forma aleatoria de la lesión descrita, suponiendo que puede tratarse de un esófago de Barrett según el protocolo de Seattle. Los resultados de la lesión visible en el esófago confirman un esófago
de Barrett con metaplasia intestinal y presencia de focos de displasia de grado alto y las biopsias aleatorias confirmaban el esófago de Barrett sin displasia. Se planifica una estrategia de tratamiento y seguimiento.

Señale la respuesta falsa en relación con el manejo inicial de la enfermedad por reflujo gastroesofágico:",Las modificaciones en el estilo de vida son fundamentales en el manejo de la enfermedad por reflujo gastroesofágico.,La disfagia debe considerarse un síntoma de alarma para valorar hacer una gastroscopia.,Se puede considerar suspender el tratamiento médico en pacientes con ERGE no complicado que responden a ocho semanas de tratamiento con inhibidores de la bomba de protones.,Ninguna de las respuestas anteriores es correcta.,d,Ninguna de las respuestas anteriores es correcta.,negated,12,AD_ILLES_BALEARS_2022__EXAM__exam__cuadernillo-de-examen-aparato-digestivo-fea.pdf,AD_ILLES_BALEARS_2022__ANSWER_KEY__answer-key__plantilla-correctora-supuesto-2.pdf,retained318,939bd030fb3627eb0a1eed937267212fb9ce4a60cd4df3e70b33cd2ee9bd159c,a330294841221339ed7f5c1218117cf02ff96ac54b2358b3e000bdce5b0ff05d
r013,la-rioja|2024|main|51,La Rioja,2024,aparato-digestivo,main,51,El déficit de alfa-1 antitripsina es un trastorno hereditario con un patrón de herencia:,Intermedio.,Recesivo.,Dominante.,Ninguna de las respuestas anteriores es correcta.,d,Ninguna de las respuestas anteriores es correcta.,,14,AD_LA_RIOJA_2023_2024__EXAM__exam__fea-aparato-digestivo-2025.pdf,AD_LA_RIOJA_2023_2024__CORRECTION__correction__plantilla-respuestas-modificada-fea-aparato-digestivo-2025.pdf,replacement22_2026-08-04,4b74a558be2e42b28471dbc124d53cb48bf1cdbe57e324b2f77a8a517a7a343e,8eda1fb541c98690c58a5a95b1559a45258e257daee868f75e81b8f8c8a6bde2
r014,castilla-la-mancha|2017|main|55,Castilla-La Mancha,2017,aparato-digestivo,main,55,La clasificación de Atlanta permite diferenciar las colecciones fluidas peripancreáticas en función de la presencia de necrosis y de su tiempo de evolución. ¿Cómo se denomina una colección peripancreatica que se presenta en las primeras 4 semanas de una pancreatitis aguda intersticial edematosa?,Pseudoquiste pancreático,Necrosis encapsulada,Ninguna de las respuestas anteriores es correcta.,Colección necrótica aguda,c,Ninguna de las respuestas anteriores es correcta.,,10,AD_CASTILLA_LA_MANCHA_2017_2018__EXAM__exam__cuestionario-fea-aparato-digestivo.pdf,AD_CASTILLA_LA_MANCHA_2017_2018__CORRECTION__correction__plantilla-correctora-definitiva-fea-aparato-digestivo.pdf,replacement22_2026-08-04,5b5904213e4f70b40eab2a71604b9df09e4fdd48b2d6db6fbc02b79488f6f46a,556e74c9c6fb71db00a2beae3f012f3ca6908a745fb7ed8d0ae7a21233aa03de
b26,illes-balears|2022|caso-2|27,Illes Balears,2022,aparato-digestivo,caso-2,26,"Varón de 63 años remitido a la unidad de endoscopia para hacerle una gastroscopia por un reflujo de larga evolución (superior a 10 años). El paciente es obeso, hipertenso y fumador. Refiere disfagia a sólidos desde hace un mes. Se hace una gastroscopia que detecta a 32 cm de las arcadas dentarias la presencia de una mucosa ectópica que se extiende hasta la unión esofagogástrica situada a 38 cm de las arcadas dentarias en donde se aprecian signos de esofagitis por reflujo grado C.
Se pauta un tratamiento médico y se hace una nueva gastroscopia a las ocho semanas. En ella se aprecia la mucosa ectópica descrita previamente sugestiva de esófago de Barrett (C5M6) con una cicatrización completa de la esofagitis por reflujo y a 35 cm de las arcadas dentarias se aprecia un área irregular sobreelevada de unos 8 mm (0-Is) diferente al resto de la mucosa circundante. Se hacen biopsias de forma aleatoria de la lesión descrita, suponiendo que puede tratarse de un esófago de Barrett según el protocolo de Seattle. Los resultados de la lesión visible en el esófago confirman un esófago
de Barrett con metaplasia intestinal y presencia de focos de displasia de grado alto y las biopsias aleatorias confirmaban el esófago de Barrett sin displasia. Se planifica una estrategia de tratamiento y seguimiento.

Señale la respuesta falsa en referencia a los mecanismos fisiopatológicos de la enfermedad por reflujo gastroesofágico:",La hipotonía del esfínter esofágico inferior es un factor predisponente.,Las relajaciones transitorias del esfínter esofágico inferior pueden ser responsables de hasta el 60 % de los episodios de reflujo gastroesofágico (RGE).,Ninguna de las respuestas anteriores es correcta.,El vaciamiento gástrico es otro factor que hay que tener en cuenta.,c,Ninguna de las respuestas anteriores es correcta.,negated,12,AD_ILLES_BALEARS_2022__EXAM__exam__cuadernillo-de-examen-aparato-digestivo-fea.pdf,AD_ILLES_BALEARS_2022__ANSWER_KEY__answer-key__plantilla-correctora-supuesto-2.pdf,retained318,5eceae15bd81c58f863d274997e8a560c84dba9717d9b5d914e1daf55ebfdc99,735622ae7114e22cc768a22b6e95dbd5ee05c6ce2dbfd149f05a7a15e2054eac
b27,illes-balears|2022|caso-2|28,Illes Balears,2022,aparato-digestivo,caso-2,27,"Varón de 63 años remitido a la unidad de endoscopia para hacerle una gastroscopia por un reflujo de larga evolución (superior a 10 años). El paciente es obeso, hipertenso y fumador. Refiere disfagia a sólidos desde hace un mes. Se hace una gastroscopia que detecta a 32 cm de las arcadas dentarias la presencia de una mucosa ectópica que se extiende hasta la unión esofagogástrica situada a 38 cm de las arcadas dentarias en donde se aprecian signos de esofagitis por reflujo grado C.
Se pauta un tratamiento médico y se hace una nueva gastroscopia a las ocho semanas. En ella se aprecia la mucosa ectópica descrita previamente sugestiva de esófago de Barrett (C5M6) con una cicatrización completa de la esofagitis por reflujo y a 35 cm de las arcadas dentarias se aprecia un área irregular sobreelevada de unos 8 mm (0-Is) diferente al resto de la mucosa circundante. Se hacen biopsias de forma aleatoria de la lesión descrita, suponiendo que puede tratarse de un esófago de Barrett según el protocolo de Seattle. Los resultados de la lesión visible en el esófago confirman un esófago
de Barrett con metaplasia intestinal y presencia de focos de displasia de grado alto y las biopsias aleatorias confirmaban el esófago de Barrett sin displasia. Se planifica una estrategia de tratamiento y seguimiento.

Señale la respuesta correcta en referencia a los diferentes fenotipos de presentación de la enfermedad por reflujo gastroesofágico:",La enfermedad por reflujo gastroesofágico no erosivo supone menos del 50 % de todos los casos de reflujo.,Ninguna de las respuestas anteriores es correcta.,El reflujo no erosivo se asocia a exposiciones normales de ácido en el esófago sin lesiones de la mucosa esofágica.,La enfermedad por reflujo gastroesofágico erosiva es más frecuente que la no erosiva y se clasifica según la clasificación de Los Ángeles.,b,Ninguna de las respuestas anteriores es correcta.,,12,AD_ILLES_BALEARS_2022__EXAM__exam__cuadernillo-de-examen-aparato-digestivo-fea.pdf,AD_ILLES_BALEARS_2022__ANSWER_KEY__answer-key__plantilla-correctora-supuesto-2.pdf,retained318,2f704ddce6331088b97be2d19c9dfb939dd6f20ecaa05ffd3b34b5f7b28b38c7,1e8d8af5b4c787d9782a2fddfc9d451cdde0893d8572cdf86159818db8cf6b66
r015,la-rioja|2024|main|98,La Rioja,2024,aparato-digestivo,main,98,"Respecto a la puntuación de Glasgow-Blatchford en la hemorragia digestiva alta, ¿Cuál de los siguientes parámetros forma parte de la puntuación?:",Edad.,Vaso visible,Ninguna de las respuestas anteriores es correcta.,Presión arterial media.,c,Ninguna de las respuestas anteriores es correcta.,,25,AD_LA_RIOJA_2023_2024__EXAM__exam__fea-aparato-digestivo-2025.pdf,AD_LA_RIOJA_2023_2024__CORRECTION__correction__plantilla-respuestas-modificada-fea-aparato-digestivo-2025.pdf,replacement22_2026-08-04,5e6b1c416fec0a72ab34bc77ac97929007fcd35467acef544f0f6a9be0313d26,56436d4901f5a64e66867cae3cb2170b2d107df2a853444c693788d3bf38c0a7
r016,galicia|2016|main|92,Galicia,2016,aparato-digestivo,main,92,"¿Como clasificaría según la Clasificación de Forrest a un paciente de 56 años con una úlcera duodenal de 3 cms que en el momento de realizarse la endoscopia presenta un vaso visible, pero que no está sangrando en ese instante?.",Ia.,Ib.,Ninguna de las respuestas anteriores es correcta.,IIb.,c,Ninguna de las respuestas anteriores es correcta.,,22,AD_GALICIA_OPE_2016__EXAM__gal-02__aparato-digestivo-cas-20171029192531-cas-pdf.pdf,AD_GALICIA_OPE_2016__CORRECTION__gal-03__aparello-dixestivo-20180201084525-cas-pdf.pdf,replacement22_2026-08-04,340877645268b213bd76a4f0c9c36622acd44ebed3c52395220f748c8ce69eed,2c1febfad3d1c291a18c783cde77444063b8b8c7db231b8eb9e3464f042adf31
b28,illes-balears|2022|caso-2|29,Illes Balears,2022,aparato-digestivo,caso-2,28,"Varón de 63 años remitido a la unidad de endoscopia para hacerle una gastroscopia por un reflujo de larga evolución (superior a 10 años). El paciente es obeso, hipertenso y fumador. Refiere disfagia a sólidos desde hace un mes. Se hace una gastroscopia que detecta a 32 cm de las arcadas dentarias la presencia de una mucosa ectópica que se extiende hasta la unión esofagogástrica situada a 38 cm de las arcadas dentarias en donde se aprecian signos de esofagitis por reflujo grado C.
Se pauta un tratamiento médico y se hace una nueva gastroscopia a las ocho semanas. En ella se aprecia la mucosa ectópica descrita previamente sugestiva de esófago de Barrett (C5M6) con una cicatrización completa de la esofagitis por reflujo y a 35 cm de las arcadas dentarias se aprecia un área irregular sobreelevada de unos 8 mm (0-Is) diferente al resto de la mucosa circundante. Se hacen biopsias de forma aleatoria de la lesión descrita, suponiendo que puede tratarse de un esófago de Barrett según el protocolo de Seattle. Los resultados de la lesión visible en el esófago confirman un esófago
de Barrett con metaplasia intestinal y presencia de focos de displasia de grado alto y las biopsias aleatorias confirmaban el esófago de Barrett sin displasia. Se planifica una estrategia de tratamiento y seguimiento.

Señale la respuesta falsa respecto a la utilidad de la endoscopia digestiva en el diagnóstico de la enfermedad por reflujo gastroesofágico:",La sensibilidad en el diagnóstico de la enfermedad por reflujo gastroesofágico es escasa.,Ninguna de las respuestas anteriores es correcta.,La biopsia esofágica añade poca información a la endoscopia en la valoración de la esofagitis.,"La endoscopia de seguimiento es generalmente innecesaria y solo está indicada en determinados casos (pacientes que no responden al tratamiento, control de esofagitis por reflujo grado C-D, seguimiento de esófago de Barrett, necesidad de biopsias para clarificar el diagnóstico).",b,Ninguna de las respuestas anteriores es correcta.,negated,13,AD_ILLES_BALEARS_2022__EXAM__exam__cuadernillo-de-examen-aparato-digestivo-fea.pdf,AD_ILLES_BALEARS_2022__ANSWER_KEY__answer-key__plantilla-correctora-supuesto-2.pdf,retained318,f516a21d94c475ef442b2a0b512b68e3664b8ce4559c013d67467c13d661bae3,4b0c3d44c8709a9480e319f805e5fe89e06176d70c9680b6ce766c678148e11e
r017,castilla-la-mancha|2017|main|31,Castilla-La Mancha,2017,aparato-digestivo,main,31,En la clasificación de Montreal para colitis ulcerosa (señale la verdadera),E0: colitis quiescente.,E1: colitis extensa.,Ninguna de las respuestas anteriores es correcta.,E3: proctitis ulcerosa.,c,Ninguna de las respuestas anteriores es correcta.,,6,AD_CASTILLA_LA_MANCHA_2017_2018__EXAM__exam__cuestionario-fea-aparato-digestivo.pdf,AD_CASTILLA_LA_MANCHA_2017_2018__CORRECTION__correction__plantilla-correctora-definitiva-fea-aparato-digestivo.pdf,replacement22_2026-08-04,daac89657522c023bb9e3e998ee38be2bc95c69f4a78c30d56db7cb3f8d15ea9,cf8cada2e5d82109667af27427bb4209c119681e8b6a779da78974975c23d543
b29,illes-balears|2022|caso-2|30,Illes Balears,2022,aparato-digestivo,caso-2,29,"Varón de 63 años remitido a la unidad de endoscopia para hacerle una gastroscopia por un reflujo de larga evolución (superior a 10 años). El paciente es obeso, hipertenso y fumador. Refiere disfagia a sólidos desde hace un mes. Se hace una gastroscopia que detecta a 32 cm de las arcadas dentarias la presencia de una mucosa ectópica que se extiende hasta la unión esofagogástrica situada a 38 cm de las arcadas dentarias en donde se aprecian signos de esofagitis por reflujo grado C.
Se pauta un tratamiento médico y se hace una nueva gastroscopia a las ocho semanas. En ella se aprecia la mucosa ectópica descrita previamente sugestiva de esófago de Barrett (C5M6) con una cicatrización completa de la esofagitis por reflujo y a 35 cm de las arcadas dentarias se aprecia un área irregular sobreelevada de unos 8 mm (0-Is) diferente al resto de la mucosa circundante. Se hacen biopsias de forma aleatoria de la lesión descrita, suponiendo que puede tratarse de un esófago de Barrett según el protocolo de Seattle. Los resultados de la lesión visible en el esófago confirman un esófago
de Barrett con metaplasia intestinal y presencia de focos de displasia de grado alto y las biopsias aleatorias confirmaban el esófago de Barrett sin displasia. Se planifica una estrategia de tratamiento y seguimiento.

Señale la respuesta correcta en referencia a las siguientes afirmaciones sobre la esofagitis por reflujo de grado C de la clasificación de Los Ángeles","Supone una o más lesiones de la mucosa, igual o menor de 5 mm de longitud, sin confluencia.","Supone una o más lesiones de la mucosa, con confluencia y afectación de más del 75 % de la circunferencia esofágica.",Ninguna de las respuestas anteriores es correcta.,"Supone una o más lesiones de la mucosa, superior a 5 mm de longitud, sin confluencia.",c,Ninguna de las respuestas anteriores es correcta.,,13,AD_ILLES_BALEARS_2022__EXAM__exam__cuadernillo-de-examen-aparato-digestivo-fea.pdf,AD_ILLES_BALEARS_2022__ANSWER_KEY__answer-key__plantilla-correctora-supuesto-2.pdf,retained318,70372455a58763598b00b870e0e398b0ab6ff48604b2b97bb488f9922411dd6d,ef1a126976736e9a13ade225e6c9174f5df0c0eb2fac640a9c433643227d90d4
b30,illes-balears|2022|caso-2|31,Illes Balears,2022,aparato-digestivo,caso-2,30,"Varón de 63 años remitido a la unidad de endoscopia para hacerle una gastroscopia por un reflujo de larga evolución (superior a 10 años). El paciente es obeso, hipertenso y fumador. Refiere disfagia a sólidos desde hace un mes. Se hace una gastroscopia que detecta a 32 cm de las arcadas dentarias la presencia de una mucosa ectópica que se extiende hasta la unión esofagogástrica situada a 38 cm de las arcadas dentarias en donde se aprecian signos de esofagitis por reflujo grado C.
Se pauta un tratamiento médico y se hace una nueva gastroscopia a las ocho semanas. En ella se aprecia la mucosa ectópica descrita previamente sugestiva de esófago de Barrett (C5M6) con una cicatrización completa de la esofagitis por reflujo y a 35 cm de las arcadas dentarias se aprecia un área irregular sobreelevada de unos 8 mm (0-Is) diferente al resto de la mucosa circundante. Se hacen biopsias de forma aleatoria de la lesión descrita, suponiendo que puede tratarse de un esófago de Barrett según el protocolo de Seattle. Los resultados de la lesión visible en el esófago confirman un esófago
de Barrett con metaplasia intestinal y presencia de focos de displasia de grado alto y las biopsias aleatorias confirmaban el esófago de Barrett sin displasia. Se planifica una estrategia de tratamiento y seguimiento.

¿Qué técnica de estudio es de más utilidad para un diagnóstico correcto en un paciente con síntomas de reflujo gastroesofágico que no responde al tratamiento con inhibidores de la bomba de protones?",Manometría de alta resolución.,PH-metría ambulatoria 24 h de doble canal.,Ninguna de las respuestas anteriores es correcta.,Bilitec™.,c,Ninguna de las respuestas anteriores es correcta.,,13,AD_ILLES_BALEARS_2022__EXAM__exam__cuadernillo-de-examen-aparato-digestivo-fea.pdf,AD_ILLES_BALEARS_2022__ANSWER_KEY__answer-key__plantilla-correctora-supuesto-2.pdf,retained318,b1b12135b689720f90997ecc1896d87b22f84f0a20a06390257b83534b865818,29408f195dfa594107e074d48d70e10fe292eff5ccc696b42fb95aed87bb678a
r018,la-rioja|2021|main|4,La Rioja,2021,aparato-digestivo,main,4,Los criterios Roma IV de la hinchazón/distensión abdominal funcional incluyen:,Distensión o hinchazón abdominal recurrente que sucede al menos una vez al mes y que sea el síntoma predominante.,Ninguna de las respuestas anteriores es correcta.,"Cumplir lo anterior al menos los 6 últimos meses, con inicio de los síntomas 12 meses previo al diagnóstico.",Que no exista dolor ni molestia abdominal además de la distensión.,b,Ninguna de las respuestas anteriores es correcta.,,4,AD_LA_RIOJA_2020_2021__EXAM__exam__fea-aparato-digestivo-2021.pdf,AD_LA_RIOJA_2020_2021__CORRECTION__correction__plantilla-respuestas-modificada-fea-aparato-digestivo-2021.pdf,replacement22_2026-08-04,a60acd1a7953ddf3d21ea9cc60fcfd8852432abae84ccd79bcc81d27bed526ad,d84561c12983d34fb7ade115d3033f2f70ff5a5040e15638c45760e7b1343845
r019,castilla-la-mancha|2017|main|73,Castilla-La Mancha,2017,aparato-digestivo,main,73,Para la determinación de la Fibrosis Hepática con Test No Invasivos (pruebas no invasivas) señale la RESPUESTA CORRECTA,No se deben usar los test no invasivos para la valoración de la fibrosis hepática.,"El FIB-4 incluye el recuento de plaquetas sérico, el sexo, la AST y la ALT.",Ninguna de las respuestas anteriores es correcta.,"El FIB-4 incluye el recuento de plaquetas sérico, el sexo, la AST y la GGT.",c,Ninguna de las respuestas anteriores es correcta.,,13,AD_CASTILLA_LA_MANCHA_2017_2018__EXAM__exam__cuestionario-fea-aparato-digestivo.pdf,AD_CASTILLA_LA_MANCHA_2017_2018__CORRECTION__correction__plantilla-correctora-definitiva-fea-aparato-digestivo.pdf,replacement22_2026-08-04,b064a1644e22b83bd53dd50223451b6b7b20a9752e2cc3fb6756a441c4f61a32,2527f5e95c6cf32e443a3cbbd728592ffc2d9fdc312ba5e2e620bf83da27e674
b31,illes-balears|2022|caso-2|32,Illes Balears,2022,aparato-digestivo,caso-2,31,"Varón de 63 años remitido a la unidad de endoscopia para hacerle una gastroscopia por un reflujo de larga evolución (superior a 10 años). El paciente es obeso, hipertenso y fumador. Refiere disfagia a sólidos desde hace un mes. Se hace una gastroscopia que detecta a 32 cm de las arcadas dentarias la presencia de una mucosa ectópica que se extiende hasta la unión esofagogástrica situada a 38 cm de las arcadas dentarias en donde se aprecian signos de esofagitis por reflujo grado C.
Se pauta un tratamiento médico y se hace una nueva gastroscopia a las ocho semanas. En ella se aprecia la mucosa ectópica descrita previamente sugestiva de esófago de Barrett (C5M6) con una cicatrización completa de la esofagitis por reflujo y a 35 cm de las arcadas dentarias se aprecia un área irregular sobreelevada de unos 8 mm (0-Is) diferente al resto de la mucosa circundante. Se hacen biopsias de forma aleatoria de la lesión descrita, suponiendo que puede tratarse de un esófago de Barrett según el protocolo de Seattle. Los resultados de la lesión visible en el esófago confirman un esófago
de Barrett con metaplasia intestinal y presencia de focos de displasia de grado alto y las biopsias aleatorias confirmaban el esófago de Barrett sin displasia. Se planifica una estrategia de tratamiento y seguimiento.

Señale la respuesta falsa en referencia a la técnica de impedancia intraluminal multicanal (IMM) para el estudio del reflujo gastroesofágico:",Se basa en la medida de los cambios de la resistencia al paso de una corriente eléctrica entre dos electrodos que surgen como consecuencia de modificaciones funcionales o estructurales en el esófago.,"Permite detectar reflujo líquido, gas y combinado de gas y líquido.",Ninguna de las respuestas anteriores es correcta.,Es una técnica indicada en pacientes con síntomas laringofaríngeos o respiratorios de causa no clara.,c,Ninguna de las respuestas anteriores es correcta.,negated,14,AD_ILLES_BALEARS_2022__EXAM__exam__cuadernillo-de-examen-aparato-digestivo-fea.pdf,AD_ILLES_BALEARS_2022__ANSWER_KEY__answer-key__plantilla-correctora-supuesto-2.pdf,retained318,2208df2a87ef958f67da9b48780a031220fa24a1369d73ed951873062234a28d,bb96ea0a7fd2126568a163d510e8cbfb0b9808131c1f3bb75a35e687063f3a1b
b32,illes-balears|2022|caso-2|33,Illes Balears,2022,aparato-digestivo,caso-2,32,"Varón de 63 años remitido a la unidad de endoscopia para hacerle una gastroscopia por un reflujo de larga evolución (superior a 10 años). El paciente es obeso, hipertenso y fumador. Refiere disfagia a sólidos desde hace un mes. Se hace una gastroscopia que detecta a 32 cm de las arcadas dentarias la presencia de una mucosa ectópica que se extiende hasta la unión esofagogástrica situada a 38 cm de las arcadas dentarias en donde se aprecian signos de esofagitis por reflujo grado C.
Se pauta un tratamiento médico y se hace una nueva gastroscopia a las ocho semanas. En ella se aprecia la mucosa ectópica descrita previamente sugestiva de esófago de Barrett (C5M6) con una cicatrización completa de la esofagitis por reflujo y a 35 cm de las arcadas dentarias se aprecia un área irregular sobreelevada de unos 8 mm (0-Is) diferente al resto de la mucosa circundante. Se hacen biopsias de forma aleatoria de la lesión descrita, suponiendo que puede tratarse de un esófago de Barrett según el protocolo de Seattle. Los resultados de la lesión visible en el esófago confirman un esófago
de Barrett con metaplasia intestinal y presencia de focos de displasia de grado alto y las biopsias aleatorias confirmaban el esófago de Barrett sin displasia. Se planifica una estrategia de tratamiento y seguimiento.

Señale la respuesta falsa en referencia a los factores de riesgo para valorar un screening de esófago de Barrett según la mayoría de las guías clínicas:",Tabaquismo.,Historia familiar de cáncer de esófago.,Obesidad central.,Ninguna de las respuestas anteriores es correcta.,d,Ninguna de las respuestas anteriores es correcta.,negated,14,AD_ILLES_BALEARS_2022__EXAM__exam__cuadernillo-de-examen-aparato-digestivo-fea.pdf,AD_ILLES_BALEARS_2022__ANSWER_KEY__answer-key__plantilla-correctora-supuesto-2.pdf,retained318,2b1d1d786b7bd0e95d12923fc23d1f17e4dfcc1e8f0aaa335c992209d709df7e,c36a98d161f298cf12577810dd46b79f4c6bfb860c4f1d905901b4b277575dcc
r020,navarra|2022|teorico-practica|65,Navarra,2022,aparato-digestivo,teorico-practica,65,"Respecto a la enfermedad de Wilson, señale la CORRECTA:",La D-penicilamina se tolera mejor que la trientina,Es autosómica dominante,Presentan mutación en el gen ATP7 localizado en el cromosoma 8,Ninguna de las respuestas anteriores es correcta.,d,Ninguna de las respuestas anteriores es correcta.,,14,AD_NAVARRA_2022__EXAM__040_exam_preguntas-test-examen-digestivo-definitivo-ope-2022-estabili.pdf,AD_NAVARRA_2022__ANSWER_KEY__041_answer-key_respuestas-digestivo-ope-2022-estabilizacion.pdf,replacement22_2026-08-04,23379f07f99746f4b2370bcfa291bf8513a40939c6bffc25fb9f7c0d6d375ce0,f587e8cb9cf2bf1247400da423185efffd2be2c281fa7f04dba88ddbb29eb3ed
r021,andalucia|2022|cuestionario-teorico|62,Andalucía,2022,aparato-digestivo,cuestionario-teorico,62,"¿Cuál de las siguientes es una contraindicación absoluta para la inserción de una prótesis autoexpandible de colon, en un paciente con cáncer colorrectal obstructivo?",Localización del margen distal a menos de 5 cm del margen anal.,Ninguna de las respuestas anteriores es correcta.,Situación del tumor en el colon proximal.,Metástasis peritoneales asociadas al tumor.,b,Ninguna de las respuestas anteriores es correcta.,,17,AD_ANDALUCIA_2022_EXTRAORDINARIA_LIBRE__EXAM__12__revisado-56007-fea-aparato-digestivo-final-pdf.pdf,AD_ANDALUCIA_2022_EXTRAORDINARIA_LIBRE__CORRECTION__14__def-feaapdigestivo-sas-2023-pdf.pdf,replacement22_2026-08-04,47dc3941d33d8661f153cd85e0ca7c2933a54539ba0f1cc0906c09093629807e,261863232e4066e66c37cb35803265f0c9c26bf5e8904c6db21ef5eee2eebfb1
b33,illes-balears|2022|caso-2|34,Illes Balears,2022,aparato-digestivo,caso-2,33,"Varón de 63 años remitido a la unidad de endoscopia para hacerle una gastroscopia por un reflujo de larga evolución (superior a 10 años). El paciente es obeso, hipertenso y fumador. Refiere disfagia a sólidos desde hace un mes. Se hace una gastroscopia que detecta a 32 cm de las arcadas dentarias la presencia de una mucosa ectópica que se extiende hasta la unión esofagogástrica situada a 38 cm de las arcadas dentarias en donde se aprecian signos de esofagitis por reflujo grado C.
Se pauta un tratamiento médico y se hace una nueva gastroscopia a las ocho semanas. En ella se aprecia la mucosa ectópica descrita previamente sugestiva de esófago de Barrett (C5M6) con una cicatrización completa de la esofagitis por reflujo y a 35 cm de las arcadas dentarias se aprecia un área irregular sobreelevada de unos 8 mm (0-Is) diferente al resto de la mucosa circundante. Se hacen biopsias de forma aleatoria de la lesión descrita, suponiendo que puede tratarse de un esófago de Barrett según el protocolo de Seattle. Los resultados de la lesión visible en el esófago confirman un esófago
de Barrett con metaplasia intestinal y presencia de focos de displasia de grado alto y las biopsias aleatorias confirmaban el esófago de Barrett sin displasia. Se planifica una estrategia de tratamiento y seguimiento.

El diagnóstico de esófago de Barrett se basa en los hallazgos endoscópicos y en la confirmación histológica. Señale la respuesta falsa.",La mayoría de las sociedades científicas necesitan la presencia de metaplasia intestinal para el diagnóstico del esófago de Barrett.,Se recomienda usar endoscopios de alta definición con luz blanca para la vigilancia endoscópica del esófago de Barrett.,Ninguna de las respuestas anteriores es correcta.,"No se recomienda el uso rutinario de cromoendoscopia, endoscopia de autofluoresencia o endomicroscopia láser focal para el diagnóstico del esófago de Barrett.",c,Ninguna de las respuestas anteriores es correcta.,negated,14,AD_ILLES_BALEARS_2022__EXAM__exam__cuadernillo-de-examen-aparato-digestivo-fea.pdf,AD_ILLES_BALEARS_2022__ANSWER_KEY__answer-key__plantilla-correctora-supuesto-2.pdf,retained318,f407a27f4953ae648b0562456f1d60c8d7b918238eee184d235425babdac16d9,0589cd181f617c06441a17c1d6754b58adf11c42ce1cd28988ef18f2b3244d49
r022,galicia|2019|main|42,Galicia,2019,aparato-digestivo,main,42,En una ecografía abdominal la presencia de una lesión hepática quística con vesículas hijas es muy sugestivo de:,Poliquistosis hepática.,Absceso hepático.,Ninguna de las respuestas anteriores es correcta.,Candidiasis hepática.,c,Ninguna de las respuestas anteriores es correcta.,,10,AD_GALICIA_OPE_2019__EXAM__gal-05__cas-especifico-digestivo-20210925132858-cas-pdf.pdf,AD_GALICIA_OPE_2019__CORRECTION__gal-07__fea-aparello-dixestivo-20211214124928-cas-pdf.pdf,replacement22_2026-08-04,dc34541b28cb632965da2626f800456cb361e501aca1d4c1d9c5cf74a48670dd,a62ac5abe5f56daea4b955877580f99cdc70bb78099f8d7382e6e80cd074d3bb
b35,illes-balears|2022|caso-2|36,Illes Balears,2022,aparato-digestivo,caso-2,35,"Varón de 63 años remitido a la unidad de endoscopia para hacerle una gastroscopia por un reflujo de larga evolución (superior a 10 años). El paciente es obeso, hipertenso y fumador. Refiere disfagia a sólidos desde hace un mes. Se hace una gastroscopia que detecta a 32 cm de las arcadas dentarias la presencia de una mucosa ectópica que se extiende hasta la unión esofagogástrica situada a 38 cm de las arcadas dentarias en donde se aprecian signos de esofagitis por reflujo grado C.
Se pauta un tratamiento médico y se hace una nueva gastroscopia a las ocho semanas. En ella se aprecia la mucosa ectópica descrita previamente sugestiva de esófago de Barrett (C5M6) con una cicatrización completa de la esofagitis por reflujo y a 35 cm de las arcadas dentarias se aprecia un área irregular sobreelevada de unos 8 mm (0-Is) diferente al resto de la mucosa circundante. Se hacen biopsias de forma aleatoria de la lesión descrita, suponiendo que puede tratarse de un esófago de Barrett según el protocolo de Seattle. Los resultados de la lesión visible en el esófago confirman un esófago
de Barrett con metaplasia intestinal y presencia de focos de displasia de grado alto y las biopsias aleatorias confirmaban el esófago de Barrett sin displasia. Se planifica una estrategia de tratamiento y seguimiento.

Señale la respuesta falsa respecto a los puntos de referencia de la clasificación de Praga del esófago de Barrett:",El extremo proximal de la afectación longitudinal y circunferencial del epitelio de Barrett (CM).,Ninguna de las respuestas anteriores es correcta.,El hiato diafragmático.,La unión esofagogástrica.,b,Ninguna de las respuestas anteriores es correcta.,negated,15,AD_ILLES_BALEARS_2022__EXAM__exam__cuadernillo-de-examen-aparato-digestivo-fea.pdf,AD_ILLES_BALEARS_2022__ANSWER_KEY__answer-key__plantilla-correctora-supuesto-2.pdf,retained318,0caa5d5650481fc86ee6dda9d5b726d887acbbcc85cee9f0bc7661f8a62fc39d,5503d48af1ebea9f6fa62f5cb60d449913f9f8c7254d9916a2094ee04ba12e49
b36,illes-balears|2022|caso-2|37,Illes Balears,2022,aparato-digestivo,caso-2,36,"Varón de 63 años remitido a la unidad de endoscopia para hacerle una gastroscopia por un reflujo de larga evolución (superior a 10 años). El paciente es obeso, hipertenso y fumador. Refiere disfagia a sólidos desde hace un mes. Se hace una gastroscopia que detecta a 32 cm de las arcadas dentarias la presencia de una mucosa ectópica que se extiende hasta la unión esofagogástrica situada a 38 cm de las arcadas dentarias en donde se aprecian signos de esofagitis por reflujo grado C.
Se pauta un tratamiento médico y se hace una nueva gastroscopia a las ocho semanas. En ella se aprecia la mucosa ectópica descrita previamente sugestiva de esófago de Barrett (C5M6) con una cicatrización completa de la esofagitis por reflujo y a 35 cm de las arcadas dentarias se aprecia un área irregular sobreelevada de unos 8 mm (0-Is) diferente al resto de la mucosa circundante. Se hacen biopsias de forma aleatoria de la lesión descrita, suponiendo que puede tratarse de un esófago de Barrett según el protocolo de Seattle. Los resultados de la lesión visible en el esófago confirman un esófago
de Barrett con metaplasia intestinal y presencia de focos de displasia de grado alto y las biopsias aleatorias confirmaban el esófago de Barrett sin displasia. Se planifica una estrategia de tratamiento y seguimiento.

Señale la afirmación correcta en referencia a la toma de biopsias en el esófago de Barrett:",Se deben hacer biopsias de forma aleatoria de cualquier sitio.,Ninguna de las respuestas anteriores es correcta.,Solo se deben biopsiar las áreas sospechosas.,Se deben hacer biopsias de los cuatro cuadrantes por cada centímetro de Barrett en botes separados.,b,Ninguna de las respuestas anteriores es correcta.,,15,AD_ILLES_BALEARS_2022__EXAM__exam__cuadernillo-de-examen-aparato-digestivo-fea.pdf,AD_ILLES_BALEARS_2022__ANSWER_KEY__answer-key__plantilla-correctora-supuesto-2.pdf,retained318,ef05f0e397859da238119f60985df869ed0f4e4363164bf9f7e1f09939dd4258,11e776b5df425beeecba8dbbf1371cacd97e27945e6f73edc49c760599be0c20
b37,illes-balears|2022|caso-2|38,Illes Balears,2022,aparato-digestivo,caso-2,37,"Varón de 63 años remitido a la unidad de endoscopia para hacerle una gastroscopia por un reflujo de larga evolución (superior a 10 años). El paciente es obeso, hipertenso y fumador. Refiere disfagia a sólidos desde hace un mes. Se hace una gastroscopia que detecta a 32 cm de las arcadas dentarias la presencia de una mucosa ectópica que se extiende hasta la unión esofagogástrica situada a 38 cm de las arcadas dentarias en donde se aprecian signos de esofagitis por reflujo grado C.
Se pauta un tratamiento médico y se hace una nueva gastroscopia a las ocho semanas. En ella se aprecia la mucosa ectópica descrita previamente sugestiva de esófago de Barrett (C5M6) con una cicatrización completa de la esofagitis por reflujo y a 35 cm de las arcadas dentarias se aprecia un área irregular sobreelevada de unos 8 mm (0-Is) diferente al resto de la mucosa circundante. Se hacen biopsias de forma aleatoria de la lesión descrita, suponiendo que puede tratarse de un esófago de Barrett según el protocolo de Seattle. Los resultados de la lesión visible en el esófago confirman un esófago
de Barrett con metaplasia intestinal y presencia de focos de displasia de grado alto y las biopsias aleatorias confirmaban el esófago de Barrett sin displasia. Se planifica una estrategia de tratamiento y seguimiento.

Señale la afirmación falsa en referencia al seguimiento del esófago de Barrett:",En general depende de la extensión del Barrett y de la presencia o no de displasia.,El esófago de Barrett sin displasia requiere un seguimiento de entre tres y cinco años según las diferentes sociedades científicas.,Ninguna de las respuestas anteriores es correcta.,La displasia de grado bajo detectada en el seguimiento endoscópico debe ser confirmada por un segundo patólogo o por un patólogo experto.,c,Ninguna de las respuestas anteriores es correcta.,negated,15,AD_ILLES_BALEARS_2022__EXAM__exam__cuadernillo-de-examen-aparato-digestivo-fea.pdf,AD_ILLES_BALEARS_2022__ANSWER_KEY__answer-key__plantilla-correctora-supuesto-2.pdf,retained318,c744333d943cbb4ab9f7783611f98fb9b56835149c24c918b9c43c2dc4f0039a,1978f9d84f1198493e30cd9aa065295cdc74ad70e30d35ba8d50e13f3da58c80
b38,illes-balears|2022|caso-2|39,Illes Balears,2022,aparato-digestivo,caso-2,38,"Varón de 63 años remitido a la unidad de endoscopia para hacerle una gastroscopia por un reflujo de larga evolución (superior a 10 años). El paciente es obeso, hipertenso y fumador. Refiere disfagia a sólidos desde hace un mes. Se hace una gastroscopia que detecta a 32 cm de las arcadas dentarias la presencia de una mucosa ectópica que se extiende hasta la unión esofagogástrica situada a 38 cm de las arcadas dentarias en donde se aprecian signos de esofagitis por reflujo grado C.
Se pauta un tratamiento médico y se hace una nueva gastroscopia a las ocho semanas. En ella se aprecia la mucosa ectópica descrita previamente sugestiva de esófago de Barrett (C5M6) con una cicatrización completa de la esofagitis por reflujo y a 35 cm de las arcadas dentarias se aprecia un área irregular sobreelevada de unos 8 mm (0-Is) diferente al resto de la mucosa circundante. Se hacen biopsias de forma aleatoria de la lesión descrita, suponiendo que puede tratarse de un esófago de Barrett según el protocolo de Seattle. Los resultados de la lesión visible en el esófago confirman un esófago
de Barrett con metaplasia intestinal y presencia de focos de displasia de grado alto y las biopsias aleatorias confirmaban el esófago de Barrett sin displasia. Se planifica una estrategia de tratamiento y seguimiento.

Señale la afirmación falsa respecto al tratamiento multidisciplinar del esófago de Barrett:",Los síntomas de reflujo entre los pacientes de Barrett deben tratarse de manera similar a los pacientes con ERGE.,Ninguna de las respuestas anteriores es correcta.,La evolución de las modalidades de tratamiento endoscópico mínimamente invasivo ha cambiado el paradigma de tratamiento para la neoplasia relacionada con el esófago de Barrett (EB).,"Si se diagnostica cáncer en fase precoz o displasia de grado alto, la terapia endoscópica es el tratamiento de elección con mejor perfil de seguridad y con eficacia similar en comparación con la esofagectomía.",b,Ninguna de las respuestas anteriores es correcta.,negated,16,AD_ILLES_BALEARS_2022__EXAM__exam__cuadernillo-de-examen-aparato-digestivo-fea.pdf,AD_ILLES_BALEARS_2022__ANSWER_KEY__answer-key__plantilla-correctora-supuesto-2.pdf,retained318,1379a97c3800c586c61b05d334c0398999c7df995dc13961fdc9176e6656dd6c,22e2d7f6a62092873855bf2176c8b3bbd9fe63e0e2b34f5edaed4a6f00de61da
b39,illes-balears|2022|caso-2|40,Illes Balears,2022,aparato-digestivo,caso-2,39,"Varón de 63 años remitido a la unidad de endoscopia para hacerle una gastroscopia por un reflujo de larga evolución (superior a 10 años). El paciente es obeso, hipertenso y fumador. Refiere disfagia a sólidos desde hace un mes. Se hace una gastroscopia que detecta a 32 cm de las arcadas dentarias la presencia de una mucosa ectópica que se extiende hasta la unión esofagogástrica situada a 38 cm de las arcadas dentarias en donde se aprecian signos de esofagitis por reflujo grado C.
Se pauta un tratamiento médico y se hace una nueva gastroscopia a las ocho semanas. En ella se aprecia la mucosa ectópica descrita previamente sugestiva de esófago de Barrett (C5M6) con una cicatrización completa de la esofagitis por reflujo y a 35 cm de las arcadas dentarias se aprecia un área irregular sobreelevada de unos 8 mm (0-Is) diferente al resto de la mucosa circundante. Se hacen biopsias de forma aleatoria de la lesión descrita, suponiendo que puede tratarse de un esófago de Barrett según el protocolo de Seattle. Los resultados de la lesión visible en el esófago confirman un esófago
de Barrett con metaplasia intestinal y presencia de focos de displasia de grado alto y las biopsias aleatorias confirmaban el esófago de Barrett sin displasia. Se planifica una estrategia de tratamiento y seguimiento.

Señale la afirmación falsa en referencia al tratamiento endoscópico del esófago de Barrett:",La terapia endoscópica se basa en un concepto de dos pasos: las lesiones visibles se extirpan endoscópicamente y el EB plano restante se ablaciona para prevenir la neoplasia metacrónica.,Ninguna de las respuestas anteriores es correcta.,Los pacientes con esófago de Barrett con displasia confirmada sin lesiones visibles pueden someterse a una ablación por radiofrecuencia.,La repetición de la endoscopia antes de planificar un tratamiento en un centro experto con endoscopistas y patólogos experimentados proporciona un diagnóstico final más fiable.,b,Ninguna de las respuestas anteriores es correcta.,negated,16,AD_ILLES_BALEARS_2022__EXAM__exam__cuadernillo-de-examen-aparato-digestivo-fea.pdf,AD_ILLES_BALEARS_2022__ANSWER_KEY__answer-key__plantilla-correctora-supuesto-2.pdf,retained318,84f7652f68600af19aa7f80427b3ada734c84cfe1e7fe02751d88c820f525759,13ec73f696860905c6e213fab838acfa1148da1ec52deea689b5a12321c1e50b
b42,illes-balears|2022|caso-2|43,Illes Balears,2022,aparato-digestivo,caso-2,42,"Varón de 63 años remitido a la unidad de endoscopia para hacerle una gastroscopia por un reflujo de larga evolución (superior a 10 años). El paciente es obeso, hipertenso y fumador. Refiere disfagia a sólidos desde hace un mes. Se hace una gastroscopia que detecta a 32 cm de las arcadas dentarias la presencia de una mucosa ectópica que se extiende hasta la unión esofagogástrica situada a 38 cm de las arcadas dentarias en donde se aprecian signos de esofagitis por reflujo grado C.
Se pauta un tratamiento médico y se hace una nueva gastroscopia a las ocho semanas. En ella se aprecia la mucosa ectópica descrita previamente sugestiva de esófago de Barrett (C5M6) con una cicatrización completa de la esofagitis por reflujo y a 35 cm de las arcadas dentarias se aprecia un área irregular sobreelevada de unos 8 mm (0-Is) diferente al resto de la mucosa circundante. Se hacen biopsias de forma aleatoria de la lesión descrita, suponiendo que puede tratarse de un esófago de Barrett según el protocolo de Seattle. Los resultados de la lesión visible en el esófago confirman un esófago
de Barrett con metaplasia intestinal y presencia de focos de displasia de grado alto y las biopsias aleatorias confirmaban el esófago de Barrett sin displasia. Se planifica una estrategia de tratamiento y seguimiento.

Los resultados de la resección endoscópica de este caso clínico confirman un adenocarcinoma con invasión submucosa (T1b < 500 micras SM1) bien diferenciado con bordes laterales y en profundidad libres, sin invasión linfática ni vascular. Señale la opción correcta:",El riesgo de diseminación linfática si hay invasión submucosa es superior a un 40 % por lo que se debe proponer una esofaguectomía.,Ninguna de las respuestas anteriores es correcta.,Se debe plantear directamente hacer radioterapia por el riesgo de invasión linfática.,La quimioterapia adyuvante está indicada tras la resección endoscópica.,b,Ninguna de las respuestas anteriores es correcta.,,17,AD_ILLES_BALEARS_2022__EXAM__exam__cuadernillo-de-examen-aparato-digestivo-fea.pdf,AD_ILLES_BALEARS_2022__ANSWER_KEY__answer-key__plantilla-correctora-supuesto-2.pdf,retained318,3fb875d9271653ff2516e1e9e296ded2f791df2b262f9e3db6be63683d750d19,99a330801a3e1f2c34fcf8468364b4c99121b2ee4d03bb3caf769d8342cd96f4
b43,illes-balears|2022|caso-2|44,Illes Balears,2022,aparato-digestivo,caso-2,43,"Varón de 63 años remitido a la unidad de endoscopia para hacerle una gastroscopia por un reflujo de larga evolución (superior a 10 años). El paciente es obeso, hipertenso y fumador. Refiere disfagia a sólidos desde hace un mes. Se hace una gastroscopia que detecta a 32 cm de las arcadas dentarias la presencia de una mucosa ectópica que se extiende hasta la unión esofagogástrica situada a 38 cm de las arcadas dentarias en donde se aprecian signos de esofagitis por reflujo grado C.
Se pauta un tratamiento médico y se hace una nueva gastroscopia a las ocho semanas. En ella se aprecia la mucosa ectópica descrita previamente sugestiva de esófago de Barrett (C5M6) con una cicatrización completa de la esofagitis por reflujo y a 35 cm de las arcadas dentarias se aprecia un área irregular sobreelevada de unos 8 mm (0-Is) diferente al resto de la mucosa circundante. Se hacen biopsias de forma aleatoria de la lesión descrita, suponiendo que puede tratarse de un esófago de Barrett según el protocolo de Seattle. Los resultados de la lesión visible en el esófago confirman un esófago
de Barrett con metaplasia intestinal y presencia de focos de displasia de grado alto y las biopsias aleatorias confirmaban el esófago de Barrett sin displasia. Se planifica una estrategia de tratamiento y seguimiento.

Señale la respuesta falsa en referencia a la ablación por radiofrecuencia (RFA) del esófago de Barrett:",Las sociedades científicas recomiendan la RFA como terapia de primera línea para la ablación de EB displásico o EB después de la resección de lesiones visibles.,La ablación por radiofrecuencia erradica eficazmente el esófago de Barrett displásico (BE) y reduce el riesgo metacrónico del adenocarcinoma esofágico (EAC).,La tasa de complicaciones es aceptablemente baja (del 6 al 14 % de estenosis).,Ninguna de las respuestas anteriores es correcta.,d,Ninguna de las respuestas anteriores es correcta.,negated,17,AD_ILLES_BALEARS_2022__EXAM__exam__cuadernillo-de-examen-aparato-digestivo-fea.pdf,AD_ILLES_BALEARS_2022__ANSWER_KEY__answer-key__plantilla-correctora-supuesto-2.pdf,retained318,4394008641f6999e8820461e3d5acf28d56324b4270b910139ab13b14c6fc8d2,a20ccdc798e945737f7e73c331829bd7fe0b734e6a80f1a19d5a9eca0d6ee734
b44,illes-balears|2022|caso-2|45,Illes Balears,2022,aparato-digestivo,caso-2,44,"Varón de 63 años remitido a la unidad de endoscopia para hacerle una gastroscopia por un reflujo de larga evolución (superior a 10 años). El paciente es obeso, hipertenso y fumador. Refiere disfagia a sólidos desde hace un mes. Se hace una gastroscopia que detecta a 32 cm de las arcadas dentarias la presencia de una mucosa ectópica que se extiende hasta la unión esofagogástrica situada a 38 cm de las arcadas dentarias en donde se aprecian signos de esofagitis por reflujo grado C.
Se pauta un tratamiento médico y se hace una nueva gastroscopia a las ocho semanas. En ella se aprecia la mucosa ectópica descrita previamente sugestiva de esófago de Barrett (C5M6) con una cicatrización completa de la esofagitis por reflujo y a 35 cm de las arcadas dentarias se aprecia un área irregular sobreelevada de unos 8 mm (0-Is) diferente al resto de la mucosa circundante. Se hacen biopsias de forma aleatoria de la lesión descrita, suponiendo que puede tratarse de un esófago de Barrett según el protocolo de Seattle. Los resultados de la lesión visible en el esófago confirman un esófago
de Barrett con metaplasia intestinal y presencia de focos de displasia de grado alto y las biopsias aleatorias confirmaban el esófago de Barrett sin displasia. Se planifica una estrategia de tratamiento y seguimiento.

La recurrencia del esófago de Barrett tras el tratamiento endoscópico ablativo se relaciona con diferentes factores. Señale la respuesta falsa:",Presencia de hernia de hiato.,Hábito tabáquico.,Displasia de riesgo alto en la presentación inicial.,Ninguna de las respuestas anteriores es correcta.,d,Ninguna de las respuestas anteriores es correcta.,negated,18,AD_ILLES_BALEARS_2022__EXAM__exam__cuadernillo-de-examen-aparato-digestivo-fea.pdf,AD_ILLES_BALEARS_2022__ANSWER_KEY__answer-key__plantilla-correctora-supuesto-2.pdf,retained318,ceb122a03a2f86299c620a1ea5bba19e93785cd7397b4067a9a2f37e3e7ad409,a6e835c2e74ddc1064b2f09c1e3ee43e2f7d1e6964c3d1facb681df60ccdb13a
b45,illes-balears|2022|caso-2|47,Illes Balears,2022,aparato-digestivo,caso-2,45,"Varón de 63 años remitido a la unidad de endoscopia para hacerle una gastroscopia por un reflujo de larga evolución (superior a 10 años). El paciente es obeso, hipertenso y fumador. Refiere disfagia a sólidos desde hace un mes. Se hace una gastroscopia que detecta a 32 cm de las arcadas dentarias la presencia de una mucosa ectópica que se extiende hasta la unión esofagogástrica situada a 38 cm de las arcadas dentarias en donde se aprecian signos de esofagitis por reflujo grado C.
Se pauta un tratamiento médico y se hace una nueva gastroscopia a las ocho semanas. En ella se aprecia la mucosa ectópica descrita previamente sugestiva de esófago de Barrett (C5M6) con una cicatrización completa de la esofagitis por reflujo y a 35 cm de las arcadas dentarias se aprecia un área irregular sobreelevada de unos 8 mm (0-Is) diferente al resto de la mucosa circundante. Se hacen biopsias de forma aleatoria de la lesión descrita, suponiendo que puede tratarse de un esófago de Barrett según el protocolo de Seattle. Los resultados de la lesión visible en el esófago confirman un esófago
de Barrett con metaplasia intestinal y presencia de focos de displasia de grado alto y las biopsias aleatorias confirmaban el esófago de Barrett sin displasia. Se planifica una estrategia de tratamiento y seguimiento.

Señale la respuesta falsa en referencia al riesgo de desarrollar un adenocarcinoma de esófago sobre un esófago de Barrett:",El riesgo de desarrollar un adenocarcinoma de esófago si hay displasia de grado alto es de un 7 % /año.,"El riesgo de desarrollar un adenocarcinoma de esófago si no hay displasia es de un 0,2-0,5 % /año.",Los pacientes que desarrollan un adenocarcinoma de esófago sobre un esófago de Barrett conocido tienen mejor pronóstico que los que lo desarrollan sin el diagnóstico previo de Barrett.,Ninguna de las respuestas anteriores es correcta.,d,Ninguna de las respuestas anteriores es correcta.,negated,18,AD_ILLES_BALEARS_2022__EXAM__exam__cuadernillo-de-examen-aparato-digestivo-fea.pdf,AD_ILLES_BALEARS_2022__ANSWER_KEY__answer-key__plantilla-correctora-supuesto-2.pdf,retained318,8a7ecb774cb384b6763b6aea90e8940215c7287553140595fab08fc093797b5d,6925a505a80bf581da8c6cd4d69d0413a40c39409feb1550916736486561fbd1
b46,illes-balears|2022|caso-2|48,Illes Balears,2022,aparato-digestivo,caso-2,46,"Varón de 63 años remitido a la unidad de endoscopia para hacerle una gastroscopia por un reflujo de larga evolución (superior a 10 años). El paciente es obeso, hipertenso y fumador. Refiere disfagia a sólidos desde hace un mes. Se hace una gastroscopia que detecta a 32 cm de las arcadas dentarias la presencia de una mucosa ectópica que se extiende hasta la unión esofagogástrica situada a 38 cm de las arcadas dentarias en donde se aprecian signos de esofagitis por reflujo grado C.
Se pauta un tratamiento médico y se hace una nueva gastroscopia a las ocho semanas. En ella se aprecia la mucosa ectópica descrita previamente sugestiva de esófago de Barrett (C5M6) con una cicatrización completa de la esofagitis por reflujo y a 35 cm de las arcadas dentarias se aprecia un área irregular sobreelevada de unos 8 mm (0-Is) diferente al resto de la mucosa circundante. Se hacen biopsias de forma aleatoria de la lesión descrita, suponiendo que puede tratarse de un esófago de Barrett según el protocolo de Seattle. Los resultados de la lesión visible en el esófago confirman un esófago
de Barrett con metaplasia intestinal y presencia de focos de displasia de grado alto y las biopsias aleatorias confirmaban el esófago de Barrett sin displasia. Se planifica una estrategia de tratamiento y seguimiento.

¿Cuál de las siguientes técnicas ablativas del EB después de la radiofrecuencia se considera de segunda línea en las últimas guías clínicas?",Argón plasma coagulation.,Ninguna de las respuestas anteriores es correcta.,Terapia fotodinámica.,Termoterapia por microondas.,b,Ninguna de las respuestas anteriores es correcta.,,18,AD_ILLES_BALEARS_2022__EXAM__exam__cuadernillo-de-examen-aparato-digestivo-fea.pdf,AD_ILLES_BALEARS_2022__ANSWER_KEY__answer-key__plantilla-correctora-supuesto-2.pdf,retained318,68d42634f1b8061a1efa0a9004d3a0eb189ec2b0bd985c098930530f9ea929f9,a7f174406f04cb86cce321392ac0099b182f4d8c853d89ea7b290c254aceeb13
b47,illes-balears|2022|caso-3|49,Illes Balears,2022,aparato-digestivo,caso-3,47,"Paciente varón de 62 años con antecedentes de enolismo superior a 60 g/día de veinte años de evolución y fumador de 25 paquetes/año desde los 17 años.

Antecedente de dos ingresos por pancreatitis agudas leves en los últimos tres años. En los últimos tres meses presenta un cuadro de diarrea en forma de cuatro deposiciones al día, dolor abdominal continuo y diario, localizado en el epigastrio que no mejora con paracetamol. Además, refiere que ha perdido cuatro quilos. Se le hace una gastroscopia que es normal. Una TC abdominal revela la presencia de múltiples calcificaciones parenquimatosas en
la cabeza del páncreas, dilatación del conducto pancreático principal, una lesión quística de 10 mm en el cuerpo pancreático y atrofia de la cola de páncreas. Los coprocultivos, los parásitos en heces y la toxina de Clostridium difficile en heces son negativos, la serología de celiaquía negativa y las hormonas tiroideas son normales.

Elementos relevantes de la analítica. Glucosa: 124 mg/dl, GGT: 101 U/L, AST: 55 U/L, ALT: 65 U/L, VCM: 102 fl, BI total: 1,4 mg/dl, triglicéridos: 180 mg/dl, amilasa: 125 U/L, lipasa: 25 U/L.
El resto del hemograma y de la bioquímica está dentro de valores normales.

¿Cuál es el diagnóstico más probable?",Pancreatitis aguda de etiología enólica.,Hepatitis alcohólica aguda.,Ninguna de las respuestas anteriores es correcta.,Fibrosis quística.,c,Ninguna de las respuestas anteriores es correcta.,,19,AD_ILLES_BALEARS_2022__EXAM__exam__cuadernillo-de-examen-aparato-digestivo-fea.pdf,AD_ILLES_BALEARS_2022__ANSWER_KEY__answer-key__plantilla-correctora-del-examen.pdf,retained318,0564c37e64d2d0af7f9fc1ac1ac5950cb6643ece12b69936e5f1a9567ced1063,9949dfb50973f19da8d7d644064d3f0b8f9c84f45ad6dfc312f4d80b2f845899
b48,illes-balears|2022|caso-3|50,Illes Balears,2022,aparato-digestivo,caso-3,48,"Paciente varón de 62 años con antecedentes de enolismo superior a 60 g/día de veinte años de evolución y fumador de 25 paquetes/año desde los 17 años.

Antecedente de dos ingresos por pancreatitis agudas leves en los últimos tres años. En los últimos tres meses presenta un cuadro de diarrea en forma de cuatro deposiciones al día, dolor abdominal continuo y diario, localizado en el epigastrio que no mejora con paracetamol. Además, refiere que ha perdido cuatro quilos. Se le hace una gastroscopia que es normal. Una TC abdominal revela la presencia de múltiples calcificaciones parenquimatosas en
la cabeza del páncreas, dilatación del conducto pancreático principal, una lesión quística de 10 mm en el cuerpo pancreático y atrofia de la cola de páncreas. Los coprocultivos, los parásitos en heces y la toxina de Clostridium difficile en heces son negativos, la serología de celiaquía negativa y las hormonas tiroideas son normales.

Elementos relevantes de la analítica. Glucosa: 124 mg/dl, GGT: 101 U/L, AST: 55 U/L, ALT: 65 U/L, VCM: 102 fl, BI total: 1,4 mg/dl, triglicéridos: 180 mg/dl, amilasa: 125 U/L, lipasa: 25 U/L.
El resto del hemograma y de la bioquímica está dentro de valores normales.

Señale la respuesta correcta respecto a la confirmación del diagnóstico:",Es imprescindible disponer de un análisis histológico.,Ninguna de las respuestas anteriores es correcta.,Es imprescindible hacer una colangiopancreatografía retrógrada endoscópica (CPRE).,Si no presenta nuevos episodios de pancreatitis aguda hay que dudar del diagnóstico inicial.,b,Ninguna de las respuestas anteriores es correcta.,,19,AD_ILLES_BALEARS_2022__EXAM__exam__cuadernillo-de-examen-aparato-digestivo-fea.pdf,AD_ILLES_BALEARS_2022__ANSWER_KEY__answer-key__plantilla-correctora-del-examen.pdf,retained318,e30ebc36d6be519e7a628d17e4f73e23f364a9207459616767a460e711be3193,236a49ed4a124a3aebe926ca078a3d0915c96cfa5635f008aa1f933ae8c8488d
b49,illes-balears|2022|caso-3|51,Illes Balears,2022,aparato-digestivo,caso-3,49,"Paciente varón de 62 años con antecedentes de enolismo superior a 60 g/día de veinte años de evolución y fumador de 25 paquetes/año desde los 17 años.

Antecedente de dos ingresos por pancreatitis agudas leves en los últimos tres años. En los últimos tres meses presenta un cuadro de diarrea en forma de cuatro deposiciones al día, dolor abdominal continuo y diario, localizado en el epigastrio que no mejora con paracetamol. Además, refiere que ha perdido cuatro quilos. Se le hace una gastroscopia que es normal. Una TC abdominal revela la presencia de múltiples calcificaciones parenquimatosas en
la cabeza del páncreas, dilatación del conducto pancreático principal, una lesión quística de 10 mm en el cuerpo pancreático y atrofia de la cola de páncreas. Los coprocultivos, los parásitos en heces y la toxina de Clostridium difficile en heces son negativos, la serología de celiaquía negativa y las hormonas tiroideas son normales.

Elementos relevantes de la analítica. Glucosa: 124 mg/dl, GGT: 101 U/L, AST: 55 U/L, ALT: 65 U/L, VCM: 102 fl, BI total: 1,4 mg/dl, triglicéridos: 180 mg/dl, amilasa: 125 U/L, lipasa: 25 U/L.
El resto del hemograma y de la bioquímica está dentro de valores normales.

¿Cuál es la mejor técnica no invasiva para el estudio de los signos ductales pancreáticos?",CPRE.,Ninguna de las respuestas anteriores es correcta.,Ecografía abdominal.,TC abdominal.,b,Ninguna de las respuestas anteriores es correcta.,,20,AD_ILLES_BALEARS_2022__EXAM__exam__cuadernillo-de-examen-aparato-digestivo-fea.pdf,AD_ILLES_BALEARS_2022__ANSWER_KEY__answer-key__plantilla-correctora-del-examen.pdf,retained318,694159468cc7fbe37b6acc478ce645f817a4832fa82977e6013086f98ae9c11a,7f6c49bdefadc05af9426b5606e6d5d494830b8e6ffcf5d3f71d062c648363df
b50,illes-balears|2022|caso-3|52,Illes Balears,2022,aparato-digestivo,caso-3,50,"Paciente varón de 62 años con antecedentes de enolismo superior a 60 g/día de veinte años de evolución y fumador de 25 paquetes/año desde los 17 años.

Antecedente de dos ingresos por pancreatitis agudas leves en los últimos tres años. En los últimos tres meses presenta un cuadro de diarrea en forma de cuatro deposiciones al día, dolor abdominal continuo y diario, localizado en el epigastrio que no mejora con paracetamol. Además, refiere que ha perdido cuatro quilos. Se le hace una gastroscopia que es normal. Una TC abdominal revela la presencia de múltiples calcificaciones parenquimatosas en
la cabeza del páncreas, dilatación del conducto pancreático principal, una lesión quística de 10 mm en el cuerpo pancreático y atrofia de la cola de páncreas. Los coprocultivos, los parásitos en heces y la toxina de Clostridium difficile en heces son negativos, la serología de celiaquía negativa y las hormonas tiroideas son normales.

Elementos relevantes de la analítica. Glucosa: 124 mg/dl, GGT: 101 U/L, AST: 55 U/L, ALT: 65 U/L, VCM: 102 fl, BI total: 1,4 mg/dl, triglicéridos: 180 mg/dl, amilasa: 125 U/L, lipasa: 25 U/L.
El resto del hemograma y de la bioquímica está dentro de valores normales.

¿Cuál de estas es una clasificación etiológica de la pancreatitis crónica?",Balthazar.,Rosemont.,Atlanta.,Ninguna de las respuestas anteriores es correcta.,d,Ninguna de las respuestas anteriores es correcta.,,20,AD_ILLES_BALEARS_2022__EXAM__exam__cuadernillo-de-examen-aparato-digestivo-fea.pdf,AD_ILLES_BALEARS_2022__ANSWER_KEY__answer-key__plantilla-correctora-del-examen.pdf,retained318,62ac92045ad2337a38c26229171c41e1171f8286a956ebb6d4f91685c2e32d53,afa6bed39a96705b7bf142d6e25d79daf51d3ebdc127a4152f6ef10e11976aa9
b51,illes-balears|2022|caso-3|53,Illes Balears,2022,aparato-digestivo,caso-3,51,"Paciente varón de 62 años con antecedentes de enolismo superior a 60 g/día de veinte años de evolución y fumador de 25 paquetes/año desde los 17 años.

Antecedente de dos ingresos por pancreatitis agudas leves en los últimos tres años. En los últimos tres meses presenta un cuadro de diarrea en forma de cuatro deposiciones al día, dolor abdominal continuo y diario, localizado en el epigastrio que no mejora con paracetamol. Además, refiere que ha perdido cuatro quilos. Se le hace una gastroscopia que es normal. Una TC abdominal revela la presencia de múltiples calcificaciones parenquimatosas en
la cabeza del páncreas, dilatación del conducto pancreático principal, una lesión quística de 10 mm en el cuerpo pancreático y atrofia de la cola de páncreas. Los coprocultivos, los parásitos en heces y la toxina de Clostridium difficile en heces son negativos, la serología de celiaquía negativa y las hormonas tiroideas son normales.

Elementos relevantes de la analítica. Glucosa: 124 mg/dl, GGT: 101 U/L, AST: 55 U/L, ALT: 65 U/L, VCM: 102 fl, BI total: 1,4 mg/dl, triglicéridos: 180 mg/dl, amilasa: 125 U/L, lipasa: 25 U/L.
El resto del hemograma y de la bioquímica está dentro de valores normales.

¿Qué debe solicitarse en primer lugar para el diagnóstico de insuficiencia pancreática exocrina?",Calprotectina fecal.,Ninguna de las respuestas anteriores es correcta.,Test de sobrecrecimiento bacteriano.,Test de intolerancia a la lactosa.,b,Ninguna de las respuestas anteriores es correcta.,,20,AD_ILLES_BALEARS_2022__EXAM__exam__cuadernillo-de-examen-aparato-digestivo-fea.pdf,AD_ILLES_BALEARS_2022__ANSWER_KEY__answer-key__plantilla-correctora-del-examen.pdf,retained318,e9495489f2d56fb87df000349e979007491c72b82a946f4bb2b1b44a3a21d44b,620adde1014fa3de1ccffe201ce08bdd8d365958e012b9d7c8c5cdf4a2b1a9fe
b52,illes-balears|2022|caso-3|54,Illes Balears,2022,aparato-digestivo,caso-3,52,"Paciente varón de 62 años con antecedentes de enolismo superior a 60 g/día de veinte años de evolución y fumador de 25 paquetes/año desde los 17 años.

Antecedente de dos ingresos por pancreatitis agudas leves en los últimos tres años. En los últimos tres meses presenta un cuadro de diarrea en forma de cuatro deposiciones al día, dolor abdominal continuo y diario, localizado en el epigastrio que no mejora con paracetamol. Además, refiere que ha perdido cuatro quilos. Se le hace una gastroscopia que es normal. Una TC abdominal revela la presencia de múltiples calcificaciones parenquimatosas en
la cabeza del páncreas, dilatación del conducto pancreático principal, una lesión quística de 10 mm en el cuerpo pancreático y atrofia de la cola de páncreas. Los coprocultivos, los parásitos en heces y la toxina de Clostridium difficile en heces son negativos, la serología de celiaquía negativa y las hormonas tiroideas son normales.

Elementos relevantes de la analítica. Glucosa: 124 mg/dl, GGT: 101 U/L, AST: 55 U/L, ALT: 65 U/L, VCM: 102 fl, BI total: 1,4 mg/dl, triglicéridos: 180 mg/dl, amilasa: 125 U/L, lipasa: 25 U/L.
El resto del hemograma y de la bioquímica está dentro de valores normales.

¿Cuáles son las determinaciones que evalúan mejor el estado nutricional de este paciente?",El peso actual es suficiente para evaluar su estado nutricional.,Ninguna de las respuestas anteriores es correcta.,"Glucosa, calcio y hematocrito.","Proteinograma, función renal e iones.",b,Ninguna de las respuestas anteriores es correcta.,,20,AD_ILLES_BALEARS_2022__EXAM__exam__cuadernillo-de-examen-aparato-digestivo-fea.pdf,AD_ILLES_BALEARS_2022__ANSWER_KEY__answer-key__plantilla-correctora-del-examen.pdf,retained318,4f2fc51c6699395b12144329c00e7c43e7fe4fc305030e9d3b2340a033f364be,9417544ec0c8e08d1d044c850058b8bbb2c73912aedf5c0e24887204edc91686
b54,illes-balears|2022|caso-3|56,Illes Balears,2022,aparato-digestivo,caso-3,54,"Paciente varón de 62 años con antecedentes de enolismo superior a 60 g/día de veinte años de evolución y fumador de 25 paquetes/año desde los 17 años.

Antecedente de dos ingresos por pancreatitis agudas leves en los últimos tres años. En los últimos tres meses presenta un cuadro de diarrea en forma de cuatro deposiciones al día, dolor abdominal continuo y diario, localizado en el epigastrio que no mejora con paracetamol. Además, refiere que ha perdido cuatro quilos. Se le hace una gastroscopia que es normal. Una TC abdominal revela la presencia de múltiples calcificaciones parenquimatosas en
la cabeza del páncreas, dilatación del conducto pancreático principal, una lesión quística de 10 mm en el cuerpo pancreático y atrofia de la cola de páncreas. Los coprocultivos, los parásitos en heces y la toxina de Clostridium difficile en heces son negativos, la serología de celiaquía negativa y las hormonas tiroideas son normales.

Elementos relevantes de la analítica. Glucosa: 124 mg/dl, GGT: 101 U/L, AST: 55 U/L, ALT: 65 U/L, VCM: 102 fl, BI total: 1,4 mg/dl, triglicéridos: 180 mg/dl, amilasa: 125 U/L, lipasa: 25 U/L.
El resto del hemograma y de la bioquímica está dentro de valores normales.

Las pruebas para determinar la insuficiencia pancreática exocrina demuestran una insuficiencia pancreática exocrina (IPE) grave.

¿Qué actitud se debe seguir en relación con el tratamiento enzimático sustitutivo (TES)?",Debe iniciarse un tratamiento enzimático sustitutivo solo si tiene dolor abdominal.,Debe iniciarse un tratamiento enzimático sustitutivo cuando presente otro episodio de pancreatitis aguda.,Ninguna de las respuestas anteriores es correcta.,No debe iniciarse un tratamiento enzimático sustitutivo porque el paciente no tiene antecedentes de cirugía pancreática.,c,Ninguna de las respuestas anteriores es correcta.,,21,AD_ILLES_BALEARS_2022__EXAM__exam__cuadernillo-de-examen-aparato-digestivo-fea.pdf,AD_ILLES_BALEARS_2022__ANSWER_KEY__answer-key__plantilla-correctora-del-examen.pdf,retained318,6dc2b301527b9f55f8ceeb42df7a8397d45ad495ba5516c211cc702210bcc2e6,e574bd17dfcf02bd91554291b0ed295504acf3dc917d3d222d40f57ee766eab4
b55,illes-balears|2022|caso-3|57,Illes Balears,2022,aparato-digestivo,caso-3,55,"Paciente varón de 62 años con antecedentes de enolismo superior a 60 g/día de veinte años de evolución y fumador de 25 paquetes/año desde los 17 años.

Antecedente de dos ingresos por pancreatitis agudas leves en los últimos tres años. En los últimos tres meses presenta un cuadro de diarrea en forma de cuatro deposiciones al día, dolor abdominal continuo y diario, localizado en el epigastrio que no mejora con paracetamol. Además, refiere que ha perdido cuatro quilos. Se le hace una gastroscopia que es normal. Una TC abdominal revela la presencia de múltiples calcificaciones parenquimatosas en
la cabeza del páncreas, dilatación del conducto pancreático principal, una lesión quística de 10 mm en el cuerpo pancreático y atrofia de la cola de páncreas. Los coprocultivos, los parásitos en heces y la toxina de Clostridium difficile en heces son negativos, la serología de celiaquía negativa y las hormonas tiroideas son normales.

Elementos relevantes de la analítica. Glucosa: 124 mg/dl, GGT: 101 U/L, AST: 55 U/L, ALT: 65 U/L, VCM: 102 fl, BI total: 1,4 mg/dl, triglicéridos: 180 mg/dl, amilasa: 125 U/L, lipasa: 25 U/L.
El resto del hemograma y de la bioquímica está dentro de valores normales.

Las pruebas para determinar la insuficiencia pancreática exocrina demuestran una insuficiencia pancreática exocrina (IPE) grave.

Si se decide iniciar el TES, ¿cuál debe ser la dosis recomendada?","20.000 U en desayuno, comida y cena.","10.000 U en el desayuno, comida y cena y 10.000 U en los snacks.",50.000 U en la comida principal.,Ninguna de las respuestas anteriores es correcta.,d,Ninguna de las respuestas anteriores es correcta.,,21,AD_ILLES_BALEARS_2022__EXAM__exam__cuadernillo-de-examen-aparato-digestivo-fea.pdf,AD_ILLES_BALEARS_2022__ANSWER_KEY__answer-key__plantilla-correctora-del-examen.pdf,retained318,4e8cfbfe6f00ae799bb1a5ded98ed50c4d6af64bc5631cdd83869acbde7dc2c6,409808bd0d66bf9ebb511e5cd94991a2734b4a9e4d24ecad473b24414ba97c73
b56,illes-balears|2022|caso-3|58,Illes Balears,2022,aparato-digestivo,caso-3,56,"Paciente varón de 62 años con antecedentes de enolismo superior a 60 g/día de veinte años de evolución y fumador de 25 paquetes/año desde los 17 años.

Antecedente de dos ingresos por pancreatitis agudas leves en los últimos tres años. En los últimos tres meses presenta un cuadro de diarrea en forma de cuatro deposiciones al día, dolor abdominal continuo y diario, localizado en el epigastrio que no mejora con paracetamol. Además, refiere que ha perdido cuatro quilos. Se le hace una gastroscopia que es normal. Una TC abdominal revela la presencia de múltiples calcificaciones parenquimatosas en
la cabeza del páncreas, dilatación del conducto pancreático principal, una lesión quística de 10 mm en el cuerpo pancreático y atrofia de la cola de páncreas. Los coprocultivos, los parásitos en heces y la toxina de Clostridium difficile en heces son negativos, la serología de celiaquía negativa y las hormonas tiroideas son normales.

Elementos relevantes de la analítica. Glucosa: 124 mg/dl, GGT: 101 U/L, AST: 55 U/L, ALT: 65 U/L, VCM: 102 fl, BI total: 1,4 mg/dl, triglicéridos: 180 mg/dl, amilasa: 125 U/L, lipasa: 25 U/L.
El resto del hemograma y de la bioquímica está dentro de valores normales.

Las pruebas para determinar la insuficiencia pancreática exocrina demuestran una insuficiencia pancreática exocrina (IPE) grave.

A pesar del tratamiento con enzimas pancreáticos la diarrea no cede completamente, ¿cuál debe ser la actitud?",Suspender definitivamente el tratamiento enzimático y hacer una colonoscopia.,Ninguna de las respuestas anteriores es correcta.,Retirar el gluten de la dieta.,Solicitar marcadores tumorales (CA 19-9 y CEA).,b,Ninguna de las respuestas anteriores es correcta.,,21,AD_ILLES_BALEARS_2022__EXAM__exam__cuadernillo-de-examen-aparato-digestivo-fea.pdf,AD_ILLES_BALEARS_2022__ANSWER_KEY__answer-key__plantilla-correctora-del-examen.pdf,retained318,59767f7202d1ab1665646ec1000a7d87d31e124718bbbde6a6642911152a0f7c,dc1a035b3f396734ba2b8767abfe76cfb284e96ffc717e6b7c64fcf89fbbe1d9
b57,illes-balears|2022|caso-3|59,Illes Balears,2022,aparato-digestivo,caso-3,57,"Paciente varón de 62 años con antecedentes de enolismo superior a 60 g/día de veinte años de evolución y fumador de 25 paquetes/año desde los 17 años.

Antecedente de dos ingresos por pancreatitis agudas leves en los últimos tres años. En los últimos tres meses presenta un cuadro de diarrea en forma de cuatro deposiciones al día, dolor abdominal continuo y diario, localizado en el epigastrio que no mejora con paracetamol. Además, refiere que ha perdido cuatro quilos. Se le hace una gastroscopia que es normal. Una TC abdominal revela la presencia de múltiples calcificaciones parenquimatosas en
la cabeza del páncreas, dilatación del conducto pancreático principal, una lesión quística de 10 mm en el cuerpo pancreático y atrofia de la cola de páncreas. Los coprocultivos, los parásitos en heces y la toxina de Clostridium difficile en heces son negativos, la serología de celiaquía negativa y las hormonas tiroideas son normales.

Elementos relevantes de la analítica. Glucosa: 124 mg/dl, GGT: 101 U/L, AST: 55 U/L, ALT: 65 U/L, VCM: 102 fl, BI total: 1,4 mg/dl, triglicéridos: 180 mg/dl, amilasa: 125 U/L, lipasa: 25 U/L.
El resto del hemograma y de la bioquímica está dentro de valores normales.

Las pruebas para determinar la insuficiencia pancreática exocrina demuestran una insuficiencia pancreática exocrina (IPE) grave.

Debido a la insuficiencia pancreática exocrina, este paciente...",...presenta más riesgo de cáncer de colon.,...no presenta más riesgo de eventos cardiovasculares.,Ninguna de las respuestas anteriores es correcta.,...presenta el mismo riesgo de mortalidad que un paciente sin IPE.,c,Ninguna de las respuestas anteriores es correcta.,,22,AD_ILLES_BALEARS_2022__EXAM__exam__cuadernillo-de-examen-aparato-digestivo-fea.pdf,AD_ILLES_BALEARS_2022__ANSWER_KEY__answer-key__plantilla-correctora-del-examen.pdf,retained318,810244359dfb8efb7b7d54520dd31f0d6a6c080865d45099abf200345c4c3ef4,ac4154bb92b5441bb8588a44e3ec370fa73ed2fc5c33713073768045c40f4eb7
b59,illes-balears|2022|caso-3|61,Illes Balears,2022,aparato-digestivo,caso-3,59,"Paciente varón de 62 años con antecedentes de enolismo superior a 60 g/día de veinte años de evolución y fumador de 25 paquetes/año desde los 17 años.

Antecedente de dos ingresos por pancreatitis agudas leves en los últimos tres años. En los últimos tres meses presenta un cuadro de diarrea en forma de cuatro deposiciones al día, dolor abdominal continuo y diario, localizado en el epigastrio que no mejora con paracetamol. Además, refiere que ha perdido cuatro quilos. Se le hace una gastroscopia que es normal. Una TC abdominal revela la presencia de múltiples calcificaciones parenquimatosas en
la cabeza del páncreas, dilatación del conducto pancreático principal, una lesión quística de 10 mm en el cuerpo pancreático y atrofia de la cola de páncreas. Los coprocultivos, los parásitos en heces y la toxina de Clostridium difficile en heces son negativos, la serología de celiaquía negativa y las hormonas tiroideas son normales.

Elementos relevantes de la analítica. Glucosa: 124 mg/dl, GGT: 101 U/L, AST: 55 U/L, ALT: 65 U/L, VCM: 102 fl, BI total: 1,4 mg/dl, triglicéridos: 180 mg/dl, amilasa: 125 U/L, lipasa: 25 U/L.
El resto del hemograma y de la bioquímica está dentro de valores normales.

Las pruebas para determinar la insuficiencia pancreática exocrina demuestran una insuficiencia pancreática exocrina (IPE) grave.

¿Cómo se recomienda el screening de cáncer de páncreas en este paciente?",Por medio de una TC abdominal cada tres meses.,Ninguna de las respuestas anteriores es correcta.,Por medio de la determinación de CA 19-9 cada dos meses.,Por medio de la determinación de parámetros nutricionales cada tres meses.,b,Ninguna de las respuestas anteriores es correcta.,,22,AD_ILLES_BALEARS_2022__EXAM__exam__cuadernillo-de-examen-aparato-digestivo-fea.pdf,AD_ILLES_BALEARS_2022__ANSWER_KEY__answer-key__plantilla-correctora-del-examen.pdf,retained318,5da02bdc165c46df33bf1ad54c8926f7e394dc578d599194751737628fa63326,7f6b40fea7b2d6ce60c6935117fb94fa91879cb2f8118527ff8b2425571ba107
b61,illes-balears|2022|caso-3|63,Illes Balears,2022,aparato-digestivo,caso-3,61,"Paciente varón de 62 años con antecedentes de enolismo superior a 60 g/día de veinte años de evolución y fumador de 25 paquetes/año desde los 17 años.

Antecedente de dos ingresos por pancreatitis agudas leves en los últimos tres años. En los últimos tres meses presenta un cuadro de diarrea en forma de cuatro deposiciones al día, dolor abdominal continuo y diario, localizado en el epigastrio que no mejora con paracetamol. Además, refiere que ha perdido cuatro quilos. Se le hace una gastroscopia que es normal. Una TC abdominal revela la presencia de múltiples calcificaciones parenquimatosas en
la cabeza del páncreas, dilatación del conducto pancreático principal, una lesión quística de 10 mm en el cuerpo pancreático y atrofia de la cola de páncreas. Los coprocultivos, los parásitos en heces y la toxina de Clostridium difficile en heces son negativos, la serología de celiaquía negativa y las hormonas tiroideas son normales.

Elementos relevantes de la analítica. Glucosa: 124 mg/dl, GGT: 101 U/L, AST: 55 U/L, ALT: 65 U/L, VCM: 102 fl, BI total: 1,4 mg/dl, triglicéridos: 180 mg/dl, amilasa: 125 U/L, lipasa: 25 U/L.
El resto del hemograma y de la bioquímica está dentro de valores normales.

Las pruebas para determinar la insuficiencia pancreática exocrina demuestran una insuficiencia pancreática exocrina (IPE) grave.

22 meses después del diagnóstico el paciente ingresa por ictericia conjuntival y cutánea con cifras de bilirrubina de 9 mg/dl (de predominio directo) y colestasis marcada en la analítica. Una ecografía abdominal en urgencias muestra una dilatación de la vía biliar extrahepática.

Una TC abdominal con protocolo pancreático objetiva una lesión sólida en la cabeza del páncreas de 2,7 x 2,5 cm con dilatación de la vía biliar extrahepática de 13 mm. No se observan lesiones hepáticas ocupantes de espacio. La lesión está en contacto con la arteria mesentérica superior en más de 180° con presencia de una trombosis portal.

¿Qué debe solicitarse como primera estrategia para drenar inicialmente la vía biliar?",Drenaje por vía transparietohepática con colocación de un drenaje metálico no recubierto.,CPRE con colocación de un drenaje metálico no recubierto.,Ninguna de las respuestas anteriores es correcta.,Drenaje interno-externo por vía transparietohepática y colocación posterior de un drenaje biliar de plástico por vía endoscópica.,c,Ninguna de las respuestas anteriores es correcta.,,23,AD_ILLES_BALEARS_2022__EXAM__exam__cuadernillo-de-examen-aparato-digestivo-fea.pdf,AD_ILLES_BALEARS_2022__ANSWER_KEY__answer-key__plantilla-correctora-del-examen.pdf,retained318,31cd5f04f9c12d2128b5fe7af216e59819ebd4fd3e687abd4f1d3a1dc60f96a3,cfbec28db6711c6d16e7a4505ab01e1962db239c48daa61ddd3f540a49c4a7c6
b64,illes-balears|2022|caso-3|66,Illes Balears,2022,aparato-digestivo,caso-3,64,"Paciente varón de 62 años con antecedentes de enolismo superior a 60 g/día de veinte años de evolución y fumador de 25 paquetes/año desde los 17 años.

Antecedente de dos ingresos por pancreatitis agudas leves en los últimos tres años. En los últimos tres meses presenta un cuadro de diarrea en forma de cuatro deposiciones al día, dolor abdominal continuo y diario, localizado en el epigastrio que no mejora con paracetamol. Además, refiere que ha perdido cuatro quilos. Se le hace una gastroscopia que es normal. Una TC abdominal revela la presencia de múltiples calcificaciones parenquimatosas en
la cabeza del páncreas, dilatación del conducto pancreático principal, una lesión quística de 10 mm en el cuerpo pancreático y atrofia de la cola de páncreas. Los coprocultivos, los parásitos en heces y la toxina de Clostridium difficile en heces son negativos, la serología de celiaquía negativa y las hormonas tiroideas son normales.

Elementos relevantes de la analítica. Glucosa: 124 mg/dl, GGT: 101 U/L, AST: 55 U/L, ALT: 65 U/L, VCM: 102 fl, BI total: 1,4 mg/dl, triglicéridos: 180 mg/dl, amilasa: 125 U/L, lipasa: 25 U/L.
El resto del hemograma y de la bioquímica está dentro de valores normales.

Las pruebas para determinar la insuficiencia pancreática exocrina demuestran una insuficiencia pancreática exocrina (IPE) grave.

22 meses después del diagnóstico el paciente ingresa por ictericia conjuntival y cutánea con cifras de bilirrubina de 9 mg/dl (de predominio directo) y colestasis marcada en la analítica. Una ecografía abdominal en urgencias muestra una dilatación de la vía biliar extrahepática.

Una TC abdominal con protocolo pancreático objetiva una lesión sólida en la cabeza del páncreas de 2,7 x 2,5 cm con dilatación de la vía biliar extrahepática de 13 mm. No se observan lesiones hepáticas ocupantes de espacio. La lesión está en contacto con la arteria mesentérica superior en más de 180° con presencia de una trombosis portal.

¿Cuál debe ser el siguiente paso si se confirma la malignidad de la lesión (adenocarcinoma pancreático)?",Con los datos de que disponemos debe indicarse una duodenopancreatectomía cefálica.,Debe valorarse la resecabilidad de la lesión basándose en su tamaño.,Ninguna de las respuestas anteriores es correcta.,Debe indicarse una intervención de Frey lo antes posible.,c,Ninguna de las respuestas anteriores es correcta.,,24,AD_ILLES_BALEARS_2022__EXAM__exam__cuadernillo-de-examen-aparato-digestivo-fea.pdf,AD_ILLES_BALEARS_2022__ANSWER_KEY__answer-key__plantilla-correctora-del-examen.pdf,retained318,8fe5f429c28fe4d1880392c82b2f7981c2041ffa2e397decd66e681a03b3f09c,6b0921d66385a898aadca5703f17f58b1e755f03b9fc596008207f0f0e1e5316
b65,illes-balears|2022|caso-3|67,Illes Balears,2022,aparato-digestivo,caso-3,65,"Paciente varón de 62 años con antecedentes de enolismo superior a 60 g/día de veinte años de evolución y fumador de 25 paquetes/año desde los 17 años.

Antecedente de dos ingresos por pancreatitis agudas leves en los últimos tres años. En los últimos tres meses presenta un cuadro de diarrea en forma de cuatro deposiciones al día, dolor abdominal continuo y diario, localizado en el epigastrio que no mejora con paracetamol. Además, refiere que ha perdido cuatro quilos. Se le hace una gastroscopia que es normal. Una TC abdominal revela la presencia de múltiples calcificaciones parenquimatosas en
la cabeza del páncreas, dilatación del conducto pancreático principal, una lesión quística de 10 mm en el cuerpo pancreático y atrofia de la cola de páncreas. Los coprocultivos, los parásitos en heces y la toxina de Clostridium difficile en heces son negativos, la serología de celiaquía negativa y las hormonas tiroideas son normales.

Elementos relevantes de la analítica. Glucosa: 124 mg/dl, GGT: 101 U/L, AST: 55 U/L, ALT: 65 U/L, VCM: 102 fl, BI total: 1,4 mg/dl, triglicéridos: 180 mg/dl, amilasa: 125 U/L, lipasa: 25 U/L.
El resto del hemograma y de la bioquímica está dentro de valores normales.

Las pruebas para determinar la insuficiencia pancreática exocrina demuestran una insuficiencia pancreática exocrina (IPE) grave.

22 meses después del diagnóstico el paciente ingresa por ictericia conjuntival y cutánea con cifras de bilirrubina de 9 mg/dl (de predominio directo) y colestasis marcada en la analítica. Una ecografía abdominal en urgencias muestra una dilatación de la vía biliar extrahepática.

Una TC abdominal con protocolo pancreático objetiva una lesión sólida en la cabeza del páncreas de 2,7 x 2,5 cm con dilatación de la vía biliar extrahepática de 13 mm. No se observan lesiones hepáticas ocupantes de espacio. La lesión está en contacto con la arteria mesentérica superior en más de 180° con presencia de una trombosis portal.

Con los datos de la TC, ¿de qué tipo de tumor debe considerarse que se trata?",Resecable.,Borderline.,Ninguna de las respuestas anteriores es correcta.,Metastásico.,c,Ninguna de las respuestas anteriores es correcta.,,24,AD_ILLES_BALEARS_2022__EXAM__exam__cuadernillo-de-examen-aparato-digestivo-fea.pdf,AD_ILLES_BALEARS_2022__ANSWER_KEY__answer-key__plantilla-correctora-del-examen.pdf,retained318,d3bc236d5d06d5ea897ed23ecb79502db4ac639d11c4f405265d9d39e6e8aa7f,2e8570e88c62c7bf1204ce816da94769d670ae02548cf3259b0e095b2edf4ee6
b66,illes-balears|2022|caso-3|68,Illes Balears,2022,aparato-digestivo,caso-3,66,"Paciente varón de 62 años con antecedentes de enolismo superior a 60 g/día de veinte años de evolución y fumador de 25 paquetes/año desde los 17 años.

Antecedente de dos ingresos por pancreatitis agudas leves en los últimos tres años. En los últimos tres meses presenta un cuadro de diarrea en forma de cuatro deposiciones al día, dolor abdominal continuo y diario, localizado en el epigastrio que no mejora con paracetamol. Además, refiere que ha perdido cuatro quilos. Se le hace una gastroscopia que es normal. Una TC abdominal revela la presencia de múltiples calcificaciones parenquimatosas en
la cabeza del páncreas, dilatación del conducto pancreático principal, una lesión quística de 10 mm en el cuerpo pancreático y atrofia de la cola de páncreas. Los coprocultivos, los parásitos en heces y la toxina de Clostridium difficile en heces son negativos, la serología de celiaquía negativa y las hormonas tiroideas son normales.

Elementos relevantes de la analítica. Glucosa: 124 mg/dl, GGT: 101 U/L, AST: 55 U/L, ALT: 65 U/L, VCM: 102 fl, BI total: 1,4 mg/dl, triglicéridos: 180 mg/dl, amilasa: 125 U/L, lipasa: 25 U/L.
El resto del hemograma y de la bioquímica está dentro de valores normales.

Las pruebas para determinar la insuficiencia pancreática exocrina demuestran una insuficiencia pancreática exocrina (IPE) grave.

22 meses después del diagnóstico el paciente ingresa por ictericia conjuntival y cutánea con cifras de bilirrubina de 9 mg/dl (de predominio directo) y colestasis marcada en la analítica. Una ecografía abdominal en urgencias muestra una dilatación de la vía biliar extrahepática.

Una TC abdominal con protocolo pancreático objetiva una lesión sólida en la cabeza del páncreas de 2,7 x 2,5 cm con dilatación de la vía biliar extrahepática de 13 mm. No se observan lesiones hepáticas ocupantes de espacio. La lesión está en contacto con la arteria mesentérica superior en más de 180° con presencia de una trombosis portal.

Señale la respuesta falsa en relación con el marcador tumoral CA 19-9 en el adenocarcinoma de páncreas:","Los niveles de CA 19-9 se relacionan con el tamaño del tumor, la presencia de metástasis y el pronóstico del paciente.","La monitorización del CA 19-9 es útil para evaluar la respuesta al tratamiento, especialmente en pacientes con niveles elevados.",Ninguna de las respuestas anteriores es correcta.,Los niveles de CA 19-9 pueden elevarse en enfermedades pancreatobiliares benignas y en casos de obstrucción biliar.,c,Ninguna de las respuestas anteriores es correcta.,negated,24,AD_ILLES_BALEARS_2022__EXAM__exam__cuadernillo-de-examen-aparato-digestivo-fea.pdf,AD_ILLES_BALEARS_2022__ANSWER_KEY__answer-key__plantilla-correctora-del-examen.pdf,retained318,2bf285afd9276cb332d226c0429b23331b0be274c442cffbc49a5af1e3c8db8e,7359f49b51a4b71b00378ff8cb744c1fc882f08729a94287f868407b7a9f2614
b68,illes-balears|2022|caso-3|70,Illes Balears,2022,aparato-digestivo,caso-3,68,"Paciente varón de 62 años con antecedentes de enolismo superior a 60 g/día de veinte años de evolución y fumador de 25 paquetes/año desde los 17 años.

Antecedente de dos ingresos por pancreatitis agudas leves en los últimos tres años. En los últimos tres meses presenta un cuadro de diarrea en forma de cuatro deposiciones al día, dolor abdominal continuo y diario, localizado en el epigastrio que no mejora con paracetamol. Además, refiere que ha perdido cuatro quilos. Se le hace una gastroscopia que es normal. Una TC abdominal revela la presencia de múltiples calcificaciones parenquimatosas en
la cabeza del páncreas, dilatación del conducto pancreático principal, una lesión quística de 10 mm en el cuerpo pancreático y atrofia de la cola de páncreas. Los coprocultivos, los parásitos en heces y la toxina de Clostridium difficile en heces son negativos, la serología de celiaquía negativa y las hormonas tiroideas son normales.

Elementos relevantes de la analítica. Glucosa: 124 mg/dl, GGT: 101 U/L, AST: 55 U/L, ALT: 65 U/L, VCM: 102 fl, BI total: 1,4 mg/dl, triglicéridos: 180 mg/dl, amilasa: 125 U/L, lipasa: 25 U/L.
El resto del hemograma y de la bioquímica está dentro de valores normales.

Las pruebas para determinar la insuficiencia pancreática exocrina demuestran una insuficiencia pancreática exocrina (IPE) grave.

22 meses después del diagnóstico el paciente ingresa por ictericia conjuntival y cutánea con cifras de bilirrubina de 9 mg/dl (de predominio directo) y colestasis marcada en la analítica. Una ecografía abdominal en urgencias muestra una dilatación de la vía biliar extrahepática.

Una TC abdominal con protocolo pancreático objetiva una lesión sólida en la cabeza del páncreas de 2,7 x 2,5 cm con dilatación de la vía biliar extrahepática de 13 mm. No se observan lesiones hepáticas ocupantes de espacio. La lesión está en contacto con la arteria mesentérica superior en más de 180° con presencia de una trombosis portal.

Señale la respuesta verdadera respecto al tratamiento del dolor severo en este paciente:",El paracetamol suele ser suficiente.,El tratamiento enzimático sustitutivo ha demostrado un claro beneficio en la reducción del dolor.,"En el dolor neuropático, la evidencia en cuanto a la mejoría del dolor es clara para técnicas como el bloqueo del plexo celíaco, la estimulación de la medula espinal o la acupuntura.",Ninguna de las respuestas anteriores es correcta.,d,Ninguna de las respuestas anteriores es correcta.,,25,AD_ILLES_BALEARS_2022__EXAM__exam__cuadernillo-de-examen-aparato-digestivo-fea.pdf,AD_ILLES_BALEARS_2022__ANSWER_KEY__answer-key__plantilla-correctora-del-examen.pdf,retained318,5aeae5598bd9525e6e90c88e57dcd6d68cffbc623ba3751baca5cc1599b23f84,18467827d3dd90e1e4da67c69db74c2f212eb5b60e80eec295e79d928f5f355a
b69,illes-balears|2022|caso-3|71,Illes Balears,2022,aparato-digestivo,caso-3,69,"Paciente varón de 62 años con antecedentes de enolismo superior a 60 g/día de veinte años de evolución y fumador de 25 paquetes/año desde los 17 años.

Antecedente de dos ingresos por pancreatitis agudas leves en los últimos tres años. En los últimos tres meses presenta un cuadro de diarrea en forma de cuatro deposiciones al día, dolor abdominal continuo y diario, localizado en el epigastrio que no mejora con paracetamol. Además, refiere que ha perdido cuatro quilos. Se le hace una gastroscopia que es normal. Una TC abdominal revela la presencia de múltiples calcificaciones parenquimatosas en
la cabeza del páncreas, dilatación del conducto pancreático principal, una lesión quística de 10 mm en el cuerpo pancreático y atrofia de la cola de páncreas. Los coprocultivos, los parásitos en heces y la toxina de Clostridium difficile en heces son negativos, la serología de celiaquía negativa y las hormonas tiroideas son normales.

Elementos relevantes de la analítica. Glucosa: 124 mg/dl, GGT: 101 U/L, AST: 55 U/L, ALT: 65 U/L, VCM: 102 fl, BI total: 1,4 mg/dl, triglicéridos: 180 mg/dl, amilasa: 125 U/L, lipasa: 25 U/L.
El resto del hemograma y de la bioquímica está dentro de valores normales.

Las pruebas para determinar la insuficiencia pancreática exocrina demuestran una insuficiencia pancreática exocrina (IPE) grave.

22 meses después del diagnóstico el paciente ingresa por ictericia conjuntival y cutánea con cifras de bilirrubina de 9 mg/dl (de predominio directo) y colestasis marcada en la analítica. Una ecografía abdominal en urgencias muestra una dilatación de la vía biliar extrahepática.

Una TC abdominal con protocolo pancreático objetiva una lesión sólida en la cabeza del páncreas de 2,7 x 2,5 cm con dilatación de la vía biliar extrahepática de 13 mm. No se observan lesiones hepáticas ocupantes de espacio. La lesión está en contacto con la arteria mesentérica superior en más de 180° con presencia de una trombosis portal.

Señale la respuesta falsa en relación con la TC abdominal en la evaluación de un paciente con sospecha de adenocarcinoma de páncreas:",En un protocolo pancreático es la prueba de elección para la evaluación de un paciente con sospecha de adenocarcinoma pancreático.,"En comparación con la resonancia magnética, ofrece más detalles anatómicos de la relación del tumor con la vascularización.",Ninguna de las respuestas anteriores es correcta.,"La PET-TC no se utiliza habitualmente en el diagnóstico, pero puede ser útil en la detección de enfermedad metastásica oculta.",c,Ninguna de las respuestas anteriores es correcta.,negated,25,AD_ILLES_BALEARS_2022__EXAM__exam__cuadernillo-de-examen-aparato-digestivo-fea.pdf,AD_ILLES_BALEARS_2022__ANSWER_KEY__answer-key__plantilla-correctora-del-examen.pdf,retained318,a1fe165812b530cb47db1b16dfa652eafb6fe98236f1f26ae92b0b82bc84958f,f09814187edb53a469fbd303d41fcf29aeedc9c551d4a3444ec98f2baaa2b738
b71,illes-balears|2022|caso-4|73,Illes Balears,2022,aparato-digestivo,caso-4,71,"Mujer de 18 años sin antecedentes personales ni familiares de interés y sin hábitos tóxicos. Ingresa por fiebre, pérdida de peso asociada a hiporexia, diarrea de comienzo reciente sin productos patológicos y dolor abdominal de dos semanas de evolución.

Exploración. Temperatura: 37,6 °C; TA: 100/60 mmHg; consciente, orientada, eupneica; peso: 40 quilos, talla: 155 cm, delgadez, retraso del desarrollo puberal, palidez discreta, bien hidratada y perfundida. No se palparon adenopatías. La auscultación cardiorrespiratoria fue normal y la exploración abdominal no mostró hallazgos de interés. En la
inspección anal se observó una hemorroide centinela y una fisura anal en el rafe posterior.

En la analítica destacaban, hemoglobina: 9,9 g/dl; hematocrito: 34 %; VCM: 81 fl; leucocitos: 15.600 /μl (82 % neutrófilos); plaquetas: 699.000 /μl; VSG: 41 Fe: 15 μg/dl; ferritina: 247 ng/ml; proteína C reactiva: 9,7 mg/dl.

Los coprocultivos y los parásitos en heces fueron negativos.
En la colonoscopia se exploró hasta el ciego y se hizo una ileoscopia de los últimos 10 cm. En todo el trayecto explorado se apreciaron úlceras profundas serpiginosas entre áreas de mucosa sana y se tomaron muestras para biopsia. Las biopsias del íleon y el colon fueron compatibles con una inflamación crónica activa.

¿Cuál es el diagnóstico más probable?",Tuberculosis intestinal.,Colitis microscópica.,Ninguna de las respuestas anteriores es correcta.,Colitis ulcerosa.,c,Ninguna de las respuestas anteriores es correcta.,,26,AD_ILLES_BALEARS_2022__EXAM__exam__cuadernillo-de-examen-aparato-digestivo-fea.pdf,AD_ILLES_BALEARS_2022__ANSWER_KEY__answer-key__plantilla-correctora-del-examen.pdf,retained318,365f4ed89a7337ea6a866836ff14a3f1086cc6065e52a650311acb1b1cdaf200,d32529d6b099d3305272fba1c757b9bff1d17ba2bc3329b50d42dfdfef8bcead
b73,illes-balears|2022|caso-4|75,Illes Balears,2022,aparato-digestivo,caso-4,73,"Mujer de 18 años sin antecedentes personales ni familiares de interés y sin hábitos tóxicos. Ingresa por fiebre, pérdida de peso asociada a hiporexia, diarrea de comienzo reciente sin productos patológicos y dolor abdominal de dos semanas de evolución.

Exploración. Temperatura: 37,6 °C; TA: 100/60 mmHg; consciente, orientada, eupneica; peso: 40 quilos, talla: 155 cm, delgadez, retraso del desarrollo puberal, palidez discreta, bien hidratada y perfundida. No se palparon adenopatías. La auscultación cardiorrespiratoria fue normal y la exploración abdominal no mostró hallazgos de interés. En la
inspección anal se observó una hemorroide centinela y una fisura anal en el rafe posterior.

En la analítica destacaban, hemoglobina: 9,9 g/dl; hematocrito: 34 %; VCM: 81 fl; leucocitos: 15.600 /μl (82 % neutrófilos); plaquetas: 699.000 /μl; VSG: 41 Fe: 15 μg/dl; ferritina: 247 ng/ml; proteína C reactiva: 9,7 mg/dl.

Los coprocultivos y los parásitos en heces fueron negativos.
En la colonoscopia se exploró hasta el ciego y se hizo una ileoscopia de los últimos 10 cm. En todo el trayecto explorado se apreciaron úlceras profundas serpiginosas entre áreas de mucosa sana y se tomaron muestras para biopsia. Las biopsias del íleon y el colon fueron compatibles con una inflamación crónica activa.

¿Cuál de estas afirmaciones es falsa?",La enfermedad de Crohn puede afectar a cualquier parte del tubo digestivo.,En la colitis ulcerosa siempre hay afectación rectal.,En la enfermedad de Crohn y en la colitis ulcerosa puede haber manifestaciones extraintestinales.,Ninguna de las respuestas anteriores es correcta.,d,Ninguna de las respuestas anteriores es correcta.,negated,27,AD_ILLES_BALEARS_2022__EXAM__exam__cuadernillo-de-examen-aparato-digestivo-fea.pdf,AD_ILLES_BALEARS_2022__ANSWER_KEY__answer-key__plantilla-correctora-del-examen.pdf,retained318,7af41093b0381dab97b5266f5fc930d3a127fc9b52f249bb54029c86eb6fa187,289be7d1f917c5d7a0c8e391b3d27c527cf55eb3997b7243921e33656234fe52
b76,illes-balears|2022|caso-4|78,Illes Balears,2022,aparato-digestivo,caso-4,76,"Mujer de 18 años sin antecedentes personales ni familiares de interés y sin hábitos tóxicos. Ingresa por fiebre, pérdida de peso asociada a hiporexia, diarrea de comienzo reciente sin productos patológicos y dolor abdominal de dos semanas de evolución.

Exploración. Temperatura: 37,6 °C; TA: 100/60 mmHg; consciente, orientada, eupneica; peso: 40 quilos, talla: 155 cm, delgadez, retraso del desarrollo puberal, palidez discreta, bien hidratada y perfundida. No se palparon adenopatías. La auscultación cardiorrespiratoria fue normal y la exploración abdominal no mostró hallazgos de interés. En la
inspección anal se observó una hemorroide centinela y una fisura anal en el rafe posterior.

En la analítica destacaban, hemoglobina: 9,9 g/dl; hematocrito: 34 %; VCM: 81 fl; leucocitos: 15.600 /μl (82 % neutrófilos); plaquetas: 699.000 /μl; VSG: 41 Fe: 15 μg/dl; ferritina: 247 ng/ml; proteína C reactiva: 9,7 mg/dl.

Los coprocultivos y los parásitos en heces fueron negativos.
En la colonoscopia se exploró hasta el ciego y se hizo una ileoscopia de los últimos 10 cm. En todo el trayecto explorado se apreciaron úlceras profundas serpiginosas entre áreas de mucosa sana y se tomaron muestras para biopsia. Las biopsias del íleon y el colon fueron compatibles con una inflamación crónica activa.

¿Cuál de estas pruebas diagnósticas es la más útil para valorar la existencia de complicaciones abdominales como abscesos y fístulas?",Colonoscopia.,Ecografía abdominal.,Ninguna de las respuestas anteriores es correcta.,Tránsito intestinal.,c,Ninguna de las respuestas anteriores es correcta.,,27,AD_ILLES_BALEARS_2022__EXAM__exam__cuadernillo-de-examen-aparato-digestivo-fea.pdf,AD_ILLES_BALEARS_2022__ANSWER_KEY__answer-key__plantilla-correctora-del-examen.pdf,retained318,2d930ac3f76992b2ba6cce1982a44269d8f3900d882f5e942657482d5aae85ea,fb30ec3480ee75d8c83355682f4060b21bb1c2dbfbc80f4f85f0f8092d469b6b
b77,illes-balears|2022|caso-4|79,Illes Balears,2022,aparato-digestivo,caso-4,77,"Mujer de 18 años sin antecedentes personales ni familiares de interés y sin hábitos tóxicos. Ingresa por fiebre, pérdida de peso asociada a hiporexia, diarrea de comienzo reciente sin productos patológicos y dolor abdominal de dos semanas de evolución.

Exploración. Temperatura: 37,6 °C; TA: 100/60 mmHg; consciente, orientada, eupneica; peso: 40 quilos, talla: 155 cm, delgadez, retraso del desarrollo puberal, palidez discreta, bien hidratada y perfundida. No se palparon adenopatías. La auscultación cardiorrespiratoria fue normal y la exploración abdominal no mostró hallazgos de interés. En la
inspección anal se observó una hemorroide centinela y una fisura anal en el rafe posterior.

En la analítica destacaban, hemoglobina: 9,9 g/dl; hematocrito: 34 %; VCM: 81 fl; leucocitos: 15.600 /μl (82 % neutrófilos); plaquetas: 699.000 /μl; VSG: 41 Fe: 15 μg/dl; ferritina: 247 ng/ml; proteína C reactiva: 9,7 mg/dl.

Los coprocultivos y los parásitos en heces fueron negativos.
En la colonoscopia se exploró hasta el ciego y se hizo una ileoscopia de los últimos 10 cm. En todo el trayecto explorado se apreciaron úlceras profundas serpiginosas entre áreas de mucosa sana y se tomaron muestras para biopsia. Las biopsias del íleon y el colon fueron compatibles con una inflamación crónica activa.

Señale cuál de estos factores predictivos no se considera un factor predictivo de peor pronóstico en la enfermedad de Crohn:",Presencia de enfermedad perianal.,Edad joven de inicio.,Ninguna de las respuestas anteriores es correcta.,Necesidad de corticoides en el primer brote.,c,Ninguna de las respuestas anteriores es correcta.,,27,AD_ILLES_BALEARS_2022__EXAM__exam__cuadernillo-de-examen-aparato-digestivo-fea.pdf,AD_ILLES_BALEARS_2022__ANSWER_KEY__answer-key__plantilla-correctora-del-examen.pdf,retained318,1b88438c3cd3b964af16798b74565412b1d12b6f7c6deb312bcf4184a4887b4e,c72219e9385360d9ed77bff0f00a8a6b9f1c2bb4ff540a67b2c8c8debb7f0cc0
b78,illes-balears|2022|caso-4|80,Illes Balears,2022,aparato-digestivo,caso-4,78,"Mujer de 18 años sin antecedentes personales ni familiares de interés y sin hábitos tóxicos. Ingresa por fiebre, pérdida de peso asociada a hiporexia, diarrea de comienzo reciente sin productos patológicos y dolor abdominal de dos semanas de evolución.

Exploración. Temperatura: 37,6 °C; TA: 100/60 mmHg; consciente, orientada, eupneica; peso: 40 quilos, talla: 155 cm, delgadez, retraso del desarrollo puberal, palidez discreta, bien hidratada y perfundida. No se palparon adenopatías. La auscultación cardiorrespiratoria fue normal y la exploración abdominal no mostró hallazgos de interés. En la
inspección anal se observó una hemorroide centinela y una fisura anal en el rafe posterior.

En la analítica destacaban, hemoglobina: 9,9 g/dl; hematocrito: 34 %; VCM: 81 fl; leucocitos: 15.600 /μl (82 % neutrófilos); plaquetas: 699.000 /μl; VSG: 41 Fe: 15 μg/dl; ferritina: 247 ng/ml; proteína C reactiva: 9,7 mg/dl.

Los coprocultivos y los parásitos en heces fueron negativos.
En la colonoscopia se exploró hasta el ciego y se hizo una ileoscopia de los últimos 10 cm. En todo el trayecto explorado se apreciaron úlceras profundas serpiginosas entre áreas de mucosa sana y se tomaron muestras para biopsia. Las biopsias del íleon y el colon fueron compatibles con una inflamación crónica activa.

Siendo A «edad al diagnóstico», L «localización de la enfermedad» y B «patrón de comportamiento», ¿cuál es la opción correcta para esta paciente según la clasificación de Montreal?",A1 L2 B2.,Ninguna de las respuestas anteriores es correcta.,A3 L3 B2.,A2 L1 B3.,b,Ninguna de las respuestas anteriores es correcta.,,28,AD_ILLES_BALEARS_2022__EXAM__exam__cuadernillo-de-examen-aparato-digestivo-fea.pdf,AD_ILLES_BALEARS_2022__ANSWER_KEY__answer-key__plantilla-correctora-del-examen.pdf,retained318,cbd74f587d92d77009c30a37fa6a79404a18e74beec47c001dc572fe3f1f70bf,d3e68c2f9923ee2fdd79aa810d723e899e7fa43477003b95cffe04f56296e927
b79,illes-balears|2022|caso-4|81,Illes Balears,2022,aparato-digestivo,caso-4,79,"Mujer de 18 años sin antecedentes personales ni familiares de interés y sin hábitos tóxicos. Ingresa por fiebre, pérdida de peso asociada a hiporexia, diarrea de comienzo reciente sin productos patológicos y dolor abdominal de dos semanas de evolución.

Exploración. Temperatura: 37,6 °C; TA: 100/60 mmHg; consciente, orientada, eupneica; peso: 40 quilos, talla: 155 cm, delgadez, retraso del desarrollo puberal, palidez discreta, bien hidratada y perfundida. No se palparon adenopatías. La auscultación cardiorrespiratoria fue normal y la exploración abdominal no mostró hallazgos de interés. En la
inspección anal se observó una hemorroide centinela y una fisura anal en el rafe posterior.

En la analítica destacaban, hemoglobina: 9,9 g/dl; hematocrito: 34 %; VCM: 81 fl; leucocitos: 15.600 /μl (82 % neutrófilos); plaquetas: 699.000 /μl; VSG: 41 Fe: 15 μg/dl; ferritina: 247 ng/ml; proteína C reactiva: 9,7 mg/dl.

Los coprocultivos y los parásitos en heces fueron negativos.
En la colonoscopia se exploró hasta el ciego y se hizo una ileoscopia de los últimos 10 cm. En todo el trayecto explorado se apreciaron úlceras profundas serpiginosas entre áreas de mucosa sana y se tomaron muestras para biopsia. Las biopsias del íleon y el colon fueron compatibles con una inflamación crónica activa.

¿Cuál debe ser el tratamiento inicial de esta paciente?",Antibióticos de amplio espectro.,Inmunosupresores como la azatioprina.,Ninguna de las respuestas anteriores es correcta.,5-ASA.,c,Ninguna de las respuestas anteriores es correcta.,,28,AD_ILLES_BALEARS_2022__EXAM__exam__cuadernillo-de-examen-aparato-digestivo-fea.pdf,AD_ILLES_BALEARS_2022__ANSWER_KEY__answer-key__plantilla-correctora-del-examen.pdf,retained318,fe93cd70d8e884b8fe862cf34538f99976857439c3fd520bc51723f407135a2f,55d6624c3ab30864fae75082322112826d89a981ecb178a5bb67cb93e2db07f8
b81,illes-balears|2022|caso-4|83,Illes Balears,2022,aparato-digestivo,caso-4,81,"Mujer de 18 años sin antecedentes personales ni familiares de interés y sin hábitos tóxicos. Ingresa por fiebre, pérdida de peso asociada a hiporexia, diarrea de comienzo reciente sin productos patológicos y dolor abdominal de dos semanas de evolución.

Exploración. Temperatura: 37,6 °C; TA: 100/60 mmHg; consciente, orientada, eupneica; peso: 40 quilos, talla: 155 cm, delgadez, retraso del desarrollo puberal, palidez discreta, bien hidratada y perfundida. No se palparon adenopatías. La auscultación cardiorrespiratoria fue normal y la exploración abdominal no mostró hallazgos de interés. En la
inspección anal se observó una hemorroide centinela y una fisura anal en el rafe posterior.

En la analítica destacaban, hemoglobina: 9,9 g/dl; hematocrito: 34 %; VCM: 81 fl; leucocitos: 15.600 /μl (82 % neutrófilos); plaquetas: 699.000 /μl; VSG: 41 Fe: 15 μg/dl; ferritina: 247 ng/ml; proteína C reactiva: 9,7 mg/dl.

Los coprocultivos y los parásitos en heces fueron negativos.
En la colonoscopia se exploró hasta el ciego y se hizo una ileoscopia de los últimos 10 cm. En todo el trayecto explorado se apreciaron úlceras profundas serpiginosas entre áreas de mucosa sana y se tomaron muestras para biopsia. Las biopsias del íleon y el colon fueron compatibles con una inflamación crónica activa.

Señale la afirmación falsa respecto a los corticoides:",Los corticoides sistémicos son útiles para la inducción de la respuesta y la remisión clínica en la enfermedad de Crohn activa moderada-grave.,Ninguna de las respuestas anteriores es correcta.,La budesonida es útil para inducir la remisión clínica en pacientes con enfermedad de Crohn leve-moderada limitada al íleon y/o al colon ascendente.,Los pacientes que toman corticoides a dosis altas tienen más riesgo de infecciones.,b,Ninguna de las respuestas anteriores es correcta.,negated,28,AD_ILLES_BALEARS_2022__EXAM__exam__cuadernillo-de-examen-aparato-digestivo-fea.pdf,AD_ILLES_BALEARS_2022__ANSWER_KEY__answer-key__plantilla-correctora-del-examen.pdf,retained318,dd00f2656a367659af20915d9c65b48e758185d75d2c819c43f27d6f3c571fea,c6c473e7f66876c7b77b84a0a2037d411102f44e509346479b315126bf27099a
b82,illes-balears|2022|caso-4|84,Illes Balears,2022,aparato-digestivo,caso-4,82,"Mujer de 18 años sin antecedentes personales ni familiares de interés y sin hábitos tóxicos. Ingresa por fiebre, pérdida de peso asociada a hiporexia, diarrea de comienzo reciente sin productos patológicos y dolor abdominal de dos semanas de evolución.

Exploración. Temperatura: 37,6 °C; TA: 100/60 mmHg; consciente, orientada, eupneica; peso: 40 quilos, talla: 155 cm, delgadez, retraso del desarrollo puberal, palidez discreta, bien hidratada y perfundida. No se palparon adenopatías. La auscultación cardiorrespiratoria fue normal y la exploración abdominal no mostró hallazgos de interés. En la
inspección anal se observó una hemorroide centinela y una fisura anal en el rafe posterior.

En la analítica destacaban, hemoglobina: 9,9 g/dl; hematocrito: 34 %; VCM: 81 fl; leucocitos: 15.600 /μl (82 % neutrófilos); plaquetas: 699.000 /μl; VSG: 41 Fe: 15 μg/dl; ferritina: 247 ng/ml; proteína C reactiva: 9,7 mg/dl.

Los coprocultivos y los parásitos en heces fueron negativos.
En la colonoscopia se exploró hasta el ciego y se hizo una ileoscopia de los últimos 10 cm. En todo el trayecto explorado se apreciaron úlceras profundas serpiginosas entre áreas de mucosa sana y se tomaron muestras para biopsia. Las biopsias del íleon y el colon fueron compatibles con una inflamación crónica activa.

¿Cuál de estas afirmaciones es verdadera respecto a la azatioprina?",La azatioprina se utiliza en monoterapia para inducir la remisión en el brote moderado-grave de la enfermedad de Crohn.,Está contraindicada en el embarazo.,Siempre se debe monitorizar la tiopurina metiltransferasa.,Ninguna de las respuestas anteriores es correcta.,d,Ninguna de las respuestas anteriores es correcta.,,29,AD_ILLES_BALEARS_2022__EXAM__exam__cuadernillo-de-examen-aparato-digestivo-fea.pdf,AD_ILLES_BALEARS_2022__ANSWER_KEY__answer-key__plantilla-correctora-del-examen.pdf,retained318,412cdf1711551fd636f7925646b16df3274d3370f5202c782765fe63ca90edf6,b16c536d331fd54efce1a529332880f21ad4154ea087bff5b38b33e80ebf0d60
b83,illes-balears|2022|caso-4|85,Illes Balears,2022,aparato-digestivo,caso-4,83,"Mujer de 18 años sin antecedentes personales ni familiares de interés y sin hábitos tóxicos. Ingresa por fiebre, pérdida de peso asociada a hiporexia, diarrea de comienzo reciente sin productos patológicos y dolor abdominal de dos semanas de evolución.

Exploración. Temperatura: 37,6 °C; TA: 100/60 mmHg; consciente, orientada, eupneica; peso: 40 quilos, talla: 155 cm, delgadez, retraso del desarrollo puberal, palidez discreta, bien hidratada y perfundida. No se palparon adenopatías. La auscultación cardiorrespiratoria fue normal y la exploración abdominal no mostró hallazgos de interés. En la
inspección anal se observó una hemorroide centinela y una fisura anal en el rafe posterior.

En la analítica destacaban, hemoglobina: 9,9 g/dl; hematocrito: 34 %; VCM: 81 fl; leucocitos: 15.600 /μl (82 % neutrófilos); plaquetas: 699.000 /μl; VSG: 41 Fe: 15 μg/dl; ferritina: 247 ng/ml; proteína C reactiva: 9,7 mg/dl.

Los coprocultivos y los parásitos en heces fueron negativos.
En la colonoscopia se exploró hasta el ciego y se hizo una ileoscopia de los últimos 10 cm. En todo el trayecto explorado se apreciaron úlceras profundas serpiginosas entre áreas de mucosa sana y se tomaron muestras para biopsia. Las biopsias del íleon y el colon fueron compatibles con una inflamación crónica activa.

¿Cuál de estos estudios no es necesario antes de empezar un tratamiento biológico?",Determinación de Mantoux y QuantiFERON®.,Hemograma y bioquímica completa.,Ninguna de las respuestas anteriores es correcta.,Serologías infecciosas.,c,Ninguna de las respuestas anteriores es correcta.,,29,AD_ILLES_BALEARS_2022__EXAM__exam__cuadernillo-de-examen-aparato-digestivo-fea.pdf,AD_ILLES_BALEARS_2022__ANSWER_KEY__answer-key__plantilla-correctora-del-examen.pdf,retained318,bf2e5fc43f2875b84d45e0056009ee6cd31f2965a8141b08e64281bade3e6d56,60aa96b2750e5791f12aabd81645747242fc4729be6929282a2cfc0cd29e0b09
b85,illes-balears|2022|caso-4|87,Illes Balears,2022,aparato-digestivo,caso-4,85,"Mujer de 18 años sin antecedentes personales ni familiares de interés y sin hábitos tóxicos. Ingresa por fiebre, pérdida de peso asociada a hiporexia, diarrea de comienzo reciente sin productos patológicos y dolor abdominal de dos semanas de evolución.

Exploración. Temperatura: 37,6 °C; TA: 100/60 mmHg; consciente, orientada, eupneica; peso: 40 quilos, talla: 155 cm, delgadez, retraso del desarrollo puberal, palidez discreta, bien hidratada y perfundida. No se palparon adenopatías. La auscultación cardiorrespiratoria fue normal y la exploración abdominal no mostró hallazgos de interés. En la
inspección anal se observó una hemorroide centinela y una fisura anal en el rafe posterior.

En la analítica destacaban, hemoglobina: 9,9 g/dl; hematocrito: 34 %; VCM: 81 fl; leucocitos: 15.600 /μl (82 % neutrófilos); plaquetas: 699.000 /μl; VSG: 41 Fe: 15 μg/dl; ferritina: 247 ng/ml; proteína C reactiva: 9,7 mg/dl.

Los coprocultivos y los parásitos en heces fueron negativos.
En la colonoscopia se exploró hasta el ciego y se hizo una ileoscopia de los últimos 10 cm. En todo el trayecto explorado se apreciaron úlceras profundas serpiginosas entre áreas de mucosa sana y se tomaron muestras para biopsia. Las biopsias del íleon y el colon fueron compatibles con una inflamación crónica activa.

Señale la respuesta incorrecta respecto al tratamiento anti-TNFα:",La presencia del alelo HLA-DQA1*05 confiere mayor riesgo de inmunogenicidad.,La asociación con azatioprina disminuye el riesgo de inmunogenicidad.,Ninguna de las respuestas anteriores es correcta.,Los pacientes tratados con anti-TNFα tienen más riesgo de infecciones.,c,Ninguna de las respuestas anteriores es correcta.,negated,29,AD_ILLES_BALEARS_2022__EXAM__exam__cuadernillo-de-examen-aparato-digestivo-fea.pdf,AD_ILLES_BALEARS_2022__ANSWER_KEY__answer-key__plantilla-correctora-del-examen.pdf,retained318,6def45bdba79adfcfc7336078c7697f8349f2732d8a7b0511a02020254f91199,1a174a69144e2483346a5c84c8afcfa18bfef850e67feeaf1943d2ab68e4b1fb
b86,illes-balears|2022|caso-4|88,Illes Balears,2022,aparato-digestivo,caso-4,86,"Mujer de 18 años sin antecedentes personales ni familiares de interés y sin hábitos tóxicos. Ingresa por fiebre, pérdida de peso asociada a hiporexia, diarrea de comienzo reciente sin productos patológicos y dolor abdominal de dos semanas de evolución.

Exploración. Temperatura: 37,6 °C; TA: 100/60 mmHg; consciente, orientada, eupneica; peso: 40 quilos, talla: 155 cm, delgadez, retraso del desarrollo puberal, palidez discreta, bien hidratada y perfundida. No se palparon adenopatías. La auscultación cardiorrespiratoria fue normal y la exploración abdominal no mostró hallazgos de interés. En la
inspección anal se observó una hemorroide centinela y una fisura anal en el rafe posterior.

En la analítica destacaban, hemoglobina: 9,9 g/dl; hematocrito: 34 %; VCM: 81 fl; leucocitos: 15.600 /μl (82 % neutrófilos); plaquetas: 699.000 /μl; VSG: 41 Fe: 15 μg/dl; ferritina: 247 ng/ml; proteína C reactiva: 9,7 mg/dl.

Los coprocultivos y los parásitos en heces fueron negativos.
En la colonoscopia se exploró hasta el ciego y se hizo una ileoscopia de los últimos 10 cm. En todo el trayecto explorado se apreciaron úlceras profundas serpiginosas entre áreas de mucosa sana y se tomaron muestras para biopsia. Las biopsias del íleon y el colon fueron compatibles con una inflamación crónica activa.

Señale la respuesta falsa respecto a la enfermedad de Crohn perianal:",En ocasiones la enfermedad perianal puede preceder al inicio de síntomas intestinales.,Ninguna de las respuestas anteriores es correcta.,"Los índices de actividad clínica de la enfermedad de Crohn (CDAI, Harvey-Bradshaw, Van Hees) no reflejan la gravedad de las lesiones perianales por lo que se requieren índices específicos.",Los tratamientos anti-TNFα son eficaces en el tratamiento de las fístulas.,b,Ninguna de las respuestas anteriores es correcta.,negated,30,AD_ILLES_BALEARS_2022__EXAM__exam__cuadernillo-de-examen-aparato-digestivo-fea.pdf,AD_ILLES_BALEARS_2022__ANSWER_KEY__answer-key__plantilla-correctora-del-examen.pdf,retained318,f86830a25b7e246916f465a5c36a0aa79e5cb46feb298d78309c8d1574b02a41,f91dadcb6f77b4a0c783947954fc26b461bca7d35222484c70df94205eea71ab
b87,illes-balears|2022|caso-4|90,Illes Balears,2022,aparato-digestivo,caso-4,87,"Mujer de 18 años sin antecedentes personales ni familiares de interés y sin hábitos tóxicos. Ingresa por fiebre, pérdida de peso asociada a hiporexia, diarrea de comienzo reciente sin productos patológicos y dolor abdominal de dos semanas de evolución.

Exploración. Temperatura: 37,6 °C; TA: 100/60 mmHg; consciente, orientada, eupneica; peso: 40 quilos, talla: 155 cm, delgadez, retraso del desarrollo puberal, palidez discreta, bien hidratada y perfundida. No se palparon adenopatías. La auscultación cardiorrespiratoria fue normal y la exploración abdominal no mostró hallazgos de interés. En la
inspección anal se observó una hemorroide centinela y una fisura anal en el rafe posterior.

En la analítica destacaban, hemoglobina: 9,9 g/dl; hematocrito: 34 %; VCM: 81 fl; leucocitos: 15.600 /μl (82 % neutrófilos); plaquetas: 699.000 /μl; VSG: 41 Fe: 15 μg/dl; ferritina: 247 ng/ml; proteína C reactiva: 9,7 mg/dl.

Los coprocultivos y los parásitos en heces fueron negativos.
En la colonoscopia se exploró hasta el ciego y se hizo una ileoscopia de los últimos 10 cm. En todo el trayecto explorado se apreciaron úlceras profundas serpiginosas entre áreas de mucosa sana y se tomaron muestras para biopsia. Las biopsias del íleon y el colon fueron compatibles con una inflamación crónica activa.

¿Qué factor no se ha relacionado con la recurrencia posquirúrgica en la enfermedad de Crohn?",Fumador.,Ninguna de las respuestas anteriores es correcta.,Patrón penetrante.,Enfermedad perianal.,b,Ninguna de las respuestas anteriores es correcta.,,30,AD_ILLES_BALEARS_2022__EXAM__exam__cuadernillo-de-examen-aparato-digestivo-fea.pdf,AD_ILLES_BALEARS_2022__ANSWER_KEY__answer-key__plantilla-correctora-del-examen.pdf,retained318,c67242d5129f7f0aed20209b0d20695b9a31849ceaeded0d95848835ea049ae2,6f1b2deca584aabfe8209cc40f675b4fbe54b93be8077b8317b1f277e9e6628e
b88,illes-balears|2022|caso-4|91,Illes Balears,2022,aparato-digestivo,caso-4,88,"Mujer de 18 años sin antecedentes personales ni familiares de interés y sin hábitos tóxicos. Ingresa por fiebre, pérdida de peso asociada a hiporexia, diarrea de comienzo reciente sin productos patológicos y dolor abdominal de dos semanas de evolución.

Exploración. Temperatura: 37,6 °C; TA: 100/60 mmHg; consciente, orientada, eupneica; peso: 40 quilos, talla: 155 cm, delgadez, retraso del desarrollo puberal, palidez discreta, bien hidratada y perfundida. No se palparon adenopatías. La auscultación cardiorrespiratoria fue normal y la exploración abdominal no mostró hallazgos de interés. En la
inspección anal se observó una hemorroide centinela y una fisura anal en el rafe posterior.

En la analítica destacaban, hemoglobina: 9,9 g/dl; hematocrito: 34 %; VCM: 81 fl; leucocitos: 15.600 /μl (82 % neutrófilos); plaquetas: 699.000 /μl; VSG: 41 Fe: 15 μg/dl; ferritina: 247 ng/ml; proteína C reactiva: 9,7 mg/dl.

Los coprocultivos y los parásitos en heces fueron negativos.
En la colonoscopia se exploró hasta el ciego y se hizo una ileoscopia de los últimos 10 cm. En todo el trayecto explorado se apreciaron úlceras profundas serpiginosas entre áreas de mucosa sana y se tomaron muestras para biopsia. Las biopsias del íleon y el colon fueron compatibles con una inflamación crónica activa.

En el seguimiento de la enfermedad de Crohn, tras una resección intestinal, ¿cuándo debe recomendarse una ileocolonoscopia?",A los 3 meses.,Ninguna de las respuestas anteriores es correcta.,A los 12 meses.,No es necesario realizar una ileocolonoscopia después de la cirugía.,b,Ninguna de las respuestas anteriores es correcta.,,30,AD_ILLES_BALEARS_2022__EXAM__exam__cuadernillo-de-examen-aparato-digestivo-fea.pdf,AD_ILLES_BALEARS_2022__ANSWER_KEY__answer-key__plantilla-correctora-del-examen.pdf,retained318,681cadcc848eef420b3342cc4b5f9687e92cc1361da12f390edfd20d6337e75b,63dcaf00bd90e8361905bc3adae0bc4cc3dab878e9b7f7e67865c038bebd56e4
b89,illes-balears|2022|caso-4|92,Illes Balears,2022,aparato-digestivo,caso-4,89,"Mujer de 18 años sin antecedentes personales ni familiares de interés y sin hábitos tóxicos. Ingresa por fiebre, pérdida de peso asociada a hiporexia, diarrea de comienzo reciente sin productos patológicos y dolor abdominal de dos semanas de evolución.

Exploración. Temperatura: 37,6 °C; TA: 100/60 mmHg; consciente, orientada, eupneica; peso: 40 quilos, talla: 155 cm, delgadez, retraso del desarrollo puberal, palidez discreta, bien hidratada y perfundida. No se palparon adenopatías. La auscultación cardiorrespiratoria fue normal y la exploración abdominal no mostró hallazgos de interés. En la
inspección anal se observó una hemorroide centinela y una fisura anal en el rafe posterior.

En la analítica destacaban, hemoglobina: 9,9 g/dl; hematocrito: 34 %; VCM: 81 fl; leucocitos: 15.600 /μl (82 % neutrófilos); plaquetas: 699.000 /μl; VSG: 41 Fe: 15 μg/dl; ferritina: 247 ng/ml; proteína C reactiva: 9,7 mg/dl.

Los coprocultivos y los parásitos en heces fueron negativos.
En la colonoscopia se exploró hasta el ciego y se hizo una ileoscopia de los últimos 10 cm. En todo el trayecto explorado se apreciaron úlceras profundas serpiginosas entre áreas de mucosa sana y se tomaron muestras para biopsia. Las biopsias del íleon y el colon fueron compatibles con una inflamación crónica activa.

¿A qué hace referencia el índice endoscópico de Rutgeerst i2 de recurrencia postquirúrgica?",Ileítis aftosa difusa con mucosa difusamente inflamada.,Presencia de menos de cinco aftas en el íleon distal.,Ninguna de las respuestas anteriores es correcta.,Mucosa normal.,c,Ninguna de las respuestas anteriores es correcta.,,31,AD_ILLES_BALEARS_2022__EXAM__exam__cuadernillo-de-examen-aparato-digestivo-fea.pdf,AD_ILLES_BALEARS_2022__ANSWER_KEY__answer-key__plantilla-correctora-del-examen.pdf,retained318,b812384c8b70d17a8e73c9396077abe1c22ced91335cdb9535ef66f79917ecef,848b9a532f9ce6b3fea6db107448e66e5cc091717fd0e6af0fe7669339b6a5bd
b90,illes-balears|2022|caso-4|93,Illes Balears,2022,aparato-digestivo,caso-4,90,"Mujer de 18 años sin antecedentes personales ni familiares de interés y sin hábitos tóxicos. Ingresa por fiebre, pérdida de peso asociada a hiporexia, diarrea de comienzo reciente sin productos patológicos y dolor abdominal de dos semanas de evolución.

Exploración. Temperatura: 37,6 °C; TA: 100/60 mmHg; consciente, orientada, eupneica; peso: 40 quilos, talla: 155 cm, delgadez, retraso del desarrollo puberal, palidez discreta, bien hidratada y perfundida. No se palparon adenopatías. La auscultación cardiorrespiratoria fue normal y la exploración abdominal no mostró hallazgos de interés. En la
inspección anal se observó una hemorroide centinela y una fisura anal en el rafe posterior.

En la analítica destacaban, hemoglobina: 9,9 g/dl; hematocrito: 34 %; VCM: 81 fl; leucocitos: 15.600 /μl (82 % neutrófilos); plaquetas: 699.000 /μl; VSG: 41 Fe: 15 μg/dl; ferritina: 247 ng/ml; proteína C reactiva: 9,7 mg/dl.

Los coprocultivos y los parásitos en heces fueron negativos.
En la colonoscopia se exploró hasta el ciego y se hizo una ileoscopia de los últimos 10 cm. En todo el trayecto explorado se apreciaron úlceras profundas serpiginosas entre áreas de mucosa sana y se tomaron muestras para biopsia. Las biopsias del íleon y el colon fueron compatibles con una inflamación crónica activa.

Señale la respuesta falsa con respecto a la enfermedad inflamatoria intestinal y la gestación:",Existe más riesgo de complicaciones gestacionales en las pacientes con enfermedad de Crohn activa durante el embarazo.,Los corticoides son seguros en el embarazo.,La utilización de metotrexato está absolutamente contraindicada durante el embarazo.,Ninguna de las respuestas anteriores es correcta.,d,Ninguna de las respuestas anteriores es correcta.,negated,31,AD_ILLES_BALEARS_2022__EXAM__exam__cuadernillo-de-examen-aparato-digestivo-fea.pdf,AD_ILLES_BALEARS_2022__ANSWER_KEY__answer-key__plantilla-correctora-del-examen.pdf,retained318,fca6b610f6616b6f276cbf383cb6cf7f1dfc8ac6af6393c1007b3aacec2edcfa,6099bd02a3d94d9095ef0d1cb5f611c6f6f1b38f8a71430e0e7ad846521857f1
b92,illes-balears|2022|caso-4|95,Illes Balears,2022,aparato-digestivo,caso-4,92,"Mujer de 18 años sin antecedentes personales ni familiares de interés y sin hábitos tóxicos. Ingresa por fiebre, pérdida de peso asociada a hiporexia, diarrea de comienzo reciente sin productos patológicos y dolor abdominal de dos semanas de evolución.

Exploración. Temperatura: 37,6 °C; TA: 100/60 mmHg; consciente, orientada, eupneica; peso: 40 quilos, talla: 155 cm, delgadez, retraso del desarrollo puberal, palidez discreta, bien hidratada y perfundida. No se palparon adenopatías. La auscultación cardiorrespiratoria fue normal y la exploración abdominal no mostró hallazgos de interés. En la
inspección anal se observó una hemorroide centinela y una fisura anal en el rafe posterior.

En la analítica destacaban, hemoglobina: 9,9 g/dl; hematocrito: 34 %; VCM: 81 fl; leucocitos: 15.600 /μl (82 % neutrófilos); plaquetas: 699.000 /μl; VSG: 41 Fe: 15 μg/dl; ferritina: 247 ng/ml; proteína C reactiva: 9,7 mg/dl.

Los coprocultivos y los parásitos en heces fueron negativos.
En la colonoscopia se exploró hasta el ciego y se hizo una ileoscopia de los últimos 10 cm. En todo el trayecto explorado se apreciaron úlceras profundas serpiginosas entre áreas de mucosa sana y se tomaron muestras para biopsia. Las biopsias del íleon y el colon fueron compatibles con una inflamación crónica activa.

Señale la respuesta falsa respecto al vedolizumab en el tratamiento de la enfermedad de Crohn:",La inducción se hace por vía endovenosa.,Ninguna de las respuestas anteriores es correcta.,Es más eficaz en pacientes naive de anti-TNF$\alpha$.,La inmunogenicidad o formación de anticuerpos es infrecuente.,b,Ninguna de las respuestas anteriores es correcta.,negated,31,AD_ILLES_BALEARS_2022__EXAM__exam__cuadernillo-de-examen-aparato-digestivo-fea.pdf,AD_ILLES_BALEARS_2022__ANSWER_KEY__answer-key__plantilla-correctora-del-examen.pdf,retained318,438a0153b4653741d2e5f1bd1238926dfb808a25c39eabe39c78fbedd77312c8,c0fa3f9182a98b262465669632c0ba58a5ace9672cd34aa512d31b5989098df5
b93,illes-balears|2022|caso-4|96,Illes Balears,2022,aparato-digestivo,caso-4,93,"Mujer de 18 años sin antecedentes personales ni familiares de interés y sin hábitos tóxicos. Ingresa por fiebre, pérdida de peso asociada a hiporexia, diarrea de comienzo reciente sin productos patológicos y dolor abdominal de dos semanas de evolución.

Exploración. Temperatura: 37,6 °C; TA: 100/60 mmHg; consciente, orientada, eupneica; peso: 40 quilos, talla: 155 cm, delgadez, retraso del desarrollo puberal, palidez discreta, bien hidratada y perfundida. No se palparon adenopatías. La auscultación cardiorrespiratoria fue normal y la exploración abdominal no mostró hallazgos de interés. En la
inspección anal se observó una hemorroide centinela y una fisura anal en el rafe posterior.

En la analítica destacaban, hemoglobina: 9,9 g/dl; hematocrito: 34 %; VCM: 81 fl; leucocitos: 15.600 /μl (82 % neutrófilos); plaquetas: 699.000 /μl; VSG: 41 Fe: 15 μg/dl; ferritina: 247 ng/ml; proteína C reactiva: 9,7 mg/dl.

Los coprocultivos y los parásitos en heces fueron negativos.
En la colonoscopia se exploró hasta el ciego y se hizo una ileoscopia de los últimos 10 cm. En todo el trayecto explorado se apreciaron úlceras profundas serpiginosas entre áreas de mucosa sana y se tomaron muestras para biopsia. Las biopsias del íleon y el colon fueron compatibles con una inflamación crónica activa.

¿Cuál es el mecanismo de acción del ustekinumab?",Inhibe el TNFα.,Se une a una integrina del endotelio intestinal.,Inhibe los receptores JAK1 y JAK3.,Ninguna de las respuestas anteriores es correcta.,d,Ninguna de las respuestas anteriores es correcta.,,32,AD_ILLES_BALEARS_2022__EXAM__exam__cuadernillo-de-examen-aparato-digestivo-fea.pdf,AD_ILLES_BALEARS_2022__ANSWER_KEY__answer-key__plantilla-correctora-del-examen.pdf,retained318,86d5f666a7371d1682824ddeb10324d905b5742cc651ced0cd31cb942201710b,b6a1486c04d022b6830b57e48e4ace08ffc45fc7537fe9cf39990b7b4f3bfe96
b95,illes-balears|2022|caso-5|98,Illes Balears,2022,aparato-digestivo,caso-5,95,"Varón de 32 años sin hábitos tóxicos ni alergias medicamentosas conocidas y sin antecedentes familiares de interés.

Como único antecedente patológico destaca una rectosigmoiditis ulcerosa diagnosticada dos años antes tras una historia de diarrea sanguinolenta intermitente y un tenesmo discreto. En ese momento se hizo una colonoscopia completa con biopsia que mostró una afectación del recto sigma hasta unos 15 cm del margen anal en forma de mucosa eritematosa friable con sangrado con el roce mínimo de predominante en el recto distal. Se descartaron procesos infecciosos intestinales. Las únicas
alteraciones analíticas reseñables en el momento del diagnóstico fueron que era positivo de P-ANCA y tenía una calprotectina fecal de 450 μg/g. Se pautó un tratamiento con enemas de mesalazina.

Señale la respuesta falsa en referencia a la epidemiologia de la CU:",La afectación es similar tanto en mujeres como en hombres.,La edad de debut más frecuente son la segunda y la tercera década de la vida.,La prevalencia es diferente según el grupo étnico estudiado.,Ninguna de las respuestas anteriores es correcta.,d,Ninguna de las respuestas anteriores es correcta.,negated,33,AD_ILLES_BALEARS_2022__EXAM__exam__cuadernillo-de-examen-aparato-digestivo-fea.pdf,AD_ILLES_BALEARS_2022__ANSWER_KEY__answer-key__plantilla-correctora-del-examen.pdf,retained318,ee245cf0da92f48eb1da0a9e971428e0de4aff80a682e726c5a2c7955021d81a,1e40db6fdc6f36fa78fd8f35ca1f7dba2311c80b26b074cf3fbb8fee933b1291
b98,illes-balears|2022|caso-5|101,Illes Balears,2022,aparato-digestivo,caso-5,98,"Varón de 32 años sin hábitos tóxicos ni alergias medicamentosas conocidas y sin antecedentes familiares de interés.

Como único antecedente patológico destaca una rectosigmoiditis ulcerosa diagnosticada dos años antes tras una historia de diarrea sanguinolenta intermitente y un tenesmo discreto. En ese momento se hizo una colonoscopia completa con biopsia que mostró una afectación del recto sigma hasta unos 15 cm del margen anal en forma de mucosa eritematosa friable con sangrado con el roce mínimo de predominante en el recto distal. Se descartaron procesos infecciosos intestinales. Las únicas
alteraciones analíticas reseñables en el momento del diagnóstico fueron que era positivo de P-ANCA y tenía una calprotectina fecal de 450 μg/g. Se pautó un tratamiento con enemas de mesalazina.

Asumiendo el diagnóstico de rectosigmoiditis ulcerosa en actividad leve-moderada en el momento del diagnóstico, ¿cuál de las propuestas siguientes se considera la más indicada como primera opción de tratamiento?",Esteroides tópicos para inducir la remisión y no pautar un tratamiento de mantenimiento porque es el primer brote.,Ninguna de las respuestas anteriores es correcta.,Mesalazina en enemas para inducir la remisión y no pautar tratamiento de mantenimiento porque es el primer brote.,Prednisona oral para la remisión y mesalazina oral para el mantenimiento.,b,Ninguna de las respuestas anteriores es correcta.,,34,AD_ILLES_BALEARS_2022__EXAM__exam__cuadernillo-de-examen-aparato-digestivo-fea.pdf,AD_ILLES_BALEARS_2022__ANSWER_KEY__answer-key__plantilla-correctora-del-examen.pdf,retained318,b4e1b4d8354b626734d314ba2883fd4b0fa5e124bd45cd673bd9d081cdca4e45,942a87974daf79557e47703bf519af927479aa410d1c20629b2b7ef0601a7082
b99,illes-balears|2022|caso-5|102,Illes Balears,2022,aparato-digestivo,caso-5,99,"Varón de 32 años sin hábitos tóxicos ni alergias medicamentosas conocidas y sin antecedentes familiares de interés.

Como único antecedente patológico destaca una rectosigmoiditis ulcerosa diagnosticada dos años antes tras una historia de diarrea sanguinolenta intermitente y un tenesmo discreto. En ese momento se hizo una colonoscopia completa con biopsia que mostró una afectación del recto sigma hasta unos 15 cm del margen anal en forma de mucosa eritematosa friable con sangrado con el roce mínimo de predominante en el recto distal. Se descartaron procesos infecciosos intestinales. Las únicas
alteraciones analíticas reseñables en el momento del diagnóstico fueron que era positivo de P-ANCA y tenía una calprotectina fecal de 450 μg/g. Se pautó un tratamiento con enemas de mesalazina.

El paciente permaneció asintomático desde el diagnóstico siguiendo controles en consultas y con cumplimiento terapéutico. Contactó con su servicio de digestivo de referencia por presentar, en las dos semanas previas, un aumento del número de deposiciones con entre cuatro y seis deposiciones al día deshechas con resto hemático fresco en la mayoría de ellas, con imperiosidad, sin respetar descanso nocturno y con dolor abdominal previo a la deposición. No había afectación del estado general. El mes previo al inicio de la sintomatología digestiva inició una lumbalgia intermitente, en ocasiones
intensa, y se automedicó con ibuprofeno en comprimidos de 600 mg de forma puntual.

La exploración física fue normal y se solicitó una analítica completa en la cual destacaba HB: 12,5 gr/dl, VSG y PCR normales, calprotectina: 675 μg/g, FA: 270 UI/L, GGT: 65 UI/L, Bil. total: GOT y GPT normales, ferropenia discreta, resto de parámetros nutricionales normales.

Señale la afirmación falsa:",La extensión de la afectación mucosa se da en un 20 % de los pacientes en los cinco primeros años desde el diagnóstico.,Ninguna de las respuestas anteriores es correcta.,Un 20 % de los pacientes de CU tendrán manifestaciones extraintestinales a lo largo de su vida.,Las manifestaciones extraintestinales pueden aparecer antes que la enfermedad intestinal.,b,Ninguna de las respuestas anteriores es correcta.,negated,35,AD_ILLES_BALEARS_2022__EXAM__exam__cuadernillo-de-examen-aparato-digestivo-fea.pdf,AD_ILLES_BALEARS_2022__ANSWER_KEY__answer-key__plantilla-correctora-del-examen.pdf,retained318,e27dff4fe9fe699d31e1a22a73bfae6fe7f9b1a50d070a7ae0086997571a8c3b,6b09b319c405cd6184d79a8a433deb39d38a6e453251258538f4f8095db7ce21
b101,illes-balears|2022|caso-5|104,Illes Balears,2022,aparato-digestivo,caso-5,101,"Varón de 32 años sin hábitos tóxicos ni alergias medicamentosas conocidas y sin antecedentes familiares de interés.

Como único antecedente patológico destaca una rectosigmoiditis ulcerosa diagnosticada dos años antes tras una historia de diarrea sanguinolenta intermitente y un tenesmo discreto. En ese momento se hizo una colonoscopia completa con biopsia que mostró una afectación del recto sigma hasta unos 15 cm del margen anal en forma de mucosa eritematosa friable con sangrado con el roce mínimo de predominante en el recto distal. Se descartaron procesos infecciosos intestinales. Las únicas
alteraciones analíticas reseñables en el momento del diagnóstico fueron que era positivo de P-ANCA y tenía una calprotectina fecal de 450 μg/g. Se pautó un tratamiento con enemas de mesalazina.

El paciente permaneció asintomático desde el diagnóstico siguiendo controles en consultas y con cumplimiento terapéutico. Contactó con su servicio de digestivo de referencia por presentar, en las dos semanas previas, un aumento del número de deposiciones con entre cuatro y seis deposiciones al día deshechas con resto hemático fresco en la mayoría de ellas, con imperiosidad, sin respetar descanso nocturno y con dolor abdominal previo a la deposición. No había afectación del estado general. El mes previo al inicio de la sintomatología digestiva inició una lumbalgia intermitente, en ocasiones
intensa, y se automedicó con ibuprofeno en comprimidos de 600 mg de forma puntual.

La exploración física fue normal y se solicitó una analítica completa en la cual destacaba HB: 12,5 gr/dl, VSG y PCR normales, calprotectina: 675 μg/g, FA: 270 UI/L, GGT: 65 UI/L, Bil. total: GOT y GPT normales, ferropenia discreta, resto de parámetros nutricionales normales.

Señale la afirmación verdadera en el caso que se comenta tras conocer los resultados expuestos:",Puede asumirse que está en actividad moderada y que se pueden iniciar esteroides sistémicos vía oral para inducir la remisión.,La presencia de colestasis disociada hace sospechar la colangitis esclerosante primaria (CEP) como manifestación extraintestinal ya que es la más frecuente en la CU.,Ninguna de las respuestas anteriores es correcta.,Todas las respuestas anteriores son ciertas.,c,Ninguna de las respuestas anteriores es correcta.,,36,AD_ILLES_BALEARS_2022__EXAM__exam__cuadernillo-de-examen-aparato-digestivo-fea.pdf,AD_ILLES_BALEARS_2022__ANSWER_KEY__answer-key__plantilla-correctora-del-examen.pdf,retained318,32411011a2ebbdcf2adb37d6603638b286d72dd61f7dcb2563399ed7e3168f65,b2acf593f4f9f22e4b4be5396f150d10a169d66d67b86129df9b786090520088
b104,illes-balears|2022|caso-5|107,Illes Balears,2022,aparato-digestivo,caso-5,104,"Varón de 32 años sin hábitos tóxicos ni alergias medicamentosas conocidas y sin antecedentes familiares de interés.

Como único antecedente patológico destaca una rectosigmoiditis ulcerosa diagnosticada dos años antes tras una historia de diarrea sanguinolenta intermitente y un tenesmo discreto. En ese momento se hizo una colonoscopia completa con biopsia que mostró una afectación del recto sigma hasta unos 15 cm del margen anal en forma de mucosa eritematosa friable con sangrado con el roce mínimo de predominante en el recto distal. Se descartaron procesos infecciosos intestinales. Las únicas
alteraciones analíticas reseñables en el momento del diagnóstico fueron que era positivo de P-ANCA y tenía una calprotectina fecal de 450 μg/g. Se pautó un tratamiento con enemas de mesalazina.

El paciente permaneció asintomático desde el diagnóstico siguiendo controles en consultas y con cumplimiento terapéutico. Contactó con su servicio de digestivo de referencia por presentar, en las dos semanas previas, un aumento del número de deposiciones con entre cuatro y seis deposiciones al día deshechas con resto hemático fresco en la mayoría de ellas, con imperiosidad, sin respetar descanso nocturno y con dolor abdominal previo a la deposición. No había afectación del estado general. El mes previo al inicio de la sintomatología digestiva inició una lumbalgia intermitente, en ocasiones
intensa, y se automedicó con ibuprofeno en comprimidos de 600 mg de forma puntual.

La exploración física fue normal y se solicitó una analítica completa en la cual destacaba HB: 12,5 gr/dl, VSG y PCR normales, calprotectina: 675 μg/g, FA: 270 UI/L, GGT: 65 UI/L, Bil. total: GOT y GPT normales, ferropenia discreta, resto de parámetros nutricionales normales.

En el caso presentado se hizo una colonoscopia completa que mostró una progresión a pancolitis ulcerosa, se asumió el diagnóstico de brote moderado severo y se controló de manera ambulatoria.

En caso de necesitar cualquiera de los fármacos indicados para inducir la remisión tras el fracaso a los esteroides, ¿cuál de las siguientes afirmaciones es falsa respecto al tratamiento de continuación?",Se aconseja mantener el tratamiento que ha conseguido inducir la remisión.,Ninguna de las respuestas anteriores es correcta.,"Factores como la edad, antecedentes personales o comorbilidades (cardiopatía, neoplasias o infecciones graves) deben tenerse en cuenta a la hora de decidir el tratamiento para inducir la remisión y el mantenimiento en la CU moderada-grave.",En el caso de los fármacos anti-TNF se aconseja añadir tiopurinas para mejorar la respuesta y la duración del tratamiento.,b,Ninguna de las respuestas anteriores es correcta.,negated,37,AD_ILLES_BALEARS_2022__EXAM__exam__cuadernillo-de-examen-aparato-digestivo-fea.pdf,AD_ILLES_BALEARS_2022__ANSWER_KEY__answer-key__plantilla-correctora-del-examen.pdf,retained318,761f90c38b230eb47b81e7b7dd4fd32df90fd692ae48211f729738efa3e76325,8bfa13a3ae992e1d6101e93bcc30dbc6439ca4d14e6863ef5b22a4c2e7be51d4
b106,illes-balears|2022|caso-5|109,Illes Balears,2022,aparato-digestivo,caso-5,106,"Varón de 32 años sin hábitos tóxicos ni alergias medicamentosas conocidas y sin antecedentes familiares de interés.

Como único antecedente patológico destaca una rectosigmoiditis ulcerosa diagnosticada dos años antes tras una historia de diarrea sanguinolenta intermitente y un tenesmo discreto. En ese momento se hizo una colonoscopia completa con biopsia que mostró una afectación del recto sigma hasta unos 15 cm del margen anal en forma de mucosa eritematosa friable con sangrado con el roce mínimo de predominante en el recto distal. Se descartaron procesos infecciosos intestinales. Las únicas
alteraciones analíticas reseñables en el momento del diagnóstico fueron que era positivo de P-ANCA y tenía una calprotectina fecal de 450 μg/g. Se pautó un tratamiento con enemas de mesalazina.

El paciente permaneció asintomático desde el diagnóstico siguiendo controles en consultas y con cumplimiento terapéutico. Contactó con su servicio de digestivo de referencia por presentar, en las dos semanas previas, un aumento del número de deposiciones con entre cuatro y seis deposiciones al día deshechas con resto hemático fresco en la mayoría de ellas, con imperiosidad, sin respetar descanso nocturno y con dolor abdominal previo a la deposición. No había afectación del estado general. El mes previo al inicio de la sintomatología digestiva inició una lumbalgia intermitente, en ocasiones
intensa, y se automedicó con ibuprofeno en comprimidos de 600 mg de forma puntual.

La exploración física fue normal y se solicitó una analítica completa en la cual destacaba HB: 12,5 gr/dl, VSG y PCR normales, calprotectina: 675 μg/g, FA: 270 UI/L, GGT: 65 UI/L, Bil. total: GOT y GPT normales, ferropenia discreta, resto de parámetros nutricionales normales.

En el caso presentado se hizo una colonoscopia completa que mostró una progresión a pancolitis ulcerosa, se asumió el diagnóstico de brote moderado severo y se controló de manera ambulatoria.

El paciente recibió un tratamiento con adalimumab para conseguir la remisión y se pautó como tratamiento de mantenimiento. Se le asoció, inicialmente, azatioprina que fue retirada por un episodio de pancreatitis leve.

Ante un alto grado de sospecha de colangitis esclerosante primaria (CEP), ¿cuál debe ser la actitud?","Hacer una ecografía y, en caso de ausencia de datos sugestivos, hacer controles analíticos ambulatorios y valorar otra exploración si la colestasis progresa.",Hacer una ecografía y si es normal solicitar un estudio con colangioresonancia. Si no hay lesiones hay que hacer un seguimiento ambulatorio.,Hacer una ecografía y si es normal solicitar un estudio con colangioresonancia. Si no hay lesiones debe hacerse una colangiografía retrograda endoscópica.,Ninguna de las respuestas anteriores es correcta.,d,Ninguna de las respuestas anteriores es correcta.,,38,AD_ILLES_BALEARS_2022__EXAM__exam__cuadernillo-de-examen-aparato-digestivo-fea.pdf,AD_ILLES_BALEARS_2022__ANSWER_KEY__answer-key__plantilla-correctora-del-examen.pdf,retained318,7850ed10c42c78b98f8b6782b6cd8c4f91fd0d0fde56b956136d73f7d19a1714,c31a1e5af59c98904e08a3367d5528bac55cc1b5ece7aeec755f0428decf6f26
b107,illes-balears|2022|caso-5|110,Illes Balears,2022,aparato-digestivo,caso-5,107,"Varón de 32 años sin hábitos tóxicos ni alergias medicamentosas conocidas y sin antecedentes familiares de interés.

Como único antecedente patológico destaca una rectosigmoiditis ulcerosa diagnosticada dos años antes tras una historia de diarrea sanguinolenta intermitente y un tenesmo discreto. En ese momento se hizo una colonoscopia completa con biopsia que mostró una afectación del recto sigma hasta unos 15 cm del margen anal en forma de mucosa eritematosa friable con sangrado con el roce mínimo de predominante en el recto distal. Se descartaron procesos infecciosos intestinales. Las únicas
alteraciones analíticas reseñables en el momento del diagnóstico fueron que era positivo de P-ANCA y tenía una calprotectina fecal de 450 μg/g. Se pautó un tratamiento con enemas de mesalazina.

El paciente permaneció asintomático desde el diagnóstico siguiendo controles en consultas y con cumplimiento terapéutico. Contactó con su servicio de digestivo de referencia por presentar, en las dos semanas previas, un aumento del número de deposiciones con entre cuatro y seis deposiciones al día deshechas con resto hemático fresco en la mayoría de ellas, con imperiosidad, sin respetar descanso nocturno y con dolor abdominal previo a la deposición. No había afectación del estado general. El mes previo al inicio de la sintomatología digestiva inició una lumbalgia intermitente, en ocasiones
intensa, y se automedicó con ibuprofeno en comprimidos de 600 mg de forma puntual.

La exploración física fue normal y se solicitó una analítica completa en la cual destacaba HB: 12,5 gr/dl, VSG y PCR normales, calprotectina: 675 μg/g, FA: 270 UI/L, GGT: 65 UI/L, Bil. total: GOT y GPT normales, ferropenia discreta, resto de parámetros nutricionales normales.

En el caso presentado se hizo una colonoscopia completa que mostró una progresión a pancolitis ulcerosa, se asumió el diagnóstico de brote moderado severo y se controló de manera ambulatoria.

El paciente recibió un tratamiento con adalimumab para conseguir la remisión y se pautó como tratamiento de mantenimiento. Se le asoció, inicialmente, azatioprina que fue retirada por un episodio de pancreatitis leve.

Señale la afirmación falsa:",La localización y la extensión de la CU asociada a la CEP es distinta a la de la CU sin CEP.,Se recomienda a los pacientes diagnosticados de CEP hacer una colonoileoscopia con toma de muestra para biopsia a pesar de la ausencia de lesiones macroscópicas dado que entre el 50 % y el 80 % están afectos también de dicha enfermedad inflamatoria intestinal.,Ninguna de las respuestas anteriores es correcta.,El riesgo de cáncer de colon aumenta de forma significativa en la CU asociada a CEP.,c,Ninguna de las respuestas anteriores es correcta.,negated,38,AD_ILLES_BALEARS_2022__EXAM__exam__cuadernillo-de-examen-aparato-digestivo-fea.pdf,AD_ILLES_BALEARS_2022__ANSWER_KEY__answer-key__plantilla-correctora-del-examen.pdf,retained318,28bd500714e41106736a30a7ce64785d6ea3847d289ef7e236ee0e60bf8ceba1,a2e4d2b0d3e1a91202b768936ec52415f841f91a7ca3d3a3fb2a5e28e1c9480b
b110,illes-balears|2022|caso-5|113,Illes Balears,2022,aparato-digestivo,caso-5,110,"Varón de 32 años sin hábitos tóxicos ni alergias medicamentosas conocidas y sin antecedentes familiares de interés.

Como único antecedente patológico destaca una rectosigmoiditis ulcerosa diagnosticada dos años antes tras una historia de diarrea sanguinolenta intermitente y un tenesmo discreto. En ese momento se hizo una colonoscopia completa con biopsia que mostró una afectación del recto sigma hasta unos 15 cm del margen anal en forma de mucosa eritematosa friable con sangrado con el roce mínimo de predominante en el recto distal. Se descartaron procesos infecciosos intestinales. Las únicas
alteraciones analíticas reseñables en el momento del diagnóstico fueron que era positivo de P-ANCA y tenía una calprotectina fecal de 450 μg/g. Se pautó un tratamiento con enemas de mesalazina.

El paciente permaneció asintomático desde el diagnóstico siguiendo controles en consultas y con cumplimiento terapéutico. Contactó con su servicio de digestivo de referencia por presentar, en las dos semanas previas, un aumento del número de deposiciones con entre cuatro y seis deposiciones al día deshechas con resto hemático fresco en la mayoría de ellas, con imperiosidad, sin respetar descanso nocturno y con dolor abdominal previo a la deposición. No había afectación del estado general. El mes previo al inicio de la sintomatología digestiva inició una lumbalgia intermitente, en ocasiones
intensa, y se automedicó con ibuprofeno en comprimidos de 600 mg de forma puntual.

La exploración física fue normal y se solicitó una analítica completa en la cual destacaba HB: 12,5 gr/dl, VSG y PCR normales, calprotectina: 675 μg/g, FA: 270 UI/L, GGT: 65 UI/L, Bil. total: GOT y GPT normales, ferropenia discreta, resto de parámetros nutricionales normales.

En el caso presentado se hizo una colonoscopia completa que mostró una progresión a pancolitis ulcerosa, se asumió el diagnóstico de brote moderado severo y se controló de manera ambulatoria.

El paciente recibió un tratamiento con adalimumab para conseguir la remisión y se pautó como tratamiento de mantenimiento. Se le asoció, inicialmente, azatioprina que fue retirada por un episodio de pancreatitis leve.

Se descartó la CEP y se mantuvo en remisión clínica y biológica en los siguientes ocho meses en monoterapia con adalimumab a dosis habituales de 40 mg cada dos semanas. A partir de esa fecha, de forma progresiva, refiere un aumento del número de deposiciones pasando de una a cinco o seis, con sangrado con las heces en la mayoría de las deposiciones, cierto tenesmo y dolor cólico previo a la deposición. Refirió una afectación de su calidad de vida, pero no de su estado general. Se hizo un estudio de heces con coprocultivos negativos, Clostridium negativo y calprotectina de 540 μg/g. La
analítica de sangre, el hemograma, el VSG, la PCR y los parámetros nutricionales fueron normales. Se decidió hacer una rectosigmoidoscopia que evidenció mucosa con eritema intenso friable con alguna erosión aislada desde el recto que afectaba de forma difusa toda la mucosa valorada. Se tomaron muestras para biopsia para conocer el grado de actividad histológico y la presencia de citomegalovirus (CMV).

En el caso clínico comentado, la biopsia mostró índice de Rutter 3. La inmunohistoquímica para CMV fue negativa y la PCR para CMV positiva. Señale la afirmación correcta:",La disparidad de los resultados respecto a una infección por CMV obliga a repetir la toma de muestras y a hacer un nuevo estudio histológico y microbiológico.,Debe asumirse la reactivación de CMV y debe añadirse al tratamiento valganciclovir vía oral durante seis semanas.,Ninguna de las respuestas anteriores es correcta.,"Debe asumirse una infección crónica por CMV, no debe tratarse la infección pero debe suspenderse el tratamiento anti-TNF para evitar la reactivación.",c,Ninguna de las respuestas anteriores es correcta.,,40,AD_ILLES_BALEARS_2022__EXAM__exam__cuadernillo-de-examen-aparato-digestivo-fea.pdf,AD_ILLES_BALEARS_2022__ANSWER_KEY__answer-key__plantilla-correctora-del-examen.pdf,retained318,34f28f02b34b62ff0b6348892e1e0f4d1522da7fa35afdcfa31bb0d6ce9a63fa,d33efac049ac27b695a576636ba1d9f8a59b43d8688dee6109c99935fcf5bb39
b111,illes-balears|2022|caso-5|114,Illes Balears,2022,aparato-digestivo,caso-5,111,"Varón de 32 años sin hábitos tóxicos ni alergias medicamentosas conocidas y sin antecedentes familiares de interés.

Como único antecedente patológico destaca una rectosigmoiditis ulcerosa diagnosticada dos años antes tras una historia de diarrea sanguinolenta intermitente y un tenesmo discreto. En ese momento se hizo una colonoscopia completa con biopsia que mostró una afectación del recto sigma hasta unos 15 cm del margen anal en forma de mucosa eritematosa friable con sangrado con el roce mínimo de predominante en el recto distal. Se descartaron procesos infecciosos intestinales. Las únicas
alteraciones analíticas reseñables en el momento del diagnóstico fueron que era positivo de P-ANCA y tenía una calprotectina fecal de 450 μg/g. Se pautó un tratamiento con enemas de mesalazina.

El paciente permaneció asintomático desde el diagnóstico siguiendo controles en consultas y con cumplimiento terapéutico. Contactó con su servicio de digestivo de referencia por presentar, en las dos semanas previas, un aumento del número de deposiciones con entre cuatro y seis deposiciones al día deshechas con resto hemático fresco en la mayoría de ellas, con imperiosidad, sin respetar descanso nocturno y con dolor abdominal previo a la deposición. No había afectación del estado general. El mes previo al inicio de la sintomatología digestiva inició una lumbalgia intermitente, en ocasiones
intensa, y se automedicó con ibuprofeno en comprimidos de 600 mg de forma puntual.

La exploración física fue normal y se solicitó una analítica completa en la cual destacaba HB: 12,5 gr/dl, VSG y PCR normales, calprotectina: 675 μg/g, FA: 270 UI/L, GGT: 65 UI/L, Bil. total: GOT y GPT normales, ferropenia discreta, resto de parámetros nutricionales normales.

En el caso presentado se hizo una colonoscopia completa que mostró una progresión a pancolitis ulcerosa, se asumió el diagnóstico de brote moderado severo y se controló de manera ambulatoria.

El paciente recibió un tratamiento con adalimumab para conseguir la remisión y se pautó como tratamiento de mantenimiento. Se le asoció, inicialmente, azatioprina que fue retirada por un episodio de pancreatitis leve.

Se descartó la CEP y se mantuvo en remisión clínica y biológica en los siguientes ocho meses en monoterapia con adalimumab a dosis habituales de 40 mg cada dos semanas. A partir de esa fecha, de forma progresiva, refiere un aumento del número de deposiciones pasando de una a cinco o seis, con sangrado con las heces en la mayoría de las deposiciones, cierto tenesmo y dolor cólico previo a la deposición. Refirió una afectación de su calidad de vida, pero no de su estado general. Se hizo un estudio de heces con coprocultivos negativos, Clostridium negativo y calprotectina de 540 μg/g. La
analítica de sangre, el hemograma, el VSG, la PCR y los parámetros nutricionales fueron normales. Se decidió hacer una rectosigmoidoscopia que evidenció mucosa con eritema intenso friable con alguna erosión aislada desde el recto que afectaba de forma difusa toda la mucosa valorada. Se tomaron muestras para biopsia para conocer el grado de actividad histológico y la presencia de citomegalovirus (CMV).

Señale la afirmación verdadera en referencia a la reactivación de la CU en este paciente:",Probablemente sea una colitis por reactivación del CMV.,"El tratamiento con anti-TNF ha perdido eficacia, situación que se da en el 90 % de los casos en el primer año de tratamiento si no se asocia a tiopurinas.",La pérdida de eficacia de la combinación con anti-TNF más tiopurinas antes del año de inicio del tratamiento se da en menos del 1 % de los casos.,Ninguna de las respuestas anteriores es correcta.,d,Ninguna de las respuestas anteriores es correcta.,,40,AD_ILLES_BALEARS_2022__EXAM__exam__cuadernillo-de-examen-aparato-digestivo-fea.pdf,AD_ILLES_BALEARS_2022__ANSWER_KEY__answer-key__plantilla-correctora-del-examen.pdf,retained318,3e10471f51d168c5a6baff6ba8d4f575633ce97f19031ec4343cb9883a068fb6,52473c972b83303922cdcc08b5b294ad53fe33501361eaa4caffc28fa56ae391
b112,illes-balears|2022|caso-5|115,Illes Balears,2022,aparato-digestivo,caso-5,112,"Varón de 32 años sin hábitos tóxicos ni alergias medicamentosas conocidas y sin antecedentes familiares de interés.

Como único antecedente patológico destaca una rectosigmoiditis ulcerosa diagnosticada dos años antes tras una historia de diarrea sanguinolenta intermitente y un tenesmo discreto. En ese momento se hizo una colonoscopia completa con biopsia que mostró una afectación del recto sigma hasta unos 15 cm del margen anal en forma de mucosa eritematosa friable con sangrado con el roce mínimo de predominante en el recto distal. Se descartaron procesos infecciosos intestinales. Las únicas
alteraciones analíticas reseñables en el momento del diagnóstico fueron que era positivo de P-ANCA y tenía una calprotectina fecal de 450 μg/g. Se pautó un tratamiento con enemas de mesalazina.

El paciente permaneció asintomático desde el diagnóstico siguiendo controles en consultas y con cumplimiento terapéutico. Contactó con su servicio de digestivo de referencia por presentar, en las dos semanas previas, un aumento del número de deposiciones con entre cuatro y seis deposiciones al día deshechas con resto hemático fresco en la mayoría de ellas, con imperiosidad, sin respetar descanso nocturno y con dolor abdominal previo a la deposición. No había afectación del estado general. El mes previo al inicio de la sintomatología digestiva inició una lumbalgia intermitente, en ocasiones
intensa, y se automedicó con ibuprofeno en comprimidos de 600 mg de forma puntual.

La exploración física fue normal y se solicitó una analítica completa en la cual destacaba HB: 12,5 gr/dl, VSG y PCR normales, calprotectina: 675 μg/g, FA: 270 UI/L, GGT: 65 UI/L, Bil. total: GOT y GPT normales, ferropenia discreta, resto de parámetros nutricionales normales.

En el caso presentado se hizo una colonoscopia completa que mostró una progresión a pancolitis ulcerosa, se asumió el diagnóstico de brote moderado severo y se controló de manera ambulatoria.

El paciente recibió un tratamiento con adalimumab para conseguir la remisión y se pautó como tratamiento de mantenimiento. Se le asoció, inicialmente, azatioprina que fue retirada por un episodio de pancreatitis leve.

Se descartó la CEP y se mantuvo en remisión clínica y biológica en los siguientes ocho meses en monoterapia con adalimumab a dosis habituales de 40 mg cada dos semanas. A partir de esa fecha, de forma progresiva, refiere un aumento del número de deposiciones pasando de una a cinco o seis, con sangrado con las heces en la mayoría de las deposiciones, cierto tenesmo y dolor cólico previo a la deposición. Refirió una afectación de su calidad de vida, pero no de su estado general. Se hizo un estudio de heces con coprocultivos negativos, Clostridium negativo y calprotectina de 540 μg/g. La
analítica de sangre, el hemograma, el VSG, la PCR y los parámetros nutricionales fueron normales. Se decidió hacer una rectosigmoidoscopia que evidenció mucosa con eritema intenso friable con alguna erosión aislada desde el recto que afectaba de forma difusa toda la mucosa valorada. Se tomaron muestras para biopsia para conocer el grado de actividad histológico y la presencia de citomegalovirus (CMV).

Si se asume que ha habido una pérdida de eficacia del tratamiento de mantenimiento, ¿qué actitud es la adecuada?","Debe iniciarse el tratamiento con esteroides orales, debe suspenderse el adalimumab y debe iniciarse el tratamiento con infliximab para inducir de nuevo la remisión.",Ninguna de las respuestas anteriores es correcta.,"Con presencia de anticuerpos antiadalimumab y niveles bajos del fármaco, debe insistirse en el adalimumab intensificando y debe añadirse el tacrolimus como inmunosupresor.",Todas las respuestas anteriores son adecuadas.,b,Ninguna de las respuestas anteriores es correcta.,,40,AD_ILLES_BALEARS_2022__EXAM__exam__cuadernillo-de-examen-aparato-digestivo-fea.pdf,AD_ILLES_BALEARS_2022__ANSWER_KEY__answer-key__plantilla-correctora-del-examen.pdf,retained318,46e0cbe47e3811d8454ff3fa4e57174cfabb03f3d5e3558293fd9092de618f48,7388bd9f790bd979b433908cecb0b130aed1f7d38a6df987bdf9531a139f8e58
b113,illes-balears|2022|caso-5|116,Illes Balears,2022,aparato-digestivo,caso-5,113,"Varón de 32 años sin hábitos tóxicos ni alergias medicamentosas conocidas y sin antecedentes familiares de interés.

Como único antecedente patológico destaca una rectosigmoiditis ulcerosa diagnosticada dos años antes tras una historia de diarrea sanguinolenta intermitente y un tenesmo discreto. En ese momento se hizo una colonoscopia completa con biopsia que mostró una afectación del recto sigma hasta unos 15 cm del margen anal en forma de mucosa eritematosa friable con sangrado con el roce mínimo de predominante en el recto distal. Se descartaron procesos infecciosos intestinales. Las únicas
alteraciones analíticas reseñables en el momento del diagnóstico fueron que era positivo de P-ANCA y tenía una calprotectina fecal de 450 μg/g. Se pautó un tratamiento con enemas de mesalazina.

El paciente permaneció asintomático desde el diagnóstico siguiendo controles en consultas y con cumplimiento terapéutico. Contactó con su servicio de digestivo de referencia por presentar, en las dos semanas previas, un aumento del número de deposiciones con entre cuatro y seis deposiciones al día deshechas con resto hemático fresco en la mayoría de ellas, con imperiosidad, sin respetar descanso nocturno y con dolor abdominal previo a la deposición. No había afectación del estado general. El mes previo al inicio de la sintomatología digestiva inició una lumbalgia intermitente, en ocasiones
intensa, y se automedicó con ibuprofeno en comprimidos de 600 mg de forma puntual.

La exploración física fue normal y se solicitó una analítica completa en la cual destacaba HB: 12,5 gr/dl, VSG y PCR normales, calprotectina: 675 μg/g, FA: 270 UI/L, GGT: 65 UI/L, Bil. total: GOT y GPT normales, ferropenia discreta, resto de parámetros nutricionales normales.

En el caso presentado se hizo una colonoscopia completa que mostró una progresión a pancolitis ulcerosa, se asumió el diagnóstico de brote moderado severo y se controló de manera ambulatoria.

El paciente recibió un tratamiento con adalimumab para conseguir la remisión y se pautó como tratamiento de mantenimiento. Se le asoció, inicialmente, azatioprina que fue retirada por un episodio de pancreatitis leve.

Se descartó la CEP y se mantuvo en remisión clínica y biológica en los siguientes ocho meses en monoterapia con adalimumab a dosis habituales de 40 mg cada dos semanas. A partir de esa fecha, de forma progresiva, refiere un aumento del número de deposiciones pasando de una a cinco o seis, con sangrado con las heces en la mayoría de las deposiciones, cierto tenesmo y dolor cólico previo a la deposición. Refirió una afectación de su calidad de vida, pero no de su estado general. Se hizo un estudio de heces con coprocultivos negativos, Clostridium negativo y calprotectina de 540 μg/g. La
analítica de sangre, el hemograma, el VSG, la PCR y los parámetros nutricionales fueron normales. Se decidió hacer una rectosigmoidoscopia que evidenció mucosa con eritema intenso friable con alguna erosión aislada desde el recto que afectaba de forma difusa toda la mucosa valorada. Se tomaron muestras para biopsia para conocer el grado de actividad histológico y la presencia de citomegalovirus (CMV).

Señale la respuesta correcta en caso de cambio de tratamiento:",El infliximab debe ser la primera opción ya que tendría un 75 % de posibilidades de recuperar la respuesta.,Ninguna de las respuestas anteriores es correcta.,Se ha de iniciar el vedolizumab porqué se ha demostrado que es más eficaz que ustekinumab.,Las respuestas b) y c) son ciertas.,b,Ninguna de las respuestas anteriores es correcta.,,41,AD_ILLES_BALEARS_2022__EXAM__exam__cuadernillo-de-examen-aparato-digestivo-fea.pdf,AD_ILLES_BALEARS_2022__ANSWER_KEY__answer-key__plantilla-correctora-del-examen.pdf,retained318,7117e6af04d8a949348aaac32b325774e3a01431554ba5882d27c5842043ed1a,7e3409438ce2bc0baeefcc94f8f572a0fdef17e3e2a9da24dc9fb6bfe012eee1
b114,illes-balears|2022|caso-5|117,Illes Balears,2022,aparato-digestivo,caso-5,114,"Varón de 32 años sin hábitos tóxicos ni alergias medicamentosas conocidas y sin antecedentes familiares de interés.

Como único antecedente patológico destaca una rectosigmoiditis ulcerosa diagnosticada dos años antes tras una historia de diarrea sanguinolenta intermitente y un tenesmo discreto. En ese momento se hizo una colonoscopia completa con biopsia que mostró una afectación del recto sigma hasta unos 15 cm del margen anal en forma de mucosa eritematosa friable con sangrado con el roce mínimo de predominante en el recto distal. Se descartaron procesos infecciosos intestinales. Las únicas
alteraciones analíticas reseñables en el momento del diagnóstico fueron que era positivo de P-ANCA y tenía una calprotectina fecal de 450 μg/g. Se pautó un tratamiento con enemas de mesalazina.

El paciente permaneció asintomático desde el diagnóstico siguiendo controles en consultas y con cumplimiento terapéutico. Contactó con su servicio de digestivo de referencia por presentar, en las dos semanas previas, un aumento del número de deposiciones con entre cuatro y seis deposiciones al día deshechas con resto hemático fresco en la mayoría de ellas, con imperiosidad, sin respetar descanso nocturno y con dolor abdominal previo a la deposición. No había afectación del estado general. El mes previo al inicio de la sintomatología digestiva inició una lumbalgia intermitente, en ocasiones
intensa, y se automedicó con ibuprofeno en comprimidos de 600 mg de forma puntual.

La exploración física fue normal y se solicitó una analítica completa en la cual destacaba HB: 12,5 gr/dl, VSG y PCR normales, calprotectina: 675 μg/g, FA: 270 UI/L, GGT: 65 UI/L, Bil. total: GOT y GPT normales, ferropenia discreta, resto de parámetros nutricionales normales.

En el caso presentado se hizo una colonoscopia completa que mostró una progresión a pancolitis ulcerosa, se asumió el diagnóstico de brote moderado severo y se controló de manera ambulatoria.

El paciente recibió un tratamiento con adalimumab para conseguir la remisión y se pautó como tratamiento de mantenimiento. Se le asoció, inicialmente, azatioprina que fue retirada por un episodio de pancreatitis leve.

Se descartó la CEP y se mantuvo en remisión clínica y biológica en los siguientes ocho meses en monoterapia con adalimumab a dosis habituales de 40 mg cada dos semanas. A partir de esa fecha, de forma progresiva, refiere un aumento del número de deposiciones pasando de una a cinco o seis, con sangrado con las heces en la mayoría de las deposiciones, cierto tenesmo y dolor cólico previo a la deposición. Refirió una afectación de su calidad de vida, pero no de su estado general. Se hizo un estudio de heces con coprocultivos negativos, Clostridium negativo y calprotectina de 540 μg/g. La
analítica de sangre, el hemograma, el VSG, la PCR y los parámetros nutricionales fueron normales. Se decidió hacer una rectosigmoidoscopia que evidenció mucosa con eritema intenso friable con alguna erosión aislada desde el recto que afectaba de forma difusa toda la mucosa valorada. Se tomaron muestras para biopsia para conocer el grado de actividad histológico y la presencia de citomegalovirus (CMV).

Señale la respuesta correcta respecto al manejo hospitalario de la colitis ulcerosa grave:",Están indicados los antibióticos de amplio espectro en todos los pacientes.,Ninguna de las respuestas anteriores es correcta.,La dieta absoluta con nutrición parenteral está indicada en todos los pacientes.,Todas las respuestas anteriores son correctas.,b,Ninguna de las respuestas anteriores es correcta.,,41,AD_ILLES_BALEARS_2022__EXAM__exam__cuadernillo-de-examen-aparato-digestivo-fea.pdf,AD_ILLES_BALEARS_2022__ANSWER_KEY__answer-key__plantilla-correctora-del-examen.pdf,retained318,94ab3bcda72b74de9229e6fcca1417a5059c45a45358a8ea02a52483e47dfba1,03bd249b0955685455dd7d4ff089d088cfa4cfb46e201b603958a94cc0452866
b115,illes-balears|2022|caso-5|118,Illes Balears,2022,aparato-digestivo,caso-5,115,"Varón de 32 años sin hábitos tóxicos ni alergias medicamentosas conocidas y sin antecedentes familiares de interés.

Como único antecedente patológico destaca una rectosigmoiditis ulcerosa diagnosticada dos años antes tras una historia de diarrea sanguinolenta intermitente y un tenesmo discreto. En ese momento se hizo una colonoscopia completa con biopsia que mostró una afectación del recto sigma hasta unos 15 cm del margen anal en forma de mucosa eritematosa friable con sangrado con el roce mínimo de predominante en el recto distal. Se descartaron procesos infecciosos intestinales. Las únicas
alteraciones analíticas reseñables en el momento del diagnóstico fueron que era positivo de P-ANCA y tenía una calprotectina fecal de 450 μg/g. Se pautó un tratamiento con enemas de mesalazina.

El paciente permaneció asintomático desde el diagnóstico siguiendo controles en consultas y con cumplimiento terapéutico. Contactó con su servicio de digestivo de referencia por presentar, en las dos semanas previas, un aumento del número de deposiciones con entre cuatro y seis deposiciones al día deshechas con resto hemático fresco en la mayoría de ellas, con imperiosidad, sin respetar descanso nocturno y con dolor abdominal previo a la deposición. No había afectación del estado general. El mes previo al inicio de la sintomatología digestiva inició una lumbalgia intermitente, en ocasiones
intensa, y se automedicó con ibuprofeno en comprimidos de 600 mg de forma puntual.

La exploración física fue normal y se solicitó una analítica completa en la cual destacaba HB: 12,5 gr/dl, VSG y PCR normales, calprotectina: 675 μg/g, FA: 270 UI/L, GGT: 65 UI/L, Bil. total: GOT y GPT normales, ferropenia discreta, resto de parámetros nutricionales normales.

En el caso presentado se hizo una colonoscopia completa que mostró una progresión a pancolitis ulcerosa, se asumió el diagnóstico de brote moderado severo y se controló de manera ambulatoria.

El paciente recibió un tratamiento con adalimumab para conseguir la remisión y se pautó como tratamiento de mantenimiento. Se le asoció, inicialmente, azatioprina que fue retirada por un episodio de pancreatitis leve.

Se descartó la CEP y se mantuvo en remisión clínica y biológica en los siguientes ocho meses en monoterapia con adalimumab a dosis habituales de 40 mg cada dos semanas. A partir de esa fecha, de forma progresiva, refiere un aumento del número de deposiciones pasando de una a cinco o seis, con sangrado con las heces en la mayoría de las deposiciones, cierto tenesmo y dolor cólico previo a la deposición. Refirió una afectación de su calidad de vida, pero no de su estado general. Se hizo un estudio de heces con coprocultivos negativos, Clostridium negativo y calprotectina de 540 μg/g. La
analítica de sangre, el hemograma, el VSG, la PCR y los parámetros nutricionales fueron normales. Se decidió hacer una rectosigmoidoscopia que evidenció mucosa con eritema intenso friable con alguna erosión aislada desde el recto que afectaba de forma difusa toda la mucosa valorada. Se tomaron muestras para biopsia para conocer el grado de actividad histológico y la presencia de citomegalovirus (CMV).

Señale la afirmación verdadera respecto al tratamiento médico de la colitis ulcerosa grave:",Los esteroides sistémicos son el tratamiento inicial y se debe añadir una segunda línea de tratamiento si no hay respuesta siete días después de iniciar el tratamiento esteroideo.,En caso de requerir una segunda línea debe indicarse infliximab porqué ha demostrado que es más eficaz y seguro que la ciclosporina en estos pacientes.,Ninguna de las respuestas anteriores es correcta.,La ciclosporina siempre es la primera elección en caso de fracaso de los esteroides.,c,Ninguna de las respuestas anteriores es correcta.,,41,AD_ILLES_BALEARS_2022__EXAM__exam__cuadernillo-de-examen-aparato-digestivo-fea.pdf,AD_ILLES_BALEARS_2022__ANSWER_KEY__answer-key__plantilla-correctora-del-examen.pdf,retained318,add01492cd3c95421c3146ed18516cf8bf8e2c4be1a7eaaa0b829e8d7fd2a3b3,dd34db1d02d3249c05b4cf70da62a89e6773a9e896bd574729ef1008eea8a1d3
b116,illes-balears|2022|caso-5|119,Illes Balears,2022,aparato-digestivo,caso-5,116,"Varón de 32 años sin hábitos tóxicos ni alergias medicamentosas conocidas y sin antecedentes familiares de interés.

Como único antecedente patológico destaca una rectosigmoiditis ulcerosa diagnosticada dos años antes tras una historia de diarrea sanguinolenta intermitente y un tenesmo discreto. En ese momento se hizo una colonoscopia completa con biopsia que mostró una afectación del recto sigma hasta unos 15 cm del margen anal en forma de mucosa eritematosa friable con sangrado con el roce mínimo de predominante en el recto distal. Se descartaron procesos infecciosos intestinales. Las únicas
alteraciones analíticas reseñables en el momento del diagnóstico fueron que era positivo de P-ANCA y tenía una calprotectina fecal de 450 μg/g. Se pautó un tratamiento con enemas de mesalazina.

El paciente permaneció asintomático desde el diagnóstico siguiendo controles en consultas y con cumplimiento terapéutico. Contactó con su servicio de digestivo de referencia por presentar, en las dos semanas previas, un aumento del número de deposiciones con entre cuatro y seis deposiciones al día deshechas con resto hemático fresco en la mayoría de ellas, con imperiosidad, sin respetar descanso nocturno y con dolor abdominal previo a la deposición. No había afectación del estado general. El mes previo al inicio de la sintomatología digestiva inició una lumbalgia intermitente, en ocasiones
intensa, y se automedicó con ibuprofeno en comprimidos de 600 mg de forma puntual.

La exploración física fue normal y se solicitó una analítica completa en la cual destacaba HB: 12,5 gr/dl, VSG y PCR normales, calprotectina: 675 μg/g, FA: 270 UI/L, GGT: 65 UI/L, Bil. total: GOT y GPT normales, ferropenia discreta, resto de parámetros nutricionales normales.

En el caso presentado se hizo una colonoscopia completa que mostró una progresión a pancolitis ulcerosa, se asumió el diagnóstico de brote moderado severo y se controló de manera ambulatoria.

El paciente recibió un tratamiento con adalimumab para conseguir la remisión y se pautó como tratamiento de mantenimiento. Se le asoció, inicialmente, azatioprina que fue retirada por un episodio de pancreatitis leve.

Se descartó la CEP y se mantuvo en remisión clínica y biológica en los siguientes ocho meses en monoterapia con adalimumab a dosis habituales de 40 mg cada dos semanas. A partir de esa fecha, de forma progresiva, refiere un aumento del número de deposiciones pasando de una a cinco o seis, con sangrado con las heces en la mayoría de las deposiciones, cierto tenesmo y dolor cólico previo a la deposición. Refirió una afectación de su calidad de vida, pero no de su estado general. Se hizo un estudio de heces con coprocultivos negativos, Clostridium negativo y calprotectina de 540 μg/g. La
analítica de sangre, el hemograma, el VSG, la PCR y los parámetros nutricionales fueron normales. Se decidió hacer una rectosigmoidoscopia que evidenció mucosa con eritema intenso friable con alguna erosión aislada desde el recto que afectaba de forma difusa toda la mucosa valorada. Se tomaron muestras para biopsia para conocer el grado de actividad histológico y la presencia de citomegalovirus (CMV).

¿Qué factor de riesgo de la colitis ulcerosa no se ha asociado a un aumento del riesgo?",Gastroenteritis.,Privación de sueño.,Ninguna de las respuestas anteriores es correcta.,"Fármacos como AINES, antibióticos o anticonceptivos orales.",c,Ninguna de las respuestas anteriores es correcta.,,42,AD_ILLES_BALEARS_2022__EXAM__exam__cuadernillo-de-examen-aparato-digestivo-fea.pdf,AD_ILLES_BALEARS_2022__ANSWER_KEY__answer-key__plantilla-correctora-del-examen.pdf,retained318,9525dde73e772d71418efddd8c077eba8371738342c893f13792eef813cbe5af,694f8e3fdcb78df1e9a9f1ef99d533d38aeb6a336ab63ed30191d6e6b2e04e21
b121,illes-balears|2022|caso-6|124,Illes Balears,2022,aparato-digestivo,caso-6,121,"Paciente de 62 años con los antecedentes siguientes:

No alergias.

Exfumador: tabaquismo activo desde la juventud hasta los 58 años.

Tosedor habitual.

Consumo diario de alcohol desde hace más de diez años. Consume dos cañas de cerveza, cuatro vasos de vino y dos carajillos al día. El fin de semana toma alguna cerveza más en fiestas y celebraciones y uno o dos gin-tonics.

Dice que no toma drogas.

Dice que no tiene antecedentes patológicos relevantes. No hace controles con su médico de cabecera. Nunca va al médico.
Enfermedad actual: consulta por distensión abdominal molesta, un aumento del perímetro abdominal progresivo de dos semanas de evolución y piernas hinchadas.

Exploración física: bien coloreado, subictericia conjuntival dudosa, arañas vasculares y telangiectasias en el tronco, eritema palmar e hipertrofia parotídea.

Cardiocirculatorio: pulsos rítmicos 90 lpm, soplo sistólico plurifocal, no ingurgitación yugular, edemas maleolares moderados.

Respiración: espiración un poco alargada, algún roncus diseminado.
Abdomen: muy distendido; indoloro a la presión o a la descompresión; sin defensa; matidez en flancos; la matidez cambia con los cambios posturales; signo de la ola; hepatomegalia de tres traveses, lisa e indolora; esplenomegalia dudosa, difícil de delimitar; pequeña protrusión umbilical; no reflujo hepatoyugular.

Radiografía del tórax: elevación de ambos hemidiafragmas.

Radiografía del abdomen: aumento difuso de la densidad, se aprecia perfil hepático y esplénico.

Electrocardiograma normal.

Analítica:
Leucocitos: 3.100/mm³ (3.000-10.000); Hto: 39 % (40-46); Hb: 12,1 g/dl (12-15); VCM: 105 fl (80-100); plaquetas: 105.000/mm³ (150.000-400.000); Quick: 59 % (> 70 %); INR: 1.4 (N 0.8-1.2); creatinina: 1.0 mg/dl; urea: 40 mg/dl; Na: 136 mEq/L; K: 4 mEq/L; urato: 7.9 (< 7); bilirrubina total: 1.9 mg/dl (< 1.3) GOT (ASAT): 105 UI/ml (< 40); GPT (ALAT): 50 UI/ml (< 40); GGT: 480 UI/ml (< 45); FA: 125 UI/ml (< 135); albúmina: 3,2 g/dl (> 3,5).

El resto de la analítica básica es normal.
Ecografía abdominal: líquido libre muy abundante, hígado de ecogenicidad aumentada difusamente, heterogéneo, difícil de ver por la ascitis. Forma hepática

irregular un poco abollonada, macronodular. Vena porta permeable, dilatada. Venas suprahepáticas permeables, no dilatadas. Vía biliar intrahepática y extrahepática normal. Vesícula con litiasis múltiple, no distendida y no edematosa. Bazo ligeramente aumentado de tamaño (15 cm de longitud máxima). El resto no tiene alteraciones. Páncreas no visto por interposición de aire.

Se hace una paracentesis (diagnóstica y evacuadora), y se obtienen 6.000 ml de ascitis.

Análisis del líquido ascítico:
- Glucosa: 120 mg/dl.
- Proteínas: 1,0 g/dl.
- Albúmina: 0,8 g/dl.
- LDH: 40 ui/ml.
- Hematíes: 100 /mm³.
- Leucocitos: 220 /mm³.

Calcule el GASA en este paciente. ¿Qué significa en este paciente el resultado del cálculo del GASA?",Que la ascitis no está causada por una enfermedad neoplásica.,Que la ascitis no está causada por hipertensión portal.,Ninguna de las respuestas anteriores es correcta.,Las respuestas a) y b) son correctas.,c,Ninguna de las respuestas anteriores es correcta.,,45,AD_ILLES_BALEARS_2022__EXAM__exam__cuadernillo-de-examen-aparato-digestivo-fea.pdf,AD_ILLES_BALEARS_2022__ANSWER_KEY__answer-key__plantilla-correctora-del-examen.pdf,retained318,cddf4d773c596669bd73c081385a14ebbe4db436c1a1ac0b74e6a34e6896735b,d6f0d0d39fc95fd6c4ca4f08791ab51b297caefc0ac5db449fd937d1528bd153
b122,illes-balears|2022|caso-6|125,Illes Balears,2022,aparato-digestivo,caso-6,122,"Paciente de 62 años con los antecedentes siguientes:

No alergias.

Exfumador: tabaquismo activo desde la juventud hasta los 58 años.

Tosedor habitual.

Consumo diario de alcohol desde hace más de diez años. Consume dos cañas de cerveza, cuatro vasos de vino y dos carajillos al día. El fin de semana toma alguna cerveza más en fiestas y celebraciones y uno o dos gin-tonics.

Dice que no toma drogas.

Dice que no tiene antecedentes patológicos relevantes. No hace controles con su médico de cabecera. Nunca va al médico.
Enfermedad actual: consulta por distensión abdominal molesta, un aumento del perímetro abdominal progresivo de dos semanas de evolución y piernas hinchadas.

Exploración física: bien coloreado, subictericia conjuntival dudosa, arañas vasculares y telangiectasias en el tronco, eritema palmar e hipertrofia parotídea.

Cardiocirculatorio: pulsos rítmicos 90 lpm, soplo sistólico plurifocal, no ingurgitación yugular, edemas maleolares moderados.

Respiración: espiración un poco alargada, algún roncus diseminado.
Abdomen: muy distendido; indoloro a la presión o a la descompresión; sin defensa; matidez en flancos; la matidez cambia con los cambios posturales; signo de la ola; hepatomegalia de tres traveses, lisa e indolora; esplenomegalia dudosa, difícil de delimitar; pequeña protrusión umbilical; no reflujo hepatoyugular.

Radiografía del tórax: elevación de ambos hemidiafragmas.

Radiografía del abdomen: aumento difuso de la densidad, se aprecia perfil hepático y esplénico.

Electrocardiograma normal.

Analítica:
Leucocitos: 3.100/mm³ (3.000-10.000); Hto: 39 % (40-46); Hb: 12,1 g/dl (12-15); VCM: 105 fl (80-100); plaquetas: 105.000/mm³ (150.000-400.000); Quick: 59 % (> 70 %); INR: 1.4 (N 0.8-1.2); creatinina: 1.0 mg/dl; urea: 40 mg/dl; Na: 136 mEq/L; K: 4 mEq/L; urato: 7.9 (< 7); bilirrubina total: 1.9 mg/dl (< 1.3) GOT (ASAT): 105 UI/ml (< 40); GPT (ALAT): 50 UI/ml (< 40); GGT: 480 UI/ml (< 45); FA: 125 UI/ml (< 135); albúmina: 3,2 g/dl (> 3,5).

El resto de la analítica básica es normal.
Ecografía abdominal: líquido libre muy abundante, hígado de ecogenicidad aumentada difusamente, heterogéneo, difícil de ver por la ascitis. Forma hepática

irregular un poco abollonada, macronodular. Vena porta permeable, dilatada. Venas suprahepáticas permeables, no dilatadas. Vía biliar intrahepática y extrahepática normal. Vesícula con litiasis múltiple, no distendida y no edematosa. Bazo ligeramente aumentado de tamaño (15 cm de longitud máxima). El resto no tiene alteraciones. Páncreas no visto por interposición de aire.

Se hace una paracentesis (diagnóstica y evacuadora), y se obtienen 6.000 ml de ascitis.

Análisis del líquido ascítico:
- Glucosa: 120 mg/dl.
- Proteínas: 1,0 g/dl.
- Albúmina: 0,8 g/dl.
- LDH: 40 ui/ml.
- Hematíes: 100 /mm³.
- Leucocitos: 220 /mm³.

¿Qué significa el recuento de leucocitos en la ascitis, en este paciente?",Que tiene una peritonitis bacteriana espontánea.,Que tiene una peritonitis bacteriana secundaria.,Que tiene una bacterioascitis.,Ninguna de las respuestas anteriores es correcta.,d,Ninguna de las respuestas anteriores es correcta.,,45,AD_ILLES_BALEARS_2022__EXAM__exam__cuadernillo-de-examen-aparato-digestivo-fea.pdf,AD_ILLES_BALEARS_2022__ANSWER_KEY__answer-key__plantilla-correctora-del-examen.pdf,retained318,f5a19e00a361ae8c98ee8327d371cc9cc212729c0d44dad921e721838df56178,349138e700c8d5e77063261e7b49212344bbb2ee488cbc29fff1bcb5ffa79003
b123,illes-balears|2022|caso-6|126,Illes Balears,2022,aparato-digestivo,caso-6,123,"Paciente de 62 años con los antecedentes siguientes:

No alergias.

Exfumador: tabaquismo activo desde la juventud hasta los 58 años.

Tosedor habitual.

Consumo diario de alcohol desde hace más de diez años. Consume dos cañas de cerveza, cuatro vasos de vino y dos carajillos al día. El fin de semana toma alguna cerveza más en fiestas y celebraciones y uno o dos gin-tonics.

Dice que no toma drogas.

Dice que no tiene antecedentes patológicos relevantes. No hace controles con su médico de cabecera. Nunca va al médico.
Enfermedad actual: consulta por distensión abdominal molesta, un aumento del perímetro abdominal progresivo de dos semanas de evolución y piernas hinchadas.

Exploración física: bien coloreado, subictericia conjuntival dudosa, arañas vasculares y telangiectasias en el tronco, eritema palmar e hipertrofia parotídea.

Cardiocirculatorio: pulsos rítmicos 90 lpm, soplo sistólico plurifocal, no ingurgitación yugular, edemas maleolares moderados.

Respiración: espiración un poco alargada, algún roncus diseminado.
Abdomen: muy distendido; indoloro a la presión o a la descompresión; sin defensa; matidez en flancos; la matidez cambia con los cambios posturales; signo de la ola; hepatomegalia de tres traveses, lisa e indolora; esplenomegalia dudosa, difícil de delimitar; pequeña protrusión umbilical; no reflujo hepatoyugular.

Radiografía del tórax: elevación de ambos hemidiafragmas.

Radiografía del abdomen: aumento difuso de la densidad, se aprecia perfil hepático y esplénico.

Electrocardiograma normal.

Analítica:
Leucocitos: 3.100/mm³ (3.000-10.000); Hto: 39 % (40-46); Hb: 12,1 g/dl (12-15); VCM: 105 fl (80-100); plaquetas: 105.000/mm³ (150.000-400.000); Quick: 59 % (> 70 %); INR: 1.4 (N 0.8-1.2); creatinina: 1.0 mg/dl; urea: 40 mg/dl; Na: 136 mEq/L; K: 4 mEq/L; urato: 7.9 (< 7); bilirrubina total: 1.9 mg/dl (< 1.3) GOT (ASAT): 105 UI/ml (< 40); GPT (ALAT): 50 UI/ml (< 40); GGT: 480 UI/ml (< 45); FA: 125 UI/ml (< 135); albúmina: 3,2 g/dl (> 3,5).

El resto de la analítica básica es normal.
Ecografía abdominal: líquido libre muy abundante, hígado de ecogenicidad aumentada difusamente, heterogéneo, difícil de ver por la ascitis. Forma hepática

irregular un poco abollonada, macronodular. Vena porta permeable, dilatada. Venas suprahepáticas permeables, no dilatadas. Vía biliar intrahepática y extrahepática normal. Vesícula con litiasis múltiple, no distendida y no edematosa. Bazo ligeramente aumentado de tamaño (15 cm de longitud máxima). El resto no tiene alteraciones. Páncreas no visto por interposición de aire.

Se hace una paracentesis (diagnóstica y evacuadora), y se obtienen 6.000 ml de ascitis.

Análisis del líquido ascítico:
- Glucosa: 120 mg/dl.
- Proteínas: 1,0 g/dl.
- Albúmina: 0,8 g/dl.
- LDH: 40 ui/ml.
- Hematíes: 100 /mm³.
- Leucocitos: 220 /mm³.

¿Qué tratamiento hay que administrar siempre tras una paracentesis evacuadora para prevenir la disfunción circulatoria y la insuficiencia renal posparacentesis?",Albúmina IV siempre.,Ninguna de las respuestas anteriores es correcta.,Expansores del plasma siempre.,"Expansores del plasma, pero solo en caso de que en la paracentesis se evacúen más de cinco litros de ascitis.",b,Ninguna de las respuestas anteriores es correcta.,,45,AD_ILLES_BALEARS_2022__EXAM__exam__cuadernillo-de-examen-aparato-digestivo-fea.pdf,AD_ILLES_BALEARS_2022__ANSWER_KEY__answer-key__plantilla-correctora-del-examen.pdf,retained318,b8ab5ff2758445f5182035aa63d4d89940fb563f7473298154772ef7c3e8d31a,7f30a48a8b3b75e326bfe79463901a12366be93080bbef9d2f5f57f5fc571297
b124,illes-balears|2022|caso-6|127,Illes Balears,2022,aparato-digestivo,caso-6,124,"Paciente de 62 años con los antecedentes siguientes:

No alergias.

Exfumador: tabaquismo activo desde la juventud hasta los 58 años.

Tosedor habitual.

Consumo diario de alcohol desde hace más de diez años. Consume dos cañas de cerveza, cuatro vasos de vino y dos carajillos al día. El fin de semana toma alguna cerveza más en fiestas y celebraciones y uno o dos gin-tonics.

Dice que no toma drogas.

Dice que no tiene antecedentes patológicos relevantes. No hace controles con su médico de cabecera. Nunca va al médico.
Enfermedad actual: consulta por distensión abdominal molesta, un aumento del perímetro abdominal progresivo de dos semanas de evolución y piernas hinchadas.

Exploración física: bien coloreado, subictericia conjuntival dudosa, arañas vasculares y telangiectasias en el tronco, eritema palmar e hipertrofia parotídea.

Cardiocirculatorio: pulsos rítmicos 90 lpm, soplo sistólico plurifocal, no ingurgitación yugular, edemas maleolares moderados.

Respiración: espiración un poco alargada, algún roncus diseminado.
Abdomen: muy distendido; indoloro a la presión o a la descompresión; sin defensa; matidez en flancos; la matidez cambia con los cambios posturales; signo de la ola; hepatomegalia de tres traveses, lisa e indolora; esplenomegalia dudosa, difícil de delimitar; pequeña protrusión umbilical; no reflujo hepatoyugular.

Radiografía del tórax: elevación de ambos hemidiafragmas.

Radiografía del abdomen: aumento difuso de la densidad, se aprecia perfil hepático y esplénico.

Electrocardiograma normal.

Analítica:
Leucocitos: 3.100/mm³ (3.000-10.000); Hto: 39 % (40-46); Hb: 12,1 g/dl (12-15); VCM: 105 fl (80-100); plaquetas: 105.000/mm³ (150.000-400.000); Quick: 59 % (> 70 %); INR: 1.4 (N 0.8-1.2); creatinina: 1.0 mg/dl; urea: 40 mg/dl; Na: 136 mEq/L; K: 4 mEq/L; urato: 7.9 (< 7); bilirrubina total: 1.9 mg/dl (< 1.3) GOT (ASAT): 105 UI/ml (< 40); GPT (ALAT): 50 UI/ml (< 40); GGT: 480 UI/ml (< 45); FA: 125 UI/ml (< 135); albúmina: 3,2 g/dl (> 3,5).

El resto de la analítica básica es normal.
Ecografía abdominal: líquido libre muy abundante, hígado de ecogenicidad aumentada difusamente, heterogéneo, difícil de ver por la ascitis. Forma hepática

irregular un poco abollonada, macronodular. Vena porta permeable, dilatada. Venas suprahepáticas permeables, no dilatadas. Vía biliar intrahepática y extrahepática normal. Vesícula con litiasis múltiple, no distendida y no edematosa. Bazo ligeramente aumentado de tamaño (15 cm de longitud máxima). El resto no tiene alteraciones. Páncreas no visto por interposición de aire.

Se hace una paracentesis (diagnóstica y evacuadora), y se obtienen 6.000 ml de ascitis.

Análisis del líquido ascítico:
- Glucosa: 120 mg/dl.
- Proteínas: 1,0 g/dl.
- Albúmina: 0,8 g/dl.
- LDH: 40 ui/ml.
- Hematíes: 100 /mm³.
- Leucocitos: 220 /mm³.

¿Qué dosis de albúmina se recomienda actualmente para prevenir la disfunción circulatoria y la insuficiencia renal posparacentesis?",Depende del nivel de albúmina en sangre del paciente.,Ninguna de las respuestas anteriores es correcta.,Depende de la función renal del paciente.,Todas las respuestas anteriores son correctas.,b,Ninguna de las respuestas anteriores es correcta.,,45,AD_ILLES_BALEARS_2022__EXAM__exam__cuadernillo-de-examen-aparato-digestivo-fea.pdf,AD_ILLES_BALEARS_2022__ANSWER_KEY__answer-key__plantilla-correctora-del-examen.pdf,retained318,711faa41851c5cb673831803fcc060e7a86c96841e03ff4d8fac764088c9f72e,0b6a35db2aa477a6b284c3687f66e0777d89e1969bc0bf273e0009536aee6c8a
b125,illes-balears|2022|caso-6|128,Illes Balears,2022,aparato-digestivo,caso-6,125,"Paciente de 62 años con los antecedentes siguientes:

No alergias.

Exfumador: tabaquismo activo desde la juventud hasta los 58 años.

Tosedor habitual.

Consumo diario de alcohol desde hace más de diez años. Consume dos cañas de cerveza, cuatro vasos de vino y dos carajillos al día. El fin de semana toma alguna cerveza más en fiestas y celebraciones y uno o dos gin-tonics.

Dice que no toma drogas.

Dice que no tiene antecedentes patológicos relevantes. No hace controles con su médico de cabecera. Nunca va al médico.
Enfermedad actual: consulta por distensión abdominal molesta, un aumento del perímetro abdominal progresivo de dos semanas de evolución y piernas hinchadas.

Exploración física: bien coloreado, subictericia conjuntival dudosa, arañas vasculares y telangiectasias en el tronco, eritema palmar e hipertrofia parotídea.

Cardiocirculatorio: pulsos rítmicos 90 lpm, soplo sistólico plurifocal, no ingurgitación yugular, edemas maleolares moderados.

Respiración: espiración un poco alargada, algún roncus diseminado.
Abdomen: muy distendido; indoloro a la presión o a la descompresión; sin defensa; matidez en flancos; la matidez cambia con los cambios posturales; signo de la ola; hepatomegalia de tres traveses, lisa e indolora; esplenomegalia dudosa, difícil de delimitar; pequeña protrusión umbilical; no reflujo hepatoyugular.

Radiografía del tórax: elevación de ambos hemidiafragmas.

Radiografía del abdomen: aumento difuso de la densidad, se aprecia perfil hepático y esplénico.

Electrocardiograma normal.

Analítica:
Leucocitos: 3.100/mm³ (3.000-10.000); Hto: 39 % (40-46); Hb: 12,1 g/dl (12-15); VCM: 105 fl (80-100); plaquetas: 105.000/mm³ (150.000-400.000); Quick: 59 % (> 70 %); INR: 1.4 (N 0.8-1.2); creatinina: 1.0 mg/dl; urea: 40 mg/dl; Na: 136 mEq/L; K: 4 mEq/L; urato: 7.9 (< 7); bilirrubina total: 1.9 mg/dl (< 1.3) GOT (ASAT): 105 UI/ml (< 40); GPT (ALAT): 50 UI/ml (< 40); GGT: 480 UI/ml (< 45); FA: 125 UI/ml (< 135); albúmina: 3,2 g/dl (> 3,5).

El resto de la analítica básica es normal.
Ecografía abdominal: líquido libre muy abundante, hígado de ecogenicidad aumentada difusamente, heterogéneo, difícil de ver por la ascitis. Forma hepática

irregular un poco abollonada, macronodular. Vena porta permeable, dilatada. Venas suprahepáticas permeables, no dilatadas. Vía biliar intrahepática y extrahepática normal. Vesícula con litiasis múltiple, no distendida y no edematosa. Bazo ligeramente aumentado de tamaño (15 cm de longitud máxima). El resto no tiene alteraciones. Páncreas no visto por interposición de aire.

Se hace una paracentesis (diagnóstica y evacuadora), y se obtienen 6.000 ml de ascitis.

Análisis del líquido ascítico:
- Glucosa: 120 mg/dl.
- Proteínas: 1,0 g/dl.
- Albúmina: 0,8 g/dl.
- LDH: 40 ui/ml.
- Hematíes: 100 /mm³.
- Leucocitos: 220 /mm³.

¿Cómo hay que interpretar el consumo diario habitual de alcohol de este paciente?",El paciente bebe una cantidad de alcohol moderada que no supone un riesgo significativo para su salud.,Ninguna de las respuestas anteriores es correcta.,"El paciente bebe una cantidad de alcohol posiblemente excesiva, pero el riesgo de patología orgánica relacionada con el alcohol depende de su peso y de su comorbilidad.",Con los datos actuales no podemos juzgar si el consumo de alcohol de este paciente es excesivo o no.,b,Ninguna de las respuestas anteriores es correcta.,,46,AD_ILLES_BALEARS_2022__EXAM__exam__cuadernillo-de-examen-aparato-digestivo-fea.pdf,AD_ILLES_BALEARS_2022__ANSWER_KEY__answer-key__plantilla-correctora-del-examen.pdf,retained318,a2442f22c9fc50a71ecbfa3f2112f816203f3df5bc1788934e5e1cfbd4db7ed6,f2e0304864cdee71f8fb2884268ba9b9ad86556010c051de2dbf4ac64e2efb8e
b131,illes-balears|2022|caso-6|134,Illes Balears,2022,aparato-digestivo,caso-6,131,"Paciente de 62 años con los antecedentes siguientes:

No alergias.

Exfumador: tabaquismo activo desde la juventud hasta los 58 años.

Tosedor habitual.

Consumo diario de alcohol desde hace más de diez años. Consume dos cañas de cerveza, cuatro vasos de vino y dos carajillos al día. El fin de semana toma alguna cerveza más en fiestas y celebraciones y uno o dos gin-tonics.

Dice que no toma drogas.

Dice que no tiene antecedentes patológicos relevantes. No hace controles con su médico de cabecera. Nunca va al médico.
Enfermedad actual: consulta por distensión abdominal molesta, un aumento del perímetro abdominal progresivo de dos semanas de evolución y piernas hinchadas.

Exploración física: bien coloreado, subictericia conjuntival dudosa, arañas vasculares y telangiectasias en el tronco, eritema palmar e hipertrofia parotídea.

Cardiocirculatorio: pulsos rítmicos 90 lpm, soplo sistólico plurifocal, no ingurgitación yugular, edemas maleolares moderados.

Respiración: espiración un poco alargada, algún roncus diseminado.
Abdomen: muy distendido; indoloro a la presión o a la descompresión; sin defensa; matidez en flancos; la matidez cambia con los cambios posturales; signo de la ola; hepatomegalia de tres traveses, lisa e indolora; esplenomegalia dudosa, difícil de delimitar; pequeña protrusión umbilical; no reflujo hepatoyugular.

Radiografía del tórax: elevación de ambos hemidiafragmas.

Radiografía del abdomen: aumento difuso de la densidad, se aprecia perfil hepático y esplénico.

Electrocardiograma normal.

Analítica:
Leucocitos: 3.100/mm³ (3.000-10.000); Hto: 39 % (40-46); Hb: 12,1 g/dl (12-15); VCM: 105 fl (80-100); plaquetas: 105.000/mm³ (150.000-400.000); Quick: 59 % (> 70 %); INR: 1.4 (N 0.8-1.2); creatinina: 1.0 mg/dl; urea: 40 mg/dl; Na: 136 mEq/L; K: 4 mEq/L; urato: 7.9 (< 7); bilirrubina total: 1.9 mg/dl (< 1.3) GOT (ASAT): 105 UI/ml (< 40); GPT (ALAT): 50 UI/ml (< 40); GGT: 480 UI/ml (< 45); FA: 125 UI/ml (< 135); albúmina: 3,2 g/dl (> 3,5).

El resto de la analítica básica es normal.
Ecografía abdominal: líquido libre muy abundante, hígado de ecogenicidad aumentada difusamente, heterogéneo, difícil de ver por la ascitis. Forma hepática

irregular un poco abollonada, macronodular. Vena porta permeable, dilatada. Venas suprahepáticas permeables, no dilatadas. Vía biliar intrahepática y extrahepática normal. Vesícula con litiasis múltiple, no distendida y no edematosa. Bazo ligeramente aumentado de tamaño (15 cm de longitud máxima). El resto no tiene alteraciones. Páncreas no visto por interposición de aire.

Se hace una paracentesis (diagnóstica y evacuadora), y se obtienen 6.000 ml de ascitis.

Análisis del líquido ascítico:
- Glucosa: 120 mg/dl.
- Proteínas: 1,0 g/dl.
- Albúmina: 0,8 g/dl.
- LDH: 40 ui/ml.
- Hematíes: 100 /mm³.
- Leucocitos: 220 /mm³.

¿Qué probabilidad hay de que este paciente tenga hepatitis alcohólica?",Seguro que no la tiene porque no tiene ictericia.,Ninguna de las respuestas anteriores es correcta.,Es muy probable porque bebe mucho alcohol.,"Es seguro que tiene hepatitis alcohólica, porque todos los individuos que beben más de 60 g de alcohol al día tienen siempre cierto grado de hepatitis alcohólica.",b,Ninguna de las respuestas anteriores es correcta.,,47,AD_ILLES_BALEARS_2022__EXAM__exam__cuadernillo-de-examen-aparato-digestivo-fea.pdf,AD_ILLES_BALEARS_2022__ANSWER_KEY__answer-key__plantilla-correctora-del-examen.pdf,retained318,cc811528abf1158d9cee0c14c3b2289083da7f731d65af718aeac033aab47b65,013b6facb9b2d9cc0aef1ffd39cbab4dabaf1d4719ea41408cb3175a007af9d9
b132,illes-balears|2022|caso-6|135,Illes Balears,2022,aparato-digestivo,caso-6,132,"Paciente de 62 años con los antecedentes siguientes:

No alergias.

Exfumador: tabaquismo activo desde la juventud hasta los 58 años.

Tosedor habitual.

Consumo diario de alcohol desde hace más de diez años. Consume dos cañas de cerveza, cuatro vasos de vino y dos carajillos al día. El fin de semana toma alguna cerveza más en fiestas y celebraciones y uno o dos gin-tonics.

Dice que no toma drogas.

Dice que no tiene antecedentes patológicos relevantes. No hace controles con su médico de cabecera. Nunca va al médico.
Enfermedad actual: consulta por distensión abdominal molesta, un aumento del perímetro abdominal progresivo de dos semanas de evolución y piernas hinchadas.

Exploración física: bien coloreado, subictericia conjuntival dudosa, arañas vasculares y telangiectasias en el tronco, eritema palmar e hipertrofia parotídea.

Cardiocirculatorio: pulsos rítmicos 90 lpm, soplo sistólico plurifocal, no ingurgitación yugular, edemas maleolares moderados.

Respiración: espiración un poco alargada, algún roncus diseminado.
Abdomen: muy distendido; indoloro a la presión o a la descompresión; sin defensa; matidez en flancos; la matidez cambia con los cambios posturales; signo de la ola; hepatomegalia de tres traveses, lisa e indolora; esplenomegalia dudosa, difícil de delimitar; pequeña protrusión umbilical; no reflujo hepatoyugular.

Radiografía del tórax: elevación de ambos hemidiafragmas.

Radiografía del abdomen: aumento difuso de la densidad, se aprecia perfil hepático y esplénico.

Electrocardiograma normal.

Analítica:
Leucocitos: 3.100/mm³ (3.000-10.000); Hto: 39 % (40-46); Hb: 12,1 g/dl (12-15); VCM: 105 fl (80-100); plaquetas: 105.000/mm³ (150.000-400.000); Quick: 59 % (> 70 %); INR: 1.4 (N 0.8-1.2); creatinina: 1.0 mg/dl; urea: 40 mg/dl; Na: 136 mEq/L; K: 4 mEq/L; urato: 7.9 (< 7); bilirrubina total: 1.9 mg/dl (< 1.3) GOT (ASAT): 105 UI/ml (< 40); GPT (ALAT): 50 UI/ml (< 40); GGT: 480 UI/ml (< 45); FA: 125 UI/ml (< 135); albúmina: 3,2 g/dl (> 3,5).

El resto de la analítica básica es normal.
Ecografía abdominal: líquido libre muy abundante, hígado de ecogenicidad aumentada difusamente, heterogéneo, difícil de ver por la ascitis. Forma hepática

irregular un poco abollonada, macronodular. Vena porta permeable, dilatada. Venas suprahepáticas permeables, no dilatadas. Vía biliar intrahepática y extrahepática normal. Vesícula con litiasis múltiple, no distendida y no edematosa. Bazo ligeramente aumentado de tamaño (15 cm de longitud máxima). El resto no tiene alteraciones. Páncreas no visto por interposición de aire.

Se hace una paracentesis (diagnóstica y evacuadora), y se obtienen 6.000 ml de ascitis.

Análisis del líquido ascítico:
- Glucosa: 120 mg/dl.
- Proteínas: 1,0 g/dl.
- Albúmina: 0,8 g/dl.
- LDH: 40 ui/ml.
- Hematíes: 100 /mm³.
- Leucocitos: 220 /mm³.

Si tuviese una hepatitis alcohólica, ¿qué afirmación sería falsa?",Hay que recomendar abstinencia total y definitiva de alcohol.,Hay que asegurar un aporte nutricional y vitamínico adecuado.,Ninguna de las respuestas anteriores es correcta.,Hay que valorar la gravedad de la hepatitis alcohólica mediante scores específicos antes de valorar el tratamiento que necesita.,c,Ninguna de las respuestas anteriores es correcta.,negated,47,AD_ILLES_BALEARS_2022__EXAM__exam__cuadernillo-de-examen-aparato-digestivo-fea.pdf,AD_ILLES_BALEARS_2022__ANSWER_KEY__answer-key__plantilla-correctora-del-examen.pdf,retained318,dd01ca0776194300d0200c7882defd4a4ec26be88bec559bac2f2208eeb5cb44,c169aaced2f03ba634eb14c371404ddf3fc23c6c4980590300683703f8e07cd6
b133,illes-balears|2022|caso-6|136,Illes Balears,2022,aparato-digestivo,caso-6,133,"Paciente de 62 años con los antecedentes siguientes:

No alergias.

Exfumador: tabaquismo activo desde la juventud hasta los 58 años.

Tosedor habitual.

Consumo diario de alcohol desde hace más de diez años. Consume dos cañas de cerveza, cuatro vasos de vino y dos carajillos al día. El fin de semana toma alguna cerveza más en fiestas y celebraciones y uno o dos gin-tonics.

Dice que no toma drogas.

Dice que no tiene antecedentes patológicos relevantes. No hace controles con su médico de cabecera. Nunca va al médico.
Enfermedad actual: consulta por distensión abdominal molesta, un aumento del perímetro abdominal progresivo de dos semanas de evolución y piernas hinchadas.

Exploración física: bien coloreado, subictericia conjuntival dudosa, arañas vasculares y telangiectasias en el tronco, eritema palmar e hipertrofia parotídea.

Cardiocirculatorio: pulsos rítmicos 90 lpm, soplo sistólico plurifocal, no ingurgitación yugular, edemas maleolares moderados.

Respiración: espiración un poco alargada, algún roncus diseminado.
Abdomen: muy distendido; indoloro a la presión o a la descompresión; sin defensa; matidez en flancos; la matidez cambia con los cambios posturales; signo de la ola; hepatomegalia de tres traveses, lisa e indolora; esplenomegalia dudosa, difícil de delimitar; pequeña protrusión umbilical; no reflujo hepatoyugular.

Radiografía del tórax: elevación de ambos hemidiafragmas.

Radiografía del abdomen: aumento difuso de la densidad, se aprecia perfil hepático y esplénico.

Electrocardiograma normal.

Analítica:
Leucocitos: 3.100/mm³ (3.000-10.000); Hto: 39 % (40-46); Hb: 12,1 g/dl (12-15); VCM: 105 fl (80-100); plaquetas: 105.000/mm³ (150.000-400.000); Quick: 59 % (> 70 %); INR: 1.4 (N 0.8-1.2); creatinina: 1.0 mg/dl; urea: 40 mg/dl; Na: 136 mEq/L; K: 4 mEq/L; urato: 7.9 (< 7); bilirrubina total: 1.9 mg/dl (< 1.3) GOT (ASAT): 105 UI/ml (< 40); GPT (ALAT): 50 UI/ml (< 40); GGT: 480 UI/ml (< 45); FA: 125 UI/ml (< 135); albúmina: 3,2 g/dl (> 3,5).

El resto de la analítica básica es normal.
Ecografía abdominal: líquido libre muy abundante, hígado de ecogenicidad aumentada difusamente, heterogéneo, difícil de ver por la ascitis. Forma hepática

irregular un poco abollonada, macronodular. Vena porta permeable, dilatada. Venas suprahepáticas permeables, no dilatadas. Vía biliar intrahepática y extrahepática normal. Vesícula con litiasis múltiple, no distendida y no edematosa. Bazo ligeramente aumentado de tamaño (15 cm de longitud máxima). El resto no tiene alteraciones. Páncreas no visto por interposición de aire.

Se hace una paracentesis (diagnóstica y evacuadora), y se obtienen 6.000 ml de ascitis.

Análisis del líquido ascítico:
- Glucosa: 120 mg/dl.
- Proteínas: 1,0 g/dl.
- Albúmina: 0,8 g/dl.
- LDH: 40 ui/ml.
- Hematíes: 100 /mm³.
- Leucocitos: 220 /mm³.

Se repite la analítica en este paciente para descartar una enfermedad hepática autoinmune o metabólica. Se detecta ferritina 350 ng/ml y un índice de saturación de transferrina del 33 %. El resto de las determinaciones metabólicas e inmunológicas son negativas. Señale la afirmación correcta:",Este paciente tiene una sobrecarga patológica de hierro por hemocromatosis.,Hay que hacer el test genético (detección de mutaciones C282Y y H63D) para confirmar la sospecha de hemocromatosis hereditaria.,Ninguna de las respuestas anteriores es correcta.,Para confirmar si tiene hemocromatosis hay que hacer una biopsia hepática.,c,Ninguna de las respuestas anteriores es correcta.,,48,AD_ILLES_BALEARS_2022__EXAM__exam__cuadernillo-de-examen-aparato-digestivo-fea.pdf,AD_ILLES_BALEARS_2022__ANSWER_KEY__answer-key__plantilla-correctora-del-examen.pdf,retained318,683b7903786219f0f8fa507317dc8b537e55c8c2cdd32a4a90c20b4c1e160928,71f159b2dad61e8e8dad8b50c0b684df139ac0148d22288cc15f23f8ae8839fb
b134,illes-balears|2022|caso-6|137,Illes Balears,2022,aparato-digestivo,caso-6,134,"Paciente de 62 años con los antecedentes siguientes:

No alergias.

Exfumador: tabaquismo activo desde la juventud hasta los 58 años.

Tosedor habitual.

Consumo diario de alcohol desde hace más de diez años. Consume dos cañas de cerveza, cuatro vasos de vino y dos carajillos al día. El fin de semana toma alguna cerveza más en fiestas y celebraciones y uno o dos gin-tonics.

Dice que no toma drogas.

Dice que no tiene antecedentes patológicos relevantes. No hace controles con su médico de cabecera. Nunca va al médico.
Enfermedad actual: consulta por distensión abdominal molesta, un aumento del perímetro abdominal progresivo de dos semanas de evolución y piernas hinchadas.

Exploración física: bien coloreado, subictericia conjuntival dudosa, arañas vasculares y telangiectasias en el tronco, eritema palmar e hipertrofia parotídea.

Cardiocirculatorio: pulsos rítmicos 90 lpm, soplo sistólico plurifocal, no ingurgitación yugular, edemas maleolares moderados.

Respiración: espiración un poco alargada, algún roncus diseminado.
Abdomen: muy distendido; indoloro a la presión o a la descompresión; sin defensa; matidez en flancos; la matidez cambia con los cambios posturales; signo de la ola; hepatomegalia de tres traveses, lisa e indolora; esplenomegalia dudosa, difícil de delimitar; pequeña protrusión umbilical; no reflujo hepatoyugular.

Radiografía del tórax: elevación de ambos hemidiafragmas.

Radiografía del abdomen: aumento difuso de la densidad, se aprecia perfil hepático y esplénico.

Electrocardiograma normal.

Analítica:
Leucocitos: 3.100/mm³ (3.000-10.000); Hto: 39 % (40-46); Hb: 12,1 g/dl (12-15); VCM: 105 fl (80-100); plaquetas: 105.000/mm³ (150.000-400.000); Quick: 59 % (> 70 %); INR: 1.4 (N 0.8-1.2); creatinina: 1.0 mg/dl; urea: 40 mg/dl; Na: 136 mEq/L; K: 4 mEq/L; urato: 7.9 (< 7); bilirrubina total: 1.9 mg/dl (< 1.3) GOT (ASAT): 105 UI/ml (< 40); GPT (ALAT): 50 UI/ml (< 40); GGT: 480 UI/ml (< 45); FA: 125 UI/ml (< 135); albúmina: 3,2 g/dl (> 3,5).

El resto de la analítica básica es normal.
Ecografía abdominal: líquido libre muy abundante, hígado de ecogenicidad aumentada difusamente, heterogéneo, difícil de ver por la ascitis. Forma hepática

irregular un poco abollonada, macronodular. Vena porta permeable, dilatada. Venas suprahepáticas permeables, no dilatadas. Vía biliar intrahepática y extrahepática normal. Vesícula con litiasis múltiple, no distendida y no edematosa. Bazo ligeramente aumentado de tamaño (15 cm de longitud máxima). El resto no tiene alteraciones. Páncreas no visto por interposición de aire.

Se hace una paracentesis (diagnóstica y evacuadora), y se obtienen 6.000 ml de ascitis.

Análisis del líquido ascítico:
- Glucosa: 120 mg/dl.
- Proteínas: 1,0 g/dl.
- Albúmina: 0,8 g/dl.
- LDH: 40 ui/ml.
- Hematíes: 100 /mm³.
- Leucocitos: 220 /mm³.

Señale la respuesta correcta en caso de que fuese necesario hacer una biopsia hepática en este paciente:","Se puede hacer la biopsia hepática percutánea sin problemas, siempre que sea con control ecográfico.",Ninguna de las respuestas anteriores es correcta.,Para hacer la biopsia hepática con seguridad es necesario administrar plasma fresco y plaquetas.,En este paciente solo es posible hacer la biopsia hepática por vía transyugular.,b,Ninguna de las respuestas anteriores es correcta.,,48,AD_ILLES_BALEARS_2022__EXAM__exam__cuadernillo-de-examen-aparato-digestivo-fea.pdf,AD_ILLES_BALEARS_2022__ANSWER_KEY__answer-key__plantilla-correctora-del-examen.pdf,retained318,0b1a98e4f5b9ad7dcfbc8a23e151b197c9f239fe27384d7f48713a1bd65225d3,5c33d66c080a62e0ed6eddd0804802cd953c1cc52779afbec77e0f0b20db8f03
b136,illes-balears|2022|caso-6|139,Illes Balears,2022,aparato-digestivo,caso-6,136,"Paciente de 62 años con los antecedentes siguientes:

No alergias.

Exfumador: tabaquismo activo desde la juventud hasta los 58 años.

Tosedor habitual.

Consumo diario de alcohol desde hace más de diez años. Consume dos cañas de cerveza, cuatro vasos de vino y dos carajillos al día. El fin de semana toma alguna cerveza más en fiestas y celebraciones y uno o dos gin-tonics.

Dice que no toma drogas.

Dice que no tiene antecedentes patológicos relevantes. No hace controles con su médico de cabecera. Nunca va al médico.
Enfermedad actual: consulta por distensión abdominal molesta, un aumento del perímetro abdominal progresivo de dos semanas de evolución y piernas hinchadas.

Exploración física: bien coloreado, subictericia conjuntival dudosa, arañas vasculares y telangiectasias en el tronco, eritema palmar e hipertrofia parotídea.

Cardiocirculatorio: pulsos rítmicos 90 lpm, soplo sistólico plurifocal, no ingurgitación yugular, edemas maleolares moderados.

Respiración: espiración un poco alargada, algún roncus diseminado.
Abdomen: muy distendido; indoloro a la presión o a la descompresión; sin defensa; matidez en flancos; la matidez cambia con los cambios posturales; signo de la ola; hepatomegalia de tres traveses, lisa e indolora; esplenomegalia dudosa, difícil de delimitar; pequeña protrusión umbilical; no reflujo hepatoyugular.

Radiografía del tórax: elevación de ambos hemidiafragmas.

Radiografía del abdomen: aumento difuso de la densidad, se aprecia perfil hepático y esplénico.

Electrocardiograma normal.

Analítica:
Leucocitos: 3.100/mm³ (3.000-10.000); Hto: 39 % (40-46); Hb: 12,1 g/dl (12-15); VCM: 105 fl (80-100); plaquetas: 105.000/mm³ (150.000-400.000); Quick: 59 % (> 70 %); INR: 1.4 (N 0.8-1.2); creatinina: 1.0 mg/dl; urea: 40 mg/dl; Na: 136 mEq/L; K: 4 mEq/L; urato: 7.9 (< 7); bilirrubina total: 1.9 mg/dl (< 1.3) GOT (ASAT): 105 UI/ml (< 40); GPT (ALAT): 50 UI/ml (< 40); GGT: 480 UI/ml (< 45); FA: 125 UI/ml (< 135); albúmina: 3,2 g/dl (> 3,5).

El resto de la analítica básica es normal.
Ecografía abdominal: líquido libre muy abundante, hígado de ecogenicidad aumentada difusamente, heterogéneo, difícil de ver por la ascitis. Forma hepática

irregular un poco abollonada, macronodular. Vena porta permeable, dilatada. Venas suprahepáticas permeables, no dilatadas. Vía biliar intrahepática y extrahepática normal. Vesícula con litiasis múltiple, no distendida y no edematosa. Bazo ligeramente aumentado de tamaño (15 cm de longitud máxima). El resto no tiene alteraciones. Páncreas no visto por interposición de aire.

Se hace una paracentesis (diagnóstica y evacuadora), y se obtienen 6.000 ml de ascitis.

Análisis del líquido ascítico:
- Glucosa: 120 mg/dl.
- Proteínas: 1,0 g/dl.
- Albúmina: 0,8 g/dl.
- LDH: 40 ui/ml.
- Hematíes: 100 /mm³.
- Leucocitos: 220 /mm³.

Se hace una gastroscopia. El paciente tiene varices esofágicas grandes con puntos rojos y gastropatía por HT portal leve-moderada.

¿Qué medicamento no se utiliza para la profilaxis de la hemorragia por varices esofágicas en el paciente cirrótico?",Propranolol.,Ninguna de las respuestas anteriores es correcta.,Nadolol.,Carvedilol.,b,Ninguna de las respuestas anteriores es correcta.,,49,AD_ILLES_BALEARS_2022__EXAM__exam__cuadernillo-de-examen-aparato-digestivo-fea.pdf,AD_ILLES_BALEARS_2022__ANSWER_KEY__answer-key__plantilla-correctora-del-examen.pdf,retained318,0540e847da27c636609e9345b6589183afa9179e55dea8af22b41e2b9a33c4e5,3da18919e4bb3a6f74a200e7e0508991a857a783e1a6087dff3054759e646c7c
b137,illes-balears|2022|caso-6|140,Illes Balears,2022,aparato-digestivo,caso-6,137,"Paciente de 62 años con los antecedentes siguientes:

No alergias.

Exfumador: tabaquismo activo desde la juventud hasta los 58 años.

Tosedor habitual.

Consumo diario de alcohol desde hace más de diez años. Consume dos cañas de cerveza, cuatro vasos de vino y dos carajillos al día. El fin de semana toma alguna cerveza más en fiestas y celebraciones y uno o dos gin-tonics.

Dice que no toma drogas.

Dice que no tiene antecedentes patológicos relevantes. No hace controles con su médico de cabecera. Nunca va al médico.
Enfermedad actual: consulta por distensión abdominal molesta, un aumento del perímetro abdominal progresivo de dos semanas de evolución y piernas hinchadas.

Exploración física: bien coloreado, subictericia conjuntival dudosa, arañas vasculares y telangiectasias en el tronco, eritema palmar e hipertrofia parotídea.

Cardiocirculatorio: pulsos rítmicos 90 lpm, soplo sistólico plurifocal, no ingurgitación yugular, edemas maleolares moderados.

Respiración: espiración un poco alargada, algún roncus diseminado.
Abdomen: muy distendido; indoloro a la presión o a la descompresión; sin defensa; matidez en flancos; la matidez cambia con los cambios posturales; signo de la ola; hepatomegalia de tres traveses, lisa e indolora; esplenomegalia dudosa, difícil de delimitar; pequeña protrusión umbilical; no reflujo hepatoyugular.

Radiografía del tórax: elevación de ambos hemidiafragmas.

Radiografía del abdomen: aumento difuso de la densidad, se aprecia perfil hepático y esplénico.

Electrocardiograma normal.

Analítica:
Leucocitos: 3.100/mm³ (3.000-10.000); Hto: 39 % (40-46); Hb: 12,1 g/dl (12-15); VCM: 105 fl (80-100); plaquetas: 105.000/mm³ (150.000-400.000); Quick: 59 % (> 70 %); INR: 1.4 (N 0.8-1.2); creatinina: 1.0 mg/dl; urea: 40 mg/dl; Na: 136 mEq/L; K: 4 mEq/L; urato: 7.9 (< 7); bilirrubina total: 1.9 mg/dl (< 1.3) GOT (ASAT): 105 UI/ml (< 40); GPT (ALAT): 50 UI/ml (< 40); GGT: 480 UI/ml (< 45); FA: 125 UI/ml (< 135); albúmina: 3,2 g/dl (> 3,5).

El resto de la analítica básica es normal.
Ecografía abdominal: líquido libre muy abundante, hígado de ecogenicidad aumentada difusamente, heterogéneo, difícil de ver por la ascitis. Forma hepática

irregular un poco abollonada, macronodular. Vena porta permeable, dilatada. Venas suprahepáticas permeables, no dilatadas. Vía biliar intrahepática y extrahepática normal. Vesícula con litiasis múltiple, no distendida y no edematosa. Bazo ligeramente aumentado de tamaño (15 cm de longitud máxima). El resto no tiene alteraciones. Páncreas no visto por interposición de aire.

Se hace una paracentesis (diagnóstica y evacuadora), y se obtienen 6.000 ml de ascitis.

Análisis del líquido ascítico:
- Glucosa: 120 mg/dl.
- Proteínas: 1,0 g/dl.
- Albúmina: 0,8 g/dl.
- LDH: 40 ui/ml.
- Hematíes: 100 /mm³.
- Leucocitos: 220 /mm³.

Se hace una gastroscopia. El paciente tiene varices esofágicas grandes con puntos rojos y gastropatía por HT portal leve-moderada.

A los cinco días del ingreso se le da el alta de hospitalización.

A los diez días del alta el paciente acude a urgencias con malestar general, inapetencia, febrícula (37,6 °C), molestias abdominales difusas, nuevamente distensión abdominal y aumento de peso (hay una reacumulación evidente de ascitis a la exploración física), pese a cumplir bien el tratamiento con dieta sin sal y con diuréticos. Dice que no bebe alcohol.

Se hace una nueva paracentesis (diagnóstica y evacuadora).
Se evacúan 2 L de ascitis.
Análisis del líquido ascítico:
- Glucosa: 110 mg/dl
- Proteínas: 1,1 g/dl
- Albúmina: 0,9 g/dl
- LDH: 60 ui/ml
- Hematíes: 200 /mm3
- Leucocitos: 500 /mm3 (LPN: 90 %)

¿Cómo se interpreta este resultado?",Tiene ascitis transudativa no complicada.,Ninguna de las respuestas anteriores es correcta.,Tiene peritonitis bacteriana secundaria.,Tiene bacterioascitis.,b,Ninguna de las respuestas anteriores es correcta.,,49,AD_ILLES_BALEARS_2022__EXAM__exam__cuadernillo-de-examen-aparato-digestivo-fea.pdf,AD_ILLES_BALEARS_2022__ANSWER_KEY__answer-key__plantilla-correctora-del-examen.pdf,retained318,8a34eb340918d61346f8b027ddf5cb55db3a6e162e312c6822fbd1237b10b9b5,c3bdeb166e9dccb3a38c7dd64dfb098cb6f74ed8275c0a3eb46ca73849a82d1a
b166,navarra|2022|caso-clinico-1|91,Navarra,2022,aparato-digestivo,caso-clinico-1,166,"Estás de guardia y te avisan desde Urgencias donde están valorando a una mujer de 67 años que ha acudido por presentar, en las últimas 3 horas, 2 deposiciones de características melénicas. Son las 22:45h.
En la analítica presenta: Hemoglobina 7.8 g/dL, urea 69 y Creatinina 0.9mg/dL. El resto de parámetros están dentro de la normalidad.
Rehistoriada la paciente refiere ingesta de ibuprofeno en los 3 días previos por un dolor en un molar. No tiene antecedentes médicos de interés salvo una dislipemia bien controlada con estatinas y es alérgica a las quinolonas. Fuma unos 15 cigarrillos cada día.
En la exploración física la TA es de 118/65 mmHg y la FC de 86 lpm. La paciente está eupneica y algo pálida. La auscultación cardio-pulmonar es normal y en la exploración abdominal refiere molestias a la palpación profunda en región epigástrica

Si seguimos las recomendaciones de la ESGE (European Society of Gastrointestinal Endoscopy), cuándo le deberíamos realizar la gastroscopia. Señale la respuesta CORRECTA:",Emergente (antes de 6h),Urgente (antes de 12h),Ninguna de las respuestas anteriores es correcta.,Demorada (>24 horas),c,Ninguna de las respuestas anteriores es correcta.,,20,AD_NAVARRA_2022__EXAM__040_exam_preguntas-test-examen-digestivo-definitivo-ope-2022-estabili.pdf,AD_NAVARRA_2022__ANSWER_KEY__041_answer-key_respuestas-digestivo-ope-2022-estabilizacion.pdf,retained318,ce92732f6e6259ea4369a9f289f73dcfa80cc67235651691fe2876f5ed469e08,47e5d88518a43b73132cf99bde34a0a1ff87d89b15509df47883a9ce715fe2b6
b167,navarra|2022|caso-clinico-1|92,Navarra,2022,aparato-digestivo,caso-clinico-1,167,"Estás de guardia y te avisan desde Urgencias donde están valorando a una mujer de 67 años que ha acudido por presentar, en las últimas 3 horas, 2 deposiciones de características melénicas. Son las 22:45h.
En la analítica presenta: Hemoglobina 7.8 g/dL, urea 69 y Creatinina 0.9mg/dL. El resto de parámetros están dentro de la normalidad.
Rehistoriada la paciente refiere ingesta de ibuprofeno en los 3 días previos por un dolor en un molar. No tiene antecedentes médicos de interés salvo una dislipemia bien controlada con estatinas y es alérgica a las quinolonas. Fuma unos 15 cigarrillos cada día.
En la exploración física la TA es de 118/65 mmHg y la FC de 86 lpm. La paciente está eupneica y algo pálida. La auscultación cardio-pulmonar es normal y en la exploración abdominal refiere molestias a la palpación profunda en región epigástrica

En la gastroscopia se objetiva una úlcera duodenal de 15mm con un fondo hemático oscuro y no hay restos hemáticos intraluminales. En relación a la forma de presentación de la úlcera péptica, señale la respuesta INCORRECTA:",Las causas más frecuentes son la infección por Helicobacter pylori y la ingesta de AINES,Hasta el 70% de las úlceras pépticas son asintomáticas,La complicación más frecuente de la úlcera péptica es la hemorragia,Ninguna de las respuestas anteriores es correcta.,d,Ninguna de las respuestas anteriores es correcta.,negated,20,AD_NAVARRA_2022__EXAM__040_exam_preguntas-test-examen-digestivo-definitivo-ope-2022-estabili.pdf,AD_NAVARRA_2022__ANSWER_KEY__041_answer-key_respuestas-digestivo-ope-2022-estabilizacion.pdf,retained318,985fe99b23aae80df375e9d8b545c544650a4b0c2a2260dd1e0896e3c2e28bf1,f5aa98aedff2fa9c4104625cc1af564d15fd918938fe26d27f3e38eb2cd88e46
b168,navarra|2022|caso-clinico-1|93,Navarra,2022,aparato-digestivo,caso-clinico-1,168,"Estás de guardia y te avisan desde Urgencias donde están valorando a una mujer de 67 años que ha acudido por presentar, en las últimas 3 horas, 2 deposiciones de características melénicas. Son las 22:45h.
En la analítica presenta: Hemoglobina 7.8 g/dL, urea 69 y Creatinina 0.9mg/dL. El resto de parámetros están dentro de la normalidad.
Rehistoriada la paciente refiere ingesta de ibuprofeno en los 3 días previos por un dolor en un molar. No tiene antecedentes médicos de interés salvo una dislipemia bien controlada con estatinas y es alérgica a las quinolonas. Fuma unos 15 cigarrillos cada día.
En la exploración física la TA es de 118/65 mmHg y la FC de 86 lpm. La paciente está eupneica y algo pálida. La auscultación cardio-pulmonar es normal y en la exploración abdominal refiere molestias a la palpación profunda en región epigástrica

En el transcurso de la gastroscopia a la paciente se le tomó una muestra para Test de ureasa con resultado negativo. A la vista de este hallazgo, señale la respuesta CORRECTA:","Como ha tomado AINES, asumimos que ésa es la causa de la úlcera y, en el futuro, sólo deberemos aconsejar que no tome AINES o que asocie gastroprotección en caso de ser imprescindibles",Ninguna de las respuestas anteriores es correcta.,"Como tiene una hemorragia, el test de ureasa puede ser un falso negativo y habrá que realizar nueva gastroscopia para confirmar la cicatrización de la úlcera y tomar nuevas muestras","Como tiene más de 65 años, y ha sido una úlcera complicada, deberá hacer gastroprotección indefinida por lo que la presencia de Helicobácter es irrelevante",b,Ninguna de las respuestas anteriores es correcta.,,20,AD_NAVARRA_2022__EXAM__040_exam_preguntas-test-examen-digestivo-definitivo-ope-2022-estabili.pdf,AD_NAVARRA_2022__ANSWER_KEY__041_answer-key_respuestas-digestivo-ope-2022-estabilizacion.pdf,retained318,5f97d03db8af31628790de12f8954f5c420cb52f35f2b72695c317d3171419b1,bfac240209da4dbbbf8ce5157c83543550af871d253b5c8ea015a3c976565789
b170,navarra|2022|caso-clinico-1|95,Navarra,2022,aparato-digestivo,caso-clinico-1,170,"Estás de guardia y te avisan desde Urgencias donde están valorando a una mujer de 67 años que ha acudido por presentar, en las últimas 3 horas, 2 deposiciones de características melénicas. Son las 22:45h.
En la analítica presenta: Hemoglobina 7.8 g/dL, urea 69 y Creatinina 0.9mg/dL. El resto de parámetros están dentro de la normalidad.
Rehistoriada la paciente refiere ingesta de ibuprofeno en los 3 días previos por un dolor en un molar. No tiene antecedentes médicos de interés salvo una dislipemia bien controlada con estatinas y es alérgica a las quinolonas. Fuma unos 15 cigarrillos cada día.
En la exploración física la TA es de 118/65 mmHg y la FC de 86 lpm. La paciente está eupneica y algo pálida. La auscultación cardio-pulmonar es normal y en la exploración abdominal refiere molestias a la palpación profunda en región epigástrica

Si nuestra paciente hubiera sido Helicobacter pylori positivo, cuánto tiempo aconsejarías mantener el tratamiento con inhibidores de la bomba de protones:",Indefinido ya que tiene > 65 años,8 semanas,El tiempo que dure el tratamiento erradicador,Ninguna de las respuestas anteriores es correcta.,d,Ninguna de las respuestas anteriores es correcta.,,21,AD_NAVARRA_2022__EXAM__040_exam_preguntas-test-examen-digestivo-definitivo-ope-2022-estabili.pdf,AD_NAVARRA_2022__ANSWER_KEY__041_answer-key_respuestas-digestivo-ope-2022-estabilizacion.pdf,retained318,7d30f33bcf4627ecb141d0763b650111ba57ccb3c5a5add038765ef28843fb46,9558125886354eff35ac624b122acf5331994ab2e03394107f808061fe28e50e
b171,navarra|2022|caso-clinico-1|96,Navarra,2022,aparato-digestivo,caso-clinico-1,171,"Estás de guardia y te avisan desde Urgencias donde están valorando a una mujer de 67 años que ha acudido por presentar, en las últimas 3 horas, 2 deposiciones de características melénicas. Son las 22:45h.
En la analítica presenta: Hemoglobina 7.8 g/dL, urea 69 y Creatinina 0.9mg/dL. El resto de parámetros están dentro de la normalidad.
Rehistoriada la paciente refiere ingesta de ibuprofeno en los 3 días previos por un dolor en un molar. No tiene antecedentes médicos de interés salvo una dislipemia bien controlada con estatinas y es alérgica a las quinolonas. Fuma unos 15 cigarrillos cada día.
En la exploración física la TA es de 118/65 mmHg y la FC de 86 lpm. La paciente está eupneica y algo pálida. La auscultación cardio-pulmonar es normal y en la exploración abdominal refiere molestias a la palpación profunda en región epigástrica

Tres meses después del episodio de sangrado, la paciente es valorada en urgencias por un cuadro neurológico que finalmente se interpreta como AIT, aconsejándose en el informe de alta, iniciar tratamiento antiagregante con AAS 100mg y dejar de fumar. En relación al riesgo de presentar una úlcera secundaria a la ingesta de AINES; señala cuál es el factor de riesgo más importante:",La edad,La asociación de AINES con anticoagulantes,Ninguna de las respuestas anteriores es correcta.,El sexo,c,Ninguna de las respuestas anteriores es correcta.,,21,AD_NAVARRA_2022__EXAM__040_exam_preguntas-test-examen-digestivo-definitivo-ope-2022-estabili.pdf,AD_NAVARRA_2022__ANSWER_KEY__041_answer-key_respuestas-digestivo-ope-2022-estabilizacion.pdf,retained318,9169e4dc6fae0ea0898a52c7798c73bc0f28136c3971780862644b0c40ab6863,c3e37c1e2267c9f4993ad5e59ee9df7640e8609fe35f14a511c124a8fd51dd6d
b172,navarra|2022|caso-clinico-2|97,Navarra,2022,aparato-digestivo,caso-clinico-2,172,"Una mañana en la sala de endoscopias en la agenda de cribado de cáncer colorrectal (CCR):

Requisitos a cumplir en el programa de cribado de CCR. Señala la VERDADERA",Una demora de 3 meses en la realización de las colonoscopias de cribado se considera adecuado,Ninguna de las respuestas anteriores es correcta.,En Navarra los pacientes pueden elegir por test de sangre oculta en heces o por colonoscopia directa,Los vídeo-colonoscopios que no tienen alta definición de imagen son aptos para este tipo de endoscopia.,b,Ninguna de las respuestas anteriores es correcta.,,22,AD_NAVARRA_2022__EXAM__040_exam_preguntas-test-examen-digestivo-definitivo-ope-2022-estabili.pdf,AD_NAVARRA_2022__ANSWER_KEY__041_answer-key_respuestas-digestivo-ope-2022-estabilizacion.pdf,retained318,e9a0ede554e2546d71ff5d69b62c9a9adbd0b73f34a2b54358372e1a160c2a64,6bed4342da153c60a5dabef4cdb254e6b51237e29966cf47cffd358ffa7e1827
b173,navarra|2022|caso-clinico-2|98,Navarra,2022,aparato-digestivo,caso-clinico-2,173,"Una mañana en la sala de endoscopias en la agenda de cribado de cáncer colorrectal (CCR):

Realizando una de las colonoscopias encontramos un pólipo en el pliegue distal a la válvula íleocecal, de unos 15 mm. Señala la respuesta FALSA:","Nuestro informe debería describir la morfología básica del pólipo, utilizando la Clasificación de París o al menos nombrando si es plano, sésil o polipoide.","Se debería realizar una correcta inspección del pólipo, incluyendo aspectos básicos del patrón de superficie que nos permitan conocer si el pólipo tiene un carácter o no invasivo",Ninguna de las respuestas anteriores es correcta.,"Los endoscopistas del programa de cribado deben de estar capacitados para extirpar este tipo de pólipos, si no están localizados en zonas de excesiva complejidad",c,Ninguna de las respuestas anteriores es correcta.,negated,22,AD_NAVARRA_2022__EXAM__040_exam_preguntas-test-examen-digestivo-definitivo-ope-2022-estabili.pdf,AD_NAVARRA_2022__ANSWER_KEY__041_answer-key_respuestas-digestivo-ope-2022-estabilizacion.pdf,retained318,a00fb12836a607745d040d1203cad00d3398c63d44c266ba2ff47688bf31e1b2,971cc9147eb8c22aa9268fedbd14ecc8798d2befc2d70a9110e34d655860b328
b174,navarra|2022|caso-clinico-2|99,Navarra,2022,aparato-digestivo,caso-clinico-2,174,"Una mañana en la sala de endoscopias en la agenda de cribado de cáncer colorrectal (CCR):

En otra colonoscopia de cribado nos encontramos un pólipo plano granular homogéneo de 4 cm en el colon derecho que se decide derivar para resección posterior. Señala la respuesta VERDADERA","El informe describe que el pólipo se encontraba a 90cm del ano. Incluir en este informe la distancia en cm a la cual hemos encontrado el pólipo es muy útil, ya que será de gran ayuda para el endoscopista que realice la resección",La morfología del pólipo indica alto poder de invasión submucosa e implica técnicas de resección en bloque como la disección endoscópica submucosa,"Como el endoscopista que realiza la exploración se considera competente en realizar la resección, decide realizar una resección bajo el agua, ya que la probabilidad de resecar esta lesión en bloque con esta técnica se acerca al 95%.",Ninguna de las respuestas anteriores es correcta.,d,Ninguna de las respuestas anteriores es correcta.,,22,AD_NAVARRA_2022__EXAM__040_exam_preguntas-test-examen-digestivo-definitivo-ope-2022-estabili.pdf,AD_NAVARRA_2022__ANSWER_KEY__041_answer-key_respuestas-digestivo-ope-2022-estabilizacion.pdf,retained318,bece7dd362a3ad2656f5215dada655732454bbd47dab6c628742187fac23bde4,17e61215792599e9ffa02127b9ca882358ab941ea48ebabe36ce2459d5a0c12b
b175,navarra|2022|caso-clinico-2|100,Navarra,2022,aparato-digestivo,caso-clinico-2,175,"Una mañana en la sala de endoscopias en la agenda de cribado de cáncer colorrectal (CCR):

Según las clasificaciones morfológicas de los pólipos: la clasificación de París y sobre todo la clasificación LST (laterally spreading tumors). Señala la VERDADERA","Se sabe que los pólipos con nódulos menores de 1cm y de tamaño similar, se llaman granulares mixtos",Los pólipos planos elevados tienen un porcentaje estimado de invasividad menor del 5%,Ninguna de las respuestas anteriores es correcta.,Los pólipos pseudodeprimidos tienen un porcentaje de invasividad del 10%,c,Ninguna de las respuestas anteriores es correcta.,,23,AD_NAVARRA_2022__EXAM__040_exam_preguntas-test-examen-digestivo-definitivo-ope-2022-estabili.pdf,AD_NAVARRA_2022__ANSWER_KEY__041_answer-key_respuestas-digestivo-ope-2022-estabilizacion.pdf,retained318,14b170d92fbf34a2f1388d50b433f4c772dd8320fef8799bb08999513262d09e,9069cd378a2f67c5a4f9545d7ce44cc5af24f92030565bea20956ec74b7ff99d
b176,navarra|2022|caso-clinico-2|101,Navarra,2022,aparato-digestivo,caso-clinico-2,176,"Una mañana en la sala de endoscopias en la agenda de cribado de cáncer colorrectal (CCR):

En la siguiente colonoscopia nos encontramos un pólipo plano de 5 cm situado en el colon transverso. Describe la actitud CORRECTA","Cogemos múltiples biopsias del pólipo, ya que tiene un patrón NICE II que nos indica invasividad",Realizamos un tatuaje proximal y distal ya que tiene un patrón JNET IIa y probablemente necesite cirugía,Ninguna de las respuestas anteriores es correcta.,"Tiene un claro patrón JNET III, lo que es clara indicación de disección endoscópica submucosa",c,Ninguna de las respuestas anteriores es correcta.,,23,AD_NAVARRA_2022__EXAM__040_exam_preguntas-test-examen-digestivo-definitivo-ope-2022-estabili.pdf,AD_NAVARRA_2022__ANSWER_KEY__041_answer-key_respuestas-digestivo-ope-2022-estabilizacion.pdf,retained318,1fa68be9b36cc43e67b33565ab3b77568724983e775b1ffe13b3dfa7787618f9,fa576da269b436b45ee61a237c48dd7cadc77b3055861caeef0ef7344434f77c
b177,navarra|2022|caso-clinico-2|102,Navarra,2022,aparato-digestivo,caso-clinico-2,177,"Una mañana en la sala de endoscopias en la agenda de cribado de cáncer colorrectal (CCR):

En la última colonoscopia de la mañana, vemos un pólipo de recto medio de unos 6 cm con un gran nódulo central de aproximadamente de 3 cm, señale la respuesta CORRECTA:",Siempre hay que hacer RMN y TC en este tipo de pólipos independientemente de su patrón óptico mucoso y de su morfología,Ninguna de las respuestas anteriores es correcta.,"El patrón mucoso es de benignidad, lo que indica que puede realizar resección fragmentada e inclusión de todos los fragmentos en un solo bote de anatomía patológica.","El patrón mucoso es un NICE I, lo que indica que con alta probabilidad se trate de un adenoma",b,Ninguna de las respuestas anteriores es correcta.,,23,AD_NAVARRA_2022__EXAM__040_exam_preguntas-test-examen-digestivo-definitivo-ope-2022-estabili.pdf,AD_NAVARRA_2022__ANSWER_KEY__041_answer-key_respuestas-digestivo-ope-2022-estabilizacion.pdf,retained318,fdaa7f8906b9856389482804306a3b315c3475bb2177dfef6202d4e83562f714,d5b4c44d73d740b54b49f6c68c50f55427feb765c2533ec37cca84f9cbf57039
b179,navarra|2022|caso-clinico-3|104,Navarra,2022,aparato-digestivo,caso-clinico-3,179,"Varón de 65 años con antecedente de cirrosis hepática por VHC genotipo 3 (nunca tratado), sin otras comorbilidades, que ingresa por hematemesis. Se realiza gastroscopia visualizándose varices esofágicas grandes, una de ellas con sangrado activo y dos de ellas con extensión a curvadura menor gástrica. El paciente no presenta ascitis ni fiebre y desde el punto de vista hemodinámico tiene TA 100/60 mmHg, FC 75lpm, SatO2 94% FiO2 21%.
Analítica: Hemoglobina 8,5 g/dL, plaquetas 78 x 109/L, actividad de protrombina 52%. Creatinina 0,98 mg/dL, Sodio 129 mmol/L, bilirrubina total 3,1 mg/dL, albúmina 32 g/L. AST 125 U/L, ALT 101 U/L.
Serologías: IgM e IgG VHA negativo, HBsAg negativo, anti-HBs positivo, HBcAc total positivo, VIH negativo.
Ecografía abdominal: Hígado con contornos nodulares y aumento de la ecogenicidad hepática con aspecto granular, sugestivo de hepatopatía crónica. No se objetivan lesiones focales. Vena porta de calibre normal con flujo hepatópeto. Esplenomegalia homogénea de 17,5 cm. Circulación colateral en espacio esplenorrenal. No líquido libre intraabdominal

NO se considera una contraindicación para la colocación de un TIPS (transjugular intrahepatic portosystemic shunt):",Presión arterial pulmonar media 50 mmHg,Insuficiencia tricuspídea grave,Infección sistémica activa o sepsis,Ninguna de las respuestas anteriores es correcta.,d,Ninguna de las respuestas anteriores es correcta.,negated,24,AD_NAVARRA_2022__EXAM__040_exam_preguntas-test-examen-digestivo-definitivo-ope-2022-estabili.pdf,AD_NAVARRA_2022__ANSWER_KEY__041_answer-key_respuestas-digestivo-ope-2022-estabilizacion.pdf,retained318,c70e15d9a9eaee678a4f914b417fc83dc2aa75ff44dba0895388fc4b9ce6e6e1,7e25f9593fe6bf8137a122143f5ca96dd0405c13746a6a9de2de9e921fede139
b180,navarra|2022|caso-clinico-3|105,Navarra,2022,aparato-digestivo,caso-clinico-3,180,"Varón de 65 años con antecedente de cirrosis hepática por VHC genotipo 3 (nunca tratado), sin otras comorbilidades, que ingresa por hematemesis. Se realiza gastroscopia visualizándose varices esofágicas grandes, una de ellas con sangrado activo y dos de ellas con extensión a curvadura menor gástrica. El paciente no presenta ascitis ni fiebre y desde el punto de vista hemodinámico tiene TA 100/60 mmHg, FC 75lpm, SatO2 94% FiO2 21%.
Analítica: Hemoglobina 8,5 g/dL, plaquetas 78 x 109/L, actividad de protrombina 52%. Creatinina 0,98 mg/dL, Sodio 129 mmol/L, bilirrubina total 3,1 mg/dL, albúmina 32 g/L. AST 125 U/L, ALT 101 U/L.
Serologías: IgM e IgG VHA negativo, HBsAg negativo, anti-HBs positivo, HBcAc total positivo, VIH negativo.
Ecografía abdominal: Hígado con contornos nodulares y aumento de la ecogenicidad hepática con aspecto granular, sugestivo de hepatopatía crónica. No se objetivan lesiones focales. Vena porta de calibre normal con flujo hepatópeto. Esplenomegalia homogénea de 17,5 cm. Circulación colateral en espacio esplenorrenal. No líquido libre intraabdominal

Teniendo en cuenta el seguimiento ambulatorio de este paciente, una vez dado de alta del ingreso inicial. ¿Cuál de las siguientes recomendaciones respecto a la prevención secundaria de la hemorragia varicosa es CORRECTA?",Ligadura endoscópica con bandas y bisoprolol,Ninguna de las respuestas anteriores es correcta.,Inyección de cianoacrilato y bisoprolol,Inyección de cianoacrilato y carvedilol,b,Ninguna de las respuestas anteriores es correcta.,,24,AD_NAVARRA_2022__EXAM__040_exam_preguntas-test-examen-digestivo-definitivo-ope-2022-estabili.pdf,AD_NAVARRA_2022__ANSWER_KEY__041_answer-key_respuestas-digestivo-ope-2022-estabilizacion.pdf,retained318,f1aea7ece479b6c3eb724ba5883600b2422f7c1bdbbd1f1d6a46645dc15d5067,f6951c7264621008a9f72bbf64ca3b81c32a29fb047dca9ae410586c4bb18019
b181,navarra|2022|caso-clinico-3|106,Navarra,2022,aparato-digestivo,caso-clinico-3,181,"Varón de 65 años con antecedente de cirrosis hepática por VHC genotipo 3 (nunca tratado), sin otras comorbilidades, que ingresa por hematemesis. Se realiza gastroscopia visualizándose varices esofágicas grandes, una de ellas con sangrado activo y dos de ellas con extensión a curvadura menor gástrica. El paciente no presenta ascitis ni fiebre y desde el punto de vista hemodinámico tiene TA 100/60 mmHg, FC 75lpm, SatO2 94% FiO2 21%.
Analítica: Hemoglobina 8,5 g/dL, plaquetas 78 x 109/L, actividad de protrombina 52%. Creatinina 0,98 mg/dL, Sodio 129 mmol/L, bilirrubina total 3,1 mg/dL, albúmina 32 g/L. AST 125 U/L, ALT 101 U/L.
Serologías: IgM e IgG VHA negativo, HBsAg negativo, anti-HBs positivo, HBcAc total positivo, VIH negativo.
Ecografía abdominal: Hígado con contornos nodulares y aumento de la ecogenicidad hepática con aspecto granular, sugestivo de hepatopatía crónica. No se objetivan lesiones focales. Vena porta de calibre normal con flujo hepatópeto. Esplenomegalia homogénea de 17,5 cm. Circulación colateral en espacio esplenorrenal. No líquido libre intraabdominal

A los dos meses del ingreso es valorado en consulta encontrándose el paciente asintomático, sin ascitis, edemas ni encefalopatía. En la analítica de control presenta: bilirrubina 1,2 mg/dL, albúmina 4,1 g/dL e INR 1,2, RNA-VHC 2600000 UI/ml. ¿Qué opción de tratamiento sería la más adecuada para la infección crónica por VHC?",Sofosbuvir+velpatasvir+ribavirina 24 semanas,Ninguna de las respuestas anteriores es correcta.,Glecaprevir+pibrentasvir 16 semanas,Grazoprevir+elbasvir 16 semanas,b,Ninguna de las respuestas anteriores es correcta.,,25,AD_NAVARRA_2022__EXAM__040_exam_preguntas-test-examen-digestivo-definitivo-ope-2022-estabili.pdf,AD_NAVARRA_2022__ANSWER_KEY__041_answer-key_respuestas-digestivo-ope-2022-estabilizacion.pdf,retained318,1d5ad93e705a7668533a8784c8875c95c4fdfb5ecacb12bbe385109703a6ebd4,e19b5ab725276fd35e2d58b22a4a387f626b6595fef96be0dd3e90853f7e038d
b182,navarra|2022|caso-clinico-3|107,Navarra,2022,aparato-digestivo,caso-clinico-3,182,"Varón de 65 años con antecedente de cirrosis hepática por VHC genotipo 3 (nunca tratado), sin otras comorbilidades, que ingresa por hematemesis. Se realiza gastroscopia visualizándose varices esofágicas grandes, una de ellas con sangrado activo y dos de ellas con extensión a curvadura menor gástrica. El paciente no presenta ascitis ni fiebre y desde el punto de vista hemodinámico tiene TA 100/60 mmHg, FC 75lpm, SatO2 94% FiO2 21%.
Analítica: Hemoglobina 8,5 g/dL, plaquetas 78 x 109/L, actividad de protrombina 52%. Creatinina 0,98 mg/dL, Sodio 129 mmol/L, bilirrubina total 3,1 mg/dL, albúmina 32 g/L. AST 125 U/L, ALT 101 U/L.
Serologías: IgM e IgG VHA negativo, HBsAg negativo, anti-HBs positivo, HBcAc total positivo, VIH negativo.
Ecografía abdominal: Hígado con contornos nodulares y aumento de la ecogenicidad hepática con aspecto granular, sugestivo de hepatopatía crónica. No se objetivan lesiones focales. Vena porta de calibre normal con flujo hepatópeto. Esplenomegalia homogénea de 17,5 cm. Circulación colateral en espacio esplenorrenal. No líquido libre intraabdominal

En la ecografía de screening semestral se objetiva trombosis reciente que ocupa el 60% de la vena porta principal. Según las últimas recomendaciones de la AASLD (American Association Study Liver Diseases 2020), señale la FALSA:",Realizar prueba de imagen con contraste,Iniciar anticoagulación,Ninguna de las respuestas anteriores es correcta.,La aparición de isquemia intestinal es menos frecuente que en los pacientes que no presentan cirrosis,c,Ninguna de las respuestas anteriores es correcta.,negated,25,AD_NAVARRA_2022__EXAM__040_exam_preguntas-test-examen-digestivo-definitivo-ope-2022-estabili.pdf,AD_NAVARRA_2022__ANSWER_KEY__041_answer-key_respuestas-digestivo-ope-2022-estabilizacion.pdf,retained318,49b5a44ee822b69568f91b8e66348fc4033d146288f04f5327195500d481fd59,9f7791350b86a9e3ce26bcb6ac799f649fef06f0dd47551b0d8e4415b6d03e7c
b183,navarra|2022|caso-clinico-3|108,Navarra,2022,aparato-digestivo,caso-clinico-3,183,"Varón de 65 años con antecedente de cirrosis hepática por VHC genotipo 3 (nunca tratado), sin otras comorbilidades, que ingresa por hematemesis. Se realiza gastroscopia visualizándose varices esofágicas grandes, una de ellas con sangrado activo y dos de ellas con extensión a curvadura menor gástrica. El paciente no presenta ascitis ni fiebre y desde el punto de vista hemodinámico tiene TA 100/60 mmHg, FC 75lpm, SatO2 94% FiO2 21%.
Analítica: Hemoglobina 8,5 g/dL, plaquetas 78 x 109/L, actividad de protrombina 52%. Creatinina 0,98 mg/dL, Sodio 129 mmol/L, bilirrubina total 3,1 mg/dL, albúmina 32 g/L. AST 125 U/L, ALT 101 U/L.
Serologías: IgM e IgG VHA negativo, HBsAg negativo, anti-HBs positivo, HBcAc total positivo, VIH negativo.
Ecografía abdominal: Hígado con contornos nodulares y aumento de la ecogenicidad hepática con aspecto granular, sugestivo de hepatopatía crónica. No se objetivan lesiones focales. Vena porta de calibre normal con flujo hepatópeto. Esplenomegalia homogénea de 17,5 cm. Circulación colateral en espacio esplenorrenal. No líquido libre intraabdominal

A los dos años de seguimiento se confirma en un TAC hepático dinámico 3 lesiones hepáticas de 2cm cada una, compatibles con hepatocarcinoma. No se visualiza trombosis portal ni afectación extrahepática. El paciente tiene buen estado clínico (Performance Status O) con función hepática conservada Child-Pugh A. ¿Qué tratamiento indicaría?",Quimiembolización transarterial,Sorafenib,Ninguna de las respuestas anteriores es correcta.,Atezolizumab + bevacizumab,c,Ninguna de las respuestas anteriores es correcta.,,25,AD_NAVARRA_2022__EXAM__040_exam_preguntas-test-examen-digestivo-definitivo-ope-2022-estabili.pdf,AD_NAVARRA_2022__ANSWER_KEY__041_answer-key_respuestas-digestivo-ope-2022-estabilizacion.pdf,retained318,fdd3e0c50be19bb89735f9193c60620b51e05bd1fbb2ed5f6d0cc277b0bfc13b,f2d987014b27e322120c3c8ccf8f8d7e3261a783f4cee7f5c153a6640d75a65f
b184,navarra|2022|reserva-casos-clinicos|109,Navarra,2022,aparato-digestivo,reserva-casos-clinicos,184,"Estás de guardia y te avisan desde Urgencias donde están valorando a una mujer de 67 años que ha acudido por presentar, en las últimas 3 horas, 2 deposiciones de características melénicas. Son las 22:45h.
En la analítica presenta: Hemoglobina 7.8 g/dL, urea 69 y Creatinina 0.9mg/dL. El resto de parámetros están dentro de la normalidad.
Rehistoriada la paciente refiere ingesta de ibuprofeno en los 3 días previos por un dolor en un molar. No tiene antecedentes médicos de interés salvo una dislipemia bien controlada con estatinas y es alérgica a las quinolonas. Fuma unos 15 cigarrillos cada día.
En la exploración física la TA es de 118/65 mmHg y la FC de 86 lpm. La paciente está eupneica y algo pálida. La auscultación cardio-pulmonar es normal y en la exploración abdominal refiere molestias a la palpación profunda en región epigástrica

Pregunta de reserva Caso Clínico numero 1: Cuál de las siguientes afirmaciones es INCORRECTA en relación a la prevención de las úlceras por AINEs:","Misoprostol reduce el riesgo de úlcera asociada a AINEs, independientemente de la dosis",Más del 30% de los pacientes que toman misoprostol lo suspenden por efectos secundarios,La prevención de las complicaciones ulcerosas sólo se consigue dosis más altas de misoprostol,Ninguna de las respuestas anteriores es correcta.,d,Ninguna de las respuestas anteriores es correcta.,negated,26,AD_NAVARRA_2022__EXAM__040_exam_preguntas-test-examen-digestivo-definitivo-ope-2022-estabili.pdf,AD_NAVARRA_2022__ANSWER_KEY__041_answer-key_respuestas-digestivo-ope-2022-estabilizacion.pdf,retained318,d6512385adf15cf2c4aef1ae29d323ad80b236491563a6030e03f3a08b7d07c3,faebe158a51d6d9a2bcfc5f903edfeabbdc0c2814d232fea32182e2cae52caa4
b185,navarra|2022|reserva-casos-clinicos|110,Navarra,2022,aparato-digestivo,reserva-casos-clinicos,185,"Una mañana en la sala de endoscopias en la agenda de cribado de cáncer colorrectal (CCR):

Pregunta de reserva Caso Clínico número 2: Transcurridos 15 días recibimos el informe histológico de uno de los pólipos resecados, con resultado de adenocarcinoma. ¿Cuál de los siguientes es un criterio de mal pronóstico histológico?",Ausencia de budding (nidos tumorales),Ninguna de las respuestas anteriores es correcta.,Ausencia de invasión linfática o vascular,Pólipo pediculado con invasión Haggitt 2,b,Ninguna de las respuestas anteriores es correcta.,,26,AD_NAVARRA_2022__EXAM__040_exam_preguntas-test-examen-digestivo-definitivo-ope-2022-estabili.pdf,AD_NAVARRA_2022__ANSWER_KEY__041_answer-key_respuestas-digestivo-ope-2022-estabilizacion.pdf,retained318,66a585d58cf740e1be95c2894027c44e8440d4884b3b53044dd6fdb775c3ebe6,acadff874df9ae4b03289b207d3c2683a5f2bf85a90d41b662a2e206cf57322c
b186,navarra|2022|reserva-casos-clinicos|111,Navarra,2022,aparato-digestivo,reserva-casos-clinicos,186,"Varón de 65 años con antecedente de cirrosis hepática por VHC genotipo 3 (nunca tratado), sin otras comorbilidades, que ingresa por hematemesis. Se realiza gastroscopia visualizándose varices esofágicas grandes, una de ellas con sangrado activo y dos de ellas con extensión a curvadura menor gástrica. El paciente no presenta ascitis ni fiebre y desde el punto de vista hemodinámico tiene TA 100/60 mmHg, FC 75lpm, SatO2 94% FiO2 21%.
Analítica: Hemoglobina 8,5 g/dL, plaquetas 78 x 109/L, actividad de protrombina 52%. Creatinina 0,98 mg/dL, Sodio 129 mmol/L, bilirrubina total 3,1 mg/dL, albúmina 32 g/L. AST 125 U/L, ALT 101 U/L.
Serologías: IgM e IgG VHA negativo, HBsAg negativo, anti-HBs positivo, HBcAc total positivo, VIH negativo.
Ecografía abdominal: Hígado con contornos nodulares y aumento de la ecogenicidad hepática con aspecto granular, sugestivo de hepatopatía crónica. No se objetivan lesiones focales. Vena porta de calibre normal con flujo hepatópeto. Esplenomegalia homogénea de 17,5 cm. Circulación colateral en espacio esplenorrenal. No líquido libre intraabdominal

Pregunta de reserva Caso Clínico número 3: A las 72 horas de la gastroscopia inicial el paciente presenta nuevo episodio de hematemesis atribuible a sangrado variceal. Analíticamente destaca hemoglobina de 7,5g/dL, plaquetas 50 x 109/L, INR 2, actividad de protrombina 33%, fibrinógeno 200mg/dL, creatinina 1 mg/dL, bilirrubina total 2,8 mg/dL, ¿cuál de las siguientes actuaciones sería INCORRECTA?:",Segundo intento de hemostasia endoscópica,Ninguna de las respuestas anteriores es correcta.,Sería candidato a un TIPS de rescate,El resangrado variceal tras un tratamiento endoscópico inicial puede ocurrir en el 10 -20% de los pacientes,b,Ninguna de las respuestas anteriores es correcta.,negated,26,AD_NAVARRA_2022__EXAM__040_exam_preguntas-test-examen-digestivo-definitivo-ope-2022-estabili.pdf,AD_NAVARRA_2022__ANSWER_KEY__041_answer-key_respuestas-digestivo-ope-2022-estabilizacion.pdf,retained318,1e520e8539e16a5ca31991584bf4c1b7e2cebcdd11d7e62648d4b99136cb957d,c446d33e2729afc3247a349ec504c520247a53ef1dbbe2a4f02a4663c6bf61ee
b190,comunidad-de-madrid|2021|main|112,Comunidad de Madrid,2021,aparato-digestivo,main,190,Señala cual NO es un efecto secundario de tacrolimus,Insuficiencia renal,Cefalea,Convulsiones,Ninguna de las respuestas anteriores es correcta.,d,Ninguna de las respuestas anteriores es correcta.,negated,21,AD_COMUNIDAD_DE_MADRID_2021__EXAM__017_exam_cuestionario-de-examen-f-e-en-aparato-digestivo-sermas-2021.pdf,AD_COMUNIDAD_DE_MADRID_2021__ANSWER_KEY__018_answer-key_plantilla-correctora-f-e-aparato-digestivo-2021.pdf,retained318,9afca0acdb7e175f516bb5170d8902239085665dfc681a5fafc2355a405d559e,c8da9a84d9c269eeca0f5b8feb6a50879ae6f46fc7041cd4cb546fb44cde9617
b192,navarra|2022|teorico-practica|75,Navarra,2022,aparato-digestivo,teorico-practica,192,"Varón de 58 años que acude a urgencias por dolor agudo y constante en hipocondrio derecho, con náuseas, vómitos y fiebre de 38º. A la exploración presente ictericia e hipersensibilidad a la palpación en hipocondrio derecho. Se solicita una ecografía abdominal observando colelitiasis múltiple y dilatación de vía intrahepática sin poder valorar colédoco ni región pancreática por interposición de gas. Se completa con un TC observando litiasis en conducto cístico de 15 mm, dilatación de conducto hepático común y vía biliar intrahepática, estando el colédoco distal normal. ¿Cuál de los siguientes es el diagnóstico MÁS probable?",Colangiocarcinoma tipo Klatskin,Quiste de colédoco,Ninguna de las respuestas anteriores es correcta.,Colangiocarcinoma proximal,c,Ninguna de las respuestas anteriores es correcta.,clinical_case,16,AD_NAVARRA_2022__EXAM__040_exam_preguntas-test-examen-digestivo-definitivo-ope-2022-estabili.pdf,AD_NAVARRA_2022__ANSWER_KEY__041_answer-key_respuestas-digestivo-ope-2022-estabilizacion.pdf,retained318,27fef1ce294c33e0165bb2a02cbe2895ef37fa3619aedd62b1b0038f9017d6ec,5010dbddb3c0e6c252252c6ff57bf36a4965853559e7808451b4ff229f2a0335
b193,andalucia|2021|cuestionario-practico|126,Andalucía,2021,aparato-digestivo,cuestionario-practico,193,"Una mujer de 62 años acude para realización de colonoscopia por test de sangre oculta en heces positivo en el contexto del programa de cribado poblacional de cáncer colorrectal de Andalucía. Se encontraba asintomática y no tenía comorbilidades ni antecedentes personales ni familiares de cáncer colorrectal. Se realiza colonoscopia hasta ciego, bajo sedación profunda, con un tiempo de retirada de 18 minutos. Se encontró un pólipo 0-Ip de 14mm en sigma, que se extirpa de forma completa y en bloque, informado por el patólogo como adenoma tubulovelloso con displasia de bajo grado. No se encontraron
otras lesiones. La puntuación de la escala de Boston fue 5 (2 en colon izquierdo, 1 en colon transverso y 1 en ciego-colon ascendente).

Realizado árbol genealógico familiar, no hay historia familiar de cáncer y el estudio inmunohistoquímico muestra tinción positiva (expresión) de las cuatro proteínas MMR (MLH1, MSH2, MSH6, PMS2). ¿Cuál sería la actitud preventiva más adecuada a seguir con su hijo de 35 años, siguiendo las recomendaciones más recientes de las guías de práctica clínica europea y española?","Iniciar ya colonoscopias, con una periodicidad cada 10 años.",Ninguna de las respuestas anteriores es correcta.,Iniciar colonoscopias a partir de los 40 años con una periodicidad cada 5 años.,Iniciar colonoscopias a partir de los 50 años con una periodicidad cada 5 años.,b,Ninguna de las respuestas anteriores es correcta.,,33,AD_ANDALUCIA_2021_22_LIBRE__EXAM__07__9122-aparato-digestivo-pdf.pdf,AD_ANDALUCIA_2021_22_LIBRE__CORRECTION__09__9122-plantilla-respuestas-def-digestivo-pdf.pdf,retained318,feb18c80930f4fd42a5ab858b98832734ae37d51d7daf473d6cb02bf9a92af2e,3f8347284ad9112c002741a99c6c6c0b8e23a59636eafd5792fd26016e2ff3bc
b194,comunitat-valenciana|2022|main-47-80|56,Comunitat Valenciana,2022,aparato-digestivo,main-47-80,194,"Paciente con hepatitis crónica B con ALT 35 UI, DNA-VHB 9800 UI y Fibroscan 9,5 Kpa debe tratarse con:",Interferon pegilado indefinido.,Glecaprevir.,Ninguna de las respuestas anteriores es correcta.,No tiene indicación de tratamiento.,c,Ninguna de las respuestas anteriores es correcta.,clinical_case,18,AD_COMUNITAT_VALENCIANA_2022__EXAM__25__25-comunidad-valenciana-2022-exam-pdf.pdf,AD_COMUNITAT_VALENCIANA_2022__CORRECTION__27__27-comunidad-valenciana-2022-answer-key-definitive-pdf.pdf,retained318,f5bdb54a4b1334d4a89f0c7dee9f40d5ac86a56a01b4c2ee5b34b260f01ba1fc,23614fd11f65411fc33cf9d5425cd8dbd15964055c00007346e85226200e82db
b196,comunidad-de-madrid|2021|main|135,Comunidad de Madrid,2021,aparato-digestivo,main,196,En el contexto de un paciente con colangitis biliar primaria ¿qué hallazgo histológico es característico y se considera diagnóstico cuando se observa en la biopsia hepática?,Cuerpos de Councilman,Ninguna de las respuestas anteriores es correcta.,Fibrosis en puentes,Granulomas no caseificantes,b,Ninguna de las respuestas anteriores es correcta.,,24,AD_COMUNIDAD_DE_MADRID_2021__EXAM__017_exam_cuestionario-de-examen-f-e-en-aparato-digestivo-sermas-2021.pdf,AD_COMUNIDAD_DE_MADRID_2021__ANSWER_KEY__018_answer-key_plantilla-correctora-f-e-aparato-digestivo-2021.pdf,retained318,daef912619d7020bb153fd0e2e7ede33bfb1fcbd754754b5c73ac80c1d6d87c9,f68758a4dfa4aebaa4ea0d070e7358b0c02839267ea1000a665cbdb97ca88f50
b198,castilla-la-mancha|2017|reserva-especifica|102,Castilla-La Mancha,2017,aparato-digestivo,reserva-especifica,198,"En los gráficos de cajas (box-plot, box and whisker plot), ¿Qué representa la línea horizontal que está dentro de la caja?",La moda,Ninguna de las respuestas anteriores es correcta.,El rango,Desviación estándar,b,Ninguna de las respuestas anteriores es correcta.,,18,AD_CASTILLA_LA_MANCHA_2017_2018__EXAM__exam__cuestionario-fea-aparato-digestivo.pdf,AD_CASTILLA_LA_MANCHA_2017_2018__CORRECTION__correction__plantilla-correctora-definitiva-fea-aparato-digestivo.pdf,retained318,d605b2dd8e4868aa5c1a69831abe646ae2a712d8ba4407c84269577859767b7e,e9c4d51713e491881abe9820bbfcfab6870c393a9e0c7ed04709eb8cbad83f3f
b200,la-rioja|2021|reserva|109,La Rioja,2021,aparato-digestivo,reserva,200,El tratamiento indicado en la Enfermedad de Caroli limitada a un solo lóbulo es:,Ácido Ursodesoxicólico.,Trasplante Hepático.,Ninguna de las respuestas anteriores es correcta.,Litotricia extracorpórea.,c,Ninguna de las respuestas anteriores es correcta.,,39,AD_LA_RIOJA_2020_2021__EXAM__exam__fea-aparato-digestivo-2021.pdf,AD_LA_RIOJA_2020_2021__CORRECTION__correction__plantilla-respuestas-modificada-fea-aparato-digestivo-2021.pdf,retained318,68876b38ac9a83ea1e7ff2c77cff08a66ccca578af6f86d4b3cd08419d81d5b7,7f64cbb9e65c8466f4dc5e565491f7e6a159d87ef5bb464562977895ef0f8400
b201,region-de-murcia|2019|main|16,Región de Murcia,2019,aparato-digestivo,main,201,"En el tratamiento del cáncer de esófago, señale la opción FALSA:",En pacientes con adenocarcinoma esofágico en estadio T1a N0 M0 la terapéutica endoscópica es de elección.,"La esofagectomía radical y transtorácica (procedimiento de Ivor-Lewis) es la técnica quirúrgica de elección en el cáncer de esófago localizado, más allá de las etapas muy tempranas (T1b-T2 N0 M0).",Ninguna de las respuestas anteriores es correcta.,"En pacientes con enfermedad metastásica (M1) de adenocarcinoma esofágico y buen estado general, está indicada la quimioterapia como tratamiento paliativo.",c,Ninguna de las respuestas anteriores es correcta.,negated,3,AD_REGION_DE_MURCIA_2019__EXAM__021_exam_apa-dig-lb-a-examen-turno-libre-modelo-a.pdf,AD_REGION_DE_MURCIA_2019__ANSWER_KEY__022_answer-key_apa-dig-plantilla-respuestas-corregida-turno-libre-modelo-a.pdf,retained318,c7aef7628d744a5d9baebfca0ab88c29bb6003a1c996cf39e6649bf327cf2de1,549a76225a4e9fd349ca3bdbb46c3ac607957a0c5e3fcdbfd41b87a48bade18f
b203,aragon|2017|reserva-especifica|109,Aragón,2017,aparato-digestivo,reserva-especifica,203,Entre los datos siguientes uno NO es típico del síndrome hepatorenal tipo I?,Sodio en sangre 115.,Creatinina en sangre 5 mg/dl.,Ninguna de las respuestas anteriores es correcta.,Proteinuria indetectable.,c,Ninguna de las respuestas anteriores es correcta.,negated,39,AD_ARAGON_2017__EXAM__exam__cuadernillo-del-examen-de-la-categoria-de-aparato-digestivo-que-fue-realizado-el.pdf,AD_ARAGON_2017__ANSWER_KEY__answer-key__plantilla-de-respuestas-del-examen-de-la-categoria-de-aparato-digestivo-que-fue-.pdf,retained318,3ba4cef4f9ba4efa40760cb2a06d9201079f3ef8ad3d2b3ff193f12d48d41b1f,85b2961fe9d37e536a7b9ff3bf65c6ed014abb9ec8b9726180bd42f5601729c5
b206,castilla-la-mancha|2017|main|53,Castilla-La Mancha,2017,aparato-digestivo,main,206,Señale cuál de los siguientes fármacos NO se ha relacionado con pancreatitis aguda,Azatioprina,Ácido valproico,Ninguna de las respuestas anteriores es correcta.,IECA,c,Ninguna de las respuestas anteriores es correcta.,negated,10,AD_CASTILLA_LA_MANCHA_2017_2018__EXAM__exam__cuestionario-fea-aparato-digestivo.pdf,AD_CASTILLA_LA_MANCHA_2017_2018__CORRECTION__correction__plantilla-correctora-definitiva-fea-aparato-digestivo.pdf,retained318,f899b637d1a7711b15d17fad60206debe84231d9827192706128181f92b226fb,0bebf513b065bba76874c5284ea498fa22fab070ad885041b3b7ee7e57d74cf2
b207,region-de-murcia|2019|main|99,Región de Murcia,2019,aparato-digestivo,main,207,"Con respecto al tratamiento farmacológico de la pancreatitis crónica, señale la opción cierta:",No existen datos que apoyen el uso de omeprazol asociado al tratamiento sustitutivo enzimático.,En la diabetes mellitus secundaria a pancreatitis crónica está indicado el tratamiento inicial con antidiabéticos orales.,El tratamiento sustitutivo enzimático se debe controlar siempre mediante test de funcionalismo pancreático.,Ninguna de las respuestas anteriores es correcta.,d,Ninguna de las respuestas anteriores es correcta.,,17,AD_REGION_DE_MURCIA_2019__EXAM__021_exam_apa-dig-lb-a-examen-turno-libre-modelo-a.pdf,AD_REGION_DE_MURCIA_2019__ANSWER_KEY__022_answer-key_apa-dig-plantilla-respuestas-corregida-turno-libre-modelo-a.pdf,retained318,77ad12c9903ecd9b905462e435710176d9a74daa5217554830ee660bd492752e,2ee2b4e5c667d8e08999a94891353243509bb1803402f12e3aefcb35293fc0ce
b208,la-rioja|2021|reserva|103,La Rioja,2021,aparato-digestivo,reserva,208,Cuál de los siguientes no es un criterio de definición de donante marginal para trasplante hepático:,Edad del donante mayor de 65 años.,Un IMC mayor de 30.,Ninguna de las respuestas anteriores es correcta.,Bilirrubina en suero mayor de 3 mg/dL.,c,Ninguna de las respuestas anteriores es correcta.,,37,AD_LA_RIOJA_2020_2021__EXAM__exam__fea-aparato-digestivo-2021.pdf,AD_LA_RIOJA_2020_2021__CORRECTION__correction__plantilla-respuestas-modificada-fea-aparato-digestivo-2021.pdf,retained318,dcc3177a0a337d7f68d6d9385a823b3c3a26e4489d54ed320eeca0d204c6e9cc,879e3c0ac08e3e11e49f54b696f37a55ea9b6d40125223b2041f42573f1021e0
b209,castilla-la-mancha|2022|main|17,Castilla-La Mancha,2022,aparato-digestivo,main,209,Paciente con cáncer gástrico precoz bien diferenciado sin signos endoscópicos sugestivos de invasión submucosa en el que se plantea realizar una resección endoscópica. Señale la respuesta falsa,Las técnicas de cromoendoscopia pueden ser útiles para determinar los límites de la lesión.,La ecoendoscopia puede ser útil para evaluar la profundidad de la lesión.,Ninguna de las respuestas anteriores es correcta.,La resección endoscópica podría realizarse en lesiones menores o iguales a 2 centímetros no ulceradas.,c,Ninguna de las respuestas anteriores es correcta.,"clinical_case,negated",4,AD_CASTILLA_LA_MANCHA_2022__EXAM__exam__cuestionario-fea-digestivo.pdf,AD_CASTILLA_LA_MANCHA_2022__CORRECTION__correction__plantilla-correctora-definitiva-fea-aparato-digestivo.pdf,retained318,6870739e13a6da99a5088abe334f4fd429a3ca32c6e36c963d6b18fddd950bda,605515c64810a3894a137d07d9d03938537b2132f57f124b463a1aee9f7335d9
b210,comunitat-valenciana|2022|main-47-80|77,Comunitat Valenciana,2022,aparato-digestivo,main-47-80,210,Según la European Society of Gastrointestinal Endoscopy (ESGE) señale cuál de las siguientes afirmaciones en el tratamiento de la estenosis biliar secundaria a pancreatitis crónica no es cierta:,La elevación asintomática de la fosfatasa alcalina tres veces los limites altos de la normalidad con elevación de la bilirrubina durante 1 mes se acepta como indicación para el drenaje de la vía biliar,Se debe considerar la cirugía cuando hay fracaso del tratamiento endoscópico después de 1 año.,Ninguna de las respuestas anteriores es correcta.,La ictericia se puede resolver espontáneamente en el plazo de 1 mes en el 20-50% de los casos.,c,Ninguna de las respuestas anteriores es correcta.,,22,AD_COMUNITAT_VALENCIANA_2022__EXAM__25__25-comunidad-valenciana-2022-exam-pdf.pdf,AD_COMUNITAT_VALENCIANA_2022__CORRECTION__27__27-comunidad-valenciana-2022-answer-key-definitive-pdf.pdf,retained318,a1a9fb3f8d2470ce8532072baf4a08158d3d4ea27be87bf98d5a7e30048cda7a,e738e0c313ccf9152b6385eac7d69d09d87b0a89388e8391f8631a549e9a9f76
b211,galicia|2016|reserva-especifica|108,Galicia,2016,aparato-digestivo,reserva-especifica,211,"En relación con la enfermedad celíaca en el adulto, señale la opción incorrecta:","En un porcentaje significativo de los adultos que siguen la dieta sin gluten, las biopsias solo muestran una mejoría parcial, recuperándose más rápidamente el íleon que el duodeno",Ninguna de las respuestas anteriores es correcta.,Se recomienda realizar una densitometría ósea al año del diagnóstico a todos los pacientes adultos celíacos.,"Además de la dieta sin gluten, algunos pacientes celíacos precisan suplementos de hierro, vitamina D, vitamina B12, ácido fólico o vitamina K.",b,Ninguna de las respuestas anteriores es correcta.,negated,25,AD_GALICIA_OPE_2016__EXAM__gal-02__aparato-digestivo-cas-20171029192531-cas-pdf.pdf,AD_GALICIA_OPE_2016__CORRECTION__gal-03__aparello-dixestivo-20180201084525-cas-pdf.pdf,retained318,35edcf95759c180d033b4d8a9177d8846bd03902fa6ef888a407be46d7c4721e,4bb6169332122f967b198dbf5fcdbefbe55f363c5bb1cae0423b9603583cf1d7
b212,comunitat-valenciana|2022|main-47-80|73,Comunitat Valenciana,2022,aparato-digestivo,main-47-80,212,Respecto a la patología benigna que afecta a la vesícula biliar y a los cálculos biliares (señale la respuesta incorrecta):,El síndrome de Bouveret hace referencia a la obstrucción al vaciamiento gástrico por impactación de una litiasis vesicular en el duodeno,"El síndrome de Mirizzi se presenta en la mayoría de casos con dolor, fiebre e ictericia",La diabetes mellitus es un factor predisponente para la colecistitis enfisematosa.,Ninguna de las respuestas anteriores es correcta.,d,Ninguna de las respuestas anteriores es correcta.,negated,21,AD_COMUNITAT_VALENCIANA_2022__EXAM__25__25-comunidad-valenciana-2022-exam-pdf.pdf,AD_COMUNITAT_VALENCIANA_2022__CORRECTION__27__27-comunidad-valenciana-2022-answer-key-definitive-pdf.pdf,retained318,274f8635e81d11a440aaa5837dfeff4f07b5836e6a1ce73564e08767d0abcaa3,a9b4dce2e0fe7c43e82b262f58f1abccf43323db85db0f36beb3b979af2f263e
b215,comunidad-de-madrid|2021|reserva-especifica|159,Comunidad de Madrid,2021,aparato-digestivo,reserva-especifica,215,Usted sabe que el tratamiento de la encefalopatía hepática ha de incluir recomendaciones nutricionales. Señale por favor cuál de las siguientes es INCORRECTA,Se debe evaluar la presencia de sarcopenia y el estatus nutricional de todos los pacientes con encefalopatía hepática,La ingesta calórica y proteica no debe ser diferente de la recomendada para cualquier paciente con cirrosis,Ninguna de las respuestas anteriores es correcta.,Las proteinas vegetales y las procedentes de la leche son preferibles a las proteinas animales en pacientes con encefalopatía hepática,c,Ninguna de las respuestas anteriores es correcta.,negated,28,AD_COMUNIDAD_DE_MADRID_2021__EXAM__017_exam_cuestionario-de-examen-f-e-en-aparato-digestivo-sermas-2021.pdf,AD_COMUNIDAD_DE_MADRID_2021__ANSWER_KEY__018_answer-key_plantilla-correctora-f-e-aparato-digestivo-2021.pdf,retained318,bbbeefdd690a7f745666246f97aeb20d6a6f439ce7b4c7b3f27f045dd7cd6da7,aee4424fbf3b547a3d6aa1b4788337e01e9c716604369026c5124b1a9ba047bb
b217,andalucia|2022|cuestionario-practico|115,Andalucía,2022,aparato-digestivo,cuestionario-practico,217,"Un varón de 39 años de edad, con enfermedad de Crohn, acude a su consulta para una revisión periódica. El paciente, con enfermedad ileocólica, está bien controlado con Infliximab, actualmente sin dolor abdominal y con dos deposiciones pastosas al día. A la exploración física el paciente está consciente, orientado, con abdomen blando y depresible, no doloroso a la palpación. La exploración anal demuestra la presencia de un orificio fístuloso perianal. Una rectoscopia observó mucosa rectal normal y un orificio fistuloso interno. Una resonancia magnética observa una fístula perianal simple, sin
abscesos.

Indique cuál es el tratamiento adecuado en este caso.",Debemos iniciar tratamiento antibiótico con ciprofloxacino o metronidazol.,"Además del antibiótico se debe intensificar el infliximab, o pasar adalimumab para controlar la enfermedad rectal.",Debemos solicitar una ecografía endoanal previa a cualquier opción terapéutica.,Ninguna de las respuestas anteriores es correcta.,d,Ninguna de las respuestas anteriores es correcta.,,31,AD_ANDALUCIA_2022_EXTRAORDINARIA_LIBRE__EXAM__12__revisado-56007-fea-aparato-digestivo-final-pdf.pdf,AD_ANDALUCIA_2022_EXTRAORDINARIA_LIBRE__CORRECTION__14__def-feaapdigestivo-sas-2023-pdf.pdf,retained318,c344c950a7baa64e2412f3282fa58ed6220514e7ffc58ccd9a29d7b615ebcaf1,27b51905350c800b73d90e1eaeaa8da5c2d9938f52eb730ef99da6834215d6b2
b218,la-rioja|2021|main|62,La Rioja,2021,aparato-digestivo,main,218,"Según los criterios de Roma IV, se define el síndrome de intestino irritable como:","Dolor abdominal recurrente al menos 1 día a la semana durante los últimos seis meses que se asocia a dos o más de los siguientes: se relaciona con la defecación, se asocia a un cambio en la frecuencia de las deposiciones, se asocia a un cambio en la forma (consistencia) de las deposiciones.","Disconfort abdominal recurrente al menos 3 días al mes durante los tres últimos meses que se asocia a dos o más de los siguientes: Se relaciona con la defecación, se asocia a un cambio en la frecuencia de las deposiciones, se asocia a un cambio en la forma (consistencia) de las deposiciones.","Disconfort abdominal recurrente al menos 1 día a la semana durante los últimos tres meses que se asocia a dos o más de los siguientes: Se relaciona con la defecación, se asocia a un cambio en la frecuencia de las deposiciones, se asocia a un cambio en la forma (consistencia) de las deposiciones.",Ninguna de las respuestas anteriores es correcta.,d,Ninguna de las respuestas anteriores es correcta.,,24,AD_LA_RIOJA_2020_2021__EXAM__exam__fea-aparato-digestivo-2021.pdf,AD_LA_RIOJA_2020_2021__CORRECTION__correction__plantilla-respuestas-modificada-fea-aparato-digestivo-2021.pdf,retained318,ca3ec5e073967b34e004e87ab20a357a9b37258885ca36652e0465a793136568,a4f4ad86f3c739825edfd56b4a794554b049ebc4608fb16007af85aa744dfe50
b221,castilla-la-mancha|2017|main|87,Castilla-La Mancha,2017,aparato-digestivo,main,221,"Atendiendo a las guías de Práctica Clínica Americanas de enfermedades vasculares hepáticas de 2020 de la Asociación Americana para el Estudio de las Enfermedades Hepáticas (AASLD), ¿Cuál de los siguientes enunciados es FALSO acerca del Síndrome de Budd-Chiari (SBC)?",El cribado de varices esofágicas en el paciente con SBC crónico es igual que el del paciente cirrótico.,Todos los pacientes con SBC deben recibir tratamiento anticoagulante.,Ninguna de las respuestas anteriores es correcta.,El trasplante hepático es útil en pacientes con fallo hepático agudo secundario a SBC y en pacientes con fracaso de otras terapias.,c,Ninguna de las respuestas anteriores es correcta.,negated,16,AD_CASTILLA_LA_MANCHA_2017_2018__EXAM__exam__cuestionario-fea-aparato-digestivo.pdf,AD_CASTILLA_LA_MANCHA_2017_2018__CORRECTION__correction__plantilla-correctora-definitiva-fea-aparato-digestivo.pdf,retained318,73f3787d9e9d78368c2ae641114534199ded2304b86b3f8dfa57fe4d03a13be4,e61ce88de25b947b43b395a24a1ca58f57bcdb674c683c116c9db76ce038e7ba
b222,castilla-la-mancha|2022|main|23,Castilla-La Mancha,2022,aparato-digestivo,main,222,"Una paciente de 86 años acude a urgencias por dolor en epigastrio y vómitos con restos alimentarios. La paciente presenta mal estado general y deshidratación. A la exploración presenta dolor leve en epigastrio con timpanismo. Analíticamente destaca hemoglobina 16.3 g/dl, urea 133 mg/dl, creatinina 3.20 mg/dl, y PCR 189.6 mg/l. En la radiografía simple de abdomen se observa una gran dilatación de la cámara gástrica y aerobilia. También dos niveles hidroaéreos en el hipocondrio derecho. Cuál es el diagnóstico más probable",Vólvulo gástrico,Ninguna de las respuestas anteriores es correcta.,Bezoar gástrico,Síndrome de la pinza aorto-mesentérica,b,Ninguna de las respuestas anteriores es correcta.,clinical_case,5,AD_CASTILLA_LA_MANCHA_2022__EXAM__exam__cuestionario-fea-digestivo.pdf,AD_CASTILLA_LA_MANCHA_2022__CORRECTION__correction__plantilla-correctora-definitiva-fea-aparato-digestivo.pdf,retained318,7156d27eaece3b9983eed7a8119307bc8835abf39074c4123ba3a2397d8b11c9,13bc74ec0a37f5f41801f3cbaaa22f3db98c0d1fdabb0ef62c9ad3d67855d78a
b223,aragon|2020|reserva-especifica|102,Aragón,2020,aparato-digestivo,reserva-especifica,223,"En relación con la biopsia hepática, ¿cuál de estas afirmaciones es INCORRECTA?:","Los estudios controlados no demuestran que la biopsia con control ecográfico ~~reduzca~~ la mortalidad, pero sí la incidencia de complicaciones graves.",La indicación fundamental de la biopsia transyugular (BTY) es la presencia de una alteración grave de la coagulación.,"La eficacia diagnóstica de la BTY es muy elevada, lo que permite obtener un diagnóstico histológico correcto en cerca del 80% de los pacientes.",Ninguna de las respuestas anteriores es correcta.,d,Ninguna de las respuestas anteriores es correcta.,negated,20,AD_ARAGON_2020__EXAM__exam__cuadernillo-de-examen-y-respuestas-provisionales-2021-f.e.a-aparato-digestivo.pdf,AD_ARAGON_2020__ANSWER_KEY__answer-key__plantilla-provisional-de-respuestas-2021-f.e.a-aparato-digestivo.pdf,retained318,3bd308c437cc6aa518d365fab97f24b424277568f16bb9f00d0e7fd3731e1540,c34a4b7ef4ef81fb834fda7e0124071940bb9eb7b2a15e802ce2607851ded8fd
b224,comunitat-valenciana|2022|main|24,Comunitat Valenciana,2022,aparato-digestivo,main,224,Según las recomendaciones de la European Society of Gastrointestinal Endoscopy (ESGE) sobre la ecoendoscopia terapéutica ¿Cuál es el tiempo óptimo que debe transcurrir antes de realizar una CPRE transgástrica dirigida por ecoendoscopia después de la colocación de una prótesis de aposición luminal?,Al menos 2 días.,Al menos 5 días.,Ninguna de las respuestas anteriores es correcta.,Al menos 10 días.,c,Ninguna de las respuestas anteriores es correcta.,,9,AD_COMUNITAT_VALENCIANA_2022__EXAM__25__25-comunidad-valenciana-2022-exam-pdf.pdf,AD_COMUNITAT_VALENCIANA_2022__CORRECTION__27__27-comunidad-valenciana-2022-answer-key-definitive-pdf.pdf,retained318,8e98e5c8b3800c36a6c4df0b5fadaacef5d92c084c83271fa8827039b11dc440,e582dded764ef6f0222337c6ce032ce43f5067d3cfabb76b41574564e7d816e2
b226,castilla-la-mancha|2017|main|14,Castilla-La Mancha,2017,aparato-digestivo,main,226,Señale la complicación más frecuente de la úlcera péptica,Perforación.,Ninguna de las respuestas anteriores es correcta.,Obstrucción.,Penetración.,b,Ninguna de las respuestas anteriores es correcta.,,4,AD_CASTILLA_LA_MANCHA_2017_2018__EXAM__exam__cuestionario-fea-aparato-digestivo.pdf,AD_CASTILLA_LA_MANCHA_2017_2018__CORRECTION__correction__plantilla-correctora-definitiva-fea-aparato-digestivo.pdf,retained318,c2e3b4875f8c1d42bb6c1359f6cde6bb77e5fb0c2a3a9f6dda5197cdb66ad370,b1f42cd74d43d100f831bcaa5c517f0fb1be73592180673ddc967db121b194f0
b227,region-de-murcia|2019|main|71,Región de Murcia,2019,aparato-digestivo,main,227,En estreñimiento funcional se recomiendan las siguientes medidas dietéticas menos una:,Ingesta de 25-30 g de fibra soluble con la dieta al día.,"Ingesta adecuada de líquido (1,5-2 l al día).",Patrón regular de comidas.,Ninguna de las respuestas anteriores es correcta.,d,Ninguna de las respuestas anteriores es correcta.,,13,AD_REGION_DE_MURCIA_2019__EXAM__021_exam_apa-dig-lb-a-examen-turno-libre-modelo-a.pdf,AD_REGION_DE_MURCIA_2019__ANSWER_KEY__022_answer-key_apa-dig-plantilla-respuestas-corregida-turno-libre-modelo-a.pdf,retained318,d385dd7cc8436bf9549b45d30fe58753e600f14e22ccbf60b3f87393b77145d7,7df4f8f30a51628f7eaffbbf1a5c641bf65a72356f68ff945c4dc29f3f7cca58
b229,comunitat-valenciana|2022|main-47-80|58,Comunitat Valenciana,2022,aparato-digestivo,main-47-80,229,El dato clínico para establecer el diagnóstico de insuficiencia hepática aguda en un adulto es:,Subictericia.,Ascitis.,Ninguna de las respuestas anteriores es correcta.,Cualquiera de ellas.,c,Ninguna de las respuestas anteriores es correcta.,,18,AD_COMUNITAT_VALENCIANA_2022__EXAM__25__25-comunidad-valenciana-2022-exam-pdf.pdf,AD_COMUNITAT_VALENCIANA_2022__CORRECTION__27__27-comunidad-valenciana-2022-answer-key-definitive-pdf.pdf,retained318,ce51b1d46560636219402867349d6c4743ce05a1289fdf9860257c3088d74836,c2682daa198754e1b6a10dbdcef837a5ea973957b59fe2c5531c0150604fac19
b232,aragon|2017|main|83,Aragón,2017,aparato-digestivo,main,232,Una de las siguientes medidas terapéuticas NO ha demostrado ser de utilidad alguna en el tratamiento de la enfermedad de Ménétrier,Anticuerpos monoclonales frente al factor de crecimiento transformante alfa (TGF-alfa).,Erradicar la infección por H. pylori,Anticolinérgicos.,Ninguna de las respuestas anteriores es correcta.,d,Ninguna de las respuestas anteriores es correcta.,negated,29,AD_ARAGON_2017__EXAM__exam__cuadernillo-del-examen-de-la-categoria-de-aparato-digestivo-que-fue-realizado-el.pdf,AD_ARAGON_2017__ANSWER_KEY__answer-key__plantilla-de-respuestas-del-examen-de-la-categoria-de-aparato-digestivo-que-fue-.pdf,retained318,e47f4fe4dadb163159a78e2d6d8b5d393d4ae6a39212fd71d6eb936a0d14ad0c,ba14330adca7f3120ebccca270cf995675accaaffa20b39715a0da5d571484b9
b233,comunidad-de-madrid|2021|reserva-especifica|151,Comunidad de Madrid,2021,aparato-digestivo,reserva-especifica,233,¿Cual de las siguientes es correcta en relacion con el tratamiento con ácido ursodesoxicolico en la colangitis biliar primaria?,La dosis recomendada es de 5 mg/kg/día,La respuesta se valora por la normalización de la GGT,Ninguna de las respuestas anteriores es correcta.,No debe iniciarse hasta que la bilirrubina supere los 2 mg/dl,c,Ninguna de las respuestas anteriores es correcta.,,27,AD_COMUNIDAD_DE_MADRID_2021__EXAM__017_exam_cuestionario-de-examen-f-e-en-aparato-digestivo-sermas-2021.pdf,AD_COMUNIDAD_DE_MADRID_2021__ANSWER_KEY__018_answer-key_plantilla-correctora-f-e-aparato-digestivo-2021.pdf,retained318,975c348ad91e0a82155af21662c6eaa2c6d6faf42929491fbafd3464cf9c5da2,b8e87806c519a5c9d342e52e433e2d81e6a89b1f79dfdc996d6353d9756fe20b
b234,region-de-murcia|2019|main|43,Región de Murcia,2019,aparato-digestivo,main,234,La bondad de la FIBRA en la dieta es consecuencia de los siguientes efectos beneficiosos (señale la opción FALSA):,Disminución del pH fecal mediante transformación a ácidos grasos de cadena corta.,Disminución fecal de los ácidos biliares secundarios y mutágenos.,Ninguna de las respuestas anteriores es correcta.,Aumento del volumen fecal.,c,Ninguna de las respuestas anteriores es correcta.,negated,8,AD_REGION_DE_MURCIA_2019__EXAM__021_exam_apa-dig-lb-a-examen-turno-libre-modelo-a.pdf,AD_REGION_DE_MURCIA_2019__ANSWER_KEY__022_answer-key_apa-dig-plantilla-respuestas-corregida-turno-libre-modelo-a.pdf,retained318,9e59be9c9ee5f52a964af8dab735282e0129428ed53140350a19388900d2f50e,5c5754317a36567a7e4a946385c544b57db5148b41613734e98402e5669e7a06
b235,castilla-la-mancha|2022|reserva-especifica|102,Castilla-La Mancha,2022,aparato-digestivo,reserva-especifica,235,El síndrome de Stauffer es un cuadro de colestasis intrahepática de origen paraneoplásico descrito inicialmente asociado a,Cáncer pulmonar microcítico.,Carcinoma hepatocelular.,Ninguna de las respuestas anteriores es correcta.,Adenocarcinoma de páncreas.,c,Ninguna de las respuestas anteriores es correcta.,,18,AD_CASTILLA_LA_MANCHA_2022__EXAM__exam__cuestionario-fea-digestivo.pdf,AD_CASTILLA_LA_MANCHA_2022__CORRECTION__correction__plantilla-correctora-definitiva-fea-aparato-digestivo.pdf,retained318,22d397dbd2d418176effebe56bbdd2ea52620438bc8e1413383d619cd5424ed6,7e85c5da08fc71a35193e8d36abefed4c9fe0c4a4c267cd2076615834600b6dc
b237,castilla-y-leon|2019|reserva-especifica|159,Castilla y León,2019,aparato-digestivo,reserva-especifica,237,La paracentesis evacuadora en paciente con Cirrosis Hepática y descompensación hidrópica puede realizarse:,Sólo si hay fracaso a tratamiento con diuréticos,Sólo si la ascitis es a tensión,Ninguna de las respuestas anteriores es correcta.,Solo si el paciente presenta datos concomitantes de encefalopatía hepática,c,Ninguna de las respuestas anteriores es correcta.,,36,AD_CASTILLA_Y_LEON_2019__EXAM__044_exam_examen-le-aparato-digestivo-orden-san-139-2020.pdf,AD_CASTILLA_Y_LEON_2019__ANSWER_KEY__045_answer-key_plantilla-respuestas-correctas-l-e-aparato-digestivo-orden-s.pdf,retained318,bb7f713df4fbb28539ce6c048d59365f9f74012fadcc45b91bf2b332e6f43906,16cf6949a2633b7cb60adc98768e87d93155f130ae1ea4116e41d54f376f3b39
b240,andalucia|2022|cuestionario-practico|133,Andalucía,2022,aparato-digestivo,cuestionario-practico,240,"Una niña de 15 años de edad es remitida a su consulta por ictericia recurrente y episodios de colangitis. La paciente ha necesitado drenajes percutáneos en cuatro ocasiones durante los pasados 5 años. En la exploración física se observa ictericia escleral y hepatomegalia. Analíticamente tiene 4 mg/dl de bilirrubina. Se realiza una colangiografía por RNM, que demuestra dilataciones saculares de la vía biliar en ambos lóbulos.

¿Cuál es la actitud más adecuada?",Acido Ursodesoxicólico a dosis elevadas.,Hepatectomía de los segmentos afectos.,Ninguna de las respuestas anteriores es correcta.,CPRE con colangioscopia y drenaje biliar selectivo de las zonas afectas.,c,Ninguna de las respuestas anteriores es correcta.,,36,AD_ANDALUCIA_2022_EXTRAORDINARIA_LIBRE__EXAM__12__revisado-56007-fea-aparato-digestivo-final-pdf.pdf,AD_ANDALUCIA_2022_EXTRAORDINARIA_LIBRE__CORRECTION__14__def-feaapdigestivo-sas-2023-pdf.pdf,retained318,4e93c66bf7c0f517335ac23f6db74f7db6dc5eb8924059b4c847363760b2e162,48e235b5394fc0e9dfe3edfa5c513d954327312781aa9e69bd54c61812004a74
b243,comunidad-de-madrid|2021|main|147,Comunidad de Madrid,2021,aparato-digestivo,main,243,La primera línea de tratamiento farmacológico para la colangitis biliar primaria es:,Metotrexato,Ninguna de las respuestas anteriores es correcta.,Azatioprina,Ciclosporina,b,Ninguna de las respuestas anteriores es correcta.,,26,AD_COMUNIDAD_DE_MADRID_2021__EXAM__017_exam_cuestionario-de-examen-f-e-en-aparato-digestivo-sermas-2021.pdf,AD_COMUNIDAD_DE_MADRID_2021__ANSWER_KEY__018_answer-key_plantilla-correctora-f-e-aparato-digestivo-2021.pdf,retained318,3f5a8640d211e7f656fc68d4047a493395a013db3e5e82c118043b84232e112e,f1111fe5a9e007d5fec06c13593d5876e6e8838c73b11561e42b329ae163124b
b244,aragon|2020|reserva-especifica|108,Aragón,2020,aparato-digestivo,reserva-especifica,244,En el tratamiento del fallo hepático agudo sobre crónico con fallo renal agudo (AKI: acute kidney injury) son ciertas las siguientes afirmaciones EXCEPTO:,Se deben retirar los diuréticos.,En la reanimación hemodinámica están contraindicados los preparados a base de coloides de almidón.,En caso de shock persistente el vasopresor indicado es norepinefrina.,Ninguna de las respuestas anteriores es correcta.,d,Ninguna de las respuestas anteriores es correcta.,negated,21,AD_ARAGON_2020__EXAM__exam__cuadernillo-de-examen-y-respuestas-provisionales-2021-f.e.a-aparato-digestivo.pdf,AD_ARAGON_2020__ANSWER_KEY__answer-key__plantilla-provisional-de-respuestas-2021-f.e.a-aparato-digestivo.pdf,retained318,c3a50c19c5541470376f4c04af670f9b12250a7c9ad248c4420ed6d7296d7072,8e4336ed97f717d8e46c3fecfaf9eec363bbac2aba2df59936edef4a9ea3ec0d
b246,galicia|2019|reserva-especifica|109,Galicia,2019,aparato-digestivo,reserva-especifica,246,¿Cuál de las siguientes entidades se asocia con más frecuencia a la colangitis esclerosante primaria?,Lupus eritematoso sistémico.,Esclerodermia.,Enfermedad celíaca.,Ninguna de las respuestas anteriores es correcta.,d,Ninguna de las respuestas anteriores es correcta.,,21,AD_GALICIA_OPE_2019__EXAM__gal-05__cas-especifico-digestivo-20210925132858-cas-pdf.pdf,AD_GALICIA_OPE_2019__CORRECTION__gal-07__fea-aparello-dixestivo-20211214124928-cas-pdf.pdf,retained318,48287cce283460787b0da111f95865f27b8dcae10f64eea84cd7dd04ae0e9f22,7aab1ab1e1122e6a598da21b4042f0b66906b06717d672e051f9581217cefbe2
b247,comunidad-de-madrid|2021|reserva-especifica|156,Comunidad de Madrid,2021,aparato-digestivo,reserva-especifica,247,Farmacoterapia y sedación en endoscopia. ¿Cuál de las siguientes asociaciones entre fármaco y objetivo terapéutico es FALSA?,Propofol- Sedación profunda.,Fentanilo- Analgesia.,Ninguna de las respuestas anteriores es correcta.,Midazolam- Sedación superficial.,c,Ninguna de las respuestas anteriores es correcta.,negated,28,AD_COMUNIDAD_DE_MADRID_2021__EXAM__017_exam_cuestionario-de-examen-f-e-en-aparato-digestivo-sermas-2021.pdf,AD_COMUNIDAD_DE_MADRID_2021__ANSWER_KEY__018_answer-key_plantilla-correctora-f-e-aparato-digestivo-2021.pdf,retained318,1b7c663e28c2705147a8e415487ca540b6d68a7ac5643bca34352d6e32b6561b,d0a8141a38a8c9d4570debc813cb68bea26812bed3af5bb38083ace403b4c313
b250,aragon|2020|reserva-especifica|106,Aragón,2020,aparato-digestivo,reserva-especifica,250,La clasificación de Chicago se refiere a:,Una clasificación de la candidiasis esofágica.,Ninguna de las respuestas anteriores es correcta.,Una clasificación de la esofagitis por cáusticos.,Una clasificación del tipo de estenosis esofágica.,b,Ninguna de las respuestas anteriores es correcta.,,20,AD_ARAGON_2020__EXAM__exam__cuadernillo-de-examen-y-respuestas-provisionales-2021-f.e.a-aparato-digestivo.pdf,AD_ARAGON_2020__ANSWER_KEY__answer-key__plantilla-provisional-de-respuestas-2021-f.e.a-aparato-digestivo.pdf,retained318,ced788d07a35a36acc1225aa8c6e4ec4e73014daf936722e0500a11bff829471,9784a46d48d15cac0b92ad9bec297fe7489cc84b09a868cadf1a925bf0c80b6c
b252,aragon|2017|main|53,Aragón,2017,aparato-digestivo,main,252,Señale cuál de estas afirmaciones NO es cierta respecto al uso de propofol en exploraciones endoscópicas:,El uso de propofol por personal de enfermería entrenado es equiparable en seguridad a los sedantes tradicionales si se hace en las condiciones de monitorización y vigilancia adecuadas,La utilización de propofol por personal de endoscopias en pacientes ASA III es posible y segura cuando se realiza en unidades de endoscopia con experiencia en el uso del mismo,La dosificación del propofol debe individualizarse de acuerdo a la respuesta y condiciones basales del paciente,Ninguna de las respuestas anteriores es correcta.,d,Ninguna de las respuestas anteriores es correcta.,negated,21,AD_ARAGON_2017__EXAM__exam__cuadernillo-del-examen-de-la-categoria-de-aparato-digestivo-que-fue-realizado-el.pdf,AD_ARAGON_2017__ANSWER_KEY__answer-key__plantilla-de-respuestas-del-examen-de-la-categoria-de-aparato-digestivo-que-fue-.pdf,retained318,b32753ff98f44c2b16a9574c3d0eb62a81052ce96bb50ae0e4883143110703f5,37cf8a4406b07d710f143a415e54a5edbc2ac56673f1b4c5eb8b7211abfd4b59
b254,galicia|2019|reserva-especifica|104,Galicia,2019,aparato-digestivo,reserva-especifica,254,"En cuanto a la diarrea secretora, es VERDADERO:",Una causa es el déficit adquirido de la lactasa.,Se puede producir por consumo excesivo de sorbitol.,Ninguna de las respuestas anteriores es correcta.,Es el mecanismo de acción de la lactulosa.,c,Ninguna de las respuestas anteriores es correcta.,,20,AD_GALICIA_OPE_2019__EXAM__gal-05__cas-especifico-digestivo-20210925132858-cas-pdf.pdf,AD_GALICIA_OPE_2019__CORRECTION__gal-07__fea-aparello-dixestivo-20211214124928-cas-pdf.pdf,retained318,ef80de7708d4d8481732e414a5327747aa5276318c76273694f4b66deaa6a5e5,47f4709a9650dee912ecc7f34f25cb365891f163b6eee70960087de54616129f
b256,andalucia|2021|cuestionario-teorico|40,Andalucía,2021,aparato-digestivo,cuestionario-teorico,256,"De las siguientes acciones se recomienda en una primera visita de diarrea crónica acuosa sin sangre, de características funcionales. Señale cual es la apropiada:",Solicitaría un Tc abdominal con contraste endovenoso.,Solicitaría serologías de Yersinia enterocolítica.,Ninguna de las respuestas anteriores es correcta.,Dado que se trata de una diarrea de características funcionales no precisa realizar exploración física.,c,Ninguna de las respuestas anteriores es correcta.,,12,AD_ANDALUCIA_2021_22_LIBRE__EXAM__07__9122-aparato-digestivo-pdf.pdf,AD_ANDALUCIA_2021_22_LIBRE__CORRECTION__09__9122-plantilla-respuestas-def-digestivo-pdf.pdf,retained318,5773d8c2c6c494fb382c18dc8fe946311fd0c05b0762ea9ad79efedb58d4b7f0,37bb4de3c7d593af82b9d31111dd6709c4df5d4cb4a6a997067560da82cd729f
b261,andalucia|2021|cuestionario-teorico|50,Andalucía,2021,aparato-digestivo,cuestionario-teorico,261,"El virus de la hepatitis B tiene varias mutaciones, la más importante es la mutación pre-C o pre-core, que es la más frecuente en nuestro medio. Indique lo que considere falso:","Es una variante mas agresiva, con peor pronóstico",Se caracteriza por no detectarse el Ag HBe,Ninguna de las respuestas anteriores es correcta.,La mutación mas frecuente es la sustitución de una única base,c,Ninguna de las respuestas anteriores es correcta.,negated,13,AD_ANDALUCIA_2021_22_LIBRE__EXAM__07__9122-aparato-digestivo-pdf.pdf,AD_ANDALUCIA_2021_22_LIBRE__CORRECTION__09__9122-plantilla-respuestas-def-digestivo-pdf.pdf,retained318,0f62611f2a10eb340caa649d3d7b4d5802abe4f9d36b2b5df93fc130ce26d43d,cbfb846f3898df584522162f6a4a791c86274c18eba3d1f6d40c8003e72fe16c
b262,galicia|2022|reserva-especifica|108,Galicia,2022,aparato-digestivo,reserva-especifica,262,"En cuanto al cáncer colo-rectal, señale la respuesta INCORRECTA:",Es el más frecuente en España globalmente.,La forma hereditaria más frecuente es el Síndrome de Lynch.,La obesidad es un factor de riesgo.,Ninguna de las respuestas anteriores es correcta.,d,Ninguna de las respuestas anteriores es correcta.,negated,22,AD_GALICIA_OPE_2022__EXAM__gal-09__especifico-cast-aparello-dx-20240316193007-cas-pdf.pdf,AD_GALICIA_OPE_2022__CORRECTION__gal-11__fea-aparello-dixestivo-20240514082015-cas-pdf.pdf,retained318,fe9aadc4307fc42457346bd0f9c204a00a582a56d9034c1ddc87f97f66fdd03d,f8dcb7ae30ee3e93a82aeef974d33f3d6156964ef20091f85f114f2ececbff39
b264,galicia|2022|reserva-especifica|101,Galicia,2022,aparato-digestivo,reserva-especifica,264,"En los cánceres ductales de cabeza de páncreas, ¿cuál de los siguientes criterios NO se corresponde con un tumor resecable ""borderline""?",Contacto con la arteria mesentérica superior menos de 180 grados.,Ninguna de las respuestas anteriores es correcta.,Contacto con la vena cava inferior.,Contacto con la vena mesentérica superior más de 180 grados.,b,Ninguna de las respuestas anteriores es correcta.,negated,20,AD_GALICIA_OPE_2022__EXAM__gal-09__especifico-cast-aparello-dx-20240316193007-cas-pdf.pdf,AD_GALICIA_OPE_2022__CORRECTION__gal-11__fea-aparello-dixestivo-20240514082015-cas-pdf.pdf,retained318,582802772f64c93f9ddaf1e90804188f8d78ac3af4bef51008705edba70ba07c,7a5768f45c50059a7f9b81554ae84afcb2e8d0ed9674cce00a3379b2fb8bb98d
b265,galicia|2022|reserva-especifica|105,Galicia,2022,aparato-digestivo,reserva-especifica,265,"Varón, 63 años, sin antecedentes personales de interés. Es diagnosticado en 2018 de cirrosis hepática por alcohol tras una primera descompensación en forma de hemorragia digestiva por varices esofágicas. Abstinente desde entonces, con función hepática normal, A5 de Child–Pugh, PS 0. En TC abdominal se observa un nódulo de 31 mm con comportamiento dinámico diagnóstico de hepatocarcinoma. Según criterio BCLC la primera opción terapéutica a considerar sería:",Resección.,Ablación.,Ninguna de las respuestas anteriores es correcta.,Quimioembolización transarterial.,c,Ninguna de las respuestas anteriores es correcta.,clinical_case,21,AD_GALICIA_OPE_2022__EXAM__gal-09__especifico-cast-aparello-dx-20240316193007-cas-pdf.pdf,AD_GALICIA_OPE_2022__CORRECTION__gal-11__fea-aparello-dixestivo-20240514082015-cas-pdf.pdf,retained318,46bde085e912c52d790daae9eb484795e607883690dbde82f9027e4b71d1f1b4,299da2e8e5549a5e0a5326168ae3f9ec95dbe3fb9d1c3a2ff5b586e2e65432ff
b266,aragon|2017|reserva-especifica|106,Aragón,2017,aparato-digestivo,reserva-especifica,266,"Respecto al tratamiento del estreñimiento crónico idiopático, ¿Cuál de las siguientes afirmaciones NO es cierta?",Se recomienda un consumo de fibra dietética de 20 a 35 gr al día,El psyllium es un laxante formador de volumen,Ninguna de las respuestas anteriores es correcta.,La linaclotida es un agonista de la guanilato-ciclasa,c,Ninguna de las respuestas anteriores es correcta.,negated,37,AD_ARAGON_2017__EXAM__exam__cuadernillo-del-examen-de-la-categoria-de-aparato-digestivo-que-fue-realizado-el.pdf,AD_ARAGON_2017__ANSWER_KEY__answer-key__plantilla-de-respuestas-del-examen-de-la-categoria-de-aparato-digestivo-que-fue-.pdf,retained318,972ef27bdba15e0361f0dac392f30b1b89c219c1b8930c4a0fe9281f4234656b,6a4eae2a88743893bc3e3538c529434e24895edd3e77a3234c1e636f0d7604f5
b267,la-rioja|2021|main|77,La Rioja,2021,aparato-digestivo,main,267,Indique la respuesta falsa respecto a la litotricia mecánica biliar.,Fue descrita por primera vez en la década de 1980.,Ninguna de las respuestas anteriores es correcta.,La mayoría de los dispositivos son rígidos y de cierta dificultad de manejo.,Es la modalidad de litotricia más económica.,b,Ninguna de las respuestas anteriores es correcta.,negated,28,AD_LA_RIOJA_2020_2021__EXAM__exam__fea-aparato-digestivo-2021.pdf,AD_LA_RIOJA_2020_2021__CORRECTION__correction__plantilla-respuestas-modificada-fea-aparato-digestivo-2021.pdf,retained318,ef3def074b1000129748cd212c74ff54eb57131c63f58a298e661ed5a654876f,e8512026195822e078a7d35a728ac68da23a40146d530054fcf0d1ff3498edb4
b268,castilla-la-mancha|2017|main|51,Castilla-La Mancha,2017,aparato-digestivo,main,268,Uno de los siguientes Criterios del Síndrome de Lynch no se incluye en los Criterios de Ámsterdam II,"Tres o más individuos afectados de CCR o neoplasia relacionada (endometrio, intestino delgado, uréter o pelvis renal), uno de ellos familiar de primer grado de los otros dos.",Afectación de 2 generaciones consecutivas.,Ninguna de las respuestas anteriores es correcta.,Exclusión del diagnóstico de poliposis adenomatosa familiar.,c,Ninguna de las respuestas anteriores es correcta.,,10,AD_CASTILLA_LA_MANCHA_2017_2018__EXAM__exam__cuestionario-fea-aparato-digestivo.pdf,AD_CASTILLA_LA_MANCHA_2017_2018__CORRECTION__correction__plantilla-correctora-definitiva-fea-aparato-digestivo.pdf,retained318,10a43d7a78c925a4c7e773552be6a245a79f4cb2151cb7173949591b35c3f2a7,7e0768e00fe6793bf4016d54daa836d5a25379d30ef3468b5e3671c32af5b24d
b270,comunitat-valenciana|2022|main-47-80|78,Comunitat Valenciana,2022,aparato-digestivo,main-47-80,270,"Según la Guía Europea de Gastroenterología basada en la evidencia para el diagnóstico y tratamiento de la pancreatitis crónica (HaPanEU), ante un paciente diagnosticado de pancreatitis crónica con insuficiencia pancreática exocrina, una de las siguientes aseveraciones no es cierta:",No se precisan de forma sistemática pruebas de función pancreática exocrina para controlar eficacia del tratamiento enzimático.,La presencia de insuficiencia pancreática exocrina debe evaluarse anualmente en pacientes con pancreatitis crónica.,Todo paciente con nuevo diagnóstico de pancreatitis crónica debe realizarse pruebas de detección de insuficiencia exocrina pancreática.,Ninguna de las respuestas anteriores es correcta.,d,Ninguna de las respuestas anteriores es correcta.,,23,AD_COMUNITAT_VALENCIANA_2022__EXAM__25__25-comunidad-valenciana-2022-exam-pdf.pdf,AD_COMUNITAT_VALENCIANA_2022__CORRECTION__27__27-comunidad-valenciana-2022-answer-key-definitive-pdf.pdf,retained318,bbd0919d391c8500292cbce2da38969eabe9a421df20809dfb1e88d0e3709d99,ff3ad941726c2034f79be7994b0b5a095c7135b488b694fc0a72fa62470fedba
b271,andalucia|2022|cuestionario-practico|132,Andalucía,2022,aparato-digestivo,cuestionario-practico,271,"Un varón de 61 años de edad, acude a su consulta con ictericia y heces acólicas de 3 meses de evolución. Niega la presencia de dolor abdominal, náuseas o vómitos. Su historia previa destaca por la presencia de hipertensión arterial, diabetes y osteoatritis. Por lo demás, el paciente está sano y laboralmente activo. A la exploración física el paciente está afebril, sin dolor abdominal ni hepatomegalia. Analíticamente destaca: leucocitos 6.300/mm³, hemoglobina 13,1 g/dl, fosfatasa alcalina 805 U/L, AST 30 U/L, ALT 60 U/L, bilirrubina total 6,9 mg/dl, bilirrubina directa 4,2 mg/dl, creatinina 1,1
mg/dl, INR 1,0. Una RMN demuestra una dilatación de vía intra y extrahepática con obstáculo en la papila, y conducto pancreático también dilatado. No se observan masas ni adenopatías regionales. La CPRE demuestra una mucosa irregular en papila, con estenosis en la misma, que se observa tras ser canulada. Se realiza esfinterotomía y se inserta una prótesis biliar plástica. Las biopsias de la mucosa ampular revelan la presencia de un adenocarcinoma.

¿Cuál es el paso más adecuado en el tratamiento subsiguiente de este paciente?",Ampulectomía endoscópica dependiendo de su tamaño y extensión intraductal.,Ampulectomía quirúrgica dependiendo de su tamaño y extensión intraductal.,Ninguna de las respuestas anteriores es correcta.,Tratamiento neoadyuvante.,c,Ninguna de las respuestas anteriores es correcta.,,36,AD_ANDALUCIA_2022_EXTRAORDINARIA_LIBRE__EXAM__12__revisado-56007-fea-aparato-digestivo-final-pdf.pdf,AD_ANDALUCIA_2022_EXTRAORDINARIA_LIBRE__CORRECTION__14__def-feaapdigestivo-sas-2023-pdf.pdf,retained318,57ad53517f9d492f68b51f57888494494e21df83466ea61b629e05bf876a04e1,bea3b078fe16b8ce64dc3dd6b2ed0da7cfdc2225d9a429ba796e54b5f5158552
b272,galicia|2022|reserva-especifica|103,Galicia,2022,aparato-digestivo,reserva-especifica,272,NO se asocia a uso crónico de IBP (Inhibidores de la Bomba de protones):,Aumento de riesgo de infección por Clostridium Difficile.,Déficit de vitamina B12.,Hipomagnesemia.,Ninguna de las respuestas anteriores es correcta.,d,Ninguna de las respuestas anteriores es correcta.,negated,21,AD_GALICIA_OPE_2022__EXAM__gal-09__especifico-cast-aparello-dx-20240316193007-cas-pdf.pdf,AD_GALICIA_OPE_2022__CORRECTION__gal-11__fea-aparello-dixestivo-20240514082015-cas-pdf.pdf,retained318,2c6839146449abf1e3f46c82caa62cc7d0c0c2dba7e61dbf1080c940373d1b89,c465ed5a1ffb4a25bbd49de275661670f1dd12315c42ee960fef4aa69d6792b1
b273,andalucia|2022|cuestionario-teorico|10,Andalucía,2022,aparato-digestivo,cuestionario-teorico,273,"Usted está leyendo un artículo que publica los resultados de un gran ensayo clínico aleatorizado y doble ciego, de gran interés en su ámbito profesional. En concreto le llama la atención el resultado que muestra este estudio sobre la mortalidad global al comparar un nuevo tratamiento experimental con la terapia estándar hasta este momento, en una población de pacientes que tienen un perfil muy similar a los que se tratan en su Unidad. Este resultado publicado es: RR = 0.71 (IC95% 0.98-0.59, p=0.046). ¿Cuál de las siguientes afirmaciones es correcta?",El valor p asociado al contraste no es significativo estadísticamente.,Ninguna de las respuestas anteriores es correcta.,El NNT (número de pacientes que necesitaría tratarse con el nuevo tratamiento en vez del estándar para reducir un resultado de muerte por cualquier causa) sería 71.,La probabilidad de que estos resultados se deban al error del muestreo es del 95%.,b,Ninguna de las respuestas anteriores es correcta.,,4,AD_ANDALUCIA_2022_EXTRAORDINARIA_LIBRE__EXAM__12__revisado-56007-fea-aparato-digestivo-final-pdf.pdf,AD_ANDALUCIA_2022_EXTRAORDINARIA_LIBRE__CORRECTION__14__def-feaapdigestivo-sas-2023-pdf.pdf,retained318,d77c5b952ac520e78f90c368e5dece65a2188d6b84e8bbd586fd724ef47dd387,2e99d4ae85e7183ad936b45a289786010c3f59c19d1c06545363690fd3d59224
b274,galicia|2022|reserva-especifica|110,Galicia,2022,aparato-digestivo,reserva-especifica,274,Señale la afirmación INCORRECTA:,Los AINEs se asocian a un aumento del riesgo de complicaciones en todo el tracto digestivo.,"El daño gastrointestinal mediado por AINEs se debe en su mayoría, a la inhibición sistémica de la COX-1.",Los IBP reducen la incidencia de úlcera péptica en pacientes con factores de riesgo para el desarrollo de complicaciones gastrointestinales asociadas al uso de AINEs.,Ninguna de las respuestas anteriores es correcta.,d,Ninguna de las respuestas anteriores es correcta.,negated,22,AD_GALICIA_OPE_2022__EXAM__gal-09__especifico-cast-aparello-dx-20240316193007-cas-pdf.pdf,AD_GALICIA_OPE_2022__CORRECTION__gal-11__fea-aparello-dixestivo-20240514082015-cas-pdf.pdf,retained318,ef55b69f97c8220ca22937835296994f26b06fc250950008a7ae2fec6b451c39,1b49736f53497c8833773c0577a3d2d7e908137c96ed99532e9d0103551824dc
b276,la-rioja|2021|reserva|106,La Rioja,2021,aparato-digestivo,reserva,276,"En relación a la enfermedad hepática inducida por fármacos (DILI), señale la respuesta incorrecta:",La edad avanzada es un factor de riesgo de hepatotoxicidad por isoniazida y predominantemente el tipo de lesión es hepatocelular.,"La ingesta regular de alcohol es un factor que contribuye a DILI asociado con fármacos específicos como la isoniazida, el metotrexato y el halotano.",Ninguna de las respuestas anteriores es correcta.,"Se ha observado una mayor susceptibilidad del sexo femenino a agentes causales específicos, como la minociclina y la nitrofurantoína.",c,Ninguna de las respuestas anteriores es correcta.,negated,38,AD_LA_RIOJA_2020_2021__EXAM__exam__fea-aparato-digestivo-2021.pdf,AD_LA_RIOJA_2020_2021__CORRECTION__correction__plantilla-respuestas-modificada-fea-aparato-digestivo-2021.pdf,retained318,8fda5f376d56d85c27a532b1d6ed59a1724fc4be5201c4cb76b9015473423b59,7bcd095ed2334936a24af0b8bdfaa9c0f71a00801dbd3ed3092c93fa524c4cd4
b277,castilla-la-mancha|2022|main|24,Castilla-La Mancha,2022,aparato-digestivo,main,277,"En cuanto a los datos de alarma en un cuadro de diarrea, señale la respuesta incorrecta",Sangrado rectal,Ninguna de las respuestas anteriores es correcta.,Pérdida de peso no explicada,Anemia,b,Ninguna de las respuestas anteriores es correcta.,negated,6,AD_CASTILLA_LA_MANCHA_2022__EXAM__exam__cuestionario-fea-digestivo.pdf,AD_CASTILLA_LA_MANCHA_2022__CORRECTION__correction__plantilla-correctora-definitiva-fea-aparato-digestivo.pdf,retained318,02bfff891423681cd38724c0d1e081f8c26948d44c47e0f5191bfa27e0a5309b,1b03773527fef03304a48598bb4ad8f4fadaf90c2d508bd72d5b216d28fbbbd7
b279,la-rioja|2021|main|74,La Rioja,2021,aparato-digestivo,main,279,"Respecto a la posición del paciente para una CPRE, indique cuál respuesta es falsa:",La posición en decúbito prono puede dificultar la ventilación en pacientes obesos.,Colocar al paciente en decúbito lateral izquierdo puede facilitar atravesar el píloro.,En pacientes intubados se puede realizar la exploración en decúbito supino.,Ninguna de las respuestas anteriores es correcta.,d,Ninguna de las respuestas anteriores es correcta.,negated,27,AD_LA_RIOJA_2020_2021__EXAM__exam__fea-aparato-digestivo-2021.pdf,AD_LA_RIOJA_2020_2021__CORRECTION__correction__plantilla-respuestas-modificada-fea-aparato-digestivo-2021.pdf,retained318,932f5d0737df097cb73378a8a0d3714a457e87f9797a01e318520d383f596517,3d0427b39aa6cd90c126a0184344ca5b1c4e025b45aea37dfc9f469d1122de90
b281,region-de-murcia|2019|main|87,Región de Murcia,2019,aparato-digestivo,main,281,En el diagnóstico de una isquemia mesentérica aguda (IMA) es falso que:,"El dímero D >0,9 mg/L puede guiar el diagnóstico, aunque no es específico.","Ante un dolor abdominal grave sin una exploración reveladora, es obligado descartar una IMA en primera instancia.","La historia clínica ayuda a diferenciar entre los diferentes tipos de IMA (trombosis o embolia arterial, trombosis venosa o isquemia no oclusiva).",Ninguna de las respuestas anteriores es correcta.,d,Ninguna de las respuestas anteriores es correcta.,negated,15,AD_REGION_DE_MURCIA_2019__EXAM__021_exam_apa-dig-lb-a-examen-turno-libre-modelo-a.pdf,AD_REGION_DE_MURCIA_2019__ANSWER_KEY__022_answer-key_apa-dig-plantilla-respuestas-corregida-turno-libre-modelo-a.pdf,retained318,b8a6a6eb0e21c460758b087a85dea79a88ca214ff6ed9d0fd55dd00c880057a6,4cf63949edcb37496959cb34e5243b788d2705a73f828a2d605c0a27b61ff3a6
b282,la-rioja|2021|reserva|107,La Rioja,2021,aparato-digestivo,reserva,282,Una fístula transesfinteriana con trayecto secundario en la fosa isquiorrectal corresponde según la clasificación de Saint James a un grado:,I,II,III,Ninguna de las respuestas anteriores es correcta.,d,Ninguna de las respuestas anteriores es correcta.,,38,AD_LA_RIOJA_2020_2021__EXAM__exam__fea-aparato-digestivo-2021.pdf,AD_LA_RIOJA_2020_2021__CORRECTION__correction__plantilla-respuestas-modificada-fea-aparato-digestivo-2021.pdf,retained318,a15076efb6582d1415c2ef96c844a2a0ca76536b642ff468081fa06dae487460,90bbe3d07a008f878e6e010c853354ec81f66afd0cb49a80a52f4343bba895a9
b283,navarra|2022|teorico-practica|79,Navarra,2022,aparato-digestivo,teorico-practica,283,Señale la respuesta INCORRECTA sobre la pancreatitis autoinmune:,La tasa de recaídas tras la suspensión del tratamiento con corticoides es significativamente mayo en la tipo I respecto a la tipo II,Clínicamente suele manifestarse en forma de ictericia obstructiva por masa pancreática,Ninguna de las respuestas anteriores es correcta.,La pancreatitis autoinmune tipo II se asocia con más frecuencia a la enfermedad inflamatoria intestinal,c,Ninguna de las respuestas anteriores es correcta.,negated,17,AD_NAVARRA_2022__EXAM__040_exam_preguntas-test-examen-digestivo-definitivo-ope-2022-estabili.pdf,AD_NAVARRA_2022__ANSWER_KEY__041_answer-key_respuestas-digestivo-ope-2022-estabilizacion.pdf,retained318,af6da7801a10d1998930b0e40968549d63e12dd7ea295902d6bf60007afa082d,f8cfd86069edf7543f34966217b7fbba2ea43920e2a348af8d8930643fef48c2
b284,castilla-y-leon|2019|reserva-especifica|158,Castilla y León,2019,aparato-digestivo,reserva-especifica,284,"En relación con la extracción endoscópica de cuerpos extraños, una de las siguientes recomendaciones es falsa según la Guía Clínica de la European Society of Gastrointestinal Endoscopy (ESGE):","Se recomienda endoscopia urgente, dentro de las primeras 24 horas, para cuerpos extraños esofágicos sin obstrucción completa.",ESGE no recomienda el estudio con bario.,Ninguna de las respuestas anteriores es correcta.,Se recomienda endoscopia no urgente (dentro de las 72 horas) para cuerpos extraños romos de tamaño mediano localizados en el estómago.,c,Ninguna de las respuestas anteriores es correcta.,negated,35,AD_CASTILLA_Y_LEON_2019__EXAM__044_exam_examen-le-aparato-digestivo-orden-san-139-2020.pdf,AD_CASTILLA_Y_LEON_2019__ANSWER_KEY__045_answer-key_plantilla-respuestas-correctas-l-e-aparato-digestivo-orden-s.pdf,retained318,b6b3fd165718516c97086164dcc2655d2516bf799893cc01960536288702011e,84f458e00863cfe6322c863bde05d2778386c9786e99f753b1dda676558641cb
b285,la-rioja|2024|main|81,La Rioja,2024,aparato-digestivo,main,285,Señale en cuál de los siguientes pacientes indicaría un TIPS precoz:,"Hepatopatía Crónica en estadío de Cirrosis por alcohol con consumo activo y antecedente hace 5 días de hemorragia por varices esofágicas. Presenta nuevo episodio de hematemesis y encefalopatía hepática grado II. Shock hipovolémico. Bil. 17; Crea. 2,2; Alb. 2,3; INR 1,39. Endoscopia: Sangrado agudo incontrolable que requiere la colocación de prótesis de Dannis.","Primer episodio de hematemesis en paciente sin enfermedad hepática conocida hasta la fecha. Inestabilidad hemodinámica. Endoscopia: hemorragia incoercible, se coloca balón de Sengstaken. Bil. 1,1; Crea. 0,75; Alb. 4,3; INR 1,1.",Ninguna de las respuestas anteriores es correcta.,"Paciente trasladado de otro centro para valorar trasplante por fallo agudo sobre crónico. Bil. 35; Crea. 3,15; Alb 1,9; INR 2,87. Intubado en UCI por distrés respiratorio. Encefalopatía hepática III-IV. Ascitis moderada. Presenta hematemesis con inestabilidad hemodinámica. Endoscopia: Sangrado activo procedente de variz esofágica. Se coloca prótesis de Danis.",c,Ninguna de las respuestas anteriores es correcta.,,21,AD_LA_RIOJA_2023_2024__EXAM__exam__fea-aparato-digestivo-2025.pdf,AD_LA_RIOJA_2023_2024__CORRECTION__correction__plantilla-respuestas-modificada-fea-aparato-digestivo-2025.pdf,retained318,b0bb1045e5c8768762f3b32fbb38f9b55773a05f209ee2ae2f2d2bf5920a56e1,5585ca1b778a16d6be80e3bb6c266568b2b335ce9e70503d4ff3a93173fd4447
b286,aragon|2017|reserva-especifica|107,Aragón,2017,aparato-digestivo,reserva-especifica,286,La dosis de entecavir y tenofovir en el tratamiento de la hepatitis crónica B debe ajustarse a la función renal. ¿Cuál es el dintel de filtrado glomerular estimado por debajo del cual debe reducirse la dosis de los mismos?,60 ml/min,Ninguna de las respuestas anteriores es correcta.,40 ml/min,30 ml/min,b,Ninguna de las respuestas anteriores es correcta.,,37,AD_ARAGON_2017__EXAM__exam__cuadernillo-del-examen-de-la-categoria-de-aparato-digestivo-que-fue-realizado-el.pdf,AD_ARAGON_2017__ANSWER_KEY__answer-key__plantilla-de-respuestas-del-examen-de-la-categoria-de-aparato-digestivo-que-fue-.pdf,retained318,32b3312ed06626aab469e055a3d5512620f88efd7614f2cb8a534b2d7320ed03,919a89a5167419b061e7166aca5fe34409c842bc7269151708105dc151bc99a3
b287,castilla-la-mancha|2022|main|31,Castilla-La Mancha,2022,aparato-digestivo,main,287,Entre las enfermedades que cursan con estreñimiento no se encuentra,Diabetes Mellitus,Ninguna de las respuestas anteriores es correcta.,Enfermedad de Parkinson,Enfermedad de Hirschsprung,b,Ninguna de las respuestas anteriores es correcta.,,7,AD_CASTILLA_LA_MANCHA_2022__EXAM__exam__cuestionario-fea-digestivo.pdf,AD_CASTILLA_LA_MANCHA_2022__CORRECTION__correction__plantilla-correctora-definitiva-fea-aparato-digestivo.pdf,retained318,df8e3b39e489fcd0382f12f54e17f243bd7a2adf92d535dfd1d15a66506b42b9,8d77b6b61d42524e8bf94f23ef6b45d329855edfab7de46b85c20101bebad321
b294,region-de-murcia|2019|main|131,Región de Murcia,2019,aparato-digestivo,main,294,"Considerando la afectación multiorgánica que se produce en el fracaso hepático fulminante, señale cuál de estas situaciones no es característica de la misma:",Hiponatremia.,Hipertensión intracraneal.,Infecciones bacterianas.,Ninguna de las respuestas anteriores es correcta.,d,Ninguna de las respuestas anteriores es correcta.,,22,AD_REGION_DE_MURCIA_2019__EXAM__021_exam_apa-dig-lb-a-examen-turno-libre-modelo-a.pdf,AD_REGION_DE_MURCIA_2019__ANSWER_KEY__022_answer-key_apa-dig-plantilla-respuestas-corregida-turno-libre-modelo-a.pdf,retained318,57fb621ddb42ef7b58cd1979c0c9f64abec4a4c02bf577ec27c397c2468df872,144644ff0a94f29036b6f3e3ded640475af2fa5208e973a2165e2119e0c55826
b295,comunidad-de-madrid|2021|main|149,Comunidad de Madrid,2021,aparato-digestivo,main,295,"Usted conoce que los pacientes con cirrosis descompensada desarrollan con frecuencia sarcopenia, Señale por favor cuál de los siguientes mecanismos NO está implicado en el desarrollo de esta complicación",Descenso de testosterona y de hormona de crecimiento,Incremento de la concentración de amonio plasmático,Presencia de endotoxinemia y de disfunción mitocondrial,Ninguna de las respuestas anteriores es correcta.,d,Ninguna de las respuestas anteriores es correcta.,negated,26,AD_COMUNIDAD_DE_MADRID_2021__EXAM__017_exam_cuestionario-de-examen-f-e-en-aparato-digestivo-sermas-2021.pdf,AD_COMUNIDAD_DE_MADRID_2021__ANSWER_KEY__018_answer-key_plantilla-correctora-f-e-aparato-digestivo-2021.pdf,retained318,b43de87490e0a68d9d0afc4af3bdbd80cb47a6369a7a2e270481a9752777973b,05b31cbb231e5c9ca947f5d0d16d578d7935fd864b8050de0dc22dbf6614aeea
b296,galicia|2016|reserva-especifica|107,Galicia,2016,aparato-digestivo,reserva-especifica,296,"En referencia al esófago de Barrett, señale el enunciado falso:",El riesgo de desarrollo de adenocarcinoma sobre esófago de Barrett sin displasia es de un 0.3 por ciento por año.,Ninguna de las respuestas anteriores es correcta.,Los pacientes con extensión de esófago de Barrett mayor de 10 cm. tienen el mismo riesgo de progresión que los pacientes con displasia de bajo grado.,La resección endoscópica de lesiones visibles sobre el epitelio metaplásico mediante la técnica de ligadura con bandas tiene una eficacia mayor del 85 por ciento.,b,Ninguna de las respuestas anteriores es correcta.,negated,25,AD_GALICIA_OPE_2016__EXAM__gal-02__aparato-digestivo-cas-20171029192531-cas-pdf.pdf,AD_GALICIA_OPE_2016__CORRECTION__gal-03__aparello-dixestivo-20180201084525-cas-pdf.pdf,retained318,a29ac1aec909df618d386e1ad12f0927a5537e157cff7a5bbb719dfbbcf8e943,f912efab0de8fcc53c339f6f247fed8df4982a5e40a4c8d70db21302f00c6301
b297,galicia|2019|main|100,Galicia,2019,aparato-digestivo,main,297,"En un paciente diagnosticado de hemocromatosis, homocigoto C282Y, el objetivo del tratamiento con sangrías sería:",Disminuir la saturación de transferrina por debajo del 45%.,Mantener la hemoglobina entre 12 y 13 g/dL.,Ninguna de las respuestas anteriores es correcta.,Conseguir cifras de hierro sérico por debajo de 100 microgramos por decilitro.,c,Ninguna de las respuestas anteriores es correcta.,,19,AD_GALICIA_OPE_2019__EXAM__gal-05__cas-especifico-digestivo-20210925132858-cas-pdf.pdf,AD_GALICIA_OPE_2019__CORRECTION__gal-07__fea-aparello-dixestivo-20211214124928-cas-pdf.pdf,retained318,79158bbecd2e7299d3339d6a610957a10813a0f83b73d7dde254446bffdb7b34,eff33d351a9eee249d1c3bad1520d6c8a3c037e9e54c1078acd8921da71606db
b299,galicia|2022|main|9,Galicia,2022,aparato-digestivo,main,299,"Paciente varón de 50 años. Se realiza gastroscopia por pirosis, sin respuesta a tratamiento con IBP. La endoscopia muestra la presencia de Esófago de Barrett C1M5 de la Clasificación de Praga. Los resultados histológicos confirman la existencia de metaplasia sin displasia. Siguiendo las últimas Guías ESGE de diagnóstico y manejo de Esófago de Barrett, ¿en cuánto tiempo le corresponde el siguiente control endoscópico?",1 año.,Ninguna de las respuestas anteriores es correcta.,5 años.,No precisa más controles endoscópicos.,b,Ninguna de las respuestas anteriores es correcta.,clinical_case,3,AD_GALICIA_OPE_2022__EXAM__gal-09__especifico-cast-aparello-dx-20240316193007-cas-pdf.pdf,AD_GALICIA_OPE_2022__CORRECTION__gal-11__fea-aparello-dixestivo-20240514082015-cas-pdf.pdf,retained318,7ec641799ac7126d2673b79058da93cc90bcfb0b6eb3af711ecc8441d1717240,f3eda4675b9d99369dce553f78f8032287c06ee0f71de8427b3010789a065490
b300,region-de-murcia|2019|main|111,Región de Murcia,2019,aparato-digestivo,main,300,Una de las siguientes opciones es falsa con relación a la inducción de la inmunosupresión (IS) en el trasplante hepático (TH):,Si hay insuficiencia renal se deben evitar los inhibidores de la calcineurina.,Ninguna de las respuestas anteriores es correcta.,"En pacientes de riesgo inmunológico (hepatitis autoinmune, cirrosis biliar primaria y colangitis esclerosante primaria) es recomendable hacer una inducción más potente.",El everólimus es un fármaco útil en los pacientes trasplantados por carcinoma hepatocelular por su función antitumoral.,b,Ninguna de las respuestas anteriores es correcta.,negated,18,AD_REGION_DE_MURCIA_2019__EXAM__021_exam_apa-dig-lb-a-examen-turno-libre-modelo-a.pdf,AD_REGION_DE_MURCIA_2019__ANSWER_KEY__022_answer-key_apa-dig-plantilla-respuestas-corregida-turno-libre-modelo-a.pdf,retained318,eb46396e39e091cc7123930e69fe34b8f5fae42acb329b3fe45bbba2eeeb5499,f507db03ab28ee101e28308b9d1493f92cb2aa7550cceccb3082916193cb7676
b301,aragon|2017|reserva-especifica|104,Aragón,2017,aparato-digestivo,reserva-especifica,301,Respecto a las indicaciones de vacunación preexposición de la hepatitis A vigentes en España (2017) señale lo correcto:,Convivientes con pacientes con Hepatitis aguda por virus A.,"Viaje a un país endémico, iniciando la pauta 1 semana antes del viaje.",Ninguna de las respuestas anteriores es correcta.,"Antecedente de haber consumido drogas por vía parenteral, sin consumo actual.",c,Ninguna de las respuestas anteriores es correcta.,,37,AD_ARAGON_2017__EXAM__exam__cuadernillo-del-examen-de-la-categoria-de-aparato-digestivo-que-fue-realizado-el.pdf,AD_ARAGON_2017__ANSWER_KEY__answer-key__plantilla-de-respuestas-del-examen-de-la-categoria-de-aparato-digestivo-que-fue-.pdf,retained318,f254a6780db70c06625d93b5d13edf7b03ecd0f5e91aac3a9253f118a7908624,5b64af591ae642cebc740428edf6cc26f28e61071a877d05fd6ad9f264c70e7b
b304,navarra|2022|teorico-practica|72,Navarra,2022,aparato-digestivo,teorico-practica,304,Varón de 85 años ingresado hace 12 horas por pancreatitis aguda biliar. El paciente está consciente y orientado. Tensión arterial: 120/70mmHg; Frecuencia cardiaca 100 lpm. Eupneico y afebril. En la exploración presenta dolor epigástrico a la palpación sin peritonismo. En los análisis presenta 18.000 leucocitos/mm3 (normal: 4000-11000/mm3) y Proteína C Reactiva de 100 mg/dL (normal: 0-10) y BUN de 20mg/dl. En la radiografía de tórax del ingreso presenta derrame pleural izquierdo. ¿Cuántos puntos presenta el paciente según la clasificación BISAP?:,4,Ninguna de las respuestas anteriores es correcta.,2,1,b,Ninguna de las respuestas anteriores es correcta.,clinical_case,15,AD_NAVARRA_2022__EXAM__040_exam_preguntas-test-examen-digestivo-definitivo-ope-2022-estabili.pdf,AD_NAVARRA_2022__ANSWER_KEY__041_answer-key_respuestas-digestivo-ope-2022-estabilizacion.pdf,retained318,9a4de7ce1c8beaaa859200788bdfc6bc67acc518a17d3c2426ff9f09b469ebbc,80088630fd16b6a2fd93d902d10a0beac290edee6c12c09beb3c9b3139a7b63b
b306,castilla-la-mancha|2022|reserva-especifica|103,Castilla-La Mancha,2022,aparato-digestivo,reserva-especifica,306,"¿Dónde se proponen como principios éticos en investigación la beneficencia, el respeto a la dignidad humana y la justicia?",Declaración de Helsinki,Código de Nuremberg,Ninguna de las respuestas anteriores es correcta.,Estudio Tuskegee,c,Ninguna de las respuestas anteriores es correcta.,,18,AD_CASTILLA_LA_MANCHA_2022__EXAM__exam__cuestionario-fea-digestivo.pdf,AD_CASTILLA_LA_MANCHA_2022__CORRECTION__correction__plantilla-correctora-definitiva-fea-aparato-digestivo.pdf,retained318,81a07c3e6ac62834fd4ba8b20374bdf7fa9700712da3491f7fb9c571cf828895,cec4a7721d91ccb4d7a48e2918c0550c4365b55b0679564b7d272c033e3e96e6
b307,castilla-la-mancha|2022|main|1,Castilla-La Mancha,2022,aparato-digestivo,main,307,La clasificación de la ERGE (enf. por reflujo) basada en criterios endoscópicos más aplicada en la actualidad es la de Los Ángeles. Señale la respuesta correcta,"El grado A se define como la presencia de al menos una lesión mucosa de > 5mms, sin continuidad entre la pared más prominente de 2 pliegues mucosos.",En el grado B se aprecia una o varias lesiones < 5mms.,El grado C se caracteriza por la presencia de una o varias lesiones < 5mms.,Ninguna de las respuestas anteriores es correcta.,d,Ninguna de las respuestas anteriores es correcta.,,2,AD_CASTILLA_LA_MANCHA_2022__EXAM__exam__cuestionario-fea-digestivo.pdf,AD_CASTILLA_LA_MANCHA_2022__CORRECTION__correction__plantilla-correctora-definitiva-fea-aparato-digestivo.pdf,retained318,1c7bc03c7d20d3fb01db6b98908568ce656ee5fa818bff53048f3f5c4e717e13,0649174a4fff0003ce342db87471c679e321eaaeb40119e3e4b882f4ad5ddefd
b309,aragon|2020|reserva-especifica|107,Aragón,2020,aparato-digestivo,reserva-especifica,309,Ante un paciente con fallo hepático agudo señale la respuesta INCORRECTA:,La existencia de ascitis masiva orienta a un síndrome de Budd-Chiari agudo.,Anemia hemolítica Coombs negativa y una relación bilirrubina/fosfatasa alcalina elevada sugieren enfermedad de Wilson.,Ninguna de las respuestas anteriores es correcta.,En una paciente con hepatitis autoinmune que no responde tras siete días de tratamiento correcto debe plantearse trasplante hepático.,c,Ninguna de las respuestas anteriores es correcta.,negated,21,AD_ARAGON_2020__EXAM__exam__cuadernillo-de-examen-y-respuestas-provisionales-2021-f.e.a-aparato-digestivo.pdf,AD_ARAGON_2020__ANSWER_KEY__answer-key__plantilla-provisional-de-respuestas-2021-f.e.a-aparato-digestivo.pdf,retained318,78658765b80cf00cb80b964980d21067368a8c965d88002c125a45a9848ed258,4ef3ff84286a8b13c40e151af0c351e94f940a81e240236779526a91d38a6519
b310,castilla-la-mancha|2017|main|62,Castilla-La Mancha,2017,aparato-digestivo,main,310,Es falso respecto al diagnóstico citohistológico de confirmación en cáncer de páncreas,No se requiere confirmación diagnóstica en tumoración pancreática sospechosa resecable,"Se debe realizar en paciente con masa pancreática resecable con sospecha de otra enfermedad, tumor borderline previo a neoadyuvancia y en tumor irresecable en el que se plante tratamiento activo",La ultrasonografía endoscópica con punción de la lesión es la técnica de elección para obtención de tejido pancreático siendo la biopsia percutánea de preferencia en paciente con metástasis hepáticas,Ninguna de las respuestas anteriores es correcta.,d,Ninguna de las respuestas anteriores es correcta.,negated,11,AD_CASTILLA_LA_MANCHA_2017_2018__EXAM__exam__cuestionario-fea-aparato-digestivo.pdf,AD_CASTILLA_LA_MANCHA_2017_2018__CORRECTION__correction__plantilla-correctora-definitiva-fea-aparato-digestivo.pdf,retained318,224601a0174b698472be5f8fe67a03ae4c340d8386da969b09a4f608d39d9c0d,e658ed0c44c3115e3a0852c1efcf19d52172f0af18bb36f0e848edf18f475c0d
b311,comunidad-de-madrid|2021|main|77,Comunidad de Madrid,2021,aparato-digestivo,main,311,"Un cuadro de diarrea aguda con inicio de síntomas en menos de 6 horas tras la exposición al alimento causal, acompañado de náuseas y vómitos, es típico de:",E coli enterotóxico,Ninguna de las respuestas anteriores es correcta.,Shigella,Salmonella,b,Ninguna de las respuestas anteriores es correcta.,,15,AD_COMUNIDAD_DE_MADRID_2021__EXAM__017_exam_cuestionario-de-examen-f-e-en-aparato-digestivo-sermas-2021.pdf,AD_COMUNIDAD_DE_MADRID_2021__ANSWER_KEY__018_answer-key_plantilla-correctora-f-e-aparato-digestivo-2021.pdf,retained318,5c5548d80e3932f8c4f580152b0cf2a25252781a647f8101505b91714134574f,ce1e736ecd4fc0cc92eabafaf7a6cdd2da48f3a0bbd5e88d04bb2879b83da09f
b313,region-de-murcia|2019|main|51,Región de Murcia,2019,aparato-digestivo,main,313,Se consideran factores de elevado riesgo para desarrollar cáncer colorrectal asociado a enfermedad inflamatoria intestinal todos excepto:,Colitis extensa con actividad grave.,Presencia de estenosis o displasia en los últimos 5 años.,Colangitis esclerosante primaria concomitante.,Ninguna de las respuestas anteriores es correcta.,d,Ninguna de las respuestas anteriores es correcta.,negated,10,AD_REGION_DE_MURCIA_2019__EXAM__021_exam_apa-dig-lb-a-examen-turno-libre-modelo-a.pdf,AD_REGION_DE_MURCIA_2019__ANSWER_KEY__022_answer-key_apa-dig-plantilla-respuestas-corregida-turno-libre-modelo-a.pdf,retained318,69033103c2266e097cf5a4a231c3a484e01e6bcb298325406b62b04c8b3cf58b,425fe267f3c907ef73fdc317c90096004e6097e5ef62bd0e3579e3ed77f52d4b
b314,comunidad-de-madrid|2021|reserva-especifica|158,Comunidad de Madrid,2021,aparato-digestivo,reserva-especifica,314,¿Cuál de los siguientes NO es un factor de riesgo para desarrollar infecciones por bacterias multirresistentes en pacientes con cirrosis descompensada?,Ingreso hospitalario reciente,Presencia en el exudado rectal de bacterias multirresistentes,Uso de betalactámicos dentro de los tres meses previos,Ninguna de las respuestas anteriores es correcta.,d,Ninguna de las respuestas anteriores es correcta.,negated,28,AD_COMUNIDAD_DE_MADRID_2021__EXAM__017_exam_cuestionario-de-examen-f-e-en-aparato-digestivo-sermas-2021.pdf,AD_COMUNIDAD_DE_MADRID_2021__ANSWER_KEY__018_answer-key_plantilla-correctora-f-e-aparato-digestivo-2021.pdf,retained318,04fb3aa49f19abbb4e0f35a1a605b7a0207a33d067d6586bd89af5c2c62227c7,2146cf50e3de430ea4d419745dabfed68a5d72ad383c52c1e96bfbcdc18fb373
b317,comunidad-de-madrid|2021|main|44,Comunidad de Madrid,2021,aparato-digestivo,main,317,"Usted sabe que el prurito es un síntoma frecuente en las enfermedades colestásicas crónicas y que genera gran disconfort en los pacientes. En relación con su tratamiento, señale cuál de las siguientes afirmaciones es FALSA",Es importante mantener una adecuada hidratación de la piel,La colestiramina y el colestipol actúan aumentando la excreción fecal de sustancias pruritógenas,El uso de sertralina puede resultar beneficioso en pacientes con prurito refractario,Ninguna de las respuestas anteriores es correcta.,d,Ninguna de las respuestas anteriores es correcta.,negated,9,AD_COMUNIDAD_DE_MADRID_2021__EXAM__017_exam_cuestionario-de-examen-f-e-en-aparato-digestivo-sermas-2021.pdf,AD_COMUNIDAD_DE_MADRID_2021__ANSWER_KEY__018_answer-key_plantilla-correctora-f-e-aparato-digestivo-2021.pdf,retained318,1f8611221a0fecc507f11a304872b8b9a6f06fdb51ec6f574f696b78e96e3596,55b9763e3683c4180ab80afb6547d90cd4eeee5ab6fdff1a92a0df1d0f456a41
b318,castilla-la-mancha|2022|reserva-especifica|101,Castilla-La Mancha,2022,aparato-digestivo,reserva-especifica,318,"Según la guía clínica ACG 2020, entre las recomendaciones de tratamiento en un paciente con acalasia esofágica no se incluye",Miotomía endoscópica (POEM) o miotomía de Heller laparoscópica en la acalasia tipo III.,"POEM, miotomía de Heller laparoscópica o dilatación neumática en la acalasia tipo I y II.",Ninguna de las respuestas anteriores es correcta.,Toxina botulínica en pacientes añosos con riesgo quirúrgico.,c,Ninguna de las respuestas anteriores es correcta.,,18,AD_CASTILLA_LA_MANCHA_2022__EXAM__exam__cuestionario-fea-digestivo.pdf,AD_CASTILLA_LA_MANCHA_2022__CORRECTION__correction__plantilla-correctora-definitiva-fea-aparato-digestivo.pdf,retained318,2f498fb7d4f447db0ae638b26e90917af12ec546e7e0254f1d03afb6062fe991,14c7f78f284e34278ec3edaf005489aaa393934521fc903e098c0f6192c958db
b319,comunidad-de-madrid|2021|main|52,Comunidad de Madrid,2021,aparato-digestivo,main,319,Seleccione la opción INCORRECTA en relación con la gastritis crónica tipo B,La densidad de la infección por H Pylori disminuye al avanzar hacia la gastritis atrófica multifocal y atrofia gástrica.,Ninguna de las respuestas anteriores es correcta.,Es de predominio antral.,El desarrollo de Metaplasia intestinal aumenta el riesgo de adenocarcinoma gástrico.,b,Ninguna de las respuestas anteriores es correcta.,negated,11,AD_COMUNIDAD_DE_MADRID_2021__EXAM__017_exam_cuestionario-de-examen-f-e-en-aparato-digestivo-sermas-2021.pdf,AD_COMUNIDAD_DE_MADRID_2021__ANSWER_KEY__018_answer-key_plantilla-correctora-f-e-aparato-digestivo-2021.pdf,retained318,f48fd1786aedea5cffab89b6323746903c7b3c935dfeb4981742afd2bde710fb,74d46bf47c11c61017090c9515a2c922e901c3d95e513509d8f8b68f8360b494
b321,galicia|2022|reserva-especifica|104,Galicia,2022,aparato-digestivo,reserva-especifica,321,"Paciente de 63 años con Esófago de Barrett C1M2 de la Clasificación de Praga. Asintomático con omeprazol 20 mg cada 24 horas. En la última revisión, las biopsias constatan la presencia de metaplasia sin displasia. Siguiendo las últimas Guías ESGE para el diagnóstico y manejo de Esófago de Barrett, ¿para cuándo programaría la siguiente revisión endoscópica?",6 meses.,1 año.,3 años.,Ninguna de las respuestas anteriores es correcta.,d,Ninguna de las respuestas anteriores es correcta.,clinical_case,21,AD_GALICIA_OPE_2022__EXAM__gal-09__especifico-cast-aparello-dx-20240316193007-cas-pdf.pdf,AD_GALICIA_OPE_2022__CORRECTION__gal-11__fea-aparello-dixestivo-20240514082015-cas-pdf.pdf,retained318,d950c6c96e0463f51ef8532d746f50c0c9cd78755beca147825b8a76fab2ca22,a30bbef666bad27fb5b65fffe56f603b80c61da47b163497bb7261122f10440f
b322,comunidad-de-madrid|2021|main|42,Comunidad de Madrid,2021,aparato-digestivo,main,322,Un paciente con Insuficiencia Hépatica Aguda Grave NO suele tener:,Descenso del factor V,Ninguna de las respuestas anteriores es correcta.,Hipoalbuminemia,Aumento de la presion intracraneal,b,Ninguna de las respuestas anteriores es correcta.,"clinical_case,negated",9,AD_COMUNIDAD_DE_MADRID_2021__EXAM__017_exam_cuestionario-de-examen-f-e-en-aparato-digestivo-sermas-2021.pdf,AD_COMUNIDAD_DE_MADRID_2021__ANSWER_KEY__018_answer-key_plantilla-correctora-f-e-aparato-digestivo-2021.pdf,retained318,0a7895d91b6534a53936caadec820e284193683fbbc130e760f3d1e2ade99a17,41118932c376881ab07b54da929b0f16e3ec9ed9ece47658226569a821075861
b323,andalucia|2021|cuestionario-teorico|59,Andalucía,2021,aparato-digestivo,cuestionario-teorico,323,"Sobre la colitis microscópica, señale la afirmación INCORRECTA:",El uso concomitante de IBP y AINE aumenta el riesgo de presentar colitis microscópica.,"La colitis microscópica se ha asociado a enfermedades autoinmunes como la tiroiditis autoinmune, diabetes mellitus tipo 1 y artritis oligoarticular no erosiva.",Se recomienda tomar al menos 3 biopsias de ascendente y 3 de descendente para el diagnóstico anatomopatológico de CM y la diferenciación entre colitis colágena y colitis linfocítica.,Ninguna de las respuestas anteriores es correcta.,d,Ninguna de las respuestas anteriores es correcta.,negated,15,AD_ANDALUCIA_2021_22_LIBRE__EXAM__07__9122-aparato-digestivo-pdf.pdf,AD_ANDALUCIA_2021_22_LIBRE__CORRECTION__09__9122-plantilla-respuestas-def-digestivo-pdf.pdf,retained318,b743721141bdd193116b7706335f58f45a548c6661084759bee96349fe3dce71,d2107b2c8c5315b8d244d0315bf1d5af6115caeeac84f37058cfcf7e42a27614
b325,comunitat-valenciana|2022|main-47-80|61,Comunitat Valenciana,2022,aparato-digestivo,main-47-80,325,La lesión hepática más frecuentemente producida por azatioprina es:,Ductopenia.,Granulomas.,Ninguna de las respuestas anteriores es correcta.,Esteatohepatitis.,c,Ninguna de las respuestas anteriores es correcta.,,19,AD_COMUNITAT_VALENCIANA_2022__EXAM__25__25-comunidad-valenciana-2022-exam-pdf.pdf,AD_COMUNITAT_VALENCIANA_2022__CORRECTION__27__27-comunidad-valenciana-2022-answer-key-definitive-pdf.pdf,retained318,0840ed3123abefcdf084219079d0bd56f9e712826a52648d9e13364a240f3726,6e490a6725486366d05eb9fbdbf57074fc11a8d6797df4f2efebe9239900a9e8
b326,andalucia|2021|cuestionario-teorico|31,Andalucía,2021,aparato-digestivo,cuestionario-teorico,326,¿Cuál de los siguientes hallazgos (aisladamente) permitiría establecer con mas seguridad el diagnóstico de síndrome de hipertensión portal secundario a hepatopatía crónica?,Ascitis en ecografía.,Varices esofágicas en endoscopia alta.,Ninguna de las respuestas anteriores es correcta.,Un flujo portal hepatópeto inferior a 20 cm/seg en ecografía doppler.,c,Ninguna de las respuestas anteriores es correcta.,,9,AD_ANDALUCIA_2021_22_LIBRE__EXAM__07__9122-aparato-digestivo-pdf.pdf,AD_ANDALUCIA_2021_22_LIBRE__CORRECTION__09__9122-plantilla-respuestas-def-digestivo-pdf.pdf,retained318,bf49ecd79dabc7952325f899af645a26af11b2bc660f81c318fc5005e6730294,4d78df46ef016a0b43ed11fcc057e986b2d0e04ab5a1c91449d8e36ac19a8b90
b327,andalucia|2021|cuestionario-practico|112,Andalucía,2021,aparato-digestivo,cuestionario-practico,327,"Un varón de 48 años de edad acude a Urgencias por dolor epigástrico irradiado a espalda. Entre sus antecedentes destaca una dislipemia familiar leve que trata con medidas higiénico-dietéticas y una hipertensión arterial de reciente comienzo. No es fumador, aunque sí un bebedor social escaso de fin de semana. El dolor se inicia de forma progresiva, tres horas antes, mientras realizaba ejercicio físico. Lo describe como epigástrico, de irradiación a espalda, de gran intensidad, asociado a náuseas con vómitos alimentarios de la última comida y sensación de mareo. La exploración física muestra un
paciente con sobrepeso leve, temperatura de 37,2ºC, pulso 110 lpm, y frecuencia respiratoria de 21 resp/min, con abdomen a mayor nivel que tórax, blando y depresible, doloroso a la palpación en epigastrio, sin claro peritonismo, sin masas ni visceromegalias. No tiene edemas en miembros inferiores y los pulsos pedios son simétricos. Analíticamente destaca Hb 16 g/dl, leucocitos 16.000/mm3, plaquetas 386.000/mm3, urea 80 mg/dl, creatinina 1,1 mg/dl; GOT 185 U/L, GPT 199 U/L, LDH 450 U/L, amilasa 1.002 U/L, lipasa 980 U/L.

A las 72 horas del ingreso se realiza un TAC de abdomen. Se observa una gran colección necrótica que prácticamente sustituye cuerpo y cola de páncreas, sin gas en su interior. La situación del paciente es similar a días previos, con elevación de bilirrubina hasta 5 mg/dl, y patrón de colestasis similar. Tras hidratación la función renal ha mejorado, con urea de 40 mg/dl. ¿Qué debemos hacer en este momento?","La ausencia de gas en la colección necrótica descarta prácticamente la infección, por lo que no debemos administrar antibióticos.","La infección es altamente probable, por lo que es preceptivo iniciar el tratamiento antibiótico.","Con una necrosis tan extensa es importante plantear un desbridamiento de la celda pancreática, siendo en este momento la cirugía el mejor método por la precocidad del problema.",Ninguna de las respuestas anteriores es correcta.,d,Ninguna de las respuestas anteriores es correcta.,,28,AD_ANDALUCIA_2021_22_LIBRE__EXAM__07__9122-aparato-digestivo-pdf.pdf,AD_ANDALUCIA_2021_22_LIBRE__CORRECTION__09__9122-plantilla-respuestas-def-digestivo-pdf.pdf,retained318,1ad16c3a7c03f0c42a736006dc9ae8e3f1e466936df8b184c81ca66b6b40e729,23b5469ab414963ce71e53724f01cf1e782f04bef1b2d08e1d101ef118db35cb
b329,andalucia|2022|cuestionario-practico|135,Andalucía,2022,aparato-digestivo,cuestionario-practico,329,"Un varón de 54 años, albañil de profesión, sin hábitos tóxicos, y con el antecedente de una parálisis facial bilateral 7 años antes, atribuida a un síndrome de Guillain-Barré completamente resuelto, acude a urgencias por dolor abdominal y diarrea. El paciente había comenzado con diarrea desde aproximadamente 1 mes antes, inicialmente con 3 deposiciones líquidas cada día, que había ido incrementándose en frecuencia hasta unas 6-8, algunas de ellas mezcladas con sangre roja. Además, describía dolor abdominal cólico y pérdida ponderal de unos 5-6 kg de peso en ese plazo, Durante la evolución
comenzó con dolor abdominal postprandial, que se aliviaba parcialmente con la defecación, pero que finalmente se hizo continuo. Durante las últimas semanas ni las deposiciones ni el dolor respetaban el descanso nocturno, y acude finalmente por empeoramiento de la clínica e imposibilidad para la ingesta oral. Exploración: Consciente y orientado, con afectación de su estado general. Temperatura 37,8 ºC, pulso 102 lpm, TA 98/60 mm Hg. IMC: 22 kg/m². Abdomen blando y depresible, doloroso a la palpación profunda en hemiabdomen izquierdo, más intensamente en cuadrante inferior izquierdo, sin masas
ni visceromegalias. No defensa ni signos de irritación peritoneal. Blumberg negativo. Ruidos intestinales normales. ANALÍTICA: Hemoglobina 14,3 g/dl, leucocitos 14.900/mm³, plaquetas 499.000/mm³; urea 17 mg/dl, creatinina 0,72 mg/dl, LDH: 302 UI/L, PCR 74,7 mg/L. Una determinación de toxina de Clostridium difficile y una determinación de parásitos y cultivo de heces resultaron negativos. La Rx de abdomen fue normal. Al día siguiente de su ingreso empeora el dolor, se realiza una rectoscopia en la que se exploran los últimos 15 cm de colon apreciando desde margen anal una mucosa con áreas
parcheadas de eritema, con pérdida del patrón vascular y úlceras milimétricas, con otras áreas de mucosa sana respetada. Se toman biopsias para cultivo de virus y para estudio histológico. Tras discreta mejoría con tratamiento con corticoides, se realiza una colonoscopia que describe desde recto hasta ciego existe una afectación circunferencial continua con amplias zonas ulceradas de aspecto geográfico. Válvula ileocecal e íleon normales.

¿Qué afirmación le parece correcta con respecto a este paciente?","Se trata de una forma de megacolon toxico, probablemente asociado a una enfermedad inflamatoria intestinal.",Ninguna de las respuestas anteriores es correcta.,El episodio de desmielinización previa por el síndrome de Guillain-Barré es una contraindicación para el tratamiento biológico.,"El paciente debe tratarse con fluidoterapia, dieta absoluta, corticoides y mesalazina oral.",b,Ninguna de las respuestas anteriores es correcta.,,38,AD_ANDALUCIA_2022_EXTRAORDINARIA_LIBRE__EXAM__12__revisado-56007-fea-aparato-digestivo-final-pdf.pdf,AD_ANDALUCIA_2022_EXTRAORDINARIA_LIBRE__CORRECTION__14__def-feaapdigestivo-sas-2023-pdf.pdf,retained318,4c59ec0a6c077a1382a87eccc835c9f101907f8a3f56fa06fc4611a952e8289f,11cce358e0b735c4a6df4f85c6f74fe229b094c14fee82b89781cfabf625aee4
b330,castilla-la-mancha|2022|reserva-especifica|104,Castilla-La Mancha,2022,aparato-digestivo,reserva-especifica,330,Señale que elementos de los siguientes se asocian con Mejor Pronóstico en un paciente con Fallo Hepático Fulminante,"Un INR > 3,5","pH arterial < 7,3.",Bilirrubina elevada en casos de fallo no causado por paracetamol,Ninguna de las respuestas anteriores es correcta.,d,Ninguna de las respuestas anteriores es correcta.,,18,AD_CASTILLA_LA_MANCHA_2022__EXAM__exam__cuestionario-fea-digestivo.pdf,AD_CASTILLA_LA_MANCHA_2022__CORRECTION__correction__plantilla-correctora-definitiva-fea-aparato-digestivo.pdf,retained318,c111b22e5dce69b4e31fc1b0d672e3c5c02aca3a584fe8b8dc73af21fad8824c,777ad34f595055c581ab7a60c16d4d954e1b01f3322dd25d378e36584a03a430
b332,galicia|2019|reserva-especifica|110,Galicia,2019,aparato-digestivo,reserva-especifica,332,Señale la respuesta FALSA con respecto al fallo hepático fulminante:,Se recomienda hacer profilaxis de la úlcera de estrés.,Existe riesgo de sepsis severa.,Es frecuente la aparición de hipoglucemia e hiponatremia.,Ninguna de las respuestas anteriores es correcta.,d,Ninguna de las respuestas anteriores es correcta.,negated,21,AD_GALICIA_OPE_2019__EXAM__gal-05__cas-especifico-digestivo-20210925132858-cas-pdf.pdf,AD_GALICIA_OPE_2019__CORRECTION__gal-07__fea-aparello-dixestivo-20211214124928-cas-pdf.pdf,retained318,a81942a5b827d49c13a0cddf55aefeeba849e8a942eab5fa45fad5a4e8ea90e4,537d4774ac3b6ceb017f645a11df432081291e17eedaa3f19068c7281e52b4d1
b333,region-de-murcia|2019|main|55,Región de Murcia,2019,aparato-digestivo,main,333,¿Cuál de los siguientes NO es un factor de riesgo potencialmente relacionado con la recurrencia postquirúrgica?:,Granulomas en la pieza de resección.,Gravedad de la plexitis mientérica en la pieza de resección.,Ninguna de las respuestas anteriores es correcta.,Enfermedad perianal.,c,Ninguna de las respuestas anteriores es correcta.,negated,10,AD_REGION_DE_MURCIA_2019__EXAM__021_exam_apa-dig-lb-a-examen-turno-libre-modelo-a.pdf,AD_REGION_DE_MURCIA_2019__ANSWER_KEY__022_answer-key_apa-dig-plantilla-respuestas-corregida-turno-libre-modelo-a.pdf,retained318,07d532b8ff107841dd5ff7614547ecd80491dfb5eaf51dfce46c8c9061ca68cd,904a45f9359aad18408c5206bee947b86db53f2d2f356eb101ae14adc6fb662d
b334,galicia|2016|reserva-especifica|105,Galicia,2016,aparato-digestivo,reserva-especifica,334,Indique cuál de las siguientes es la causa más frecuente de hematoquecia significativa:,Colitis.,Hemorroides.,Cáncer y pólipos de colon.,Ninguna de las respuestas anteriores es correcta.,d,Ninguna de las respuestas anteriores es correcta.,,24,AD_GALICIA_OPE_2016__EXAM__gal-02__aparato-digestivo-cas-20171029192531-cas-pdf.pdf,AD_GALICIA_OPE_2016__CORRECTION__gal-03__aparello-dixestivo-20180201084525-cas-pdf.pdf,retained318,f03fb30efe2fa5771086931e861ccc587f80b4085a4d32898a87bb26ff914ce6,4b44b5608a2e66b0b8089b0c610416f444176dc30c4ba1017a8174efa1ce17cd
b335,andalucia|2021|cuestionario-practico|119,Andalucía,2021,aparato-digestivo,cuestionario-practico,335,"Varón de 25 años que acude al área de urgencias del hospital por cuadro de dolor abdominal intenso y progresivo que se inició a las 2 horas postingesta acompañado de distensión abdominal que no cede con la analgesia habitual y vómitos. No refiere tener enfermedades previas. Fumador habitual. No toma ninguna medicación. Desde hace años tiene episodios frecuentes de diarrea no estudiada. En la exploración se aprecia dolor a la palpación en la fosa ilíaca derecha e hipogastrio con signo de Blumberg positivo. En la analítica urgente existe una leucocitosis moderada con desviación a la izquierda y
PCR de 100 mg/l. Se realizó TAC observando un engrosamiento parietal y concéntrico del íleon terminal con estenosis de 15 cm de longitud, signos inflamatorios, pequeñas burbujas de gas extraluminales adyacentes e infiltración de la grasa pericecal. Ante la sospecha de perforación se realiza cirugía urgente practicándose resección ileocecal y anastomosis ileocólica. El estudio anatomopatológico de la pieza quirúrgica confirma la existencia de una enfermedad de Crohn. Tras la intervención quirúrgica el paciente evoluciona de forma favorable y previamente al alta se consulta con digestivo.

¿Cuál es la actitud más adecuada a seguir en este paciente?",Abandono del tabaquismo y revisión en la consulta de digestivo con control analítico 6 meses después de la cirugía.,"Abandono del tabaquismo, iniciar tratamiento con mesalazina oral y revisión en la consulta de digestivo con control analítico 6 meses después de la cirugía.","Abandono del tabaquismo, iniciar tratamiento con metronidazol oral a dosis de 15-20 mg/Kg/día durante 3 meses y revisión en la consulta de digestivo con control analítico 6 meses después de la cirugía.",Ninguna de las respuestas anteriores es correcta.,d,Ninguna de las respuestas anteriores es correcta.,,31,AD_ANDALUCIA_2021_22_LIBRE__EXAM__07__9122-aparato-digestivo-pdf.pdf,AD_ANDALUCIA_2021_22_LIBRE__CORRECTION__09__9122-plantilla-respuestas-def-digestivo-pdf.pdf,retained318,df5879f0c7ca0e877f605e67c335c417fc13441b34311a4b7eba9193d008de2e,71cb03babf30a19fb1011ab98ba03266a28ecf7c4c0af7c3e6df1a0a51fe3ebc
b336,region-de-murcia|2019|main|62,Región de Murcia,2019,aparato-digestivo,main,336,"Con respecto al Síndrome de Ogilvie, señale la respuesta falsa:","Cursa con síntomas, signos y alteraciones radiológicas compatibles con una obstrucción aguda del colon, pero sin evidencia de causa mecánica que la justifique.",Ninguna de las respuestas anteriores es correcta.,"Los traumatismos, la administración de opiáceos y la presencia de alteraciones hidroelectrolíticas pueden desencadenar el cuadro.",Las complicaciones más graves son la isquemia y la perforación del colon.,b,Ninguna de las respuestas anteriores es correcta.,negated,11,AD_REGION_DE_MURCIA_2019__EXAM__021_exam_apa-dig-lb-a-examen-turno-libre-modelo-a.pdf,AD_REGION_DE_MURCIA_2019__ANSWER_KEY__022_answer-key_apa-dig-plantilla-respuestas-corregida-turno-libre-modelo-a.pdf,retained318,4b661022c604fadc307385fd089ecba1a011af9bec66ecd964ea793b0def1201,7d60310b5f3cb17f84fd2b9da3c70dec8500813381f677b6ac5557f0c3219e12
b338,galicia|2019|reserva-especifica|107,Galicia,2019,aparato-digestivo,reserva-especifica,338,"La fase de infección crónica del virus hepatitis B con antígeno e positivo (HBeAg) (antes denominada fase de inmunotolerancia), presenta todas las siguientes características, EXCEPTO:",Niveles muy elevados del DNA de la hepatitis B.,Valores normales de ALT.,La tasa de seroconversión espontánea en esta fase es muy baja.,Ninguna de las respuestas anteriores es correcta.,d,Ninguna de las respuestas anteriores es correcta.,negated,21,AD_GALICIA_OPE_2019__EXAM__gal-05__cas-especifico-digestivo-20210925132858-cas-pdf.pdf,AD_GALICIA_OPE_2019__CORRECTION__gal-07__fea-aparello-dixestivo-20211214124928-cas-pdf.pdf,retained318,277cd5e45b970ac97ce8d06cd905509a54667c662c05b04756bb774724fba2eb,e999fe47043269ae165321e95d4eeb116fd56abf3cfbf317a49cc28563819fdd
b339,region-de-murcia|2019|main|28,Región de Murcia,2019,aparato-digestivo,main,339,"En relación con el diagnóstico de la infección por Helicobacter Pylori (Hp), señale la opción FALSA:",El test de aliento es el método no invasivo más investigado y recomendado en el contexto de una estrategia de test-and-treat.,Ninguna de las respuestas anteriores es correcta.,Los IBP deben suspenderse al menos dos semanas antes de las pruebas para la infección por Hp.,El test de ureasa rápido no se recomienda como prueba para la evaluación de la erradicación de Hp después del tratamiento. El test de aliento es la mejor opción para confirmar la erradicación de Hp y el test de antígeno fecal es una alternativa.,b,Ninguna de las respuestas anteriores es correcta.,negated,6,AD_REGION_DE_MURCIA_2019__EXAM__021_exam_apa-dig-lb-a-examen-turno-libre-modelo-a.pdf,AD_REGION_DE_MURCIA_2019__ANSWER_KEY__022_answer-key_apa-dig-plantilla-respuestas-corregida-turno-libre-modelo-a.pdf,retained318,c956260521e97c316e02e8bd1d8f2bce0d6f5d3c3d09d71836cfd7834ae52ed5,e1b5c99f4fdad6a99f5c7f54a7a0fb72c888d16485fe9d4bf92e8ebabdf33ef8
b344,andalucia|2021|cuestionario-teorico|9,Andalucía,2021,aparato-digestivo,cuestionario-teorico,344,"El diagrama de cajas (box-plot) es una forma de representación gráfica bastante usada, sobre todo cuando se quieren comparar dos o más mediciones de una misma variable, por ejemplo en varios grupos de sujetos o en los mismos sujetos en distintos momentos del tiempo. Todas las afirmaciones siguientes sobre este modelo son ciertas, excepto:","La caja está determinada por los percentiles 25 y 75, por lo que su amplitud es el rango intercuartílico",La mediana es un valor que caerá siempre dentro de la caja,Ninguna de las respuestas anteriores es correcta.,En la caja se encuentran la mitad de las observaciones o valores,c,Ninguna de las respuestas anteriores es correcta.,negated,5,AD_ANDALUCIA_2021_22_LIBRE__EXAM__07__9122-aparato-digestivo-pdf.pdf,AD_ANDALUCIA_2021_22_LIBRE__CORRECTION__09__9122-plantilla-respuestas-def-digestivo-pdf.pdf,retained318,9c309a0a7b973c9287ff06e551e5249318655877f0670747a62cb1f02d04ba0f,80f4d3cf991322982a758bc64c3c7cf235c6e65ef3ccc7231905dd664c06bbe1
b345,navarra|2022|teorico-practica|61,Navarra,2022,aparato-digestivo,teorico-practica,345,¿Cuál de las siguientes anomalías NO suele producirse en la hemostasia de los pacientes cirróticos?,Trombopenia,Disminución de la síntesis de Factor V,Ninguna de las respuestas anteriores es correcta.,Disminución de los niveles de la proteína C y proteína S,c,Ninguna de las respuestas anteriores es correcta.,negated,13,AD_NAVARRA_2022__EXAM__040_exam_preguntas-test-examen-digestivo-definitivo-ope-2022-estabili.pdf,AD_NAVARRA_2022__ANSWER_KEY__041_answer-key_respuestas-digestivo-ope-2022-estabilizacion.pdf,retained318,935c7c2d9789f8a9e3f47a442033d8eae67044ea2d320069117b7954e03c92d8,1ed2cc303fa3621599f48c7c111fc0d669757571aa03ea49007b4dd9b0b91b9e
b346,aragon|2020|main|12,Aragón,2020,aparato-digestivo,main,346,"¿Cual de los siguientes factores, NO es un factor de riesgo para el desarrollo de hepatocarcinoma?",La obesidad.,El sexo masculino.,La ingesta de alcohol.,Ninguna de las respuestas anteriores es correcta.,d,Ninguna de las respuestas anteriores es correcta.,negated,5,AD_ARAGON_2020__EXAM__exam__cuadernillo-de-examen-y-respuestas-provisionales-2021-f.e.a-aparato-digestivo.pdf,AD_ARAGON_2020__ANSWER_KEY__answer-key__plantilla-provisional-de-respuestas-2021-f.e.a-aparato-digestivo.pdf,retained318,4339f6a422e1edc8b0a55731fe6d0a9f60a198f9e3298a133588c3ee03c4532a,7e9c58dcead589b0445204828a2aec8ae5fa619cbe3a8e6babb688f8c50ce25f
b348,comunidad-de-madrid|2021|main|146,Comunidad de Madrid,2021,aparato-digestivo,main,348,Señala la respuesta correcta con respecto a la hepatitis E en el embarazo,Su incidencia ha disminuido en los ultimos años,Ninguna de las respuestas anteriores es correcta.,No se transmite de madre a feto,Se debe tratar con interferon,b,Ninguna de las respuestas anteriores es correcta.,,26,AD_COMUNIDAD_DE_MADRID_2021__EXAM__017_exam_cuestionario-de-examen-f-e-en-aparato-digestivo-sermas-2021.pdf,AD_COMUNIDAD_DE_MADRID_2021__ANSWER_KEY__018_answer-key_plantilla-correctora-f-e-aparato-digestivo-2021.pdf,retained318,fe276721d1e0b63570e2dc0c82f891b78616d7f802989c892eb979c76dba3c8a,7e8f86f35df3fd0b8eaa00726e54832100682826efbcdc8d9adf50a2382231bf
b349,comunitat-valenciana|2022|main-47-80|66,Comunitat Valenciana,2022,aparato-digestivo,main-47-80,349,Uno de los siguientes ítems no es criterio de trasplante hepático según King´s College en el fallo hepático agudo por paracetamol:,"INR > 6,5.",Ninguna de las respuestas anteriores es correcta.,"Creatinina > 3,4 mg.",Encefalopatia grado 3-4,b,Ninguna de las respuestas anteriores es correcta.,,20,AD_COMUNITAT_VALENCIANA_2022__EXAM__25__25-comunidad-valenciana-2022-exam-pdf.pdf,AD_COMUNITAT_VALENCIANA_2022__CORRECTION__27__27-comunidad-valenciana-2022-answer-key-definitive-pdf.pdf,retained318,7b16169e83bc16fa53c72e3d36bde0b1fdf2fefacfa15470a7d3412aa61d371b,6e3658c856479f0b36b3781a7796848b71500749c92a066587a314da74551b1c
b353,galicia|2016|reserva-especifica|102,Galicia,2016,aparato-digestivo,reserva-especifica,353,"Paciente al que se extirpa un pólipo pediculado. El patólogo informa de la existencia de un adenocarcinoma bien diferenciado sobre un adenoma tubulovelloso que invade la submucosa y afecta al cuello del pólipo, no afectando al margen de resección el cual se encuentra a más de 2 milímetros. Señale la opción correcta:",Se trata de un adenocarcinoma no invasivo y el riesgo de diseminación es bajo.,Se trata de un nivel 3 de Haggitt y lo recomendado es vigilancia endoscópica.,El paciente no tiene ningún riesgo de metástasis en ganglios linfáticos regionales.,Ninguna de las respuestas anteriores es correcta.,d,Ninguna de las respuestas anteriores es correcta.,clinical_case,24,AD_GALICIA_OPE_2016__EXAM__gal-02__aparato-digestivo-cas-20171029192531-cas-pdf.pdf,AD_GALICIA_OPE_2016__CORRECTION__gal-03__aparello-dixestivo-20180201084525-cas-pdf.pdf,retained318,9ceab6449efe542626e97efc798ef24a92648b11f094fbe9be9c3046201e18fd,aababff539b7f653c9593940203e657fcb84cc20a240fc87d98dd4aa4c5e72f9
b354,region-de-murcia|2019|main|110,Región de Murcia,2019,aparato-digestivo,main,354,"Una de los siguientes no es una indicación para trasplante hepático en carcinoma hepatocelular (CHC), según los criterios de Milán:",Nódulo único menor de 5 cm.,Menos de 3 nódulos menores de 3 cm.,Ninguna de las respuestas anteriores es correcta.,No microinvasión vascular.,c,Ninguna de las respuestas anteriores es correcta.,,18,AD_REGION_DE_MURCIA_2019__EXAM__021_exam_apa-dig-lb-a-examen-turno-libre-modelo-a.pdf,AD_REGION_DE_MURCIA_2019__ANSWER_KEY__022_answer-key_apa-dig-plantilla-respuestas-corregida-turno-libre-modelo-a.pdf,retained318,a559bd85ab5fb4f453bb874a831631510774ea10193b7a3e3875fa9b54278626,f1ba1d9705fcf76d097ae9cfc798d02e1aa7b73c276997857e019da8fc082523
b355,la-rioja|2021|main|37,La Rioja,2021,aparato-digestivo,main,355,"En relación al carcinoma hepatocelular, señale la respuesta falsa:",La determinación de AFP no es útil para el diagnóstico del carcinoma hepatocelular.,Respecto a la radioembolización transarterial (TARE) no existe evidencia científica para recomendar esta opción terapéutica en pacientes con carcinoma hepatocelular avanzado.,En los estudios publicados se ha mostrado que la RM con contraste órgano-específica no ofreció mayor sensibilidad ni precisión diagnóstica respecto a la RM con contraste extracelular.,Ninguna de las respuestas anteriores es correcta.,d,Ninguna de las respuestas anteriores es correcta.,negated,15,AD_LA_RIOJA_2020_2021__EXAM__exam__fea-aparato-digestivo-2021.pdf,AD_LA_RIOJA_2020_2021__CORRECTION__correction__plantilla-respuestas-modificada-fea-aparato-digestivo-2021.pdf,retained318,3b6a8ac9553958ed20551f0925b36cdd5c957d2a41fbc5107be8bde3eb7ea9f8,e5db922f59f229a9934ed5cdd1fb1537db4f706d28dfb765a38258aabb7c67ea
b357,andalucia|2022|cuestionario-teorico|100,Andalucía,2022,aparato-digestivo,cuestionario-teorico,357,"Un varón de 52 años de edad, con leucemia linfoblástica aguda, recibe un trasplante de médula ósea alogénico. El día 22º postrasplante desarrolla un rash cutáneo difuso, dolor abdominal y diarrea. Se le consulta la posibilidad de realizar endoscopia para el diagnóstico. ¿De dónde es más rentable tomar las biopsias para el diagnóstico de una enfermedad injerto contra huésped?","Esófago, siendo el punto de elección para la toma de biopsias por ser el procedimiento menos invasivo.",Duodeno.,Ninguna de las respuestas anteriores es correcta.,"Unión gastroesofágica, con una sensibilidad muy superior a las otras localizaciones.",c,Ninguna de las respuestas anteriores es correcta.,clinical_case,26,AD_ANDALUCIA_2022_EXTRAORDINARIA_LIBRE__EXAM__12__revisado-56007-fea-aparato-digestivo-final-pdf.pdf,AD_ANDALUCIA_2022_EXTRAORDINARIA_LIBRE__CORRECTION__14__def-feaapdigestivo-sas-2023-pdf.pdf,retained318,b65d359932d73fa8a2d1dd0451cde2a400f17ab01c5140792c53524285187cce,c06ea53e41ab2351867f92a71507031202c72af3ba7510b77766dd6b8d5fa25a
b358,castilla-y-leon|2019|reserva-especifica|153,Castilla y León,2019,aparato-digestivo,reserva-especifica,358,"Ante un paciente con disfagia bucofaríngea, ¿qué estudio se aconseja realizar en primer lugar?:",Pruebas de motilidad esofágica.,Ninguna de las respuestas anteriores es correcta.,Endoscopia Digestiva Alta.,Radiografía de cuello y tórax.,b,Ninguna de las respuestas anteriores es correcta.,,34,AD_CASTILLA_Y_LEON_2019__EXAM__044_exam_examen-le-aparato-digestivo-orden-san-139-2020.pdf,AD_CASTILLA_Y_LEON_2019__ANSWER_KEY__045_answer-key_plantilla-respuestas-correctas-l-e-aparato-digestivo-orden-s.pdf,retained318,3c76547fcf2f20f1372c9acc9f0ebd465efc55ac51fe0e8630ff6b072e64afc8,2a23bfdaff4e1333bf52d771d1bb316d691f1e27f3937b884fc1cfac292eddff
b359,galicia|2016|reserva-especifica|109,Galicia,2016,aparato-digestivo,reserva-especifica,359,La ligadura endoscópica con bandas se considera el tratamiento de elección tanto en los episodios de hemorragia aguda por varices esofágicas como en la profilaxis secundaria de la misma. En relación con las complicaciones asociadas al procedimiento endoscópico señala la afirmación FALSA:,Tras la realización del procedimiento se observa aparición de úlceras esofágicas en la zona de colocación de bandas en un 5-15% de los pacientes y es una de sus principales complicaciones.,"La incidencia de aparición de úlceras esofágicas post-ligadura de varices esofágicas es más frecuente tras el tratamiento del episodio agudo de hemorragia por varices, que en las ligaduras programadas como profilaxis secundaria.","Tras la obliteración de las varices esofágicas después de las sesiones de bandas necesarias, se recomienda vigilancia endoscópica cada 3-6 meses dada la posibilidad de recurrencia.",Ninguna de las respuestas anteriores es correcta.,d,Ninguna de las respuestas anteriores es correcta.,negated,25,AD_GALICIA_OPE_2016__EXAM__gal-02__aparato-digestivo-cas-20171029192531-cas-pdf.pdf,AD_GALICIA_OPE_2016__CORRECTION__gal-03__aparello-dixestivo-20180201084525-cas-pdf.pdf,retained318,ffcfae5740c528f2fc9c0e79e044bf2f63abd4a84793eb37413665c55739db20,b072545c9575e3b4de63316f6c9fe2567f25228d2dc65b693151de2eb5c80553
b360,aragon|2017|main|92,Aragón,2017,aparato-digestivo,main,360,En un paciente con infección crónica por virus C que ha alcanzado respuesta viral sostenida (RVS). ¿Cuál de la siguientes afirmaciones es INCORRECTA? :,El grado de fibrosis hepática regresa con el tiempo en pacientes con F0-F1-F2.,"El riesgo de desarrollar carcinoma hepatocelular en pacientes con F3 y F4 disminuye, pero no se elimina totalmente por lo que se aconseja realizar ecografía abdominal cada 6 meses.",Ninguna de las respuestas anteriores es correcta.,"La reinfección puede ocurrir en determinados grupos de pacientes, por ejemplo hombres que tienen sexo con hombres.",c,Ninguna de las respuestas anteriores es correcta.,negated,33,AD_ARAGON_2017__EXAM__exam__cuadernillo-del-examen-de-la-categoria-de-aparato-digestivo-que-fue-realizado-el.pdf,AD_ARAGON_2017__ANSWER_KEY__answer-key__plantilla-de-respuestas-del-examen-de-la-categoria-de-aparato-digestivo-que-fue-.pdf,retained318,b2df256d6eb118aef80fa0d55d50125665f2dec5f7c19bb5f927d75bf98aa17e,dad50658462c49718c4d658318eebc313c20eb8713d2e6eb4ced8f5ba6e6b5a6
b362,comunidad-de-madrid|2021|main|38,Comunidad de Madrid,2021,aparato-digestivo,main,362,¿Cuál de las afirmaciones siguientes es FALSA en relación con el tratamiento de la infección por H pylori?,"Se recomienda que la duración del tratamiento cuádruple concomitante sin bismuto (IBP, claritromicina, amoxicilina y metronidazol) sea de 14 días.",Ninguna de las respuestas anteriores es correcta.,"Se recomienda que la duración de la terapia cuádruple con bismuto (IBP, bismuto, tetraciclina y metronidazol) sea de 10 días como mínimo","Tras el fracaso de un primer tratamiento con una terapia cuádruple con bismuto (IBP, bismuto, tetraciclinay metronidazol), se recomienda una pauta cuádruple con levofloxacino (IBP, amoxicilina, levofloxacino y bismuto).",b,Ninguna de las respuestas anteriores es correcta.,negated,8,AD_COMUNIDAD_DE_MADRID_2021__EXAM__017_exam_cuestionario-de-examen-f-e-en-aparato-digestivo-sermas-2021.pdf,AD_COMUNIDAD_DE_MADRID_2021__ANSWER_KEY__018_answer-key_plantilla-correctora-f-e-aparato-digestivo-2021.pdf,retained318,b3c4e97f8da2a20ee550b5b59b99ebae4f7acfd202c354f9cd4b8151fc1cf460,8a9e2cc60440b6860992956f85844ea7f03bcfe2b6d358b1cd66e028b6246a60
b363,region-de-murcia|2019|main|61,Región de Murcia,2019,aparato-digestivo,main,363,¿Cuál de las siguientes no es causa de íleo paralítico?:,Hipopotasemia.,Hiponatremia.,Hemorragia retroperitoneal.,Ninguna de las respuestas anteriores es correcta.,d,Ninguna de las respuestas anteriores es correcta.,,11,AD_REGION_DE_MURCIA_2019__EXAM__021_exam_apa-dig-lb-a-examen-turno-libre-modelo-a.pdf,AD_REGION_DE_MURCIA_2019__ANSWER_KEY__022_answer-key_apa-dig-plantilla-respuestas-corregida-turno-libre-modelo-a.pdf,retained318,22cce999cb311b0f79aab54830b50ca45426ab8295113df23b79b484902518c0,adfb08325fa35e7345bd905b981065b206ddc6c7364bcbd2b13888f155652396
b364,comunitat-valenciana|2022|main|35,Comunitat Valenciana,2022,aparato-digestivo,main,364,En relación a la enfermedad de Whipple:,"La respuesta inicial al tratamiento con antibióticos suele ser rápida, aunque la diarrea suele ser el síntoma que más tarda en resolverse.",Sólo los humanos y los cerdos parecen verse afectados por esta enfermedad.,Ninguna de las respuestas anteriores es correcta.,Doxicilina 100 mg dos veces al día es una buena alternativa de tratamiento debido a su buena penetración a nivel del sistema nervioso central.,c,Ninguna de las respuestas anteriores es correcta.,,12,AD_COMUNITAT_VALENCIANA_2022__EXAM__25__25-comunidad-valenciana-2022-exam-pdf.pdf,AD_COMUNITAT_VALENCIANA_2022__CORRECTION__27__27-comunidad-valenciana-2022-answer-key-definitive-pdf.pdf,retained318,52e2c0905cb0d217a0f6f4f25336b93cac695bdc3c5b11d8376b56ce10e58666,4f2f9b92ef62d60900a50beba05d10a37e9b0da526a89bfe248dd037aeffccf0
b366,la-rioja|2024|main|9,La Rioja,2024,aparato-digestivo,main,366,Paciente de 62 años con dolor abdominal crónico. Entero-RM: masa de 5 cm en yeyuno hipercaptante Biopsia: positivo para CD117 y DOG1. ¿Cuál es el diagnóstico?:,Adenocarcinoma yeyunal.,Ninguna de las respuestas anteriores es correcta.,Linfoma intestinal.,NET intestinal.,b,Ninguna de las respuestas anteriores es correcta.,clinical_case,5,AD_LA_RIOJA_2023_2024__EXAM__exam__fea-aparato-digestivo-2025.pdf,AD_LA_RIOJA_2023_2024__CORRECTION__correction__plantilla-respuestas-modificada-fea-aparato-digestivo-2025.pdf,retained318,a343d03fce511e8a022f57dcaeff9c474524f168422761edbf3696effd70fe3f,f57db0ccdd05f62ad3a00ca9a4a52833c76359c3ccf3169d5765197f7832696d
b367,navarra|2022|teorico-practica|12,Navarra,2022,aparato-digestivo,teorico-practica,367,¿Cuál de las siguientes opciones es la CORRECTA respecto al tratamiento farmacológico de la Dispepsia Funcional?,Los IBP solo tienen beneficio en dosis altas,Ninguna de las respuestas anteriores es correcta.,"El tratamiento siempre se debe prescribir en función del síndrome predominante (síndrome de distress postprandial, síndrome de dolor epigástrico)",El efecto beneficioso de Amitriptilina siempre se hace presente al día siguiente de haberse iniciado,b,Ninguna de las respuestas anteriores es correcta.,,4,AD_NAVARRA_2022__EXAM__040_exam_preguntas-test-examen-digestivo-definitivo-ope-2022-estabili.pdf,AD_NAVARRA_2022__ANSWER_KEY__041_answer-key_respuestas-digestivo-ope-2022-estabilizacion.pdf,retained318,84710cd7bece6c6b5b67d8adfb6ab1a94b7c325397a9126bb307956fb618109a,eca7493560f6bb9baa5c84192962e93acc75cace0ee65c6eb96011f92abc5342
b368,castilla-y-leon|2019|reserva-especifica|162,Castilla y León,2019,aparato-digestivo,reserva-especifica,368,En relación con el diagnóstico de las neoplasias quísticas mucinosas de páncreas una de las siguientes aseveraciones es falsa,Presentan estroma de tipo ovárico en su interior.,Ninguna de las respuestas anteriores es correcta.,Se localizan en cuerpo y cola del páncreas en el 95% de los casos.,Son más frecuentes en mujeres.,b,Ninguna de las respuestas anteriores es correcta.,negated,36,AD_CASTILLA_Y_LEON_2019__EXAM__044_exam_examen-le-aparato-digestivo-orden-san-139-2020.pdf,AD_CASTILLA_Y_LEON_2019__ANSWER_KEY__045_answer-key_plantilla-respuestas-correctas-l-e-aparato-digestivo-orden-s.pdf,retained318,306739b13f4a7829dc289bf737c48fce2075a469ced229aee11fce56a460022c,0f95c24631685ac329f67a17e6fd81b4fdc0dd5a14e134e9781091b2574aafad
b370,castilla-la-mancha|2017|main|84,Castilla-La Mancha,2017,aparato-digestivo,main,370,Una de las siguientes afirmaciones no es correcta en relación con la hemocromatosis hereditaria,El mejor predictor de fibrosis en la Hemocromatosis hereditaria es el nivel de ferritina en sangre.,Ninguna de las respuestas anteriores es correcta.,La prueba de cribado de elección es la saturación de transferrina en sangre.,El fibroscán ® no está validado en el diagnóstico de fibrosis hepática en esta enfermedad.,b,Ninguna de las respuestas anteriores es correcta.,,15,AD_CASTILLA_LA_MANCHA_2017_2018__EXAM__exam__cuestionario-fea-aparato-digestivo.pdf,AD_CASTILLA_LA_MANCHA_2017_2018__CORRECTION__correction__plantilla-correctora-definitiva-fea-aparato-digestivo.pdf,retained318,24f8e67afe0030c3af128acc8c879536b692152497f9b80042fb332ffeb33fc0,bbdf1e622455cade95bf47f5dad038a0acd35e8ea5fbe333b9eb6c91d61cd90a
b371,comunitat-valenciana|2022|main|19,Comunitat Valenciana,2022,aparato-digestivo,main,371,Señale la respuesta incorrecta con respecto a la Linaclotida:,Es un péptido de 14 aminoácidos de absorción mínima.,Está contraindicada en niños menores de 6 años.,Ninguna de las respuestas anteriores es correcta.,La diarrea es el evento adverso más común de este fármaco.,c,Ninguna de las respuestas anteriores es correcta.,negated,8,AD_COMUNITAT_VALENCIANA_2022__EXAM__25__25-comunidad-valenciana-2022-exam-pdf.pdf,AD_COMUNITAT_VALENCIANA_2022__CORRECTION__27__27-comunidad-valenciana-2022-answer-key-definitive-pdf.pdf,retained318,0a5caab669056f1d06635077fc663ef66a0028dfe3c288f865e9294d1098a8b4,239bcc075e79092db7b598516c9f618cb45112ee9e5deba8ae6382e765dd76c5
b372,aragon|2020|main|78,Aragón,2020,aparato-digestivo,main,372,"De los siguientes gases intestinales, ¿Cuál es el principal responsable del olor pútrido de la expulsión de gases intestinales?",Amonio.,Metano.,Ninguna de las respuestas anteriores es correcta.,Dimetilsulfuro.,c,Ninguna de las respuestas anteriores es correcta.,,16,AD_ARAGON_2020__EXAM__exam__cuadernillo-de-examen-y-respuestas-provisionales-2021-f.e.a-aparato-digestivo.pdf,AD_ARAGON_2020__ANSWER_KEY__answer-key__plantilla-provisional-de-respuestas-2021-f.e.a-aparato-digestivo.pdf,retained318,4745916deda3745badfbab4546e6039da6fdf97ebac0c8e37e3a0d60a75d6b44,16ed3c21f1203c3be6ef04e49b1251ea5f77626babdea1e3b98a0b7fc666251b
b373,andalucia|2021|cuestionario-teorico|47,Andalucía,2021,aparato-digestivo,cuestionario-teorico,373,La toma de biopsias aleatorias en la colonoscopia de cribado de cáncer de colon en pacientes con colitis ulcerosa NO esta recomendada en caso de:,Mala preparación.,Inflamación moderada o severa.,Abundantes pólipos inflamatorios o pseudopólipos.,Ninguna de las respuestas anteriores es correcta.,d,Ninguna de las respuestas anteriores es correcta.,negated,13,AD_ANDALUCIA_2021_22_LIBRE__EXAM__07__9122-aparato-digestivo-pdf.pdf,AD_ANDALUCIA_2021_22_LIBRE__CORRECTION__09__9122-plantilla-respuestas-def-digestivo-pdf.pdf,retained318,83bada94b0009c42aecb0afad6c365d1ee272b8361a569df3946747f79fe0a6b,040d94b2810022b992a2df2753130954adc3ec62c5a2f9b3c384ada058b9beb9
b374,castilla-la-mancha|2017|main|71,Castilla-La Mancha,2017,aparato-digestivo,main,374,"En un paciente infectado por el genotipo 3 del VHC y con un índice de fibrosis ≤ 2, ¿Qué tratamiento antiviral no estaría indicado?",Sofosvubir / velpatasvir / voxilaprevir.,Glecaprevir / pibrentasvir.,Sofosvubir / velpatasvir.,Ninguna de las respuestas anteriores es correcta.,d,Ninguna de las respuestas anteriores es correcta.,,13,AD_CASTILLA_LA_MANCHA_2017_2018__EXAM__exam__cuestionario-fea-aparato-digestivo.pdf,AD_CASTILLA_LA_MANCHA_2017_2018__CORRECTION__correction__plantilla-correctora-definitiva-fea-aparato-digestivo.pdf,retained318,2a1583af7726f2327c0abbae65f3cd4836ad36a2c0875629eedbbc1eb1be8aff,9ea8392b7fa063e6072c9e254cf404d02aebc0d54c59e65fa5fe25efd76aa5ee
b375,galicia|2019|reserva-especifica|101,Galicia,2019,aparato-digestivo,reserva-especifica,375,"En un paciente con colelitiasis y clínica de dolor abdominal en hipocondrio derecho, con fosfatasa alcalina de 350 mg/dl, GGT de 153 mg/dl, colédoco de 8 mm en ecografía abdominal, y sin datos de colangitis, ¿por cuál de las siguientes estrategias optaría de acuerdo con la guía de la Sociedad Europea de Endoscopia Digestiva (ESGE) de 2019?:",Realizar una CPRF.,Derivar para colecistectomía.,Ninguna de las respuestas anteriores es correcta.,Colecistostomia percutánea.,c,Ninguna de las respuestas anteriores es correcta.,,20,AD_GALICIA_OPE_2019__EXAM__gal-05__cas-especifico-digestivo-20210925132858-cas-pdf.pdf,AD_GALICIA_OPE_2019__CORRECTION__gal-07__fea-aparello-dixestivo-20211214124928-cas-pdf.pdf,retained318,bb49161a02efe785723c0f01ba80c99f1ffebc6b86736ed7e12d143626a1e611,3bf8bd29e5bd7d7bf362a6c67633f5555c60283084d25e6893f70715ca853cfc
b376,comunidad-de-madrid|2021|main|113,Comunidad de Madrid,2021,aparato-digestivo,main,376,¿Cuál es la frecuencia recomendada de seguimiento para pacientes con gastritis crónica atrófica en estadios OLGA/OLGIM III/IV asociada a metaplasia incompleta?,Cada año,Ninguna de las respuestas anteriores es correcta.,Cada 5 años,Solo si hay síntomas,b,Ninguna de las respuestas anteriores es correcta.,,21,AD_COMUNIDAD_DE_MADRID_2021__EXAM__017_exam_cuestionario-de-examen-f-e-en-aparato-digestivo-sermas-2021.pdf,AD_COMUNIDAD_DE_MADRID_2021__ANSWER_KEY__018_answer-key_plantilla-correctora-f-e-aparato-digestivo-2021.pdf,retained318,267f174121e060fb154594179b04c53b37a46806aab92ce58e2600a49c80a081,365e715e007199a04e4d9fa676d36f74befecb2bc955266f44b0c80c4a553ffc
b379,andalucia|2021|cuestionario-practico|124,Andalucía,2021,aparato-digestivo,cuestionario-practico,379,"Una mujer de 62 años acude para realización de colonoscopia por test de sangre oculta en heces positivo en el contexto del programa de cribado poblacional de cáncer colorrectal de Andalucía. Se encontraba asintomática y no tenía comorbilidades ni antecedentes personales ni familiares de cáncer colorrectal. Se realiza colonoscopia hasta ciego, bajo sedación profunda, con un tiempo de retirada de 18 minutos. Se encontró un pólipo 0-Ip de 14mm en sigma, que se extirpa de forma completa y en bloque, informado por el patólogo como adenoma tubulovelloso con displasia de bajo grado. No se encontraron
otras lesiones. La puntuación de la escala de Boston fue 5 (2 en colon izquierdo, 1 en colon transverso y 1 en ciego-colon ascendente).

En la siguiente colonoscopia practicada, se encuentra una lesión de extensión lateral ligeramente elevada 0-IIa, con patrón nodular mixto no homogéneo (LST-G), de 25mm en colon ascendente, realizándose resección mucosa completa y en bloque. El patólogo informa de la existencia de un adenocarcinoma bien diferenciado sobre adenoma velloso que invade la submucosa, con una profundidad máxima de 4mm, sin evidencia de invasión vascular ni linfática, sin budding, y con distancia al margen de resección de 0,5mm. Señale la interpretación CORRECTA de los hallazgos:","Se trata de una neoplasia no invasiva de alto grado (Tis), sin riesgo de diseminación ganglionar.",Ninguna de las respuestas anteriores es correcta.,"Se trata de un adenocarcinoma invasor sobre pólipo (pT1), con criterios histológicos de buen pronóstico y bajo riesgo de diseminación ganglionar.",Se trata de un adenocarcinoma T2N0M0.,b,Ninguna de las respuestas anteriores es correcta.,,33,AD_ANDALUCIA_2021_22_LIBRE__EXAM__07__9122-aparato-digestivo-pdf.pdf,AD_ANDALUCIA_2021_22_LIBRE__CORRECTION__09__9122-plantilla-respuestas-def-digestivo-pdf.pdf,retained318,8cd0a9db93c9ff13d813cd30dae40341ad9ed1f4bcb665ce2e68ee4a000589ee,196aa42c3bec2552d473a8261d145d853581c273d6c1a541cd59b17c1e419d53
b381,region-de-murcia|2019|main|144,Región de Murcia,2019,aparato-digestivo,main,381,"En relación a la historia natural del Virus de la Hepatitis B, en la fase infección crónica con Hbe Ag -(fase 3), es falso que:",Esta fase equivale al término de portador asintomático.,Ninguna de las respuestas anteriores es correcta.,Se caracteriza por la presencia de anti- Hbe.,Habitualmente la carga viral está por debajo de 2000 UI/ml.,b,Ninguna de las respuestas anteriores es correcta.,negated,23,AD_REGION_DE_MURCIA_2019__EXAM__021_exam_apa-dig-lb-a-examen-turno-libre-modelo-a.pdf,AD_REGION_DE_MURCIA_2019__ANSWER_KEY__022_answer-key_apa-dig-plantilla-respuestas-corregida-turno-libre-modelo-a.pdf,retained318,9d39b6d1ea6250cb7e2570811116b74220bb80790224da2ed504c035e4fe20fc,96d2d3630e48e1d0136a279cd4121da6683319fc8c1423537f3c6729af931b70
b383,comunitat-valenciana|2022|main|39,Comunitat Valenciana,2022,aparato-digestivo,main,383,Según la guía ECCO señala la respuesta falsa respecto al grado de inmunosupresión de los diferentes agentes terapéuticos:,"La BUDESONIDA oral produce inmunosupresión sistémica en las dosis de 6 y 9 mg, pero no en la de 3 mg.",Ninguna de las respuestas anteriores es correcta.,Las dosis bajas de AZATIOPRINA (por ejemplo 1 mg/kg/día) pueden considerarse baja inmunosupresión.,Los AMINOSALICILATOS no producen inmunosupresión sistémica.,b,Ninguna de las respuestas anteriores es correcta.,negated,13,AD_COMUNITAT_VALENCIANA_2022__EXAM__25__25-comunidad-valenciana-2022-exam-pdf.pdf,AD_COMUNITAT_VALENCIANA_2022__CORRECTION__27__27-comunidad-valenciana-2022-answer-key-definitive-pdf.pdf,retained318,aaa08224fddb669b99a45fb4dec6d9bb573b4caf947efbf80bab77d21044bcb9,f04439cdcf1e62110a7528029aadcb63d177a404520695727c64bee6c6428677
b384,comunidad-de-madrid|2021|reserva-especifica|153,Comunidad de Madrid,2021,aparato-digestivo,reserva-especifica,384,En relación a la sensibilidad al gluten no celiaca es correcto:,Los síntomas mejoran tras la retirada del glutén de la dieta durante 6 meses y no suelen recurrir tras la reintroducción,Hay que excluir la alergia a la avena.,Los síntomas siempre aparecen inmediatamente tras la ingesta.,Ninguna de las respuestas anteriores es correcta.,d,Ninguna de las respuestas anteriores es correcta.,,27,AD_COMUNIDAD_DE_MADRID_2021__EXAM__017_exam_cuestionario-de-examen-f-e-en-aparato-digestivo-sermas-2021.pdf,AD_COMUNIDAD_DE_MADRID_2021__ANSWER_KEY__018_answer-key_plantilla-correctora-f-e-aparato-digestivo-2021.pdf,retained318,aa6ae775dc759f37ce223ddc9dfe22746ca4dbd456f397452aab84fd63465a83,98a1adc5c76f806e9e98c62f37024fb671f9331db5bced917e3332abc6cbe4e2
b386,la-rioja|2024|main|78,La Rioja,2024,aparato-digestivo,main,386,"Las relajaciones transitorias del esfínter esofágico inferior son un mecanismo importante en la patogenia de la enfermedad por reflujo gastroesofágico, pueden distinguirse de la relajación inducida por la deglución de varias formas. Indica la respuesta FALSA:",Las relajaciones transitorias del esfínter esofágico inferior son prolongadas (más de 10 segundos).,Ninguna de las respuestas anteriores es correcta.,Las relajaciones transitorias del esfínter esofágico no tienen un peristaltismo esofágico sincronizado.,Las relajaciones transitorias del esfínter esofágico se asocian con la inhibición del diafragma crural.,b,Ninguna de las respuestas anteriores es correcta.,negated,20,AD_LA_RIOJA_2023_2024__EXAM__exam__fea-aparato-digestivo-2025.pdf,AD_LA_RIOJA_2023_2024__CORRECTION__correction__plantilla-respuestas-modificada-fea-aparato-digestivo-2025.pdf,retained318,5fdae4b99e05e291ec5288adece340540e6f348fcfbdb3ed499e96729904c647,ad7f3b2ef945f976dffd58d56645796f1dccec8640b8aa3668d0d2a6430086a6
b387,andalucia|2022|cuestionario-teorico|56,Andalucía,2022,aparato-digestivo,cuestionario-teorico,387,"Un varón de 56 años de edad, sin historia familiar de cáncer de colon se realiza una colonoscopia de cribado. En la exploración se identifica un pólipo de unos 8 mm de diámetro, pediculado, en colon sigmoide, que se reseca por completo. La anatomía patológica muestra que es un adenoma serrado con displasia. ¿Cuándo debe repetirse la colonoscopia?",2-6 meses.,1 año.,Ninguna de las respuestas anteriores es correcta.,5 años.,c,Ninguna de las respuestas anteriores es correcta.,clinical_case,15,AD_ANDALUCIA_2022_EXTRAORDINARIA_LIBRE__EXAM__12__revisado-56007-fea-aparato-digestivo-final-pdf.pdf,AD_ANDALUCIA_2022_EXTRAORDINARIA_LIBRE__CORRECTION__14__def-feaapdigestivo-sas-2023-pdf.pdf,retained318,46186f2b6c52f4b4b80751ced1cbdb721e35239b328daea24428d6e5f1ac683a,c1cb0f8f1e4eb7b214ca152bacc9a78d551ecdc68712e4b6253b22665b53c71f
b388,castilla-y-leon|2019|reserva-especifica|157,Castilla y León,2019,aparato-digestivo,reserva-especifica,388,Acerca de la enfermedad de injerto contra huésped intestinal ¿Qué es falso?,Puede cursar con ictericia,Puede cursar con diarrea,Las biopsias intestinales pueden confirmar el diagnóstico,Ninguna de las respuestas anteriores es correcta.,d,Ninguna de las respuestas anteriores es correcta.,negated,35,AD_CASTILLA_Y_LEON_2019__EXAM__044_exam_examen-le-aparato-digestivo-orden-san-139-2020.pdf,AD_CASTILLA_Y_LEON_2019__ANSWER_KEY__045_answer-key_plantilla-respuestas-correctas-l-e-aparato-digestivo-orden-s.pdf,retained318,d76577fa74b2aecf78755d861f2b133d8bc5519fe571975589bcc8945fb73e62,28de7fd9418a37674db798b4671036a0bdb471ec98df4f9d190112d46ebc3a36
b390,la-rioja|2021|reserva|110,La Rioja,2021,aparato-digestivo,reserva,390,La realización de una CPRE (colangiopancreatografia retrograda endosocópica) puede estar indicada en el curso de una colangitis esclerosante primaria en los siguientes casos excepto uno:,Ictericia.,Dilatación progresiva de los conductos biliares intra o extrahepáticos.,Empeoramiento del prurito.,Ninguna de las respuestas anteriores es correcta.,d,Ninguna de las respuestas anteriores es correcta.,negated,39,AD_LA_RIOJA_2020_2021__EXAM__exam__fea-aparato-digestivo-2021.pdf,AD_LA_RIOJA_2020_2021__CORRECTION__correction__plantilla-respuestas-modificada-fea-aparato-digestivo-2021.pdf,retained318,83522b297d6356ddc58644199b5c68c02dbf1c242ca66a93a3d61988769fe0ab,ca6110217ae487b0e73cb3093ef6d29d8caadfc0584423bff387e57dbc8be1af
b392,navarra|2022|teorico-practica|63,Navarra,2022,aparato-digestivo,teorico-practica,392,Mujer de 32 años gestante de 27 semanas que presenta infección crónica por VHB con viremia de 250.000 UI/ml y transaminasas normales. ¿Cuál de las siguientes recomendaciones sería FALSA?:,Iniciar tratamiento antiviral con tenofovir,Ninguna de las respuestas anteriores es correcta.,Inmunoprofilaxis combinada con vacuna y gammaglobulina específica en el recién nacido,El interferón pegilado estaría contraindicado,b,Ninguna de las respuestas anteriores es correcta.,"clinical_case,negated",14,AD_NAVARRA_2022__EXAM__040_exam_preguntas-test-examen-digestivo-definitivo-ope-2022-estabili.pdf,AD_NAVARRA_2022__ANSWER_KEY__041_answer-key_respuestas-digestivo-ope-2022-estabilizacion.pdf,retained318,f5088a15a0a1fbd6dc2cd2a27b0b178d91bd05e94dba6e0d97796ad8b74d8244,4ac9ea07c38517b2e92b915509156e2c19d6166181068b4413e0cf70220b8d1f
b393,comunitat-valenciana|2022|main-47-80|65,Comunitat Valenciana,2022,aparato-digestivo,main-47-80,393,¿A partir de qué valor de MELD nos planteamos valorar a un paciente con cirrosis descompensada para transplante en ausencia de hepatocarcinoma?,10,8,Ninguna de las respuestas anteriores es correcta.,22,c,Ninguna de las respuestas anteriores es correcta.,,20,AD_COMUNITAT_VALENCIANA_2022__EXAM__25__25-comunidad-valenciana-2022-exam-pdf.pdf,AD_COMUNITAT_VALENCIANA_2022__CORRECTION__27__27-comunidad-valenciana-2022-answer-key-definitive-pdf.pdf,retained318,4a0c25cee4c80c1aec84af37e0efdeadba508eaba40817e4fc4aef00bf93e28c,feb8794c4ef3e8e59fd21b51b9f4d5ac88a1dacd5fd4d80e69aa41dcb3259412
b395,region-de-murcia|2019|main|65,Región de Murcia,2019,aparato-digestivo,main,395,"Respecto a las manifestaciones clínicas fundamentales del síndrome de intestino irritable, señale la respuesta falsa:",Dolor abdominal.,Distensión abdominal.,Ninguna de las respuestas anteriores es correcta.,Alteraciones del ritmo deposicional.,c,Ninguna de las respuestas anteriores es correcta.,negated,12,AD_REGION_DE_MURCIA_2019__EXAM__021_exam_apa-dig-lb-a-examen-turno-libre-modelo-a.pdf,AD_REGION_DE_MURCIA_2019__ANSWER_KEY__022_answer-key_apa-dig-plantilla-respuestas-corregida-turno-libre-modelo-a.pdf,retained318,02e9f6245beb39e59e0cedd9f35d5c0ac19d4dc904ba81f78d68d372639a7ea3,16ccd5c4ae6a568f88064b3711a84925c68ae292898bf4581ab4108333bfddb2
b400,la-rioja|2024|main|74,La Rioja,2024,aparato-digestivo,main,400,"Mujer de 34 años, con mutación STK11. ¿Cuál es el síndrome más probable?:",Poliposis adenomatosa familiar.,Gardner.,Ninguna de las respuestas anteriores es correcta.,Cowden.,c,Ninguna de las respuestas anteriores es correcta.,clinical_case,19,AD_LA_RIOJA_2023_2024__EXAM__exam__fea-aparato-digestivo-2025.pdf,AD_LA_RIOJA_2023_2024__CORRECTION__correction__plantilla-respuestas-modificada-fea-aparato-digestivo-2025.pdf,retained318,f93e675b77288bfa0d69962e44e8c5f4a06743e008b11893d1b5d20f070136a6,f0920f897fef1559e991451d2605d07575a16b9a49170d30f36b6c0eb9959893
b403,comunidad-de-madrid|2021|main|85,Comunidad de Madrid,2021,aparato-digestivo,main,403,Cuál es la causa más frecuente de Síndrome de Budd-Chiari,Deficit de antitrombina,Ninguna de las respuestas anteriores es correcta.,Déficit de proteina C,Carcinoma renal,b,Ninguna de las respuestas anteriores es correcta.,,16,AD_COMUNIDAD_DE_MADRID_2021__EXAM__017_exam_cuestionario-de-examen-f-e-en-aparato-digestivo-sermas-2021.pdf,AD_COMUNIDAD_DE_MADRID_2021__ANSWER_KEY__018_answer-key_plantilla-correctora-f-e-aparato-digestivo-2021.pdf,retained318,fe1997215f3aa42d0ccc5e6fc7d7f7bd9ffa958b514148d7059c3516657c6934,1f282973c2f735a0f2a9c22d07fe174adfdcf82667c604f52d6f70c294729d89
b405,andalucia|2022|cuestionario-teorico|99,Andalucía,2022,aparato-digestivo,cuestionario-teorico,405,"Sobre el baremo MELD (Model for End Stage Liver Disease) y sus variantes en la gestión de la lista de espera de trasplante hepático, es cierto que:",Establece el riesgo de mortalidad a los 6 meses de su inclusión en lista activa.,El punto de corte para acceder a la lista de espera activa es de 18.,La puntuación MELD-Na mejora la precisión en la elección del momento de inclusión en lista de espera en pacientes con encefalopatía hepática.,Ninguna de las respuestas anteriores es correcta.,d,Ninguna de las respuestas anteriores es correcta.,,26,AD_ANDALUCIA_2022_EXTRAORDINARIA_LIBRE__EXAM__12__revisado-56007-fea-aparato-digestivo-final-pdf.pdf,AD_ANDALUCIA_2022_EXTRAORDINARIA_LIBRE__CORRECTION__14__def-feaapdigestivo-sas-2023-pdf.pdf,retained318,be14947a14d018c9fb29294ea1b3c258f2b37cb0af1b2f7a0ada84fa93a356c4,ddfab48b2566bd75def864bc1a71feb919db8f995f0c82b1458f6cf97ef447dc
b411,la-rioja|2021|main|11,La Rioja,2021,aparato-digestivo,main,411,"En el tratamiento de la enfermedad perianal en enfermedad de Crohn, según las guías de la ECCO (European Crohn's and Colitis Organisation) no hay suficiente evidencia para recomendar en práctica clínica:",Ciprofloxacino.,Azatioprina.,Ninguna de las respuestas anteriores es correcta.,Adalimumab.,c,Ninguna de las respuestas anteriores es correcta.,,6,AD_LA_RIOJA_2020_2021__EXAM__exam__fea-aparato-digestivo-2021.pdf,AD_LA_RIOJA_2020_2021__CORRECTION__correction__plantilla-respuestas-modificada-fea-aparato-digestivo-2021.pdf,retained318,4ce6fc7fc2645c9e77c1fdd09c721642d3db3dac248ee4a850dc3157468664e7,3ebcc9c3910e64cc42ab3d821ef7e83a5b627efc6c9f96748e0817d59c030354
b413,comunidad-de-madrid|2021|main|123,Comunidad de Madrid,2021,aparato-digestivo,main,413,En cuál de las siguientes circunstancias NO está indicado el tratamiento con rifaximina,Tratamiento de la encefalopatía hepática aguda,Prevención de la recurrencia de la encefalopatía,Prevención de la encefalopatía post-TIPS,Ninguna de las respuestas anteriores es correcta.,d,Ninguna de las respuestas anteriores es correcta.,negated,22,AD_COMUNIDAD_DE_MADRID_2021__EXAM__017_exam_cuestionario-de-examen-f-e-en-aparato-digestivo-sermas-2021.pdf,AD_COMUNIDAD_DE_MADRID_2021__ANSWER_KEY__018_answer-key_plantilla-correctora-f-e-aparato-digestivo-2021.pdf,retained318,ad3704414654ae77c71b8690d811836c802b61dac167d9457c5eb9445fd03b6d,eeb5091ee40560b90cd3c775cb8c360373be89d75233a219edafc3ae553d2a4f
b414,navarra|2022|teorico-practica|36,Navarra,2022,aparato-digestivo,teorico-practica,414,Se estima que el 30% de los pacientes que se someten a una colonoscopia de cribado poblacional van a ser diagnosticados de diverticulosis colónica. Señale la afirmación FALSA en dicha patología:,El escenario más frecuente es el de la diverticulosis asintomática,Ninguna de las respuestas anteriores es correcta.,La clasificación de Hinchey permite estadificar la gravedad de la diverticulitis aguda,"En pacientes con hemorragia diverticular, realizar la colonoscopia en las primeras 24h tras el inicio del sangrado no incrementa la detección de estigmas de sangrado",b,Ninguna de las respuestas anteriores es correcta.,negated,9,AD_NAVARRA_2022__EXAM__040_exam_preguntas-test-examen-digestivo-definitivo-ope-2022-estabili.pdf,AD_NAVARRA_2022__ANSWER_KEY__041_answer-key_respuestas-digestivo-ope-2022-estabilizacion.pdf,retained318,821a49841a39c2eefdbf7dda0db88123e622ae6e547271e682b8b9fcd3b3bd9b,c1e5f45fc24a7619b53d687426865459fc2a210845bcb389509c880589130060
b415,galicia|2016|main|18,Galicia,2016,aparato-digestivo,main,415,Según las guías ESGE/EASL .¿Cúal es la técnica de elección para diagnósticar una colangitis esclerosante primaria?.,Ecoendoscopia.,Ninguna de las respuestas anteriores es correcta.,CPRE.,Eco-Doppler.,b,Ninguna de las respuestas anteriores es correcta.,,6,AD_GALICIA_OPE_2016__EXAM__gal-02__aparato-digestivo-cas-20171029192531-cas-pdf.pdf,AD_GALICIA_OPE_2016__CORRECTION__gal-03__aparello-dixestivo-20180201084525-cas-pdf.pdf,retained318,ac59c9df3c6d6d1afd7683783af829ac871a4643665d403003b5ccefc07c8565,3b9ab62bd275690107edb354eb392c2658f20f1cdc810599bcfe61df032e2f37
b416,castilla-y-leon|2019|reserva-especifica|151,Castilla y León,2019,aparato-digestivo,reserva-especifica,416,"Ante un paciente que inicia tratamiento con Ritubsimab, deberíamos plantear tratamiento preventivo de reactivación del VBH:",Solo en los pacientes con HBsAg POSITIVO,Solo en los pacientes con HBcAc POSITIVO,Ninguna de las respuestas anteriores es correcta.,En ninguno de ellos,c,Ninguna de las respuestas anteriores es correcta.,,34,AD_CASTILLA_Y_LEON_2019__EXAM__044_exam_examen-le-aparato-digestivo-orden-san-139-2020.pdf,AD_CASTILLA_Y_LEON_2019__ANSWER_KEY__045_answer-key_plantilla-respuestas-correctas-l-e-aparato-digestivo-orden-s.pdf,retained318,781ad50a98bf01ecee0c1065e2174514887f71329b3bd72eb63c35269dad22fa,85271ee63da6999b6cabded18f5fca9420a021df5c722859a6c12dacb4d5092d
b417,comunitat-valenciana|2022|main|15,Comunitat Valenciana,2022,aparato-digestivo,main,417,"Si un paciente acude a urgencias por presentar un sangrado bajo autolimitado y sin características clínicas adversas, se recomienda que podría ser dado de alta con manejo ambulatorio posterior, cuando la puntuación Oakland sea:",≥ 10 puntos.,Ninguna de las respuestas anteriores es correcta.,≤ 9 puntos.,≤ 10 puntos.,b,Ninguna de las respuestas anteriores es correcta.,,7,AD_COMUNITAT_VALENCIANA_2022__EXAM__25__25-comunidad-valenciana-2022-exam-pdf.pdf,AD_COMUNITAT_VALENCIANA_2022__CORRECTION__27__27-comunidad-valenciana-2022-answer-key-definitive-pdf.pdf,retained318,9041a57bdab3fe3a0710e2921992ebe5aac26675bc307b94906dc8f8682a700c,b2cb9f93237a6794bb5738b0a9f12786839bd1b7b87f35e4950e9af090d7955b
b418,andalucia|2021|cuestionario-teorico|80,Andalucía,2021,aparato-digestivo,cuestionario-teorico,418,"Para el diagnóstico de una pancreatitis crónica disponemos de técnicas morfológicas y técnicas de función pancreática, señale la respuesta correcta:",La colangiopancreatografía retrógrada endoscópica (CPRE) es la técnica morfológica de elección por su alta sensibilidad.,La disminución de la elastasa fecal es un marcador muy precoz de pancreatitis crónica.,Ninguna de las respuestas anteriores es correcta.,La cuantificación de grasa fecal en heces de 72 horas es muy útil por su fácil realización y por no existir alternativas a la misma.,c,Ninguna de las respuestas anteriores es correcta.,,19,AD_ANDALUCIA_2021_22_LIBRE__EXAM__07__9122-aparato-digestivo-pdf.pdf,AD_ANDALUCIA_2021_22_LIBRE__CORRECTION__09__9122-plantilla-respuestas-def-digestivo-pdf.pdf,retained318,cf65d5043e9a8cda99099f554b92b2e37312d68e8ae6b01354a73bfa29c0d09a,c7d58c9be7c0e7607e741e69550340a9e3e83e6a6697275f2ac2df95467da6a3
b421,castilla-la-mancha|2022|main|21,Castilla-La Mancha,2022,aparato-digestivo,main,421,"La descripción por visión ecoendoscópica de una lesión hiperecoica, homogénea con márgenes regulares que surge de la submucosa (tercera capa del tracto gastrointestinal) se corresponde con toda probabilidad a un",Quiste de duplicación,Ninguna de las respuestas anteriores es correcta.,Tumor carcinoide,Tumor del estroma gastrointestinal,b,Ninguna de las respuestas anteriores es correcta.,,5,AD_CASTILLA_LA_MANCHA_2022__EXAM__exam__cuestionario-fea-digestivo.pdf,AD_CASTILLA_LA_MANCHA_2022__CORRECTION__correction__plantilla-correctora-definitiva-fea-aparato-digestivo.pdf,retained318,38614485e2044036d6469caa46b3937d2d3315c8f729410278c5b8addcb97afe,da942e38bb3fa8026dcb824ae09f2b47486f355538f7aea56a83b4c41c48ae69
b422,la-rioja|2021|main|84,La Rioja,2021,aparato-digestivo,main,422,¿Cuál no pertenece a la clasificación TIGAR-O de la etiología de la pancreatitis crónica?,Idiopática.,Autoinmune.,Ninguna de las respuestas anteriores es correcta.,Insuficiencia renal crónica.,c,Ninguna de las respuestas anteriores es correcta.,,30,AD_LA_RIOJA_2020_2021__EXAM__exam__fea-aparato-digestivo-2021.pdf,AD_LA_RIOJA_2020_2021__CORRECTION__correction__plantilla-respuestas-modificada-fea-aparato-digestivo-2021.pdf,retained318,8a97878bb3d5a732197402b1144e90bc137e9874f079423ee9b2b5a17962c76f,a7b77407abb4e376f645a95a3adfee2d7ec2755d3e5260ea5559e5740f30ed90
b423,aragon|2020|reserva-especifica|104,Aragón,2020,aparato-digestivo,reserva-especifica,423,¿Cuál de estos criterios NO se incluye entre los definidos por la OMS para el diagnóstico del síndrome de la poliposis serrada?,5 o más pólipos serrados proximales al colon sigmoide y dos de ellos mayores de 10 mm. de diámetro.,Cualquier número de pólipos serrados proximales al sigma en individuo con antecedentes familiares de primer grado de poliposis serrada.,"Más de 20 pólipos serrados de cualquier tamaño, distribuidos a lo largo del colon.",Ninguna de las respuestas anteriores es correcta.,d,Ninguna de las respuestas anteriores es correcta.,negated,20,AD_ARAGON_2020__EXAM__exam__cuadernillo-de-examen-y-respuestas-provisionales-2021-f.e.a-aparato-digestivo.pdf,AD_ARAGON_2020__ANSWER_KEY__answer-key__plantilla-provisional-de-respuestas-2021-f.e.a-aparato-digestivo.pdf,retained318,713467b430776c0b3bc3bb5ac84fec0c0d2cd06187a5333414f50257a2db1ab1,2e6dc80632ed6eeafc1285fd2bcf16ba56d0687fb46e46b561a4e39d6b22c2e2
b425,aragon|2017|reserva-especifica|102,Aragón,2017,aparato-digestivo,reserva-especifica,425,¿Cuál es el tratamiento de rescate recomendado en pacientes con hepatitis crónica B que han desarrollado resistencia a lamivudina?,Combinación de lamivudina y tenofovir.,Combinación de lamivudina y entecavir.,Ninguna de las respuestas anteriores es correcta.,Monoterapia con entecavir.,c,Ninguna de las respuestas anteriores es correcta.,,37,AD_ARAGON_2017__EXAM__exam__cuadernillo-del-examen-de-la-categoria-de-aparato-digestivo-que-fue-realizado-el.pdf,AD_ARAGON_2017__ANSWER_KEY__answer-key__plantilla-de-respuestas-del-examen-de-la-categoria-de-aparato-digestivo-que-fue-.pdf,retained318,bfed4d89a3b3df48a4e34aab4b1e70223a483da433aab6b09e7f9fed1e770002,b0908a712e2fda4cef51aac3939ab58515abc0b18206b40d4485e617d3882752
b427,navarra|2022|reserva-teorico-practica|88,Navarra,2022,aparato-digestivo,reserva-teorico-practica,427,Cuál de los siguientes fármacos ha demostrado recientemente superioridad frente a placebo en el tratamiento de la reservoritis:,Adalimumab,Ustekinumab,Upadacitinib,Ninguna de las respuestas anteriores es correcta.,d,Ninguna de las respuestas anteriores es correcta.,,19,AD_NAVARRA_2022__EXAM__040_exam_preguntas-test-examen-digestivo-definitivo-ope-2022-estabili.pdf,AD_NAVARRA_2022__ANSWER_KEY__041_answer-key_respuestas-digestivo-ope-2022-estabilizacion.pdf,retained318,f90afac29e0480d61c3190a731503044c52d291898321e359093040907f8c365,c94c31494028c71e9347d75d2da485f4d7364d1bf2f35e4ee8335fed1bb63960
b431,navarra|2022|teorico-practica|59,Navarra,2022,aparato-digestivo,teorico-practica,431,"De las siguientes afirmaciones según la guía EASL 2022 (European Association for the Study of the Liver) sobre el manejo de la colangitis esclerosante primaria, ¿qué factor se considera de mal pronóstico?:",Sexo femenino,Enfermedad de ducto pequeño,Ninguna de las respuestas anteriores es correcta.,Edad más joven al diagnóstico,c,Ninguna de las respuestas anteriores es correcta.,,13,AD_NAVARRA_2022__EXAM__040_exam_preguntas-test-examen-digestivo-definitivo-ope-2022-estabili.pdf,AD_NAVARRA_2022__ANSWER_KEY__041_answer-key_respuestas-digestivo-ope-2022-estabilizacion.pdf,retained318,16cb8d4440e34ce52c4a4777d36c3b249fac7f793ee2c4adb6e2ee1508850a94,8c73f217749fd7d149f68f5d5d8ba35158b79226b9977178e3a9ad901a9e17bc
b432,andalucia|2021|cuestionario-practico|123,Andalucía,2021,aparato-digestivo,cuestionario-practico,432,"Una mujer de 62 años acude para realización de colonoscopia por test de sangre oculta en heces positivo en el contexto del programa de cribado poblacional de cáncer colorrectal de Andalucía. Se encontraba asintomática y no tenía comorbilidades ni antecedentes personales ni familiares de cáncer colorrectal. Se realiza colonoscopia hasta ciego, bajo sedación profunda, con un tiempo de retirada de 18 minutos. Se encontró un pólipo 0-Ip de 14mm en sigma, que se extirpa de forma completa y en bloque, informado por el patólogo como adenoma tubulovelloso con displasia de bajo grado. No se encontraron
otras lesiones. La puntuación de la escala de Boston fue 5 (2 en colon izquierdo, 1 en colon transverso y 1 en ciego-colon ascendente).

¿Cuál es la actitud más correcta que se debe seguir a continuación?","Debe completarse el estudio con TAC colonografía/colonoscopia virtual o enema opaco, según disponibilidad.","Debe realizarse un nuevo test de sangre oculta en heces tres meses tras la polipectomía y, si es positivo, repetir la colonoscopia.",Ninguna de las respuestas anteriores es correcta.,"Se debe individualizar la pauta de seguimiento endoscópico, con intervalos más estrechos que los recomendados por las guías de práctica clínica.",c,Ninguna de las respuestas anteriores es correcta.,,32,AD_ANDALUCIA_2021_22_LIBRE__EXAM__07__9122-aparato-digestivo-pdf.pdf,AD_ANDALUCIA_2021_22_LIBRE__CORRECTION__09__9122-plantilla-respuestas-def-digestivo-pdf.pdf,retained318,b9f3417960d11177bd4fc19208d77c1a9553b3b4ef8b23962690de50d01cc490,f7c38fc8ac7675b9abbe2dd30a107f9ffe770064fbc0f1cead8f62dd43894caf
b434,comunidad-de-madrid|2021|main|96,Comunidad de Madrid,2021,aparato-digestivo,main,434,¿Qué tratamiento NO se recomienda para el mantenimiento de pacientes con colitis ulcerosa moderada a grave que no responden a tratamientos convencionales?,Adalimumab,Ustekinumab,Ninguna de las respuestas anteriores es correcta.,Mirikizumab,c,Ninguna de las respuestas anteriores es correcta.,negated,18,AD_COMUNIDAD_DE_MADRID_2021__EXAM__017_exam_cuestionario-de-examen-f-e-en-aparato-digestivo-sermas-2021.pdf,AD_COMUNIDAD_DE_MADRID_2021__ANSWER_KEY__018_answer-key_plantilla-correctora-f-e-aparato-digestivo-2021.pdf,retained318,c12dece377d857cd92580f21b4d88c9e7c35534b98e5c76bf7af35f19799490c,b1dfdf20e2df966f6a9b72a971463247254d9767afb513bead775c5be2474083
b435,castilla-la-mancha|2017|main|92,Castilla-La Mancha,2017,aparato-digestivo,main,435,"Con respecto al diagnóstico y manejo de la colestasis gravídica, señale la opción incorrecta","La principal manifestación clínica es el prurito palmo – plantar, de predominio nocturno",Ninguna de las respuestas anteriores es correcta.,El objetivo del tratamiento es disminuir los ácidos biliares en sangre hasta conseguir la madurez pulmonar fetal,El tratamiento con acido ursodeoxicolico (10-16 mg/kg/día) es seguro en mujeres con colestasis intrahepatica del embarazo,b,Ninguna de las respuestas anteriores es correcta.,negated,16,AD_CASTILLA_LA_MANCHA_2017_2018__EXAM__exam__cuestionario-fea-aparato-digestivo.pdf,AD_CASTILLA_LA_MANCHA_2017_2018__CORRECTION__correction__plantilla-correctora-definitiva-fea-aparato-digestivo.pdf,retained318,c4c40b4327e4b75cbd08c6640cc8b77897591ce170c6cebaa1469bb4e7a55657,ca76477b60ebddbbc55f515120fe49419596684ff117cc14973318f7df4a39fc
b440,castilla-la-mancha|2022|main|28,Castilla-La Mancha,2022,aparato-digestivo,main,440,"Según la guía clínica AGA 2022 para el manejo de la enf celiaca refractaria, con respecto a su definición, uno de los siguientes criterios no es necesario. Señale cual",Síntomas y/o signos de malabsorción persistentes o recurrentes,Ninguna de las respuestas anteriores es correcta.,Atrofia de vellosidades del intestino delgado,Evidencia de un cumplimiento estricto de una dieta sin gluten durante al menos 12 meses,b,Ninguna de las respuestas anteriores es correcta.,,6,AD_CASTILLA_LA_MANCHA_2022__EXAM__exam__cuestionario-fea-digestivo.pdf,AD_CASTILLA_LA_MANCHA_2022__CORRECTION__correction__plantilla-correctora-definitiva-fea-aparato-digestivo.pdf,retained318,7ce7770f2e94205f59c9e53e02d2da2ded482d60dfc92520ba35d6abe3a8d5dc,09859f3f4b7bafa818e61a9868727d91f8a1f4e2866d88301275ae8df5dfb018
b441,aragon|2020|reserva-especifica|105,Aragón,2020,aparato-digestivo,reserva-especifica,441,Señale la respuesta INCORRECTA:,Se recomienda la colocación temporal de un stent de metal autoexpandible biliar completamente cubierto para hemorragias post-esfinterotomía refractaria a las modalidades hemostáticas estándar.,En pacientes con pancreatitis biliar leve se recomienda realizar en el mismo ingreso colecistectomía.,Ninguna de las respuestas anteriores es correcta.,"Para hepatolitiasis se aconseja un enfoque multidisciplinario que incluye endoscopia, radiología intervencionista y cirugía.",c,Ninguna de las respuestas anteriores es correcta.,negated,20,AD_ARAGON_2020__EXAM__exam__cuadernillo-de-examen-y-respuestas-provisionales-2021-f.e.a-aparato-digestivo.pdf,AD_ARAGON_2020__ANSWER_KEY__answer-key__plantilla-provisional-de-respuestas-2021-f.e.a-aparato-digestivo.pdf,retained318,ab18a7baf07eac06492aaf40075e042bc851f4823db77bd6ac028df9d1d03993,92a35a6d05c48a72e30b6e0006890fb4b936aa55ff16f1c248acc6b78fb8588b
b442,la-rioja|2024|main|99,La Rioja,2024,aparato-digestivo,main,442,¿Cuál de los siguientes fármacos tiene “recomendación en contra” de su uso como tratamiento de la esofagitis eosinofilica según la última guía de la Asociación Americana de Gastroenteterología 2025?:,Benralizumab.,Dupilumab.,Ninguna de las respuestas anteriores es correcta.,Mepolizumab.,c,Ninguna de las respuestas anteriores es correcta.,,25,AD_LA_RIOJA_2023_2024__EXAM__exam__fea-aparato-digestivo-2025.pdf,AD_LA_RIOJA_2023_2024__CORRECTION__correction__plantilla-respuestas-modificada-fea-aparato-digestivo-2025.pdf,retained318,9f34f417904b6db52f8fc458a1b345255aeac0781ff5e293b299e20ff5323c03,fdbc75bcf53e5989496d64cfda4a7d9bc2d0e73aac2712b2093bee277ce94064
b443,andalucia|2022|cuestionario-teorico|81,Andalucía,2022,aparato-digestivo,cuestionario-teorico,443,"Una paciente de 23 años, con antecedentes de síndrome depresivo, es conducida a Urgencias con clínica de malestar general, náuseas, y leve tinte ictérico de piel y mucosas. En la exploración física se objetiva una leve bradipsiquia. En análisis destacan valores de AST y ALT de 4.200 UI/L y 3.690 UI/L, respectivamente. La bilirrubina total es de 3 mg/dl, la creatinina de 2.5 mg/dl, y la actividad de protrombina de 20%. ¿Cuál de las siguientes actuaciones NO consideraría una prioridad en las primeras 12 horas tras su ingreso?","Solicitar panel de marcadores para establecer la etiología del proceso, incluyendo niveles de Paracetamol en suero.",Ninguna de las respuestas anteriores es correcta.,Iniciar tratamiento empírico con N-Acetil-Cisteína en perfusión i.v.,Contactar con un centro con programa activo de trasplante hepático.,b,Ninguna de las respuestas anteriores es correcta.,"clinical_case,negated",22,AD_ANDALUCIA_2022_EXTRAORDINARIA_LIBRE__EXAM__12__revisado-56007-fea-aparato-digestivo-final-pdf.pdf,AD_ANDALUCIA_2022_EXTRAORDINARIA_LIBRE__CORRECTION__14__def-feaapdigestivo-sas-2023-pdf.pdf,retained318,e69d15440da7f0d027b2daa112eb5d41ba46934671ab19af03845b6d2ed4ba7c,a1fb1757b8dbf520cac7a4cb533669d54712e4a27dfb49321b32d7d7e556f999
b444,castilla-la-mancha|2017|main|57,Castilla-La Mancha,2017,aparato-digestivo,main,444,"En el estudio de la función exocrina en el contexto de la pancreatitis crónica, señale la respuesta incorrecta",El coeficiente de absorción grasa (CFA) está aceptado como el gold standard para la evaluación de la función exocrina pero no se aplica en la práctica clínica diaria.,La determinación de C13-triglicéridos en aire espirado es una alternativa al CFA pero su uso en la práctica clínica diaria está limitado.,Cualquier paciente con diagnóstico reciente de pancreatitis crónica debería ser evaluado con test de función pancreática aunque los hallazgos morfológicos no sean relevantes.,Ninguna de las respuestas anteriores es correcta.,d,Ninguna de las respuestas anteriores es correcta.,negated,11,AD_CASTILLA_LA_MANCHA_2017_2018__EXAM__exam__cuestionario-fea-aparato-digestivo.pdf,AD_CASTILLA_LA_MANCHA_2017_2018__CORRECTION__correction__plantilla-correctora-definitiva-fea-aparato-digestivo.pdf,retained318,e3b9692721604f228dafa3b207d0cf7784d0b29561f54a454c37b2f683860bb1,1d05987778b35722877ee60440bb0b7a314b5b4e914db5768e7041e36f1532b1
b446,navarra|2022|teorico-practica|1,Navarra,2022,aparato-digestivo,teorico-practica,446,¿Qué parámetros incluye la escala de Rockall?,"Edad, frecuencia cardiaca, hemoglobina, comorbilidad, diagnóstico, estigmas endoscópicos de hemorragia reciente",Ninguna de las respuestas anteriores es correcta.,"Edad, hemoglobina, urea, presión arterial sistólica, comorbilidad, diagnóstico, estigmas endoscópicos de hemorragia reciente","Edad, presión arterial media, comorbilidad, forma de presentación, estigmas endoscópicos de hemorragia reciente",b,Ninguna de las respuestas anteriores es correcta.,,2,AD_NAVARRA_2022__EXAM__040_exam_preguntas-test-examen-digestivo-definitivo-ope-2022-estabili.pdf,AD_NAVARRA_2022__ANSWER_KEY__041_answer-key_respuestas-digestivo-ope-2022-estabilizacion.pdf,retained318,ece45e106aca69022a8a9ebd8b2bec2aabca43520e324a7366194eb66b69fe5c,b0277b841006e18be1a28f1748772bbbc97449de9619ac83a2cc4d1c795d0a19
b447,castilla-y-leon|2019|reserva-especifica|154,Castilla y León,2019,aparato-digestivo,reserva-especifica,447,"Ante un paciente que acude al Servicio de Urgencias con la sospecha de ingestión aguda accidental de un cáustico, la primera medida a realizar será:",Endoscopia digestiva alta.,Radiografía simple de tórax y abdomen.,Estudio analítico que incluya hemograma y bioquímica general.,Ninguna de las respuestas anteriores es correcta.,d,Ninguna de las respuestas anteriores es correcta.,,35,AD_CASTILLA_Y_LEON_2019__EXAM__044_exam_examen-le-aparato-digestivo-orden-san-139-2020.pdf,AD_CASTILLA_Y_LEON_2019__ANSWER_KEY__045_answer-key_plantilla-respuestas-correctas-l-e-aparato-digestivo-orden-s.pdf,retained318,ded2e20a6bc4cdd6126bf43a43eaf43d9dc313c907537712ab970ac334f85b74,629fb26c7f80d14edbeae81a81b04465e0231c069d7e4c0a9eb0322c0f18c3fc
b449,la-rioja|2024|main|22,La Rioja,2024,aparato-digestivo,main,449,¿Cuál de las siguientes afirmaciones sobre el uso de radioterapia en cáncer de páncreas es CORRECTA según la guía ESMO (Sociedad Europea de Oncología Médica)?:,La radioterapia adyuvante tras cirugía R0 es standard y mejora la supervivencia.,Ninguna de las respuestas anteriores es correcta.,La radioterapia estereotáctica tiene un papel establecido como tratamiento inicial en el cáncer de páncreas bordeline resecable.,La radioterapia debe aplicarse de forma rutinaria en pacientes con tumores resecables.,b,Ninguna de las respuestas anteriores es correcta.,,7,AD_LA_RIOJA_2023_2024__EXAM__exam__fea-aparato-digestivo-2025.pdf,AD_LA_RIOJA_2023_2024__CORRECTION__correction__plantilla-respuestas-modificada-fea-aparato-digestivo-2025.pdf,retained318,a8ca9f360122c22465d7aa55ef7718e24846508f07035f1c8b32792b990c0888,225f31c8dfe99e3b634c7fce19641da9c9f84950299b0a7f0d24c7c769b6b7ca
b450,comunidad-de-madrid|2021|main|101,Comunidad de Madrid,2021,aparato-digestivo,main,450,Usted asiste a un paciente de 38 años con inmunodeficiencia común variable que consulta por un hallazgo de varices esofágicas de gran tamaño; en una ecografía doppler se aprecia permeabilidad del eje esplenoportal. El perfil hepático es normal ¿Cuál debe ser el primer diagnóstico de sospecha?,Cirrosis criptogenética,Síndrome de Budd-Chiari,Ninguna de las respuestas anteriores es correcta.,Esquistosomiasis,c,Ninguna de las respuestas anteriores es correcta.,,19,AD_COMUNIDAD_DE_MADRID_2021__EXAM__017_exam_cuestionario-de-examen-f-e-en-aparato-digestivo-sermas-2021.pdf,AD_COMUNIDAD_DE_MADRID_2021__ANSWER_KEY__018_answer-key_plantilla-correctora-f-e-aparato-digestivo-2021.pdf,retained318,bc97c40b045e942c1234b5e8bb180084e8bd026b0953caeef7f1d2ef7c3fa344,076e6eb2efbde35002078dee21a70cac4774bfd0c70d41818ab2d6cd8a7ae732
b455,aragon|2017|main|79,Aragón,2017,aparato-digestivo,main,455,¿Con qué infección vírica es mayor el riesgo de insuficiencia hepática aguda grave?,Virus A,Virus B,Virus C,Ninguna de las respuestas anteriores es correcta.,d,Ninguna de las respuestas anteriores es correcta.,,29,AD_ARAGON_2017__EXAM__exam__cuadernillo-del-examen-de-la-categoria-de-aparato-digestivo-que-fue-realizado-el.pdf,AD_ARAGON_2017__ANSWER_KEY__answer-key__plantilla-de-respuestas-del-examen-de-la-categoria-de-aparato-digestivo-que-fue-.pdf,retained318,3d403608fc8d7a15ed6004b8a774b703d98c018b9055465075ae45d90fe05fd3,8b4012f301d9cf8f9e3abccaa4c2f43a02b9e4503e92762426b46e5f414101b9
b456,comunitat-valenciana|2022|main|14,Comunitat Valenciana,2022,aparato-digestivo,main,456,"En la Escala de Alvarado, (sistema de puntuación clínica usado en el diagnóstico de apendicitis aguda), indica a cuál de los siguientes factores se le asignan dos puntos:",Fiebre.,Ninguna de las respuestas anteriores es correcta.,Náuseas/vómitos.,Dolor migratorio a fosa ilíaca derecha.,b,Ninguna de las respuestas anteriores es correcta.,,7,AD_COMUNITAT_VALENCIANA_2022__EXAM__25__25-comunidad-valenciana-2022-exam-pdf.pdf,AD_COMUNITAT_VALENCIANA_2022__CORRECTION__27__27-comunidad-valenciana-2022-answer-key-definitive-pdf.pdf,retained318,4744465efa49e036a31da2a19397f66287cef95de98314e178fc4396a780eaed,864100a8d299f35f54494f6a5d7e30dea14683c38447b72f689d2f01bac0bbb5
b457,comunidad-de-madrid|2021|main|22,Comunidad de Madrid,2021,aparato-digestivo,main,457,¿Cuál de los siguientes no es un factor de riesgo de malignidad de un pólipo vesicular?,Edad superior a 60 años.,Ninguna de las respuestas anteriores es correcta.,Colangitis esclerosante primaria.,Etnia india.,b,Ninguna de las respuestas anteriores es correcta.,,5,AD_COMUNIDAD_DE_MADRID_2021__EXAM__017_exam_cuestionario-de-examen-f-e-en-aparato-digestivo-sermas-2021.pdf,AD_COMUNIDAD_DE_MADRID_2021__ANSWER_KEY__018_answer-key_plantilla-correctora-f-e-aparato-digestivo-2021.pdf,retained318,a6bf8ca207e5e82b594acf8d933940d9b03f8f330039faf9ed8cb80740031fff,89a7a7b97686e5bce5d6d412c625104750fb9399160b6bd342ceabf4b3f5bc09
b459,galicia|2022|reserva-especifica|102,Galicia,2022,aparato-digestivo,reserva-especifica,459,Señale la respuesta FALSA en relación al seguimiento de colangitis esclerosante primaria:,En pacientes sin enfermedad inflamatoria conocida debe realizarse ileocolonoscopia tras el diagnóstico de CEP.,Se recomienda colangiografía por RM anual para despistaje de neoplasia biliar.,La CPRE con toma de biopsias y cepillado está indicada ante estenosis dominantes progresivas o de nueva aparición.,Ninguna de las respuestas anteriores es correcta.,d,Ninguna de las respuestas anteriores es correcta.,negated,21,AD_GALICIA_OPE_2022__EXAM__gal-09__especifico-cast-aparello-dx-20240316193007-cas-pdf.pdf,AD_GALICIA_OPE_2022__CORRECTION__gal-11__fea-aparello-dixestivo-20240514082015-cas-pdf.pdf,retained318,2c5aa6224d974412c80696b571b4bfba0706756984d18d5c736df4d0075271b3,02217c7b4ee56ff3b160936be0659ba93f352e763e311db4788bda4546e78b29
b460,la-rioja|2021|reserva|104,La Rioja,2021,aparato-digestivo,reserva,460,"Mujer de 37 años con colitis ulcerosa extensa corticodependiente, intolerante a azatioprina y con pérdida de respuesta a infliximab y vedolizumab. Actualmente en tratamiento con tofacitinib. Ha recibido tratamiento con los siguientes mecanismos de acción excepto uno:",Anti-TNF.,Ninguna de las respuestas anteriores es correcta.,Inhibidores de JAK.,Anti-integrinas.,b,Ninguna de las respuestas anteriores es correcta.,"clinical_case,negated",37,AD_LA_RIOJA_2020_2021__EXAM__exam__fea-aparato-digestivo-2021.pdf,AD_LA_RIOJA_2020_2021__CORRECTION__correction__plantilla-respuestas-modificada-fea-aparato-digestivo-2021.pdf,retained318,4812d18fcc09302604c660e737e6f95ea528b18f6354feb3b7f067c711b60e66,954d6d0e695cc7e014a0d1f247a256456c4dbda0726ef09605af4a0a92c2f345
b462,galicia|2022|reserva-especifica|109,Galicia,2022,aparato-digestivo,reserva-especifica,462,"Paciente de 52 años con ingesta de bolo de carne (sin hueso), que señala como impactado en esófago distal. Presenta intensa sialorrea. ¿Cuál es la actitud a seguir con este paciente?:",Administrar glucagón por vía intravenosa y endoscopia para extracción de cuerpo extraño si no hay mejoría en 48 horas.,Administrar glucagón por vía intravenosa y endoscopia para extracción de cuerpo extraño si no hay mejoría en 24 horas.,Administrar glucagón por vía intravenosa y endoscopia para extracción de cuerpo extraño si no hay mejoría en 12 horas.,Ninguna de las respuestas anteriores es correcta.,d,Ninguna de las respuestas anteriores es correcta.,clinical_case,22,AD_GALICIA_OPE_2022__EXAM__gal-09__especifico-cast-aparello-dx-20240316193007-cas-pdf.pdf,AD_GALICIA_OPE_2022__CORRECTION__gal-11__fea-aparello-dixestivo-20240514082015-cas-pdf.pdf,retained318,46872a7fd9e0928fde9595d1e475877216404a61ee7d0020dd379e763aa10fa0,aff4309ae7b71908eda48627b0462ac744784b8b94044fac53e8904e9eb418be
b464,region-de-murcia|2019|main|32,Región de Murcia,2019,aparato-digestivo,main,464,"En relación con las lesiones GI (gastrointestinales) en pacientes que toman AINE (antiinflamatorios no esteroideos), señale la opción FALSA:","La presencia de antecedentes de úlcera péptica gastroduodenal, complicada o no complicada, es factor de riesgo para el desarrollo de complicaciones GI en pacientes que toman AINE.",No se recomienda el uso de antagonistas H2 para la prevención de las complicaciones GI de los AINE.,"El uso de IBP asociado a un AINE no selectivo es una estrategia válida para la prevención de las complicaciones GI altas de los AINE, en pacientes de riesgo.",Ninguna de las respuestas anteriores es correcta.,d,Ninguna de las respuestas anteriores es correcta.,negated,6,AD_REGION_DE_MURCIA_2019__EXAM__021_exam_apa-dig-lb-a-examen-turno-libre-modelo-a.pdf,AD_REGION_DE_MURCIA_2019__ANSWER_KEY__022_answer-key_apa-dig-plantilla-respuestas-corregida-turno-libre-modelo-a.pdf,retained318,839696599ec104cfc31138e4ab4fc456817d18cc218ea114c120f01a39d91707,c589a02e284399c4aff8db49c40a6582c3139f533f266d173dca88df958c9207
b467,aragon|2017|main|80,Aragón,2017,aparato-digestivo,main,467,¿Cuál de estas variables se incluye en el Sistema de puntuación de Rockall para la hemorragia digestiva alta?,Presión arterial diastólica.,Sexo.,Ninguna de las respuestas anteriores es correcta.,Hematocrito.,c,Ninguna de las respuestas anteriores es correcta.,,29,AD_ARAGON_2017__EXAM__exam__cuadernillo-del-examen-de-la-categoria-de-aparato-digestivo-que-fue-realizado-el.pdf,AD_ARAGON_2017__ANSWER_KEY__answer-key__plantilla-de-respuestas-del-examen-de-la-categoria-de-aparato-digestivo-que-fue-.pdf,retained318,58f946bf57722d1330c418c679d762b99fb68ee0f0feaf6252297538ab0aa3c0,dd237754bfae7a52aaef97a5ed31c2784fd856d576645e8693c8ef7c337d8e53
b469,aragon|2017|reserva-especifica|103,Aragón,2017,aparato-digestivo,reserva-especifica,469,"De acuerdo a la guía de la European Society of Gastrointestinal Endoscopy (ESGE) y respecto del seguimiento tras polipectomía, ¿cuál de estas afirmaciones NO es cierta?:","En caso de resección en fragmentos (piecemeal) de una adenoma mayor de 10 mm, el seguimiento endoscópico debe hacerse a los 6 meses antes de hacer ninguna otra recomendación","La ESGE no recomienda el uso de test de sangre oculta en heces tras polipectomía como método de seguimiento, pero en caso de realizarse de manera no planificada y si es positivo, la decisión debe basarse en el buen juicio clínico","Los pacientes con extirpación de pólipos serrados de menos de 10 mm sin displasia deben clasificarse como de bajo riesgo, mientras que aquellos que tengan pólipos serrados de más de 10 mm con displasia serán clasificados como de alto riesgo",Ninguna de las respuestas anteriores es correcta.,d,Ninguna de las respuestas anteriores es correcta.,negated,37,AD_ARAGON_2017__EXAM__exam__cuadernillo-del-examen-de-la-categoria-de-aparato-digestivo-que-fue-realizado-el.pdf,AD_ARAGON_2017__ANSWER_KEY__answer-key__plantilla-de-respuestas-del-examen-de-la-categoria-de-aparato-digestivo-que-fue-.pdf,retained318,4a9c635e26d2d38735e7ce21029d54dd55ad5838be56372eae67571237e19c00,5c7fb2259af62797b20787137b9e40784652022caeec058553f208de45ad56ff
b470,aragon|2017|reserva-especifica|108,Aragón,2017,aparato-digestivo,reserva-especifica,470,"Paciente de 64 años, cirrosis alcohólica, creatinina de 3 mg/dl, ascitis, y no mejoría tras expansión plasmática; sin proteinuria ni hematuria, con ecografía renal normal, y baja eliminación de sodio. Describa como será su situación hemodinámica.",Resistencia vascular sistémica aumentada con gasto cardíaco disminuido y filtrado glomerular alto.,Ninguna de las respuestas anteriores es correcta.,"Resistencia sistémica aumentada, gasto cardíaco alto y filtrado glomerular disminuido.","Resistencia vascular baja, gasto cardíaco alto y filtrado glomerular disminuido.",b,Ninguna de las respuestas anteriores es correcta.,clinical_case,39,AD_ARAGON_2017__EXAM__exam__cuadernillo-del-examen-de-la-categoria-de-aparato-digestivo-que-fue-realizado-el.pdf,AD_ARAGON_2017__ANSWER_KEY__answer-key__plantilla-de-respuestas-del-examen-de-la-categoria-de-aparato-digestivo-que-fue-.pdf,retained318,aea7fb390460df2a056601dd65444eb52370a0042a5fe4005d0bd7fd4f0dc6bf,a4ea814493ac02b7e0d68137a49b70f49c7e5d13a6d6dbe8ad1691975620f3d9
b471,comunidad-de-madrid|2021|main|37,Comunidad de Madrid,2021,aparato-digestivo,main,471,En una de las siguientes situaciones clínicas NO se recomienda iniciar tratamiento antiviral para la hepatitis B:,Paciente trasplantado renal con HBsAg (+) y carga del VHB indetectable.,Ninguna de las respuestas anteriores es correcta.,"Mujer embarazada en el tercer trimestre de gestación, HBsAg (+) y ADN-VHB > 200.000 UI/mL.",Paciente trasplantado hepático con anti-HBs (-) y donante anti-HBc.,b,Ninguna de las respuestas anteriores es correcta.,negated,8,AD_COMUNIDAD_DE_MADRID_2021__EXAM__017_exam_cuestionario-de-examen-f-e-en-aparato-digestivo-sermas-2021.pdf,AD_COMUNIDAD_DE_MADRID_2021__ANSWER_KEY__018_answer-key_plantilla-correctora-f-e-aparato-digestivo-2021.pdf,retained318,e8a6a944ac1318324825d463322d132d1aece0e15b584119a5aa4ca44304fcb0,ae633157f56b4b5c113f8fec53bcd673660df8a0ac1cdcf97e5fe5042d4a5ea3
b472,galicia|2019|reserva-especifica|103,Galicia,2019,aparato-digestivo,reserva-especifica,472,"En el estudio ampliado de diarrea crónica para descartar causas neuroendocrinas, se deben solicitar todas las siguientes determinaciones, EXCEPTO:",Cromogranina A.,Calcitonina.,Gastrina.,Ninguna de las respuestas anteriores es correcta.,d,Ninguna de las respuestas anteriores es correcta.,negated,20,AD_GALICIA_OPE_2019__EXAM__gal-05__cas-especifico-digestivo-20210925132858-cas-pdf.pdf,AD_GALICIA_OPE_2019__CORRECTION__gal-07__fea-aparello-dixestivo-20211214124928-cas-pdf.pdf,retained318,0cbe64f25c5d1e04445df23e5e44ce6812b719ca2721ce7e620fd694092e1e34,b475e4ee28c4c6a8449d4dd4a2c10d13587481ab58ae7d522a4070d8c4647475
b473,andalucia|2022|cuestionario-practico|102,Andalucía,2022,aparato-digestivo,cuestionario-practico,473,"Paciente varón de 69 años, diagnosticado de cirrosis hepática de causa etílica. Dos años antes había ingresado por un primer episodio de ascitis que fue bien controlado, favorecido por un periodo subsiguiente de abstinencia alcohólica. En sus antecedentes se incluye diabetes de tipo 2 que trataba con hipoglucemiantes orales y broncopatía crónica en relación con su condición de fumador activo de 2 paquetes diarios hasta hacía 6 meses. Acude a Urgencias por distensión abdominal intensa por acumulación de ascitis, reconociendo una clara recaída del consumo abusivo de alcohol. Tiene aceptable
estado general, se observa pérdida notable de masa muscular, la TA era de 110/60 mmHg y no tenía fiebre. En el examen físico se apreció ictericia leve de piel, estigmas cutáneos de cirrosis y una discreta bradipsiquia. En análisis destacan los siguientes datos: Hb 8.7 gr/dl, VCM 112, leucocitos 2.700/mm³, plaquetas 70.000/mm³. Glucemia 131 mg/dl, sodio sérico de 129 mEq/L, creatinina 1.8 mg/dl, bilirrubina total 3.5 mg/dl, albúmina 2.6 gr/dl, actividad de protrombina de 45%, AST 80 UI/L, ALT 30 UI/L, GGT 567 UI/L, FA 152 IU/L. HBsAg negativo, Ac-HBc positivos, Ac-VHC negativos.

Durante las primeras 24 horas de ingreso se comprueba una escasa diuresis (550 cc), la función renal se deteriora (creatinina 2.8 mg/dl) y se agrava la hiponatremia (122 mEq/L). Se recibe resultado del líquido ascítico y se constata un recuento de polimorfonucleares de 914/mm³. ¿Cuál de las siguientes afirmaciones es correcta?",Ante el empeoramiento de la hiponatremia es recomendable iniciar una perfusión con altas dosis de furosemida para forzar un balance negativo de líquidos.,En ausencia de fiebre debería retrasarse el tratamiento antibiótico hasta disponer de resultados de cultivo del líquido ascítico.,Ninguna de las respuestas anteriores es correcta.,El deterioro de la función renal justificaría la consideración de una biopsia renal para descartar una nefropatía IgA asociada.,c,Ninguna de las respuestas anteriores es correcta.,,27,AD_ANDALUCIA_2022_EXTRAORDINARIA_LIBRE__EXAM__12__revisado-56007-fea-aparato-digestivo-final-pdf.pdf,AD_ANDALUCIA_2022_EXTRAORDINARIA_LIBRE__CORRECTION__14__def-feaapdigestivo-sas-2023-pdf.pdf,retained318,6fc9f2370de10eacd0a300b0f484c56c9254cb012f95d0317da7d1aaed4b7870,0497d08d6f759a19e3fd782dcf0d93be8541742f697acb016a01a9ebab9a4a1f
b474,la-rioja|2021|reserva|105,La Rioja,2021,aparato-digestivo,reserva,474,¿Cuál de los siguientes está descrito como factor de riesgo en enfermedad de Crohn y protector en colitis ulcerosa?,Infección por H.pylori.,Ninguna de las respuestas anteriores es correcta.,Lactancia materna.,Todos los anteriores.,b,Ninguna de las respuestas anteriores es correcta.,,38,AD_LA_RIOJA_2020_2021__EXAM__exam__fea-aparato-digestivo-2021.pdf,AD_LA_RIOJA_2020_2021__CORRECTION__correction__plantilla-respuestas-modificada-fea-aparato-digestivo-2021.pdf,retained318,1ae1bb7beae2e204d89824c39d30d802e2b7242ca5c01b18671d88c01d2e1d96,a9b7fde6384f6e828a1d314e12285bbd3a6218e3d986290a2f9f84a558a296f8
b475,castilla-y-leon|2019|reserva-especifica|161,Castilla y León,2019,aparato-digestivo,reserva-especifica,475,Señale la respuesta INCORRECTA con respecto al uso de azatioprina en la enfermedad inflamatoria intestinal:,"Se ha relacionado con tumores de piel no melanocíticos, de tracto urinario y linfomas.","La determinación previa de la actividad de la tiopurina metiltransferasa (TPMT) no es imprescindible, pero permite mayor seguridad inicial.",Ninguna de las respuestas anteriores es correcta.,Se recomienda evitar su uso en pacientes con serología negativa para virus Epstein Barr (VEB,c,Ninguna de las respuestas anteriores es correcta.,negated,36,AD_CASTILLA_Y_LEON_2019__EXAM__044_exam_examen-le-aparato-digestivo-orden-san-139-2020.pdf,AD_CASTILLA_Y_LEON_2019__ANSWER_KEY__045_answer-key_plantilla-respuestas-correctas-l-e-aparato-digestivo-orden-s.pdf,retained318,a320d1a5a890e98e60a652b7d92a56df687e0a6664f84bef458c83b6bfdd59cc,2bda075eee58b873499baee9d29b9ee27b1d30b3350f250abd32e6d4d95b8c84
b478,la-rioja|2021|reserva|102,La Rioja,2021,aparato-digestivo,reserva,478,Dentro de las modificaciones en la actual Clasificación de Chicago versión 4.0 (CCv4.0) es falso:,Se requiere una evaluación manométrica y no manométrica adicional para llegar a un diagnóstico concluyente y procesable de obstrucción al flujo de salida de la unión esófago-gástrica (EGJOO).,El espasmo esofágico distal y esófago hipercontráctil son tres patrones manométricos que deben ir acompañados de síntomas esofágicos obstructivos de disfagia y / o dolor torácico no cardíaco para que se consideren clínicamente relevantes.,Ninguna de las respuestas anteriores es correcta.,La definición de motilidad esofágica ineficaz es más estricta y ahora abarca la perístasis fragmentada.,c,Ninguna de las respuestas anteriores es correcta.,negated,37,AD_LA_RIOJA_2020_2021__EXAM__exam__fea-aparato-digestivo-2021.pdf,AD_LA_RIOJA_2020_2021__CORRECTION__correction__plantilla-respuestas-modificada-fea-aparato-digestivo-2021.pdf,retained318,1ed9ffeeb41da57a6331f6b325045d302818c93f61d5dd4a80cd1a40b7118b07,51d752b8e1fcedcb094ba0ce0ec6b861989f5952f8603ad6fd5277602aaf177c
b479,castilla-la-mancha|2017|main|88,Castilla-La Mancha,2017,aparato-digestivo,main,479,"En relación con la hepatitis alcohólica aguda, señale la errónea","Los pacientes suelen haber presentado un consumo excesivo de alcohol un mínimo de 6 meses, con un período de abstinencia inferior a 2 meses antes del diagnóstico de hepatitis alcohólica aguda.","Los hallazgos analíticos habituales ofrecen una Bilirrubina total > 3 mg/dl, AST/ALT > 1.5 y cifras de AST y ALT inferiores a 400 UI/ml.",Ninguna de las respuestas anteriores es correcta.,"Siempre en preciso descartar patología biliar, hepatitis virales, autoinmunes y E. Wilson mediante los test habituales diagnósticos.",c,Ninguna de las respuestas anteriores es correcta.,,16,AD_CASTILLA_LA_MANCHA_2017_2018__EXAM__exam__cuestionario-fea-aparato-digestivo.pdf,AD_CASTILLA_LA_MANCHA_2017_2018__CORRECTION__correction__plantilla-correctora-definitiva-fea-aparato-digestivo.pdf,retained318,eb405013f97b498f0f4be2c997fa7a3ff0ad78c54810e5e76fcdf2416600d143,472ee007942441961c58e2fbbaceaa0a8604132c2e3157cb04ea2857f832c557
b480,castilla-y-leon|2019|main|66,Castilla y León,2019,aparato-digestivo,main,480,¿Cuál es el tratamiento de elección en un paciente con carcinoma hepatocelular en estadio inicial(A) de la BCLC con función hepática conservada con tres nódulos menores de 3 cms y con enfermedades crónicas asociadas?,Resección quirúrgica,Ninguna de las respuestas anteriores es correcta.,Quimioembolización transarterial,Tratamiento sistémico,b,Ninguna de las respuestas anteriores es correcta.,,15,AD_CASTILLA_Y_LEON_2019__EXAM__044_exam_examen-le-aparato-digestivo-orden-san-139-2020.pdf,AD_CASTILLA_Y_LEON_2019__ANSWER_KEY__045_answer-key_plantilla-respuestas-correctas-l-e-aparato-digestivo-orden-s.pdf,retained318,24a82aa2f7df568f2ea2cfb30e69d4c2479dec13a88cb6efa6a36e282ee718e1,b5587227277a2b9843c936939d4dc2df04e090103c14ffc3431be52af8a0d008
b481,galicia|2016|reserva-especifica|101,Galicia,2016,aparato-digestivo,reserva-especifica,481,"La hemorragia por varices esofago-gástricas es una de las principales complicaciones de la cirrosis con hipertensión portal. Se recomienda en pacientes cirróticos la realización de gastroscopia de cribado para detección de varices y valoración de profilaxis primaria. Tras la realización de gastroscopia de cribado, ¿en qué situación no contemplarías la profilaxis primaria?",Cirrosis con varices esofágicas grandes.,Cirrosis grado C 12 de Child-Pugh con presencia de varices esofágicas pequeñas.,Cirrosis sin varices esofágicas con varices gástricas.,Ninguna de las respuestas anteriores es correcta.,d,Ninguna de las respuestas anteriores es correcta.,,24,AD_GALICIA_OPE_2016__EXAM__gal-02__aparato-digestivo-cas-20171029192531-cas-pdf.pdf,AD_GALICIA_OPE_2016__CORRECTION__gal-03__aparello-dixestivo-20180201084525-cas-pdf.pdf,retained318,f337a8f2d2e21e657a764eaeab15259bf9059381b19f91959d164ae331e38d29,430a6871a1157f7e1cefeb92d83847d122331557ca3b2f221857356c544d3048
b483,castilla-la-mancha|2017|main|96,Castilla-La Mancha,2017,aparato-digestivo,main,483,El cociente que resulta de dividir un número de acontecimientos sucedidos durante un periodo de tiempo por la población media existente durante ese periodo de tiempo es la definición de,Proporción,Razón,Ninguna de las respuestas anteriores es correcta.,Hazard ratio,c,Ninguna de las respuestas anteriores es correcta.,,17,AD_CASTILLA_LA_MANCHA_2017_2018__EXAM__exam__cuestionario-fea-aparato-digestivo.pdf,AD_CASTILLA_LA_MANCHA_2017_2018__CORRECTION__correction__plantilla-correctora-definitiva-fea-aparato-digestivo.pdf,retained318,d1e58c57b55d1ac4e887da88c409372fa70805988fdc211ab2785d4fea09c168,9a3713b585f22ea3bc85b4da68b3b89bc82f57a7dc334f4a386c7d213a7537e4
b484,andalucia|2022|cuestionario-practico|150,Andalucía,2022,aparato-digestivo,cuestionario-practico,484,"Varón de 26 años con cuadro diarreico de tres meses de evolución y cansancio fácil. Aporta una analítica realizada por su médico de atención primaria con una hemoglobina de 9,5 g/dl, con una ferritina de 10 mcg/dl y un índice de saturación de la transferrina del 5%. El test de sangre oculta en heces resultó negativo.

A los 10 años, el paciente acude a consulta refiriendo haber estado asintomático realizando dieta sin gluten estricta, y con estudios serológicos repetidos negativos, hasta que hace unos 6 meses reaparece la diarrea, ahora con episodios de dolor abdominal, habiendo perdido unos 7 kg de peso. Se repite la endoscopia que encontró atrofia vellositaria con úlceras fibrinadas en el duodeno con distorsión de los pliegues; se tomaron biopsias que son informadas como ""infiltración intraepitelial por linfocitos en más de 50 linfocitos por cada 100 enterocitos, con un fenotipo mostrando reordenamientos monoclonales del gen TCRγ. En la TC se apreció dilatación de asas intestinales con engrosamiento de la pared, con gran edema mucoso y submucoso. Su sospecha diagnóstica sería:",Se trata de forma inequívoca de un Linfoma de Células T asociado a enteropatía.,Podría tratarse de un Linfoma B difuso de intestino.,Ninguna de las respuestas anteriores es correcta.,Podría tratarse de una Celiaquía Refractaria tipo I.,c,Ninguna de las respuestas anteriores es correcta.,,42,AD_ANDALUCIA_2022_EXTRAORDINARIA_LIBRE__EXAM__12__revisado-56007-fea-aparato-digestivo-final-pdf.pdf,AD_ANDALUCIA_2022_EXTRAORDINARIA_LIBRE__CORRECTION__14__def-feaapdigestivo-sas-2023-pdf.pdf,retained318,f7158add7fb0b4a758588cf6079373b4b1b9aed32d2acfc19a15f928a0d4f222,1d106231fe0100cb202c847ed6577fbc50206a32a770176950b6518e58f29a4e
b485,castilla-la-mancha|2017|main|5,Castilla-La Mancha,2017,aparato-digestivo,main,485,"Según la Clasificación de Chicago, la acalasia esofágica se divide en tres subgrupos. Señale la respuesta correcta","En la acalasia tipo III o espástica, a la falta de relajación adecuada de la UGE (mediana de IRP >15 mmHg) se asocia peristalsis anormal con contracciones prematuras (espásticas) con DCI > 400 mmHg/s/cm en ≥ 30% de las degluciones.","La acalasia tipo I se caracteriza por una mediana de IRP elevada (> 15 mmHg), 100% peristalsis fallida y presurización panesofágica ≥ 20% de las degluciones.",Ninguna de las respuestas anteriores es correcta.,La acalasia tipo II es aquella que asocia una IRP>15 mm de Hg con peristalsis anormal y contracciones prematuras (espásticas) con DCI > 450 mmHg/s/cm en ≥ 30% de las degluciones.,c,Ninguna de las respuestas anteriores es correcta.,,2,AD_CASTILLA_LA_MANCHA_2017_2018__EXAM__exam__cuestionario-fea-aparato-digestivo.pdf,AD_CASTILLA_LA_MANCHA_2017_2018__CORRECTION__correction__plantilla-correctora-definitiva-fea-aparato-digestivo.pdf,retained318,b4e875f7327e22407a4c46822ab588c405fc74e34bfb07297f764c84855b9299,fa58a83644229dc57526ba1bdecc4b443e00b5d3ad2d29cbfcb25f3117bc3a4a
b486,galicia|2016|reserva-especifica|104,Galicia,2016,aparato-digestivo,reserva-especifica,486,Señala cuál de los factores descritos puede incrementar la posibilidad de progresión de la hepatopátia alcohólica y del desarrollo de hepatocarcinoma.,La deficiencia de Zinc y vitaminas del complejo B.,Ninguna de las respuestas anteriores es correcta.,La desnutrición asociada al alcoholismo.,A y B son ciertas.,b,Ninguna de las respuestas anteriores es correcta.,,24,AD_GALICIA_OPE_2016__EXAM__gal-02__aparato-digestivo-cas-20171029192531-cas-pdf.pdf,AD_GALICIA_OPE_2016__CORRECTION__gal-03__aparello-dixestivo-20180201084525-cas-pdf.pdf,retained318,81ae6d1559a4bbe48b73cb51a3a6794f614d58737b9eb9418233768274a8e768,f21bfb666e39e7e53f43af17f0b41adc5224797c2efcc97424d507d6477d5f74
b487,aragon|2017|reserva-especifica|110,Aragón,2017,aparato-digestivo,reserva-especifica,487,"En la Esclerosis Sistémica Progresiva, es cierto que:",Menos del 10% de los pacientes presentan afectación del tubo digestivo,La biopsia esofágica endoscópica establece el diagnóstico,Ninguna de las respuestas anteriores es correcta.,No hay afectación de intestino delgado y colon,c,Ninguna de las respuestas anteriores es correcta.,,39,AD_ARAGON_2017__EXAM__exam__cuadernillo-del-examen-de-la-categoria-de-aparato-digestivo-que-fue-realizado-el.pdf,AD_ARAGON_2017__ANSWER_KEY__answer-key__plantilla-de-respuestas-del-examen-de-la-categoria-de-aparato-digestivo-que-fue-.pdf,retained318,544b88c4dc3eab1d3390e1f190008ef1aba474b84ae02a974b5c4a15f5d7b8ba,b4f3fd5f85191dc532d6883b63c6b532f64c1bc6cfc04f462c1218975598ab0b
b489,aragon|2017|reserva-especifica|101,Aragón,2017,aparato-digestivo,reserva-especifica,489,En lo que respecta al espectro patogénico y las vías hasta ahora definidas en el desarrollo del cáncer de colon es cierto que:,"La vía convencional más frecuente en el cáncer esporádico es la de la inestabilidad de microsatélites, mientras que la menos frecuente es la de inestabilidad cromosómica.",En la vía de la inestabilidad de microsatélites la mutación más conocida es la del gen APC.,Ninguna de las respuestas anteriores es correcta.,Las mutaciones genéticas en síndromes hereditarios son esencialmente de tipo somático y secuenciales en cadena.,c,Ninguna de las respuestas anteriores es correcta.,,35,AD_ARAGON_2017__EXAM__exam__cuadernillo-del-examen-de-la-categoria-de-aparato-digestivo-que-fue-realizado-el.pdf,AD_ARAGON_2017__ANSWER_KEY__answer-key__plantilla-de-respuestas-del-examen-de-la-categoria-de-aparato-digestivo-que-fue-.pdf,retained318,1a1578bbc1f07bef966f214de9908f851a251a2df7ff89eb3ea24e4cc4fec982,e290f61b848c6848bd74d19307e35786ff462e92bb4426f800668cd08496da9a
b490,aragon|2020|main|90,Aragón,2020,aparato-digestivo,main,490,"En un paciente no colecistectomizado con disfunción del esfínter de Oddi tipo III, ¿cómo están los enzimas hepáticos y el conducto biliar común?",Enzimas hepáticos alterados y conducto biliar normal.,Enzimas hepáticos normales y conducto biliar dilatado.,Ninguna de las respuestas anteriores es correcta.,Enzimas hepáticos alterados y conducto biliar dilatado.,c,Ninguna de las respuestas anteriores es correcta.,,18,AD_ARAGON_2020__EXAM__exam__cuadernillo-de-examen-y-respuestas-provisionales-2021-f.e.a-aparato-digestivo.pdf,AD_ARAGON_2020__ANSWER_KEY__answer-key__plantilla-provisional-de-respuestas-2021-f.e.a-aparato-digestivo.pdf,retained318,8084731df31c37f9922f7b957f84e0b5b503f678da044030142a57a55880b048,6b00a3f1b2cb8958abe49e28cfb48e1b89d89cfc7ca0c6b1d622004ad30448c6
b493,aragon|2020|reserva-especifica|110,Aragón,2020,aparato-digestivo,reserva-especifica,493,Indique una dosis oral diaria de mesalazina para iniciar el tratamiento de un brote moderado de Colitis Ulcerosa:,1 gramo.,2 gramos.,Ninguna de las respuestas anteriores es correcta.,12 gramos.,c,Ninguna de las respuestas anteriores es correcta.,,21,AD_ARAGON_2020__EXAM__exam__cuadernillo-de-examen-y-respuestas-provisionales-2021-f.e.a-aparato-digestivo.pdf,AD_ARAGON_2020__ANSWER_KEY__answer-key__plantilla-provisional-de-respuestas-2021-f.e.a-aparato-digestivo.pdf,retained318,9972007ab263efdb3aa8b0f67ec2c8de5b8559095059440f46e6e0637c0ed21f,7d9161f5fc35c7a19a565539bc07494e091029008a32808d4b3464be4d2065d1
b494,andalucia|2021|cuestionario-practico|144,Andalucía,2021,aparato-digestivo,cuestionario-practico,494,"Paciente varón de 64 años de edad con antecedentes de cirrosis hepática compensada con hipertensión portal, que acude a la consulta externa de Aparato Digestivo por dispepsia de 3 meses de evolución. Ante esta situación, se realiza una gastroscopia que revela una lesión sobre-elevada de 25 mm en cara anterior del cuerpo gástrico proximal con depresión central, no ulcerada. El estudio histopatológico de las biopsias revela un adenocarcinoma gástrico bien diferenciado.

En la ultrasonografía endoscópica realizada, se describe una lesión de 25 mm en la cara posterior del cuerpo gástrico alto que produce un engrosamiento de la 1a y 2a capa ecográficas con un área puntual milimétrica de posible invasión en la 3a capa. ¿Cuál sería el tratamiento mas adecuado para este paciente?:",Gastrectomía total abierta,Mucosectomía en fragmentos,Ninguna de las respuestas anteriores es correcta.,Gastrectomía total laparoscópica,c,Ninguna de las respuestas anteriores es correcta.,,39,AD_ANDALUCIA_2021_22_LIBRE__EXAM__07__9122-aparato-digestivo-pdf.pdf,AD_ANDALUCIA_2021_22_LIBRE__CORRECTION__09__9122-plantilla-respuestas-def-digestivo-pdf.pdf,retained318,fcdcffb675432bb04ec7fd7b8de6b5f35e678a9ae94fbdabc2306792a1ab82c6,0b59fcf1537b7fc3c86cc0e146a73e45488ba14d7710bc2c6353d4e921fb249d
b498,castilla-la-mancha|2022|main|82,Castilla-La Mancha,2022,aparato-digestivo,main,498,"Atendiendo a las últimas guías españolas de diagnóstico y tratamiento del carcinoma hepatocelular (CHC) publicadas en 2021, ¿Cuál de los siguientes enunciados es falso?",Ningún tratamiento adyuvante ha demostrado eficacia en la prevención de la recurrencia tras la cirugía del CHC.,Ninguna de las respuestas anteriores es correcta.,La alfa fetoproteína elevada es un predictor de invasión microvascular y pobre diferenciación tumoral.,Criterios como up to seven se consideran como referencia para expandir los criterios de trasplante hepático.,b,Ninguna de las respuestas anteriores es correcta.,negated,14,AD_CASTILLA_LA_MANCHA_2022__EXAM__exam__cuestionario-fea-digestivo.pdf,AD_CASTILLA_LA_MANCHA_2022__CORRECTION__correction__plantilla-correctora-definitiva-fea-aparato-digestivo.pdf,retained318,00839531e90ed170d307795d6606d4436a9fd963a9b9c9bcd2583ff5bb1f9cea,8b5ce1e40afefb0ab5630a96a72ca805cce0fa0f00919ca89ad17a04a75241fc
b499,aragon|2020|reserva-especifica|103,Aragón,2020,aparato-digestivo,reserva-especifica,499,"Respecto a la profilaxis de la infección por citomegalovirus en el receptor de trasplante hepático, señale la respuesta INCORRECTA:",Se suele realizar con valganciclovir oral.,Ninguna de las respuestas anteriores es correcta.,Es una estrategia recomendable en los pacientes de alto riesgo (receptores no inmunizados que reciben el injerto de un donante seropositivo).,La profilaxis es eficaz en prevenir tanto los efectos directos como los efectos indirectos del citomegalovirus.,b,Ninguna de las respuestas anteriores es correcta.,negated,20,AD_ARAGON_2020__EXAM__exam__cuadernillo-de-examen-y-respuestas-provisionales-2021-f.e.a-aparato-digestivo.pdf,AD_ARAGON_2020__ANSWER_KEY__answer-key__plantilla-provisional-de-respuestas-2021-f.e.a-aparato-digestivo.pdf,retained318,e15ff105f162d8b6dbe0063b6a1fac2de40daaeb80228cd6797adcd8c7c8f983,d9c25c9bd001114728d618015adf6bc11d06bb3cd33a26f272e8d4176961673e
n001,la-rioja|2024|main|89,La Rioja,2024,aparato-digestivo,main,89,En relación con la colitis microscópica señale cuál de las siguientes afirmaciones es CORRECTA:,Se ha descrito una asociación genética con los alelos HLA A1*05 y DQ B1.,"Se ha observado asociación con la enfermedad celíaca, y se considera que el gluten actúa como antígeno desencadenante de la inflamación en la mucosa colónica.",Ninguna de las respuestas anteriores es correcta.,La capacidad absortiva del agua en el colon guarda una relación inversa con el grado de celularidad en la lámina propia y con el engrosamiento de la banda subepitelial de colágeno.,c,Ninguna de las respuestas anteriores es correcta.,,23,AD_LA_RIOJA_2023_2024__EXAM__exam__fea-aparato-digestivo-2025.pdf,AD_LA_RIOJA_2023_2024__CORRECTION__correction__plantilla-respuestas-modificada-fea-aparato-digestivo-2025.pdf,new182,8df077f5b0f391ed903d5b109e5049c7628e6ae555f240d97eaeab6dbc1cb527,6b82689b120949cbc9b7fb40af14463a55aea99dd47d1d123cd1e46146442dc2
n002,andalucia|2021|cuestionario-teorico|58,Andalucía,2021,aparato-digestivo,cuestionario-teorico,58,"Mujer de 45 años que es diagnosticada de tumor del estroma gastrointestinal (GIST) gástrico de 3 cm, sin enfermedad metastásica a distancia, tras realización de ecoendoscopia con biopsia, y estudio de extensión con resonancia magnética con gadolinio. ¿Cuál de estos es el tratamiento más adecuado?",Imatinib hasta obtener remisión completa.,Gastrectomía total con linfadenectomía D2.,Ninguna de las respuestas anteriores es correcta.,Vigilancia dada la benignidad de este tumor.,c,Ninguna de las respuestas anteriores es correcta.,,15,AD_ANDALUCIA_2021_22_LIBRE__EXAM__07__9122-aparato-digestivo-pdf.pdf,AD_ANDALUCIA_2021_22_LIBRE__CORRECTION__09__9122-plantilla-respuestas-def-digestivo-pdf.pdf,new182,8874aac0fdca2442626b06ff2470279a479451075a6e74f946c2946b045be0e8,3972304048d1d20e57c8c488694933433e8687862563c62c6c392241aa9ddbf8
n003,galicia|2022|main|25,Galicia,2022,aparato-digestivo,main,25,"Un paciente de 65 años ingresa por pancreatitis aguda biliar. Al ingreso presenta hipotensión, taquicardia y oliguria, que se resuelve en 36 horas tras tratamiento con sueroterapia. Se realiza un TAC al cuarto día que muestra una colección líquida y necrótica a nivel de tejido extrapancreático no encapsulada y mal definida. Señale la respuesta CORRECTA:",El paciente tiene una pancreatitis aguda grave según los criterios de Atlanta revisados.,Ninguna de las respuestas anteriores es correcta.,En las primeras horas la reposición de volumen se recomienda que se haga con coloides.,La nutrición enteral por sonda naso-yeyunal es superior a la naso-gástrica.,b,Ninguna de las respuestas anteriores es correcta.,,6,AD_GALICIA_OPE_2022__EXAM__gal-09__especifico-cast-aparello-dx-20240316193007-cas-pdf.pdf,AD_GALICIA_OPE_2022__CORRECTION__gal-11__fea-aparello-dixestivo-20240514082015-cas-pdf.pdf,new182,7c1be9c7c2d109fc525c892842113d9ff812ba2fdbfb00264a306ac4a7362ab6,001170e6daca999fd642a0fedbab2fb769196f8d1d990b9c4312ec16a11b8848
n004,galicia|2022|main|99,Galicia,2022,aparato-digestivo,main,99,La técnica POEM (Miotomía Peroral Endoscópica) está especialmente indicada en los pacientes que presentan:,Acalasia tipo I.,Acalasia tipo II.,Ninguna de las respuestas anteriores es correcta.,Espasmo Esofágico Distal.,c,Ninguna de las respuestas anteriores es correcta.,,20,AD_GALICIA_OPE_2022__EXAM__gal-09__especifico-cast-aparello-dx-20240316193007-cas-pdf.pdf,AD_GALICIA_OPE_2022__CORRECTION__gal-11__fea-aparello-dixestivo-20240514082015-cas-pdf.pdf,new182,978b507322b56134356879445e8b8813d148cc60bbe213d145d0974649422ce7,424d62c9e334914ad61d0c51e6c375e9277071f2b51b195e99866eda820ac958
n005,andalucia|2021|cuestionario-practico|138,Andalucía,2021,aparato-digestivo,cuestionario-practico,138,"Dicha lesión, en la prueba de imagen realizada, presenta una pared bien definida, sin componente sólido, sin comunicación con los conductos pancreáticos, y con una configuración de múltiples tabiques, que le dan el aspecto de un panal de abeja con una cicatriz central. Según estos hallazgos, ¿Cuál es su principal sospecha diagnóstica? :",Un quiste simple verdadero,Ninguna de las respuestas anteriores es correcta.,Un tumor mucinoso papilar intraductal.,Un cistoadenoma mucinoso,b,Ninguna de las respuestas anteriores es correcta.,,38,AD_ANDALUCIA_2021_22_LIBRE__EXAM__07__9122-aparato-digestivo-pdf.pdf,AD_ANDALUCIA_2021_22_LIBRE__CORRECTION__09__9122-plantilla-respuestas-def-digestivo-pdf.pdf,new182,99be509d3d1f5c61abe73e1eaef9da3b5305342429034499c964822a7dd164e5,c5a9e00e67471f817cb611c3eb6e5a7024a53b8c5ff92189759fecc917429960
n006,andalucia|2021|cuestionario-practico|103,Andalucía,2021,aparato-digestivo,cuestionario-practico,103,El estudio en heces detectó presencia de C. difficile. Se realizó colonoscopia total e ileoscopia sin encontrar lesiones mucosas. Se tomaron biopsias de colon que mostraron un incremento de linfocitos intraepiteliales (>20 LIE/100 cl epiteliales) en epitelio superficial y criptas pero con patrón arquitectural normal. Su sospecha diagnóstica será:,Colitis pseudomembranosa,Infección por C. difficile,Ninguna de las respuestas anteriores es correcta.,Enfermedad celíaca del colon,c,Ninguna de las respuestas anteriores es correcta.,,24,AD_ANDALUCIA_2021_22_LIBRE__EXAM__07__9122-aparato-digestivo-pdf.pdf,AD_ANDALUCIA_2021_22_LIBRE__CORRECTION__09__9122-plantilla-respuestas-def-digestivo-pdf.pdf,new182,661bc248829ca8c9357a95e2b64ec487fffce5cfb9b3527b07adf14adf9326db,7c75a786b75151285187759b8b390dadd8469b4481fcbda62aa9d80c0af0c3e6
n007,andalucia|2021|reserva|153,Andalucía,2021,aparato-digestivo,reserva,153,"Una mujer de 29 años acude a urgencias con dolor abdominal, náuseas y vómitos. Ella reconoce haber tomado una cantidad indeterminada de paracetamol aproximadamente 12 horas antes de la admisión. ¿Cuál de las siguientes opciones implica el peor pronóstico?",GOT 6000 UI/l.,Ninguna de las respuestas anteriores es correcta.,INR 3.,Encefalopatía hepática grado 2.,b,Ninguna de las respuestas anteriores es correcta.,,42,AD_ANDALUCIA_2021_22_LIBRE__EXAM__07__9122-aparato-digestivo-pdf.pdf,AD_ANDALUCIA_2021_22_LIBRE__CORRECTION__09__9122-plantilla-respuestas-def-digestivo-pdf.pdf,new182,a962a3820002136c6add6c9ab55a4c5c57cc9ff484fe0a900c917660029c3663,61e84bf025ccf853c1051fa040ddaba61dbce8f052dbe18ea5a01ef9b681da80
n008,la-rioja|2024|main|36,La Rioja,2024,aparato-digestivo,main,36,"Ante un paciente con enfermedad de Behçet y oclusión aguda de las venas suprahepáticas que acude a urgencias con ascitis grave, coagulopatía (INR 2,5) e hiperbilirrubinemia (Bilirrubina 12,5 mg/dL), señale la opción CORRECTA:",La anticoagulación con heparina sódica es muy eficaz y en pocas horas resolverá el cuadro.,Ninguna de las respuestas anteriores es correcta.,El síndrome de Budd-Chiari contraindica la realización de un trasplante.,La fibrinólisis intravenosa es el tratamiento más eficaz en este caso.,b,Ninguna de las respuestas anteriores es correcta.,,10,AD_LA_RIOJA_2023_2024__EXAM__exam__fea-aparato-digestivo-2025.pdf,AD_LA_RIOJA_2023_2024__CORRECTION__correction__plantilla-respuestas-modificada-fea-aparato-digestivo-2025.pdf,new182,6fe1c36209ab32a1e67552e0131b1d7f4b4fb011ef009dc6f7571ae10940bb5c,4f6f75be738c00a715b20ea37320cfd6c560d87641714f0cca4188258b4757fc
n009,galicia|2022|main|87,Galicia,2022,aparato-digestivo,main,87,"Mujer de 51 años con antecedentes personales de hipotiroidismo autoinmune que presenta en analítica de control en Atención Primaria: AST 21 UI/ml ALT 36 UI/ml GGT 128 UI/ml F Alcalina 382 UI/ml, bilirrubina total 0,5 mg/dl. En el estudio etiológico de alteración de la bioquímica hepática presenta ANAs 1/40, AMAs 1/320, antiM2 positivo con el resto de estudio de autoinmunidad negativo. IgG 1185 mg/dl, IGM 415 mg/dl. La ecografía abdominal no muestra alteraciones significativas. La elastografía transitoria muestra una rigidez mediana de 4,6 KPa. Con respecto al caso, señale la afirmación VERDADERA:",Está indicada biopsia hepática para el diagnóstico definitivo.,No está indicado el tratamiento con ácido ursodeoxicólico en pacientes asintomáticos.,Ninguna de las respuestas anteriores es correcta.,La ausencia inicial de síntomas indica un pronóstico excelente.,c,Ninguna de las respuestas anteriores es correcta.,,18,AD_GALICIA_OPE_2022__EXAM__gal-09__especifico-cast-aparello-dx-20240316193007-cas-pdf.pdf,AD_GALICIA_OPE_2022__CORRECTION__gal-11__fea-aparello-dixestivo-20240514082015-cas-pdf.pdf,new182,ace6bbcbcd72af691af6aec98fb16eafffdb52079b51b11229b6a94b54dc525b,d5d9048bb8dcdea226bafffd63c59096d97e87e58e19580479507e8c14d301f7
n010,comunidad-de-madrid|2021|main|129,Comunidad de Madrid,2021,aparato-digestivo,main,129,El principal factor de riesgo de desarrollo de carcinoma epidermoide de esófago es:,Metaplasia de Barrett,Reflujo gastroesofágico,Obesidad,Ninguna de las respuestas anteriores es correcta.,d,Ninguna de las respuestas anteriores es correcta.,,23,AD_COMUNIDAD_DE_MADRID_2021__EXAM__017_exam_cuestionario-de-examen-f-e-en-aparato-digestivo-sermas-2021.pdf,AD_COMUNIDAD_DE_MADRID_2021__ANSWER_KEY__018_answer-key_plantilla-correctora-f-e-aparato-digestivo-2021.pdf,new182,a2a914e2b531c68208c8f754ddc5ced047bc62e54ff8cea5c7a877731ea63855,c9ab693d764ce1388dd3dbaebfc226104713e3759e6abf17fe502ad367e64880
n011,galicia|2016|main|12,Galicia,2016,aparato-digestivo,main,12,"En el registro de manometría de alta resolución de un paciente en estudio por disfagia y regurgitación, se objetiva una presión integrada de relajación >15mm Hg y una ausencia de peristaltismo en todas las degluciones. Según los criterios de la Clasificación de Chicago, ¿cual es el diagnóstico más probable?",Obstrucción funcional de la unión gastro-esofágica.,Ninguna de las respuestas anteriores es correcta.,Espasmo esofágico difuso.,Esófago en cascanueces.,b,Ninguna de las respuestas anteriores es correcta.,,5,AD_GALICIA_OPE_2016__EXAM__gal-02__aparato-digestivo-cas-20171029192531-cas-pdf.pdf,AD_GALICIA_OPE_2016__CORRECTION__gal-03__aparello-dixestivo-20180201084525-cas-pdf.pdf,new182,1e4b355cd6e22573a72b9ce8f724a1c2b3e917758d29a5d98f9a2b13fc457cfa,ecf03edb80e4285770801ba5fbbfd08b6d7d936dd86788a0d5380521d1ee18d4
n012,andalucia|2021|cuestionario-practico|117,Andalucía,2021,aparato-digestivo,cuestionario-practico,117,Que tipo de colección tenía en el segunda ingreso:,Colección peripancreatica aguda.,Ninguna de las respuestas anteriores es correcta.,Necrosis pancreática aguda.,Necrosis encapsulada.,b,Ninguna de las respuestas anteriores es correcta.,,30,AD_ANDALUCIA_2021_22_LIBRE__EXAM__07__9122-aparato-digestivo-pdf.pdf,AD_ANDALUCIA_2021_22_LIBRE__CORRECTION__09__9122-plantilla-respuestas-def-digestivo-pdf.pdf,new182,e897f188d7610d6341a2ef19eb0c1fd1132c3eb6963ba82baedba0725f634a4e,b9a508e2dcdcffb61d94a7b8f9ecb0044136727cc3125e9390379aad443608a1
n013,la-rioja|2024|main|91,La Rioja,2024,aparato-digestivo,main,91,"En el estudio de laboratorio de una anemia ferropénica, diversos parámetros férricos permiten apoyar dicho origen. En relación con estos parámetros, señale cuál de las siguientes afirmaciones es CORRECTA:",La saturación de transferrina se encuentra elevada.,El nivel sérico del receptor soluble de transferrina se encuentra disminuido.,La concentración de eritropoyetina (EPO) plasmática se encuentra reducida.,Ninguna de las respuestas anteriores es correcta.,d,Ninguna de las respuestas anteriores es correcta.,,24,AD_LA_RIOJA_2023_2024__EXAM__exam__fea-aparato-digestivo-2025.pdf,AD_LA_RIOJA_2023_2024__CORRECTION__correction__plantilla-respuestas-modificada-fea-aparato-digestivo-2025.pdf,new182,2584e63452ff88e52873e88512cd11ed60703beb9997f751d4fed256ac49a6e7,115e2d28cb17517a0655e86c7d56e3f7a819d34880591c17438f37a02dc9ef0f
n014,galicia|2022|main|2,Galicia,2022,aparato-digestivo,main,2,Según las recomendaciones de la V Conferencia Española de Consenso para el tratamiento de la infección por Helicobacter Pylori:,Un tratamiento erradicador se considera efectivo cuando logra la curación de la infección en un porcentaje próximo o preferiblemente mayor al 70 por ciento.,Se recomienda el uso de probióticos para reducir el riesgo de diarrea secundaria a tratamiento antibiótico.,Ninguna de las respuestas anteriores es correcta.,"En pacientes alérgicos a penicilina, se recomienda como primera línea terapéutica triple terapia con IBP, Tetraciclina y Metronidazol.",c,Ninguna de las respuestas anteriores es correcta.,,2,AD_GALICIA_OPE_2022__EXAM__gal-09__especifico-cast-aparello-dx-20240316193007-cas-pdf.pdf,AD_GALICIA_OPE_2022__CORRECTION__gal-11__fea-aparello-dixestivo-20240514082015-cas-pdf.pdf,new182,2428e9040121a93207b1db388261c63feac15dbfadab31d8ea0395da70adf70d,995ba09ead90eccf96ad3b6ee208feabf9a3cfd112de374e3293361073da3bfb
n015,andalucia|2021|cuestionario-teorico|26,Andalucía,2021,aparato-digestivo,cuestionario-teorico,26,"Basándonos en la clasificación de Atlanta revisada, ¿Cuál de estos parámetros define mejor una pancreatitis aguda grave?",Hematocrito superior al 44%.,Ninguna de las respuestas anteriores es correcta.,Necrosis de más del 50% de la glándula.,Colecciones múltiples en torno al páncreas.,b,Ninguna de las respuestas anteriores es correcta.,,8,AD_ANDALUCIA_2021_22_LIBRE__EXAM__07__9122-aparato-digestivo-pdf.pdf,AD_ANDALUCIA_2021_22_LIBRE__CORRECTION__09__9122-plantilla-respuestas-def-digestivo-pdf.pdf,new182,bf27348750e618cb93c43507a9b3d174ac63e8aa9f41d0b6f372e96133d273b6,07f59a978e5f72788f2b9cb31306e53992b486570b2d0c008b0c8ad43dbf5e9e
n016,castilla-y-leon|2019|main|72,Castilla y León,2019,aparato-digestivo,main,72,"En una mujer de 32 años diagnosticada de síndrome de Lynch, señale el tumor más frecuente tras el colorrectal:",Estómago.,Ninguna de las respuestas anteriores es correcta.,Ovario.,Cuello uterino.,b,Ninguna de las respuestas anteriores es correcta.,,16,AD_CASTILLA_Y_LEON_2019__EXAM__044_exam_examen-le-aparato-digestivo-orden-san-139-2020.pdf,AD_CASTILLA_Y_LEON_2019__ANSWER_KEY__045_answer-key_plantilla-respuestas-correctas-l-e-aparato-digestivo-orden-s.pdf,new182,eaea122eaa9358303afc21c84db7457ed73ba6037dd60e50698e339b2598bee5,b21c6922c2f7c401b2327390fd607cdf09b7cdfb88c28a9fc66c57b4de2cbcd1
n017,la-rioja|2024|main|34,La Rioja,2024,aparato-digestivo,main,34,¿Cuál es el factor subrogado más importante en un paciente cirrótico en cuanto al pronóstico?:,Grado de fibrosis por biopsia hepática.,Encefalopatía hepática.,Ninguna de las respuestas anteriores es correcta.,Niveles de bilirrubina.,c,Ninguna de las respuestas anteriores es correcta.,,9,AD_LA_RIOJA_2023_2024__EXAM__exam__fea-aparato-digestivo-2025.pdf,AD_LA_RIOJA_2023_2024__CORRECTION__correction__plantilla-respuestas-modificada-fea-aparato-digestivo-2025.pdf,new182,3836f804896f3e7a195175f2d52f07a922b2732245424b25d2c5cdbfbc0e2596,93b2e9421effe1f743d37081dfd9f05a6f70fa4d784d231f5011ef9f605447ef
n018,castilla-y-leon|2019|main|48,Castilla y León,2019,aparato-digestivo,main,48,"De las siguientes, ¿cuál es la causa más frecuente de malabsorción de vitamina B<sub>12</sub>?","Enfermedad de Crohn, con afectación de íleon terminal.",Insuficiencia Pancreática.,Gastrectomía.,Ninguna de las respuestas anteriores es correcta.,d,Ninguna de las respuestas anteriores es correcta.,,11,AD_CASTILLA_Y_LEON_2019__EXAM__044_exam_examen-le-aparato-digestivo-orden-san-139-2020.pdf,AD_CASTILLA_Y_LEON_2019__ANSWER_KEY__045_answer-key_plantilla-respuestas-correctas-l-e-aparato-digestivo-orden-s.pdf,new182,1b43a98b3301344143c69e7d9a2c0a481d80840b90d0fd334308d4a4ba2f50ab,eec497b31f41de823f4bb19aec3a518592cc40b35b47e740d9e364c307a09693
n019,andalucia|2021|cuestionario-teorico|91,Andalucía,2021,aparato-digestivo,cuestionario-teorico,91,"¿Cuál de las siguientes vacunas recomienda el grupo español de trabajo de Enfermedad de Crohn y Colitis Ulcerosa (GETECCU) en pacientes inmunocomprometidos, pero no en inmunocompetentes?",Varicela.,Tétanos-difteria.,Ninguna de las respuestas anteriores es correcta.,Pneumococo Polisacáridos (23-valente).,c,Ninguna de las respuestas anteriores es correcta.,,21,AD_ANDALUCIA_2021_22_LIBRE__EXAM__07__9122-aparato-digestivo-pdf.pdf,AD_ANDALUCIA_2021_22_LIBRE__CORRECTION__09__9122-plantilla-respuestas-def-digestivo-pdf.pdf,new182,638326f954af16c259bec472981e1f974e441e4e25ccc26591aead41a594654c,2c5b795529990bc8314db86ebc644e0f1189e1be6a2b5cb4b2c0db1be6027528
n020,andalucia|2022|cuestionario-practico|148,Andalucía,2022,aparato-digestivo,cuestionario-practico,148,"Se realizó endoscopia oral que no detectó alteraciones dignas de mención, y se tomaron biopsias de duodeno (4) y bulbo (2) que fueron informadas como ""presencia de atrofia vellositaria con hiperplasia críptica e infiltrado de linfocitos T intraepiteliales por encima de 30 linfocitos por cada 100 enterocitos"". Los anticuerpos antitransglutaminasa-2-IgA fueron negativos. Señale la respuesta más acertada sobre el diagnóstico del paciente:",Podría tratarse de una celiaquía con MARSH-2.,Ninguna de las respuestas anteriores es correcta.,Podría tratarse de una enfermedad celíaca MARSH-1,Podría tratarse un esprue refractario.,b,Ninguna de las respuestas anteriores es correcta.,,42,AD_ANDALUCIA_2022_EXTRAORDINARIA_LIBRE__EXAM__12__revisado-56007-fea-aparato-digestivo-final-pdf.pdf,AD_ANDALUCIA_2022_EXTRAORDINARIA_LIBRE__CORRECTION__14__def-feaapdigestivo-sas-2023-pdf.pdf,new182,ffe6e4a3b714d1dbd32934d340208b8a4f4b53cdd1f7dc16f57a4f9067724073,edc12fb823e04e12d1e6854c5830aa7b12606b182cbcf51ec056736f9fd0993d
n021,castilla-la-mancha|2017|main|75,Castilla-La Mancha,2017,aparato-digestivo,main,75,Señale la RESPUESTA VERDADERA en relación con el manejo de un paciente con Ascitis secundaria a Cirrosis Hepática,El estudio de Amilasa en el líquido debe realizarse de forma rutinaria y seriada.,No es necesario realizar seguimiento clínico ni analítico de los pacientes en tratamiento diurético pues son excepcionales las complicaciones o efectos secundarios.,Cualquier grado de hiponatremia debe ser tratado con restricción hídrica y suero salino intravenoso.,Ninguna de las respuestas anteriores es correcta.,d,Ninguna de las respuestas anteriores es correcta.,,14,AD_CASTILLA_LA_MANCHA_2017_2018__EXAM__exam__cuestionario-fea-aparato-digestivo.pdf,AD_CASTILLA_LA_MANCHA_2017_2018__CORRECTION__correction__plantilla-correctora-definitiva-fea-aparato-digestivo.pdf,new182,0d6d6e9c738484c87e61e3577163fcbc6f3b58cdad90247e1ece953947a666b8,4539e9fbdf9b88e633dad5f0374171590d41f2ff72ff3db4f489b8039ae40513
n022,aragon|2017|main|49,Aragón,2017,aparato-digestivo,main,49,"Al tercer año postrasplante de una cirrosis por esteatohepatitis, se evalúa una paciente con obesidad (48 BMI), con alteraciones analíticas, ecografía con esteatosis sin compromiso de la vía biliar, y en la biopsia esteatosis muy intensa, con infiltrado inflamatorio y fibrosis. ¿Cuál es la causa más probable?",Estenosis de la vía biliar principal.,Hepatitis autoinmune,Ninguna de las respuestas anteriores es correcta.,Rechazo crónico,c,Ninguna de las respuestas anteriores es correcta.,,19,AD_ARAGON_2017__EXAM__exam__cuadernillo-del-examen-de-la-categoria-de-aparato-digestivo-que-fue-realizado-el.pdf,AD_ARAGON_2017__ANSWER_KEY__answer-key__plantilla-de-respuestas-del-examen-de-la-categoria-de-aparato-digestivo-que-fue-.pdf,new182,91d2e9e06e20e24e51e81cf2cc5314e3243d7dba92931a2e79b34d49449e6cbf,91b656f053138439bcf9aedffc9db461eebebfa0d9b5ad31bb311e4d5bffb30f
n023,la-rioja|2024|main|6,La Rioja,2024,aparato-digestivo,main,6,La clasificación de la organización mundial de la salud (WHO) de adenocarcinoma gástrico incluye:,Difuso e intestinal.,Escamoso y adenoescamoso.,Exofítico e infiltrativo.,Ninguna de las respuestas anteriores es correcta.,d,Ninguna de las respuestas anteriores es correcta.,,4,AD_LA_RIOJA_2023_2024__EXAM__exam__fea-aparato-digestivo-2025.pdf,AD_LA_RIOJA_2023_2024__CORRECTION__correction__plantilla-respuestas-modificada-fea-aparato-digestivo-2025.pdf,new182,ebd2924600073ab3657bb521311ef7ddf146bb1f188b40d16e114097e59713e1,46cdb2df58dd91855c2f114f10248faed68c4e8091171b96f135cdacfe33a794
n024,castilla-y-leon|2019|main|139,Castilla y León,2019,aparato-digestivo,main,139,Paciente de 54 años con linfoma MALT estadio T1 que presenta en endoscopia de control a los 6 meses persistencia de lesión eritematosa con Anatomía patológica de pequeños focos de linfoma. La determinación de Helicobacter pylori es negativa. ¿Cuál es la actitud a seguir más correcta?,Remitir al paciente para tratamiento con quimioterapia.,Realizar un nuevo ciclo de tratamiento erradicador.,Ninguna de las respuestas anteriores es correcta.,Gastrectomía total con linfadenectomía.,c,Ninguna de las respuestas anteriores es correcta.,,32,AD_CASTILLA_Y_LEON_2019__EXAM__044_exam_examen-le-aparato-digestivo-orden-san-139-2020.pdf,AD_CASTILLA_Y_LEON_2019__ANSWER_KEY__045_answer-key_plantilla-respuestas-correctas-l-e-aparato-digestivo-orden-s.pdf,new182,5a7f31db3523afabcb178048763b496657eb12158601b02a9f7f7f2853c7fe57,a1a5d7bfffeee735dc22b589c77b4ceefd439236a51ab496893d13c84268dbf6
n025,andalucia|2021|cuestionario-practico|133,Andalucía,2021,aparato-digestivo,cuestionario-practico,133,"A partir de la exposición clínica, ¿Cuál sería el diagnóstico sindrómico inicial más probable?",Colitis infecciosa,Ninguna de las respuestas anteriores es correcta.,Patología neoplásica,Enfermedad Inflamatoria intestinal,b,Ninguna de las respuestas anteriores es correcta.,,36,AD_ANDALUCIA_2021_22_LIBRE__EXAM__07__9122-aparato-digestivo-pdf.pdf,AD_ANDALUCIA_2021_22_LIBRE__CORRECTION__09__9122-plantilla-respuestas-def-digestivo-pdf.pdf,new182,423d336be4a10fc6975196db8b019f636049ba83c0f5a5c04c6197277935cce7,ef5dc6b5ae5462dd0618811718e6cf00551a8abe02765490eb018e8460c0713b
n026,la-rioja|2021|main|33,La Rioja,2021,aparato-digestivo,main,33,¿Cuál de estas enfermedades está más frecuentemente asociada a la infección por VHC?,Síndrome de Fanconi.,Ninguna de las respuestas anteriores es correcta.,Glomeruloesclerosis focal y segmentaria.,Glomerulonefritis por depósitos de IgA.,b,Ninguna de las respuestas anteriores es correcta.,,14,AD_LA_RIOJA_2020_2021__EXAM__exam__fea-aparato-digestivo-2021.pdf,AD_LA_RIOJA_2020_2021__CORRECTION__correction__plantilla-respuestas-modificada-fea-aparato-digestivo-2021.pdf,new182,5b99c47a15c8df98a6f4b9f8f64ad295e3cf503276821b61869e91f9ca2e48d9,9a462e5d4bb0a65d4d13f8c137d01c05fa1c09a733f42ba1d63e577ecb8c7909
n027,region-de-murcia|2019|main|137,Región de Murcia,2019,aparato-digestivo,main,137,"En relación a la encefalopatía hepática, señale la respuesta verdadera:",El estreñimiento constituye el factor precipitante más frecuente en la encefalopatía hepática.,La sobredosis de diuréticos constituye el factor precipitante más frecuente en la encefalopatía hepática.,"De acuerdo con la enfermedad de base, la encefalopatía hepática Tipo A es consecuencia de la cirrosis.",Ninguna de las respuestas anteriores es correcta.,d,Ninguna de las respuestas anteriores es correcta.,,22,AD_REGION_DE_MURCIA_2019__EXAM__021_exam_apa-dig-lb-a-examen-turno-libre-modelo-a.pdf,AD_REGION_DE_MURCIA_2019__ANSWER_KEY__022_answer-key_apa-dig-plantilla-respuestas-corregida-turno-libre-modelo-a.pdf,new182,bbedf4d119ea3f793ce634be73d70e4add8d0c3c36b6c84a8c6f4063c2c0c638,340fd4d2511bad0b51be80c493fb139d2822e6f39b52e81cb3b214e3856d2605
n028,castilla-la-mancha|2017|main|76,Castilla-La Mancha,2017,aparato-digestivo,main,76,En el procedimiento diagnóstico de la medición del Gradiente de Presión Venosa Hepática (GPVH) (señale la cierta),Se requiere fluoroscopia sólo cuando no es posible acceder de forma correcta al territorio venoso.,Un GPVH por encima de 5 mmHg se considera hipertensión portal clínicamente significativa con aparición de V. Esofágicas y ascitis.,La utilidad de monitorizar la medición del GPVH como profilaxis primaria de sangrado por varices esofagogástricas es clara.,Ninguna de las respuestas anteriores es correcta.,d,Ninguna de las respuestas anteriores es correcta.,,14,AD_CASTILLA_LA_MANCHA_2017_2018__EXAM__exam__cuestionario-fea-aparato-digestivo.pdf,AD_CASTILLA_LA_MANCHA_2017_2018__CORRECTION__correction__plantilla-correctora-definitiva-fea-aparato-digestivo.pdf,new182,290aa8abc377ebd2a96b1c9fc9d437084652684515bc84e3206f9d4cd7d14c2d,5c122aa412bb23d4d9949fc496201c03dfbd9b1e1191f0f77326e918ed982ef8
n029,galicia|2022|main|37,Galicia,2022,aparato-digestivo,main,37,"Llaman al busca de digestivo por una mujer de 33 años con enfermedad de Crohn fenotipo de Montreal A2L2B1 corticodependiente, en tratamiento actual con azatioprina, que acude a urgencias por dolor y bulto en región perianal, que se confirma a la exploración física. ¿Qué debemos indicarles?:","Retirar azatioprina, puesto que tiene una infección activa.",Antibioterapia con ciprofloxacino y metronidazol.,TC pélvico urgente.,Ninguna de las respuestas anteriores es correcta.,d,Ninguna de las respuestas anteriores es correcta.,,9,AD_GALICIA_OPE_2022__EXAM__gal-09__especifico-cast-aparello-dx-20240316193007-cas-pdf.pdf,AD_GALICIA_OPE_2022__CORRECTION__gal-11__fea-aparello-dixestivo-20240514082015-cas-pdf.pdf,new182,596f893502269cc9ea7fe832e39c6eac1b0c209fa7404ccbe7424b05519f34af,b44b6fdf8e97c5fb3f67c5cd159a0ec75c975d192f25fe01455f407539b53f13
n030,galicia|2022|main|74,Galicia,2022,aparato-digestivo,main,74,"Mujer de 71 años diagnosticada de enfermedad hepática grasa metabólica hace un año. Ingresa por primera descompensación en forma de ascitis. Con respecto a su manejo, ¿cuál es la opción CORRECTA?:","Ante la aparición de ascitis en una cirrosis conocida, la paracentesis está indicada únicamente ante sospecha de infección.",Ninguna de las respuestas anteriores es correcta.,Un gradiente de albúmina en suero-ascitis mayor de 3 g/dl es indicativo de trasudado.,La furosemida en dosis de 40 mg/día es el tratamiento inicial de elección.,b,Ninguna de las respuestas anteriores es correcta.,,16,AD_GALICIA_OPE_2022__EXAM__gal-09__especifico-cast-aparello-dx-20240316193007-cas-pdf.pdf,AD_GALICIA_OPE_2022__CORRECTION__gal-11__fea-aparello-dixestivo-20240514082015-cas-pdf.pdf,new182,78c96395d4a3514fc3020217b11b3136a900d8d682f70c2bd9bb70c7f0125058,e9117303feb810da7c4751488831d6f2fa6db8398954c8cd5e9a9f4f039a5f4b
n032,galicia|2016|main|7,Galicia,2016,aparato-digestivo,main,7,"La insuficiencia o fallo hepático agudo sobre crónico es una complicación frecuente en pacientes con cirrosis hepática y de alta mortalidad a corto plazo, en relación con el establecimiento de una situación de fallo multiorgánico. La identificación precoz del síndrome y el tratamiento de soporte es importante dada su progresión rápida y sus consecuencias pronósticas. Se han establecido una serie de índices pronósticos para la estratificación del riesgo y ayuda a la toma de decisiones. ¿Qué aseveración es correcta?",La insuficiencia hepática aguda sobre crónica se clasifica en 3 estadíos de gravedad en función del número y tipo de fallo de órganos observados. El estadío al diagnóstico se considera el mayor factor determinante de mortalidad a corto plazo y los estadíos grado 3 (>3 fallos de órgano) en el momento del diagnóstico se consideran irreversibles.,"Diferentes factores precipitantes favorecen el desarrollo de insuficiencia hepática aguda sobre crónica, tales como infecciones activas, alcoholismo activo o reactivación del VHB. Identificar y tratar el factor precipitante juega un papel clave en el pronóstico del cuadro, los casos en los que no se identifica el factor precipitante se asocian a mayor mortalidad.",Ninguna de las respuestas anteriores es correcta.,"La insuficiencia hepática aguda sobre crónica puede aparecer tanto en cirroticos compensados, representando el primer episodio de descompensación, como en cirróticos con descompensación previa. En estos casos de cirrosis descompensada previamente con episodios previos de ascitis, encefalopatía o HDA, el síndrome presenta peor pronóstico y mayor mortalidad.",c,Ninguna de las respuestas anteriores es correcta.,,4,AD_GALICIA_OPE_2016__EXAM__gal-02__aparato-digestivo-cas-20171029192531-cas-pdf.pdf,AD_GALICIA_OPE_2016__CORRECTION__gal-03__aparello-dixestivo-20180201084525-cas-pdf.pdf,new182,12b32ba9f2b1baa5fd54ace8139051a4bb5eae7ec8ecfef9b438ae3082f1a3e8,39dced0841e257c80d966b585310dea5ac91a074df64c45f39c23d80e9b8533f
n033,region-de-murcia|2019|main|31,Región de Murcia,2019,aparato-digestivo,main,31,"En una paciente de 35 años con DISPEPSIA NO INVESTIGADA SIN SÍNTOMAS DE ALARMA, la actitud inicial a seguir debe ser:",Realizar una esofagogastroduodenoscopia.,Iniciar tratamiento con Domperidona.,Ninguna de las respuestas anteriores es correcta.,Iniciar tratamiento con Antidepresivos tricíclicos.,c,Ninguna de las respuestas anteriores es correcta.,,6,AD_REGION_DE_MURCIA_2019__EXAM__021_exam_apa-dig-lb-a-examen-turno-libre-modelo-a.pdf,AD_REGION_DE_MURCIA_2019__ANSWER_KEY__022_answer-key_apa-dig-plantilla-respuestas-corregida-turno-libre-modelo-a.pdf,new182,48dcfcd023656fd4afbb118c73f4f8340206c478808d7f3176d1f5a4b58a39f7,9a1e571b58920507f0baa94aabcd5edbcb7072b35c67e0bd4ec3cdb5978e81d5
n034,la-rioja|2021|main|20,La Rioja,2021,aparato-digestivo,main,20,¿Cuál es el tratamiento con mayor evidencia (grado de recomendación 1B) para el tratamiento de la colitis microscópica?,Mesalazina.,Colestiramina.,Ninguna de las respuestas anteriores es correcta.,Subsalicilato de bismuto.,c,Ninguna de las respuestas anteriores es correcta.,,10,AD_LA_RIOJA_2020_2021__EXAM__exam__fea-aparato-digestivo-2021.pdf,AD_LA_RIOJA_2020_2021__CORRECTION__correction__plantilla-respuestas-modificada-fea-aparato-digestivo-2021.pdf,new182,54d2b12728bb7525c8e9886846e579f436282882ba7cacda5e80549edcd03fac,7fd3e150deffda386eeac662f8d949f382ec9c35c5d6c3a264ca093ca6c2d792
n035,la-rioja|2021|main|66,La Rioja,2021,aparato-digestivo,main,66,¿Cuál de estas características nos hará sospechar que no estamos ante un linfoma primario intestinal?,Ausencia de ganglios palpables.,Ausencia de linfadenopatía mediastínica.,Ninguna de las respuestas anteriores es correcta.,Afectación ganglionar regional en la laparotomía.,c,Ninguna de las respuestas anteriores es correcta.,,25,AD_LA_RIOJA_2020_2021__EXAM__exam__fea-aparato-digestivo-2021.pdf,AD_LA_RIOJA_2020_2021__CORRECTION__correction__plantilla-respuestas-modificada-fea-aparato-digestivo-2021.pdf,new182,d7d483d2ccc63df2e9605c867dbf6b454acbfa1b8cd5b8666791c6eb49f82137,dae0936d0c18e869fb2340499021e43aef410ba04b78128fb55561160a2b0f29
n036,andalucia|2021|cuestionario-practico|140,Andalucía,2021,aparato-digestivo,cuestionario-practico,140,"Según las últimas recomendaciones, ¿cómo se denomina la situación de la infección crónica por la hepatitis B en la que se encuentra el paciente?",Hepatitis crónica por VHB HBe Ag negativo.,Ninguna de las respuestas anteriores es correcta.,Hepatitis crónica por VHB en situación de inmunotoleracia.,Hepatitis crónica por VHB en situación de portador inactivo.,b,Ninguna de las respuestas anteriores es correcta.,,38,AD_ANDALUCIA_2021_22_LIBRE__EXAM__07__9122-aparato-digestivo-pdf.pdf,AD_ANDALUCIA_2021_22_LIBRE__CORRECTION__09__9122-plantilla-respuestas-def-digestivo-pdf.pdf,new182,9238ad70dbe7810ea692a2c0d686a39dada6dcc6aa21c0e1fb9648f3cfa846cc,8a87bf2f528c2bfdaa9a3fae35d7eed9250b2e4c0d1b0dcce63a878dc3b6ad09
n037,la-rioja|2024|main|77,La Rioja,2024,aparato-digestivo,main,77,"En relación al síndrome de intestino corto, señale la respuesta CORRECTA:",Se toleran peor las resecciones de yeyuno que de íleon.,"La disfunción absortiva es grave, con alta probabilidad de necesidad de nutrición parenteral, si el remanente intestinal es menos de 150cm.",Los cálculos renales por oxalato cálcico son más frecuentes en pacientes con resección de íleon y colon.,Ninguna de las respuestas anteriores es correcta.,d,Ninguna de las respuestas anteriores es correcta.,,19,AD_LA_RIOJA_2023_2024__EXAM__exam__fea-aparato-digestivo-2025.pdf,AD_LA_RIOJA_2023_2024__CORRECTION__correction__plantilla-respuestas-modificada-fea-aparato-digestivo-2025.pdf,new182,2ec6e9cde4cd7ecb288d1479eeb196d48df37df6fdcf592632a656452e05ddaa,b689296ab7bb3f2d3ecf0ecf19da4a1205cabe6bdc74768d6751b6821bc3da8f
n038,andalucia|2021|cuestionario-teorico|66,Andalucía,2021,aparato-digestivo,cuestionario-teorico,66,"Un varón de 49 años sin antecedentes de pancreatitis tiene una TC que muestra un quiste pancreático de 1,8 cm compatible con neoplasia papilar mucinosa intraductal, sin nódulos murales y con un conducto pancreático principal de calibre normal. ¿Qué actitud considera la mejor opción a seguir?",Realización de ecoendoscopia ahora.,Ninguna de las respuestas anteriores es correcta.,Realización de colangiopancreatografía por resonancia magnética en 2 años.,Remisión del paciente a cirugía para resección quirúrgica.,b,Ninguna de las respuestas anteriores es correcta.,,16,AD_ANDALUCIA_2021_22_LIBRE__EXAM__07__9122-aparato-digestivo-pdf.pdf,AD_ANDALUCIA_2021_22_LIBRE__CORRECTION__09__9122-plantilla-respuestas-def-digestivo-pdf.pdf,new182,10f196add86daaa3e477ca66131d7c1fa77c436558e41df57548be9ea9631928,8c40010ef8cb7dd89ba32f92985245d26afcfab422a01a2c2e861d271dbc3ce1
n039,andalucia|2021|cuestionario-practico|113,Andalucía,2021,aparato-digestivo,cuestionario-practico,113,"Finalmente, el paciente tuvo que ser ingresado en UCI por fracaso respiratorio, donde necesita intubación. Pasadas cuatro semanas de su ingreso en UCI se realiza un nuevo TAC de abdomen en el que se describe una gran colección encapsulada compuesta de material sólido y quístico, situada en posición retrogástrica, de unos 12 cm de diámetro mayor. ¿Qué puede decir de la colección en cuestión?",Que por su tamaño y el previsible compromiso de órganos adyacentes necesita ser drenada mediante ecoendoscopia.,Que por su tamaño y el corto tiempo de evolución que lleva necesita drenaje quirúrgico.,Ninguna de las respuestas anteriores es correcta.,Que por su tamaño y el previsible compromiso de órganos vecinos necesita ser drenada de forma percutánea por radiología.,c,Ninguna de las respuestas anteriores es correcta.,,28,AD_ANDALUCIA_2021_22_LIBRE__EXAM__07__9122-aparato-digestivo-pdf.pdf,AD_ANDALUCIA_2021_22_LIBRE__CORRECTION__09__9122-plantilla-respuestas-def-digestivo-pdf.pdf,new182,cb92206f75d8905c2face83b7e7edadea46ed5013e577725b2c38d61f5ba2a02,ab13cd10ad48fa2e3377429cab05640eb49a50e25ed852d0688cea94af3a1223
n040,galicia|2022|main|3,Galicia,2022,aparato-digestivo,main,3,"Según la guía de la Sociedad Europea de Endoscopia Digestiva (ESGE) de 2019, ¿qué es CORRECTO respecto a los pacientes con coledocolitiasis?:",Si están asintomáticos no se recomienda la extracción.,No es necesario realizar esfinterotomía o dilatación de la papila para su extracción.,Ninguna de las respuestas anteriores es correcta.,En la extracción de litiasis de gran tamaño la combinación de esfinterotomía y esfinteroplastia no disminuye la necesidad de litotricia.,c,Ninguna de las respuestas anteriores es correcta.,,2,AD_GALICIA_OPE_2022__EXAM__gal-09__especifico-cast-aparello-dx-20240316193007-cas-pdf.pdf,AD_GALICIA_OPE_2022__CORRECTION__gal-11__fea-aparello-dixestivo-20240514082015-cas-pdf.pdf,new182,65ecc3bed0b674704a7ba98767c5a73ec0e36cef4d601f84f349bfb9d405e853,10e101928e9ba22a6cc07eda40d5feeafbdfabe8f039c6e29bb16fd580bd2df9
n041,galicia|2022|main|23,Galicia,2022,aparato-digestivo,main,23,Paciente de 32 años que ingiere sustancia cáustica con fines autolíticos. La endoscopia muestra presencia de úlceras profundas y hemorragia con afectación circunferencial. Señale la Clasificación Zargar que corresponde a estos hallazgos endoscópicos:,Zargar IIa.,Ninguna de las respuestas anteriores es correcta.,Zargar IIIa.,Zargar IIIb.,b,Ninguna de las respuestas anteriores es correcta.,,6,AD_GALICIA_OPE_2022__EXAM__gal-09__especifico-cast-aparello-dx-20240316193007-cas-pdf.pdf,AD_GALICIA_OPE_2022__CORRECTION__gal-11__fea-aparello-dixestivo-20240514082015-cas-pdf.pdf,new182,498d5ffa14ed45fd77d6281294f541a4d8ae67eba138f311d6959aa93fb9f3f6,9a185ccb0435c72b57086767e7675cbe19ff02786f188412069200ef9425878b
n042,andalucia|2021|cuestionario-teorico|86,Andalucía,2021,aparato-digestivo,cuestionario-teorico,86,¿Cuál de los siguientes fármacos ha demostrado mejorar el dolor frente al placebo en la dispepsia funcional subtipo dolor epigástrico (SDE)?,Fluoxetina,Cinitaprida,Ninguna de las respuestas anteriores es correcta.,Sucralfato,c,Ninguna de las respuestas anteriores es correcta.,,20,AD_ANDALUCIA_2021_22_LIBRE__EXAM__07__9122-aparato-digestivo-pdf.pdf,AD_ANDALUCIA_2021_22_LIBRE__CORRECTION__09__9122-plantilla-respuestas-def-digestivo-pdf.pdf,new182,7ce6a6bb9d26537fa7f88f9142fb104309d01e1dca1cd89b766fa7c7f28ef821,96c0d693b93cf961045567de9def14752011cac145390402e9c04ad296bee4b4
n043,galicia|2022|main|61,Galicia,2022,aparato-digestivo,main,61,En el tratamiento de la ERGE (enfermedad por reflujo gastroesofágico):,Los antisecretores son menos eficaces que los procinéticos.,Los Anti-H2 son más eficaces que los IBP.,Ninguna de las respuestas anteriores es correcta.,Los cambios en el estilo de vida y alimentación no han demostrado mejorar los síntomas de ERGE.,c,Ninguna de las respuestas anteriores es correcta.,,13,AD_GALICIA_OPE_2022__EXAM__gal-09__especifico-cast-aparello-dx-20240316193007-cas-pdf.pdf,AD_GALICIA_OPE_2022__CORRECTION__gal-11__fea-aparello-dixestivo-20240514082015-cas-pdf.pdf,new182,007aa61c27ad654403027c9865b9820bd61d7afe14299627d59171a247b408ef,e88b9f52ae70f5c11872258a0b43890e6ac7cc1b36a7bb4c1e8795d34e44f295
n044,andalucia|2022|cuestionario-teorico|51,Andalucía,2022,aparato-digestivo,cuestionario-teorico,51,"Con respecto a la patología diverticular del colon, señale la afirmación correcta:","El sexo femenino, el estreñimiento y la dieta pobre en fibra, son factores de riesgo de aparición de la enfermedad diverticular del colon.",Ninguna de las respuestas anteriores es correcta.,Actividad física y obesidad carecen de impacto sobre la aparición de diverticulitis aguda.,"El tratamiento crónico con corticoides parece constituir, por su efecto antiinflamatorio, un factor protector para la aparición de diverticulitis.",b,Ninguna de las respuestas anteriores es correcta.,,14,AD_ANDALUCIA_2022_EXTRAORDINARIA_LIBRE__EXAM__12__revisado-56007-fea-aparato-digestivo-final-pdf.pdf,AD_ANDALUCIA_2022_EXTRAORDINARIA_LIBRE__CORRECTION__14__def-feaapdigestivo-sas-2023-pdf.pdf,new182,4079b6ef6fc5c30aaec189f783a340c1c6932b217d39d21c6dfba9cd4e3c1df4,a084d26630d8fd459c4df2d8c02a8028006e258c2fa7bee44344c189f18fc052
n045,galicia|2016|main|53,Galicia,2016,aparato-digestivo,main,53,"Varón, 55 años, bebedor habitual durante más de 10 años que ingresa por ictericia y ascitis. No refiere otros antecedentes de interés ni episodios previos similares. Analítica: Aumento del VCM sin anemia, GOT 240UI/L; GPT 90 UI/L; GGT 820 UI/L; Bilirrubina 18mg/dl; Albúmina 3.2 gr/dl; Creatinina 1.1 mg/dl; Alargamiento del tiempo de protrombina TP 19s (normal 11-13s). Serologías hepatitis y VIH negativas. Con los valores de bilirrubina y TP se calcula el índice de Maddrey: 45.6 (compatible con hepatitis alcohólica grave). Punción de líquido ascítico descarta infección (leucocitos <250/mm³). Ecografía abdominal: Hepatomegalia e infiltración grasa. Ascitis moderada. Esplenomegalia leve con aumento de calibre de la vena porta. Biopsia hepática transyugular: Esteatosis, hepatocitos balonizados e infiltrado inflamatorio de PMN. ¿Qué actitud terapéutica aconsejarías?","Se trata de un primer episodio de hepatitis alcohólica en un varón joven sin datos de encefalopatía ni alteración de la función renal. Abstinencia alcohólica, soporte nutricional y seguimiento.","Se trata de un primer episodio de hepatitis alcohólica en un varón joven sin datos de encefalopatía ni alteración de la función renal. La ascitis y la insuficiencia hepática que presenta el paciente favorece la aparición de síndrome hepato-renal, instauraría tratamiento iv con Albúmina como prevención de su aparición, abstinencia alcohólica, soporte nutricional y tratamiento con N-acetilcisteína 100mg/kg.",Ninguna de las respuestas anteriores es correcta.,Se trata de una hepatitis alcohólica aguda grave subsidiaria de tratamiento con pentoxifilina 400mg/8h. La pentoxifilina tiene la misma eficacia que los esteroides con un mejor perfil de seguridad considerándose de primera elección en estos casos y reservando los esteroides para pacientes refractarios.,c,Ninguna de las respuestas anteriores es correcta.,,13,AD_GALICIA_OPE_2016__EXAM__gal-02__aparato-digestivo-cas-20171029192531-cas-pdf.pdf,AD_GALICIA_OPE_2016__CORRECTION__gal-03__aparello-dixestivo-20180201084525-cas-pdf.pdf,new182,a4ce45b0bc47147d8fbba8c25578f0648fd87439e189070042e8ce117b6f085d,f129671fa51e44559b9c08c33e69fea20db119c708ec77217d2b37ad682d5e00
n046,comunidad-de-madrid|2021|main|61,Comunidad de Madrid,2021,aparato-digestivo,main,61,¿Cuál de los siguientes es un criterio diagnóstico de colangitis biliar primaria?,Aumento de IgM,Aumento de GGT,ANA>1:80,Ninguna de las respuestas anteriores es correcta.,d,Ninguna de las respuestas anteriores es correcta.,,12,AD_COMUNIDAD_DE_MADRID_2021__EXAM__017_exam_cuestionario-de-examen-f-e-en-aparato-digestivo-sermas-2021.pdf,AD_COMUNIDAD_DE_MADRID_2021__ANSWER_KEY__018_answer-key_plantilla-correctora-f-e-aparato-digestivo-2021.pdf,new182,74fb9da16e6db437069afc71e3499b0d8a1dc8b545158d3ecdf53365d891702f,c8899b27c12592b8c9b70b202d92e985aa6ac940309cbc5fd2940b08cf33d892
n047,andalucia|2021|cuestionario-practico|148,Andalucía,2021,aparato-digestivo,cuestionario-practico,148,"Durante el ingreso hospitalario se realizan distintos estudios para filiar la hepatitis aguda que presenta con: • Serologías virus A,B,C,D y E: negativa • VIH, VEB, CMV, adenovirus, VHS negativos. • Autoinmunidad hepática completa: negativa. • Inmunoglobulinas: IgG límite superior 1830. IgM e IgA normales. • Ceruloplasmia y cupruria: normal. Alfa-1AT normal. • Estudio férrico: normal (ferritina, transferrina, hierro sérico e IST). • AngioTAC abdominal: Normal. Pero la paciente en el cuarto día de ingreso en su analítica de seguimiento comienza a mostrar un empeoramiento del INR 2.45 y del TP en segundos, aunque la Bilirrubina total se mantiene en rangos similares al primer control A la exploración sigue destacando la ictericia mucocutánea y la paciente aunque colaboradora, se despista un poco con las respuestas. En este momento cree que lo indicado es:",Realizar una biopsia hepática percutánea,Iniciar tratamiento con fitomenadiona y repetir el control analítico,Ninguna de las respuestas anteriores es correcta.,Traslado a UCI para monitorización y realización de biopsia hepática percutanea,c,Ninguna de las respuestas anteriores es correcta.,,41,AD_ANDALUCIA_2021_22_LIBRE__EXAM__07__9122-aparato-digestivo-pdf.pdf,AD_ANDALUCIA_2021_22_LIBRE__CORRECTION__09__9122-plantilla-respuestas-def-digestivo-pdf.pdf,new182,02e97f4379cb72980c2231da4ac9df20294c13a26112bbc65d4b66096d5026fd,aabdecbea0b7b52e91a6656e2c7e1b2da4a93b711fe83816ce57cd4fe87e8849
n048,comunidad-de-madrid|2021|main|68,Comunidad de Madrid,2021,aparato-digestivo,main,68,¿Cuál de las siguientes opciones es CORRECTA en relación con la pancreatitis aguda?,Se debe recomendar ayuno durante al menos 48 horas para favorecer el reposo pancreático,En un paciente con pancreatitis aguda que requiera nutrición enteral se recomienda emplear una sonda nasoyeyunal.,El Ringer Lactato ha demostrado reducir la mortalidad frente al suero salino fisiológico,Ninguna de las respuestas anteriores es correcta.,d,Ninguna de las respuestas anteriores es correcta.,,13,AD_COMUNIDAD_DE_MADRID_2021__EXAM__017_exam_cuestionario-de-examen-f-e-en-aparato-digestivo-sermas-2021.pdf,AD_COMUNIDAD_DE_MADRID_2021__ANSWER_KEY__018_answer-key_plantilla-correctora-f-e-aparato-digestivo-2021.pdf,new182,37aa34a15e2a4aa8c17202b01118af105f52ddf5cfeb91b1d182b8452514033a,daeaee7abbad92b1327e43b3e081ef1143493c532fe6a37121aead0a028689da
n049,castilla-la-mancha|2022|main|90,Castilla-La Mancha,2022,aparato-digestivo,main,90,¿Cuál de estos parámetros está incluido en el cálculo de la función discriminante de Maddrey para la valoración de la gravedad de la hepatitis alcohólica?,AST,Ninguna de las respuestas anteriores es correcta.,GGT,Creatinina,b,Ninguna de las respuestas anteriores es correcta.,,16,AD_CASTILLA_LA_MANCHA_2022__EXAM__exam__cuestionario-fea-digestivo.pdf,AD_CASTILLA_LA_MANCHA_2022__CORRECTION__correction__plantilla-correctora-definitiva-fea-aparato-digestivo.pdf,new182,7cf84289489a12a80ed97aca7256de87f0b0fb646fefe60726e7c3210a2eedfa,1a8476162fbaa0f96a37e1ff37a3c979fb912d0e07135ee8f9515c3c12750a1d
n050,galicia|2022|main|98,Galicia,2022,aparato-digestivo,main,98,"Paciente de 73 años, con síntomas dispépticos acompañados de vómitos varios días a la semana. A esta clínica se añade pérdida de peso no intencionada. Exploración física sin hallazgos significativos, salvo IMC bajo. Analítica con anemia ferropénica (no presente hace un año). ¿Qué prueba complementaria está indicada a continuación?:",Ecografía abdominal.,Ninguna de las respuestas anteriores es correcta.,TC tóraco-abdominal.,Manometría esofágica.,b,Ninguna de las respuestas anteriores es correcta.,,20,AD_GALICIA_OPE_2022__EXAM__gal-09__especifico-cast-aparello-dx-20240316193007-cas-pdf.pdf,AD_GALICIA_OPE_2022__CORRECTION__gal-11__fea-aparello-dixestivo-20240514082015-cas-pdf.pdf,new182,55e11ab1a61217594cec673feaa28a92a8a4eaead2ffaeeff243ecb52671a0ed,c3b5ec8011c719bf21cd552e514ff878b2bab88bde3319510f4f3b9127f0d99d
n051,castilla-la-mancha|2022|main|12,Castilla-La Mancha,2022,aparato-digestivo,main,12,Señale la VERDADERA con respecto a la infección por Helicobacter pylori,"Es la infección crónica más prevalente en humanos, afectando aproximadamente al 90% de la población mundial.",Ninguna de las respuestas anteriores es correcta.,Las tasas de resistencia a claritromicina y metronidazol no son importantes para elegir el tratamiento.,"En pacientes con hemorragia digestiva por úlcera péptica y una vez confirmada la erradicación de la infección, se recomienda continuar con tratamiento antisecretor de mantenimiento aunque el paciente no tome fármacos antiinflamatorios.",b,Ninguna de las respuestas anteriores es correcta.,,3,AD_CASTILLA_LA_MANCHA_2022__EXAM__exam__cuestionario-fea-digestivo.pdf,AD_CASTILLA_LA_MANCHA_2022__CORRECTION__correction__plantilla-correctora-definitiva-fea-aparato-digestivo.pdf,new182,5c06bcb8b23e73880c73773d5fd0d1650954c1b39a26c61d6a6101c8df6783fc,6b8cdb8623c0a85112ae1a63e0e93e4bbb2a9e280535fec9521d3e2ee8beec06
n052,galicia|2019|main|53,Galicia,2019,aparato-digestivo,main,53,"Mujer de 36 años a la que, en una analítica rutinaria, se encuentra elevación de GGT y FA en sangre 5 veces por encima del valor normal. El resto del perfil bioquímico es normal. En el estudio inmunológico se detectan anticuerpos antimitocondriales (AMA) tipo M2 positivos. ¿Cuál es el tratamiento más adecuado?",Metilprednisolona.,Penicilamina.,No requiere tratamiento actualmente con esos valores.,Ninguna de las respuestas anteriores es correcta.,d,Ninguna de las respuestas anteriores es correcta.,,11,AD_GALICIA_OPE_2019__EXAM__gal-05__cas-especifico-digestivo-20210925132858-cas-pdf.pdf,AD_GALICIA_OPE_2019__CORRECTION__gal-07__fea-aparello-dixestivo-20211214124928-cas-pdf.pdf,new182,4b29106d34402ced96ebd9a850a799556ca69b25f9ff642179e261a6e65e0582,367cf723049731346130e0bfa0a56731e75cf5d09a5ed67f60d3d5edfb0eb121
n053,castilla-la-mancha|2022|main|83,Castilla-La Mancha,2022,aparato-digestivo,main,83,En relación con el Hemangioma Hepático señale la afirmación verdadera,"La ecografía convencional no permite realizar el diagnóstico en la práctica clínica, siendo necesario el uso de RNM en la mayoría de los casos.",Ninguna de las respuestas anteriores es correcta.,En todos los casos de hemangiomas se debe realizar un seguimiento ecográfico semestral.,No presentan un patrón característico en las técnicas de imagen dinámicas con contraste.,b,Ninguna de las respuestas anteriores es correcta.,,15,AD_CASTILLA_LA_MANCHA_2022__EXAM__exam__cuestionario-fea-digestivo.pdf,AD_CASTILLA_LA_MANCHA_2022__CORRECTION__correction__plantilla-correctora-definitiva-fea-aparato-digestivo.pdf,new182,d135a359f02967957f5a1b8dd82d2f984907437ee2d7f791a0b3af1a004b94fc,92a020d21cb3828dc3c439d1c3228abb14bfd746364284011e876264a95713b7
n054,castilla-la-mancha|2022|main|10,Castilla-La Mancha,2022,aparato-digestivo,main,10,"Según la guía ASGE 2022 para el manejo endoscópico de la esofagitis eosinofílica (EEo), señale la respuesta verdadera",Para el diagnóstico de EEo se deben tomar al menos 12 muestras de biopsia del esófago,Solo es necesario tomar muestras de biopsia del esófago distal para el diagnóstico de EEo.,Ninguna de las respuestas anteriores es correcta.,"El seguimiento tras terapia se basa fundamentalmente en la clínica, sin ser necesario tomar muestras para confirmar la mejoría histológica.",c,Ninguna de las respuestas anteriores es correcta.,,3,AD_CASTILLA_LA_MANCHA_2022__EXAM__exam__cuestionario-fea-digestivo.pdf,AD_CASTILLA_LA_MANCHA_2022__CORRECTION__correction__plantilla-correctora-definitiva-fea-aparato-digestivo.pdf,new182,8028b49dd105346e708b678a971863087bf20ad495a10acf477baf592e65b5ab,47b7849110428e0f171dad8483fba7d0584064f27d7ee3559e52e200164c588c
n055,comunitat-valenciana|2022|main-47-80|60,Comunitat Valenciana,2022,aparato-digestivo,main-47-80,60,La lesión hepática en caso de DILI (Drug Induced Liver Injury) más frecuentemente producida por tamoxifeno es:,Ductopenia.,Peliosis.,Ninguna de las respuestas anteriores es correcta.,Necrosis centrolubulillar.,c,Ninguna de las respuestas anteriores es correcta.,,19,AD_COMUNITAT_VALENCIANA_2022__EXAM__25__25-comunidad-valenciana-2022-exam-pdf.pdf,AD_COMUNITAT_VALENCIANA_2022__CORRECTION__27__27-comunidad-valenciana-2022-answer-key-definitive-pdf.pdf,new182,1a98630aec40ecff93090d55599d090f0ea41f83e87324191d3795b969a4b394,859cc7d7a3cb81d778497abf14e73cad8d1cbc3acbdfa1b187719562d3507a9a
n056,galicia|2022|main|32,Galicia,2022,aparato-digestivo,main,32,"Varón de 45 años, fumador, HTA, obeso, con antecedente de una insuficiencia renal crónica y una cardiopatía isquémica con normalización posterior de la fracción de eyección (FEVI). Presenta un brote grave de colitis ulcerosa refractario a corticoides, ¿Qué opción te parece adecuada teniendo en cuenta el perfil de seguridad de estos fármacos?:",Tofacitinib a dosis de 10 mg c/12 horas durante 8 semanas y posteriormente mantenimiento con 5 mg c/12 horas.,Ninguna de las respuestas anteriores es correcta.,"Ciclosporina endovenosa, dosis de 2–4 mg/kg de peso al día, hasta conseguir remisión y mantenimiento posterior con vedolizumab 300 mg cada 8 semanas.","Vedolizumab 300 mg iv en semanas 0, 2 y 6 y posterior mantenimiento con 300 mg c/8 semanas.",b,Ninguna de las respuestas anteriores es correcta.,,8,AD_GALICIA_OPE_2022__EXAM__gal-09__especifico-cast-aparello-dx-20240316193007-cas-pdf.pdf,AD_GALICIA_OPE_2022__CORRECTION__gal-11__fea-aparello-dixestivo-20240514082015-cas-pdf.pdf,new182,e8dc180c9248fc165164d5c85a1d9e327b659828f583da77d174ec0cdf50c4e7,3a2b60e82c1bd1ec0c7ace8509a794d9b7514fa5b369ac1cc96f961c89a988ec
n057,la-rioja|2024|main|14,La Rioja,2024,aparato-digestivo,main,14,¿Cuál es el marcador inmunohistoquímico más útil para diagnosticar un tumor neuroendocrino digestivo?:,CK20.,CD117.,Ninguna de las respuestas anteriores es correcta.,Desmina.,c,Ninguna de las respuestas anteriores es correcta.,,6,AD_LA_RIOJA_2023_2024__EXAM__exam__fea-aparato-digestivo-2025.pdf,AD_LA_RIOJA_2023_2024__CORRECTION__correction__plantilla-respuestas-modificada-fea-aparato-digestivo-2025.pdf,new182,4d6428858e6cf30062e333d1a614b4b322eaf3b672a6e9c3b77830c39f0f10cb,c10242c8a7d5db16453ab25256200fa9280729999860f5ed037e36196b4d6e6b
n058,galicia|2016|main|90,Galicia,2016,aparato-digestivo,main,90,"El estadio de un adenocarcinoma sobre mucosa metaplásica de Barrett, que invade la muscularis mucosa es:",T1a m1,T1b sm1,Ninguna de las respuestas anteriores es correcta.,T1a m2,c,Ninguna de las respuestas anteriores es correcta.,,22,AD_GALICIA_OPE_2016__EXAM__gal-02__aparato-digestivo-cas-20171029192531-cas-pdf.pdf,AD_GALICIA_OPE_2016__CORRECTION__gal-03__aparello-dixestivo-20180201084525-cas-pdf.pdf,new182,ea588265773e994218ddfa867c41f09a3b741a87bb600ac7596f0783b69b37ec,4bea9d784491e9f790a94dcb92b52c95840a939296c8c277ebc2c00b595fcedf
n059,aragon|2017|main|78,Aragón,2017,aparato-digestivo,main,78,¿Cuál se considera la pauta antibiótica de elección tras la realización de una punción guiada por econdoscopia de una lesión sólida pancreática según las recomendaciones de la Sociedad Americana de Endoscopia Digestiva?,Quinolonas 7 días.,Quinolonas 3 días.,Ninguna de las respuestas anteriores es correcta.,Quinolonas 5 días.,c,Ninguna de las respuestas anteriores es correcta.,,29,AD_ARAGON_2017__EXAM__exam__cuadernillo-del-examen-de-la-categoria-de-aparato-digestivo-que-fue-realizado-el.pdf,AD_ARAGON_2017__ANSWER_KEY__answer-key__plantilla-de-respuestas-del-examen-de-la-categoria-de-aparato-digestivo-que-fue-.pdf,new182,e561c38bd382acba9bbccf1e9420207f85f1215b933f8206c841fa9cbd43c02d,3f2dddd53ceb14f4a97541505aaa9219cc798becc70dc63c7b720dc2dab2662d
n060,comunidad-de-madrid|2021|main|93,Comunidad de Madrid,2021,aparato-digestivo,main,93,¿Cuál es el tratamiento inicial indicado para una estenosis biliar post-trasplante?,Acido ursodeoxicolico,Ninguna de las respuestas anteriores es correcta.,Cirugia derivativa biliar,Retrasplante precoz,b,Ninguna de las respuestas anteriores es correcta.,,18,AD_COMUNIDAD_DE_MADRID_2021__EXAM__017_exam_cuestionario-de-examen-f-e-en-aparato-digestivo-sermas-2021.pdf,AD_COMUNIDAD_DE_MADRID_2021__ANSWER_KEY__018_answer-key_plantilla-correctora-f-e-aparato-digestivo-2021.pdf,new182,e11dd4ac020f0fca460d6f85d44d35b9e76467a7906b337be357f486af3fd12d,28d5b7ba2f4a3c572975451b0142cc49c3cc5c662d17ff76ab7c7d117b01ecbd
n061,comunitat-valenciana|2022|main-47-80|62,Comunitat Valenciana,2022,aparato-digestivo,main-47-80,62,¿Cuál de las siguientes pruebas es más fiable para detectar consumo de alcohol en un paciente con sospecha de enfermedad hepática alcohólica?,GOT aumentada.,Gamma GT aumentada.,Ninguna de las respuestas anteriores es correcta.,Aumento de VCM.,c,Ninguna de las respuestas anteriores es correcta.,,19,AD_COMUNITAT_VALENCIANA_2022__EXAM__25__25-comunidad-valenciana-2022-exam-pdf.pdf,AD_COMUNITAT_VALENCIANA_2022__CORRECTION__27__27-comunidad-valenciana-2022-answer-key-definitive-pdf.pdf,new182,42e048de99243f24fd9f20d8e2b68104c6b34022c55b623b34dc04cea80b4e72,a9fce3484eb33d0b0277ef74183c2cb89f846eeccdbc784fac3988ef8f92cdb7
n062,la-rioja|2021|main|18,La Rioja,2021,aparato-digestivo,main,18,"En relación a la elastosonografía hepática, señale la respuesta verdadera:","A diferencia de la elastografía de transición (Fibroscan®), no precisa ayunas.",La elastosonografía cuantitativa (shear-wave) precisa comparar datos antes y después de ejercer presión mediante un compresor externo (transductor) o una función fisiológica (respiración).,Ninguna de las respuestas anteriores es correcta.,La precisión diagnóstica de cirrosis en VHC es muy inferior respecto a la elastografía de transición (Fibroscan®).,c,Ninguna de las respuestas anteriores es correcta.,,9,AD_LA_RIOJA_2020_2021__EXAM__exam__fea-aparato-digestivo-2021.pdf,AD_LA_RIOJA_2020_2021__CORRECTION__correction__plantilla-respuestas-modificada-fea-aparato-digestivo-2021.pdf,new182,fe1425968450e0af09a16d154a8ea01246b092ee42c0e7c4283e210c002d2095,f164651589ee7acb20e18f95058465eabcdea3dd377f30ccf2b74b1e16d0b89a
n063,andalucia|2021|cuestionario-teorico|83,Andalucía,2021,aparato-digestivo,cuestionario-teorico,83,¿Cuál es la complicación digestiva más frecuente en la fibrosis quística?,El reflujo gastroesofágico.,El sobrecrecimiento bacteriano.,Ninguna de las respuestas anteriores es correcta.,El estreñimiento.,c,Ninguna de las respuestas anteriores es correcta.,,19,AD_ANDALUCIA_2021_22_LIBRE__EXAM__07__9122-aparato-digestivo-pdf.pdf,AD_ANDALUCIA_2021_22_LIBRE__CORRECTION__09__9122-plantilla-respuestas-def-digestivo-pdf.pdf,new182,d6eb08794ba9ad7647f0382d3b5e3cd4f13c8ae00a1f009ffac7259ddd13900b,e5ad01024825ad8e140d76bc96b1c70d769e15e610f8c3b08115d0cb97e00dc3
n064,aragon|2017|main|75,Aragón,2017,aparato-digestivo,main,75,"En la disfunción del esfínter de Oddi tipo III, ¿cómo están los enzimas hepáticos y el conducto biliar común?",Enzimas hepáticos alterados y conducto biliar normal.,Enzimas hepáticos normales y conducto biliar dilatado.,Ninguna de las respuestas anteriores es correcta.,Enzimas hepáticos alterados y conducto biliar dilatado.,c,Ninguna de las respuestas anteriores es correcta.,,27,AD_ARAGON_2017__EXAM__exam__cuadernillo-del-examen-de-la-categoria-de-aparato-digestivo-que-fue-realizado-el.pdf,AD_ARAGON_2017__ANSWER_KEY__answer-key__plantilla-de-respuestas-del-examen-de-la-categoria-de-aparato-digestivo-que-fue-.pdf,new182,062e668bcac1984c2937722153bbd5a43374f117619688a868f433f472a0dd77,87851a4f1a7c62bad4a78f8860342dbc1601f73dc6fb4dd17f81e8e1e4ad835e
n065,andalucia|2022|reserva|151,Andalucía,2022,aparato-digestivo,reserva,151,"Una mujer de 45 años de edad, con sospecha de disfunción del esfínter de Oddi, se somete a una CPRE por elevación de enzimas hepáticas y dolor abdominal leve persistente. La canulación es difícil y requiere un precorte para el acceso a la vía biliar. Tras el procedimiento la paciente desarrolla un dolor abdominal grave, con elevación de las cifras de lipasa hasta 2.000 UI/L. Otros parámetros de laboratorio son normales. ¿Cuál de las siguientes medidas podrían haberse empleado para evitar esta complicación?",Inserción de un stent biliar.,Esfinterotomía pancreática.,Parche previo de nitroglicerina.,Ninguna de las respuestas anteriores es correcta.,d,Ninguna de las respuestas anteriores es correcta.,,43,AD_ANDALUCIA_2022_EXTRAORDINARIA_LIBRE__EXAM__12__revisado-56007-fea-aparato-digestivo-final-pdf.pdf,AD_ANDALUCIA_2022_EXTRAORDINARIA_LIBRE__CORRECTION__14__def-feaapdigestivo-sas-2023-pdf.pdf,new182,66f17c182747443af0c46f7af84b68457638a9acf249adda4c17b29c7f63e7b4,6b0392a6d8167682974ecc0922b3ff056b2a0a60b9dc97c7accdbbe60f71cc70
n066,andalucia|2021|cuestionario-teorico|77,Andalucía,2021,aparato-digestivo,cuestionario-teorico,77,¿Cuál es el tratamiento inicial de elección para una proctitis ulcerosa con actividad leve-moderada?,Mesalazina oral,Ninguna de las respuestas anteriores es correcta.,Combinación de Mesalazina oral y tópica,Beclometasona,b,Ninguna de las respuestas anteriores es correcta.,,18,AD_ANDALUCIA_2021_22_LIBRE__EXAM__07__9122-aparato-digestivo-pdf.pdf,AD_ANDALUCIA_2021_22_LIBRE__CORRECTION__09__9122-plantilla-respuestas-def-digestivo-pdf.pdf,new182,e94d7fc0b5ed4686a72db98c98b89b8824c0764083497c3a0df11f3ac52847bc,a562082be9ecc9e26e20adb216d28e153cc0ee31788634f6364e53161e03a43b
n067,galicia|2022|main|84,Galicia,2022,aparato-digestivo,main,84,"Paciente de 75 años, con historia previa de hemorragia digestiva alta secundaria a úlcera gástrica y a tratamiento con corticoides por polimialgia reumática. El paciente presenta una artritis a estudio que precisa tratamiento con AINEs para control sintomático. Tras evaluación exhaustiva del paciente, se determina un riesgo cardiovascular bajo. ¿Qué tratamiento indicaría en este paciente?:",Naproxeno e IBP.,AINEs clásicos e IBP.,Ninguna de las respuestas anteriores es correcta.,Naproxeno y Misoprostol.,c,Ninguna de las respuestas anteriores es correcta.,,17,AD_GALICIA_OPE_2022__EXAM__gal-09__especifico-cast-aparello-dx-20240316193007-cas-pdf.pdf,AD_GALICIA_OPE_2022__CORRECTION__gal-11__fea-aparello-dixestivo-20240514082015-cas-pdf.pdf,new182,8cbb10bad732714a984c6fc613188ae3f51c74e106ed186af6ba6dcd04326a15,6c5c8f1a2a48627497f0997a20aefa90f8f858c4a3600c2254e0bd36f6d0b95e
n068,castilla-la-mancha|2017|main|36,Castilla-La Mancha,2017,aparato-digestivo,main,36,"Con respecto al estudio genético en la enfermedad celiaca, señale la opción correcta",La tipificación HLA tiene un alto valor predictivo positivo.,"La tipificación HLA tiene un valor predictivo negativo bajo, por lo que no es útil para el cribado en grupos de mayor prevalencia.",Ninguna de las respuestas anteriores es correcta.,El estudio HLA no es útil en casos de duda diagnóstica.,c,Ninguna de las respuestas anteriores es correcta.,,7,AD_CASTILLA_LA_MANCHA_2017_2018__EXAM__exam__cuestionario-fea-aparato-digestivo.pdf,AD_CASTILLA_LA_MANCHA_2017_2018__CORRECTION__correction__plantilla-correctora-definitiva-fea-aparato-digestivo.pdf,new182,85b9c2fb6ee40bf1f16aa95f5c0cead7228568a2e2aa40081b0021efa0c4a3fc,861ce89120467836495eb38568cb0fd0c5de70fb62cebb575b72429074d66120
n069,castilla-la-mancha|2022|main|74,Castilla-La Mancha,2022,aparato-digestivo,main,74,Señale la opción verdadera en relación con la Biopsia Hepática,En la actualidad ya no existen indicaciones para realizar biopsia hepática.,El consentimiento informado no es necesario dado que las complicaciones son muy raras.,Ninguna de las respuestas anteriores es correcta.,El diámetro de la aguja utilizada debe ser de 20 gauge en la biopsia percutánea.,c,Ninguna de las respuestas anteriores es correcta.,,13,AD_CASTILLA_LA_MANCHA_2022__EXAM__exam__cuestionario-fea-digestivo.pdf,AD_CASTILLA_LA_MANCHA_2022__CORRECTION__correction__plantilla-correctora-definitiva-fea-aparato-digestivo.pdf,new182,9105ad0ca64066733d0de2499e19b9de9dba1dd9ebdc95c9922f5a163880ea0c,a011c03c8d9b54e934fcc27a84e0852f6d7cc6d2f4c793a74959bacacd7cd135
n070,comunitat-valenciana|2022|main-47-80|50,Comunitat Valenciana,2022,aparato-digestivo,main-47-80,50,"A un paciente de 57 años se le realiza una colonoscopia hasta ciego, con una preparación de Boston de 8 puntos, resecándose 2 pólipos sésiles (Paris 0-Is) de forma completa y no fragmentada: un adenoma tubular con displasia de bajo grado de 6mm y un adenoma serrado sésil de 6mm con displasia. ¿Cuál sería la recomendación de seguimiento según las últimas recomendaciones de la guía de vigilancia postpolipectomía de la Sociedad Europea de Endoscopia Digestiva (ESGE) de 2020?",Vuelta al programa de cribado de CCR.,Colonoscopia en 1 año.,Ninguna de las respuestas anteriores es correcta.,Colonoscopia en 5 años.,c,Ninguna de las respuestas anteriores es correcta.,,16,AD_COMUNITAT_VALENCIANA_2022__EXAM__25__25-comunidad-valenciana-2022-exam-pdf.pdf,AD_COMUNITAT_VALENCIANA_2022__CORRECTION__27__27-comunidad-valenciana-2022-answer-key-definitive-pdf.pdf,new182,34472ffbb41629a3b01f00082bcc6f48d23896b169338880d605923b0d9726c2,84a415d1f48ab6ad600f4de133375d9bb89f1a14fe59920ecdb0452ed6dc9883
n071,la-rioja|2021|main|10,La Rioja,2021,aparato-digestivo,main,10,"Un paciente que ha requerido una resección ileocecal por enfermedad de Crohn hace 18 meses presenta en una colonoscopia 9 meses tras la intervención un índice de Rutgeerts i1. Desde hace 3 meses presenta dolor abdominal de tipo cólico y distensión abdominal. Se realiza una analítica general donde todos los parámetros de inflamación son estrictamente normales y una calprotectina fecal de 80 mcg/g. Ante esta situación, señale la respuesta correcta:","A pesar de tener analítica normal, el paciente presenta una calprotectina fecal elevada y es muy probable que tenga recurrencia postquirúrgica.","Probablemente se trate de un trastorno funcional, ya que tanto la analítica como la calprotectina fecal son normales.",Ninguna de las respuestas anteriores es correcta.,Es necesario realizar una dilatación endoscópica de la anastomosis ileocólica para poder valorar el neoíleon terminal.,c,Ninguna de las respuestas anteriores es correcta.,,6,AD_LA_RIOJA_2020_2021__EXAM__exam__fea-aparato-digestivo-2021.pdf,AD_LA_RIOJA_2020_2021__CORRECTION__correction__plantilla-respuestas-modificada-fea-aparato-digestivo-2021.pdf,new182,ef72bceae34d002304968d47b0112c02b9755eac6a86b9657299c87baf4d6ce9,3c0a57e7ff5cf091b37bb52e735e185ce1eea34923024a9a965afcda03b60ec4
n072,galicia|2019|main|45,Galicia,2019,aparato-digestivo,main,45,"Referido a las pancreatitis agudas biliares, señale la respuesta CORRECTA:",La mortalidad en la primera semana se debe principalmente a infección de la necrosis.,La CPRL precoz en ausencia de colangitis mejora la evolución.,La nutrición parenteral precoz disminuye la mortalidad en las pancreatitis agudas graves.,Ninguna de las respuestas anteriores es correcta.,d,Ninguna de las respuestas anteriores es correcta.,,10,AD_GALICIA_OPE_2019__EXAM__gal-05__cas-especifico-digestivo-20210925132858-cas-pdf.pdf,AD_GALICIA_OPE_2019__CORRECTION__gal-07__fea-aparello-dixestivo-20211214124928-cas-pdf.pdf,new182,e962541dd154ff9d005369d0a033f72a25e2b52a9a14a61dd50b8c489219f6e5,a16d3668339859c52aa0634d542ec2187c317440422cbfc4d56585724ea7a7fb
n073,galicia|2016|main|13,Galicia,2016,aparato-digestivo,main,13,¿Cuál de las siguientes afirmaciones es correcta con respecto a los cuerpos extraños digestivos?.,Solamente está recomendada la realización de radiografía de torax y abdomen cuando existe sospecha de hueso.,"En el bolo alimenticio, a pesar de que no se observe hueso en la radiología, no se debe demorar su extracción más de 3h.",La ingesta de coca-cola previa a la endoscopia ha demostrado científicamente ser eficaz en la extracción de cuerpos extraños tipo bolo de carne.,Ninguna de las respuestas anteriores es correcta.,d,Ninguna de las respuestas anteriores es correcta.,,5,AD_GALICIA_OPE_2016__EXAM__gal-02__aparato-digestivo-cas-20171029192531-cas-pdf.pdf,AD_GALICIA_OPE_2016__CORRECTION__gal-03__aparello-dixestivo-20180201084525-cas-pdf.pdf,new182,149ff2622c79d566513b52352a36da8f8190ddcaf1c990364ea054492207cf83,0679097e4d6c2452db8742c1a66b0bd9a3581a58246784444c512896d2a79e74
n074,region-de-murcia|2019|main|10,Región de Murcia,2019,aparato-digestivo,main,10,"Para describir la extensión de un Esófago de Barrett, se sugiere el empleo de:",La clasificación de Savary-Miller modificada.,La clasificación de París.,La clasificación de Los Ángeles.,Ninguna de las respuestas anteriores es correcta.,d,Ninguna de las respuestas anteriores es correcta.,,2,AD_REGION_DE_MURCIA_2019__EXAM__021_exam_apa-dig-lb-a-examen-turno-libre-modelo-a.pdf,AD_REGION_DE_MURCIA_2019__ANSWER_KEY__022_answer-key_apa-dig-plantilla-respuestas-corregida-turno-libre-modelo-a.pdf,new182,cee5f4fe0fd7822ae067e303c812984bdc63a730c264caae7632200354e6d96a,2771e2899a1ae492b87c26eb0c24046d423ae8a7c04c4e95b9c3f6f55f055f62
n075,comunidad-de-madrid|2021|main|56,Comunidad de Madrid,2021,aparato-digestivo,main,56,"La acalasia tipo III (espástica), identificada a través de un estudio manométrico de alta resolución, se caracteriza por la ausencia de relajación del esfínter esofágico inferior (EEI), con un IRP4 superior al valor de normalidad, y:",Presurización panesofágica en más del 20% de las degluciones secas.,Ninguna de las respuestas anteriores es correcta.,Peristalsis fallida en el 100% de las degluciones líquidas y ausencia de presurización esofágica,Relajaciones inadecuadas de la unión esófago-gástricas en más del 50% de las degluciones líquidas.,b,Ninguna de las respuestas anteriores es correcta.,,11,AD_COMUNIDAD_DE_MADRID_2021__EXAM__017_exam_cuestionario-de-examen-f-e-en-aparato-digestivo-sermas-2021.pdf,AD_COMUNIDAD_DE_MADRID_2021__ANSWER_KEY__018_answer-key_plantilla-correctora-f-e-aparato-digestivo-2021.pdf,new182,fb3be85beeade4e1f4e12a07903970aea868ec979b16450ec9b2b2cd41e34c42,d9d2e620fe63c2c97398b082468e8ed3c0f310833b8ffa6e58179942faba87ea
n076,comunidad-de-madrid|2021|main|41,Comunidad de Madrid,2021,aparato-digestivo,main,41,"Para pacientes con un adenoma de ≥10 mm o con displasia de alto grado, la Sociedad Europea de Endoscopia Gastrointestinal (ESGE) recomienda una colonoscopia de vigilancia después de:",1 año,Ninguna de las respuestas anteriores es correcta.,5 años,10 años,b,Ninguna de las respuestas anteriores es correcta.,,9,AD_COMUNIDAD_DE_MADRID_2021__EXAM__017_exam_cuestionario-de-examen-f-e-en-aparato-digestivo-sermas-2021.pdf,AD_COMUNIDAD_DE_MADRID_2021__ANSWER_KEY__018_answer-key_plantilla-correctora-f-e-aparato-digestivo-2021.pdf,new182,3d8243ddc3dfe6db19717f5ea3bdb79fa28207436c38ae35bd44e82f1b696d71,237995f3e6ad0f9d164f2790907adf46f58a43edd39612c5b6bb1e10ff4f9c2d
n077,comunidad-de-madrid|2021|main|111,Comunidad de Madrid,2021,aparato-digestivo,main,111,"Para la extracción de pólipos diminutos, la Sociedad Europea de Endoscopia Gastrointestinal (ESGE) recomienda incluir un margen claro de tejido normal de:",10 mm,Ninguna de las respuestas anteriores es correcta.,5 mm,No se requiere margen,b,Ninguna de las respuestas anteriores es correcta.,,20,AD_COMUNIDAD_DE_MADRID_2021__EXAM__017_exam_cuestionario-de-examen-f-e-en-aparato-digestivo-sermas-2021.pdf,AD_COMUNIDAD_DE_MADRID_2021__ANSWER_KEY__018_answer-key_plantilla-correctora-f-e-aparato-digestivo-2021.pdf,new182,e15421c9aae33a0ddf1e2fac89034a65596aabcf2fd32e0c7c1f7dfdb4936de5,6361c92e6c8873a14ed68183d11b37b8fd50e3a8daa64cf53c53c9151ad5ac72
n078,comunidad-de-madrid|2021|main|92,Comunidad de Madrid,2021,aparato-digestivo,main,92,¿Cuál es el factor de riesgo más comúnmente asociado a la trombosis portal no cirrótica?,Insuficiencia cardíaca congestiva,Enfermedad de Behçet,Hipertensión arterial,Ninguna de las respuestas anteriores es correcta.,d,Ninguna de las respuestas anteriores es correcta.,,17,AD_COMUNIDAD_DE_MADRID_2021__EXAM__017_exam_cuestionario-de-examen-f-e-en-aparato-digestivo-sermas-2021.pdf,AD_COMUNIDAD_DE_MADRID_2021__ANSWER_KEY__018_answer-key_plantilla-correctora-f-e-aparato-digestivo-2021.pdf,new182,b70c99e797cd6cad8f525f0ae348f0bd0952e27987af3972bee8c414446ea467,9c4895d06d1cb066db4c3e951b822e8e766d35e1e59615eae48a5ac5e61cdeac
n079,andalucia|2021|cuestionario-teorico|19,Andalucía,2021,aparato-digestivo,cuestionario-teorico,19,Señale la opción correcta sobre la ectasia vascular antral:,La erradicación de H. pylori revierte la GAVE,Ninguna de las respuestas anteriores es correcta.,En pacientes con hemorragia refractaria a tratamiento endoscópico por GAVE se debe colocar un TIPS,La profilaxis secundaria se debe hacer con beta-bloqueantes,b,Ninguna de las respuestas anteriores es correcta.,,6,AD_ANDALUCIA_2021_22_LIBRE__EXAM__07__9122-aparato-digestivo-pdf.pdf,AD_ANDALUCIA_2021_22_LIBRE__CORRECTION__09__9122-plantilla-respuestas-def-digestivo-pdf.pdf,new182,30e9598c7fdfb10ad72165f900cfd238c44474c6b32ec128403a3fc68e235cc4,a4b03dc62e139791556ca2c78373a855861612fb1b4b8f444b6348e57b99c55b
n080,la-rioja|2024|main|63,La Rioja,2024,aparato-digestivo,main,63,¿Cuál es la manifestación extraintestinal cutánea más frecuente en la enfermedad inflamatoria intestinal?:,Pioderma gangrenoso.,Ninguna de las respuestas anteriores es correcta.,Síndrome de Sweet.,Pioestomatitis vegetante.,b,Ninguna de las respuestas anteriores es correcta.,,16,AD_LA_RIOJA_2023_2024__EXAM__exam__fea-aparato-digestivo-2025.pdf,AD_LA_RIOJA_2023_2024__CORRECTION__correction__plantilla-respuestas-modificada-fea-aparato-digestivo-2025.pdf,new182,70a11b48d03dacc5eef6414c018eac3360ec6056e7725cc01d30fac219fb2698,e5114106926f03936e28e03d4afcad82e02baf4daf2ec1556c767b5b42c4786d
n081,galicia|2016|main|17,Galicia,2016,aparato-digestivo,main,17,"En un paciente con colangitis esclerosante primaria y colitis ulcerosa en remisión, se le realiza una colonoscopia y se detectan lesiones invisibles con displasia de alto grado confirmadas por dos patólogos. ¿Que actitud se debe tomar ante este paciente según las recomendaciones ESGE/AESL?.",Cromoendoscopia con biopsias múltiples en 3 meses.,Nueva colonoscopia con biopsias múltiples en 3 meses.,Endomicroscopía confocal con biopsias en 3 meses.,Ninguna de las respuestas anteriores es correcta.,d,Ninguna de las respuestas anteriores es correcta.,,6,AD_GALICIA_OPE_2016__EXAM__gal-02__aparato-digestivo-cas-20171029192531-cas-pdf.pdf,AD_GALICIA_OPE_2016__CORRECTION__gal-03__aparello-dixestivo-20180201084525-cas-pdf.pdf,new182,b8c90bc0332aefc8c19545acd235d60659c903b871029f1bef4cba619552c768,779a6f148086c6c413223897d25a5383eb6b402cdd15ad2cfda3422f21e7f418
n082,andalucia|2021|cuestionario-teorico|20,Andalucía,2021,aparato-digestivo,cuestionario-teorico,20,En una mujer de 82 años con adenocarcinoma gástrico se aprecia una lesión periumbilical. Se trata de una lesión metastásica denominada:,Adenopatía de Wirchows,Tumor de Krukenberg,Ninguna de las respuestas anteriores es correcta.,Metástasis de Blumer,c,Ninguna de las respuestas anteriores es correcta.,,7,AD_ANDALUCIA_2021_22_LIBRE__EXAM__07__9122-aparato-digestivo-pdf.pdf,AD_ANDALUCIA_2021_22_LIBRE__CORRECTION__09__9122-plantilla-respuestas-def-digestivo-pdf.pdf,new182,c5029dc47be13813d5a2ceaf5cf026726cf980babf5ceab209f770b9d0647c74,b8bc535c9920966fcf5775a147f1ddb99bce672858e6acd85e765b195abe2f2b
n083,castilla-la-mancha|2022|main|45,Castilla-La Mancha,2022,aparato-digestivo,main,45,"Según la clasificación de Montreal para la Enf. Crohn, un varón con debut de la enfermedad a los 35 años, localización ileocolónica y patrón estenosante se correspondería a",A1L2LB2,Ninguna de las respuestas anteriores es correcta.,A3L2B1,A1L1B3,b,Ninguna de las respuestas anteriores es correcta.,,9,AD_CASTILLA_LA_MANCHA_2022__EXAM__exam__cuestionario-fea-digestivo.pdf,AD_CASTILLA_LA_MANCHA_2022__CORRECTION__correction__plantilla-correctora-definitiva-fea-aparato-digestivo.pdf,new182,c2ab722556b06eba0bc6794496c36ad073098f010dc48fe2ccc9995dd203db1a,25c1524580ad16ddb1f352dd96c3c4b7b6247db38ea4add096b66c913ac102c6
n084,la-rioja|2021|main|95,La Rioja,2021,aparato-digestivo,main,95,En los mecanismos fisiopatológicos de la esofagitis eosinofílica es cierto:,Son mecanismos claramente conocidos.,No se trata de un proceso inflamatorio de etiología inmunoalérgica.,Ninguna de las respuestas anteriores es correcta.,En este proceso inflamatorio no participan células T ni células B.,c,Ninguna de las respuestas anteriores es correcta.,,33,AD_LA_RIOJA_2020_2021__EXAM__exam__fea-aparato-digestivo-2021.pdf,AD_LA_RIOJA_2020_2021__CORRECTION__correction__plantilla-respuestas-modificada-fea-aparato-digestivo-2021.pdf,new182,4e43db13a7394bfc327af73231c075ec16b643e5a4bf7857c2d0bc3783cc7d36,2f6f14d82a61ce505a6848fc66501a34f0cccd72f9ff7b4b23f3b62cf07d7ae2
n085,andalucia|2021|cuestionario-teorico|96,Andalucía,2021,aparato-digestivo,cuestionario-teorico,96,"En el tratamiento de la hepatitis autoinmune, en el caso de intolerancia a Azatioprina, el tratamiento de segunda línea según las guías europeas es:",Interferon Alfa,Corticoides a dosis plenas,Ninguna de las respuestas anteriores es correcta.,Tacrólimus con o sin corticoides,c,Ninguna de las respuestas anteriores es correcta.,,22,AD_ANDALUCIA_2021_22_LIBRE__EXAM__07__9122-aparato-digestivo-pdf.pdf,AD_ANDALUCIA_2021_22_LIBRE__CORRECTION__09__9122-plantilla-respuestas-def-digestivo-pdf.pdf,new182,c007f2fa5e6569055b8606b6d320ca4826ff01039970c6ea47364a3321da3be3,e92dbff6bef820aeda21d9af81f94ed1faef7a11b96cf0dba919828f226c8637
n086,castilla-la-mancha|2017|main|32,Castilla-La Mancha,2017,aparato-digestivo,main,32,Si una paciente con colitis ulcerosa en tratamiento con Azatioprina asintomática se queda embarazada deberemos,Suspender Azatioprina y pautar Mesalazina.,Suspender Azatioprina y dejarla sin tratamiento.,Ninguna de las respuestas anteriores es correcta.,Mandar a la paciente al Ginecólogo y que decida él.,c,Ninguna de las respuestas anteriores es correcta.,,7,AD_CASTILLA_LA_MANCHA_2017_2018__EXAM__exam__cuestionario-fea-aparato-digestivo.pdf,AD_CASTILLA_LA_MANCHA_2017_2018__CORRECTION__correction__plantilla-correctora-definitiva-fea-aparato-digestivo.pdf,new182,ed6973c3a3617f5bfc7a3ccad38ccfd56be64de6ff47d0e1ca868ec638f34c0a,e47526f1c6e1a26db3cf752085a51f00756b63933150f232252d89fb73c7ef8a
n087,la-rioja|2021|main|61,La Rioja,2021,aparato-digestivo,main,61,Entre los nuevos fármacos para el estreñimiento crónico se encuentra la prucaloprida cuyo mecanismo de acción es:,Activador de los canales del calcio.,Ninguna de las respuestas anteriores es correcta.,Agonista del receptor de la guanilato ciclasa.,Agonista de los receptores opioides mu.,b,Ninguna de las respuestas anteriores es correcta.,,23,AD_LA_RIOJA_2020_2021__EXAM__exam__fea-aparato-digestivo-2021.pdf,AD_LA_RIOJA_2020_2021__CORRECTION__correction__plantilla-respuestas-modificada-fea-aparato-digestivo-2021.pdf,new182,75cfd1dae4feec21cf33492ae35a76a8f2de6a1444f02509a82171ccd3f6dd81,2d56105993be2f9d983ee30c0eab82315dfd27efe65e54efc71859c0bfeed47d
n088,castilla-y-leon|2019|main|43,Castilla y León,2019,aparato-digestivo,main,43,"De los siguientes, señale el factor de riesgo más importante en relación con las úlceras por consumo de AINE:",Infección por H. pylori.,Ninguna de las respuestas anteriores es correcta.,Uso de glucocorticoides.,Edad > 70 años.,b,Ninguna de las respuestas anteriores es correcta.,,11,AD_CASTILLA_Y_LEON_2019__EXAM__044_exam_examen-le-aparato-digestivo-orden-san-139-2020.pdf,AD_CASTILLA_Y_LEON_2019__ANSWER_KEY__045_answer-key_plantilla-respuestas-correctas-l-e-aparato-digestivo-orden-s.pdf,new182,5671de60c0edfc57dad5062c90dee8b278a8aa10ae9af7d452c52bbc390042d8,feb96631b1c976bd55495b3b8940d22d3e986537877cff639caed58fe466d97e
n089,castilla-y-leon|2019|main|144,Castilla y León,2019,aparato-digestivo,main,144,Paciente varón de 40 años sin antecedentes de interés en el que se realiza gastroscopia por pirosis y sensación de distensión abdominal de 5 años de evolución. En ella se observan múltiples imágenes polipoideas en cuerpo distal y antro. De las siguientes cual es la actitud correcta.,Probablemente se traten de pólipos asociados a la toma de IBPs por lo que se debe suspender y tratar con procinéticos.,Ninguna de las respuestas anteriores es correcta.,Solo se debe biopsiar si alguno de ellos mide más de 10 mm.,Si son más de 10 pólipos se debe remitir al paciente para gastrectomía subtotal.,b,Ninguna de las respuestas anteriores es correcta.,,33,AD_CASTILLA_Y_LEON_2019__EXAM__044_exam_examen-le-aparato-digestivo-orden-san-139-2020.pdf,AD_CASTILLA_Y_LEON_2019__ANSWER_KEY__045_answer-key_plantilla-respuestas-correctas-l-e-aparato-digestivo-orden-s.pdf,new182,c0f2935ef7a049e3dc9bfcf4a7345878e75e4ed8357fe052173992dfe892b7a8,f310769d246f30d7509dbb1641c0700c6a62d417a4c5a1c45805483e1b36c621
n090,comunitat-valenciana|2022|main|16,Comunitat Valenciana,2022,aparato-digestivo,main,16,"Según las recomendaciones de la European Society of Gastrointestinal Endoscopy (ESGE) (2021), ¿cuál es el umbral de Hemoglobina recomendado a la hora de realizar una transfusión de glóbulos rojos en pacientes hemodinámicamente estables con hemorragia digestiva baja aguda y sin antecedentes de enfermedad cardiovascular?",< ó = 8 g/dl,< ó = 6 g/dl,Ninguna de las respuestas anteriores es correcta.,< ó = 7.5 g/dl,c,Ninguna de las respuestas anteriores es correcta.,,7,AD_COMUNITAT_VALENCIANA_2022__EXAM__25__25-comunidad-valenciana-2022-exam-pdf.pdf,AD_COMUNITAT_VALENCIANA_2022__CORRECTION__27__27-comunidad-valenciana-2022-answer-key-definitive-pdf.pdf,new182,05bd149f43f3cc636c000abf5ff0161641f1091f5f7eebe22aaf010a691f68f7,ceccbc65743f7e048f8520fc57eda62369440c62607a7fc8ebcd8a73c3e8a53a
n091,comunitat-valenciana|2022|main|36,Comunitat Valenciana,2022,aparato-digestivo,main,36,"Al examinar una biopsia del intestino delgado de un paciente con enfermedad celíaca, ¿cuál de los siguientes hallazgos espera ser visto?",Citoplasma eosinofílico en los enterocitos.,Aumento de neutrófilos intraepiteliales.,Criptas más cortas.,Ninguna de las respuestas anteriores es correcta.,d,Ninguna de las respuestas anteriores es correcta.,,13,AD_COMUNITAT_VALENCIANA_2022__EXAM__25__25-comunidad-valenciana-2022-exam-pdf.pdf,AD_COMUNITAT_VALENCIANA_2022__CORRECTION__27__27-comunidad-valenciana-2022-answer-key-definitive-pdf.pdf,new182,cd795d1b4984cdb12ed3f9d565bb2b9ea688bf5ecd6310d7e9e8ed4c49a26371,f7441d2876e7ecfe2f4c7969743b93c98c4218883cadd87255e70d63ea7023fe
n092,castilla-y-leon|2019|main|102,Castilla y León,2019,aparato-digestivo,main,102,"En una mujer de 65 años, sin antecedentes de patología pancreática previa, se diagnóstica de modo incidental tras la realización de un TAC abdominal una formación quística de 5 cm en cola de páncreas. Se realiza punción de la lesión mediante ecoendoscopia encontrando una viscosidad, niveles de amilasa y CEA todos ellos bajos. Ante cuál de las siguientes lesiones nos encontraremos con más probabilidad:",Neoplasia quística mucinosa.,Pseudoquiste pancreático.,Ninguna de las respuestas anteriores es correcta.,Neoplasia mucinosa papilar intraductal.,c,Ninguna de las respuestas anteriores es correcta.,,23,AD_CASTILLA_Y_LEON_2019__EXAM__044_exam_examen-le-aparato-digestivo-orden-san-139-2020.pdf,AD_CASTILLA_Y_LEON_2019__ANSWER_KEY__045_answer-key_plantilla-respuestas-correctas-l-e-aparato-digestivo-orden-s.pdf,new182,11d86c528afe8fe13db047703c52e98f52bec677e73e6bb012c92152f6f35113,ccf35038c1754136386e671b723994898a00ae40f05c9e5282aca620a261a71c
n093,comunidad-de-madrid|2021|main|57,Comunidad de Madrid,2021,aparato-digestivo,main,57,"¿Cuál de las siguientes afirmaciones es correcta respecto al uso de laxantes osmóticos, como el polietilenglicol (PEG), en el tratamiento del estreñimiento crónico idiopático en adultos?",Los laxantes osmóticos deben usarse exclusivamente en combinación con fibra para ser efectivos,Ninguna de las respuestas anteriores es correcta.,Los laxantes osmóticos tienen un alto riesgo de causar cefalea y diarrea severa,Solo están indicados para el tratamiento de corta duración en episodios agudos de estreñimiento,b,Ninguna de las respuestas anteriores es correcta.,,12,AD_COMUNIDAD_DE_MADRID_2021__EXAM__017_exam_cuestionario-de-examen-f-e-en-aparato-digestivo-sermas-2021.pdf,AD_COMUNIDAD_DE_MADRID_2021__ANSWER_KEY__018_answer-key_plantilla-correctora-f-e-aparato-digestivo-2021.pdf,new182,860342e4887b93705bb2358ec600a02362b840e5a9e16932fea9a5901e576a53,221909d31b242d38c7d0b053744dbac9bbe351790d9ca1062796a19673133798
n094,andalucia|2022|cuestionario-practico|147,Andalucía,2022,aparato-digestivo,cuestionario-practico,147,¿Cuál de los siguientes diagnósticos es más probable?,Adenocarcinoma de la unión esofago-gástrica.,Ninguna de las respuestas anteriores es correcta.,Úlcera péptica gástrica.,Colitis colágena.,b,Ninguna de las respuestas anteriores es correcta.,,42,AD_ANDALUCIA_2022_EXTRAORDINARIA_LIBRE__EXAM__12__revisado-56007-fea-aparato-digestivo-final-pdf.pdf,AD_ANDALUCIA_2022_EXTRAORDINARIA_LIBRE__CORRECTION__14__def-feaapdigestivo-sas-2023-pdf.pdf,new182,6e82459a030b66f16be282f6030b65d90eb979d4ea0c62ff7aad1a4517ee319f,d3903e0e0788740602441985afb495155f4f4a8bc378319d67b397f76331c7f5
n095,andalucia|2022|cuestionario-practico|127,Andalucía,2022,aparato-digestivo,cuestionario-practico,127,¿Qué conducta cree más adecuada en esta situación?,Consulta al cirujano para laparotomía y cierre de la perforación.,Consulta al endoscopista terapéutico para cierre endoscópico de la perforación con clips Ovesco o hemoclips convencionales.,Tratamiento analgésico en urgencias y alta domiciliaria con pauta analgésica.,Ninguna de las respuestas anteriores es correcta.,d,Ninguna de las respuestas anteriores es correcta.,,34,AD_ANDALUCIA_2022_EXTRAORDINARIA_LIBRE__EXAM__12__revisado-56007-fea-aparato-digestivo-final-pdf.pdf,AD_ANDALUCIA_2022_EXTRAORDINARIA_LIBRE__CORRECTION__14__def-feaapdigestivo-sas-2023-pdf.pdf,new182,a525cf5eb975b10f72208f3b354984de4d410d7df452de85ff4b8c125ac092c1,ad5f40dc44720c47add471d80f6226bf9a4854242a465191c92e7b9e6acd490d
n096,comunidad-de-madrid|2021|main|14,Comunidad de Madrid,2021,aparato-digestivo,main,14,Indica cuál es un factor de mal pronóstico para la cirugía en la colitis ulcerosa:,Edad menor de 40 años,Ninguna de las respuestas anteriores es correcta.,Enfermedad limitada al recto,Historia de infecciones oportunistas,b,Ninguna de las respuestas anteriores es correcta.,,4,AD_COMUNIDAD_DE_MADRID_2021__EXAM__017_exam_cuestionario-de-examen-f-e-en-aparato-digestivo-sermas-2021.pdf,AD_COMUNIDAD_DE_MADRID_2021__ANSWER_KEY__018_answer-key_plantilla-correctora-f-e-aparato-digestivo-2021.pdf,new182,930b22828c6069f441b2af9aa4eba997128f1b029f78854c08fc7bb1f4ef2a01,78bfdb9cd25b8631bbf91cf7eac0aeb0f2855521b6488e9d9d8076647a253b75
n097,galicia|2022|main|78,Galicia,2022,aparato-digestivo,main,78,"Según la última Guía ESGE para diagnóstico y manejo de Esófago de Barrett, se debe de derivar a centro de referencia, a los pacientes con esófago de Barrett con una extensión máxima:",Igual o superior a 3 cm.,Igual o superior a 5 cm.,Ninguna de las respuestas anteriores es correcta.,Igual o superior a 15 cm.,c,Ninguna de las respuestas anteriores es correcta.,,16,AD_GALICIA_OPE_2022__EXAM__gal-09__especifico-cast-aparello-dx-20240316193007-cas-pdf.pdf,AD_GALICIA_OPE_2022__CORRECTION__gal-11__fea-aparello-dixestivo-20240514082015-cas-pdf.pdf,new182,8897b7fae38c0e89a630d28c1756eabf52e80ab4bc0adefb9b403c7bf451d689,e5153b5490e05fe42191237a2acc5671dc270a88dccfebc2829793c166a98614
n098,castilla-y-leon|2019|main|35,Castilla y León,2019,aparato-digestivo,main,35,Los subtipos de Acalasia se distinguen por diferentes patrones manométricos de contractilidad del cuerpo esofágico. Señale el que mejor define la Acalasia tipo II:,"Fallo de peristaltismo del 100%, PRI (*presión de relajación integrada*) media > 15 mmHg.","Contracciones prematuras en ≥ 20% de las degluciones, PRI media ≥ 15 mmHg.","PRI media < 17 mmHg, ≥ 20% de contracciones prematuras.",Ninguna de las respuestas anteriores es correcta.,d,Ninguna de las respuestas anteriores es correcta.,,9,AD_CASTILLA_Y_LEON_2019__EXAM__044_exam_examen-le-aparato-digestivo-orden-san-139-2020.pdf,AD_CASTILLA_Y_LEON_2019__ANSWER_KEY__045_answer-key_plantilla-respuestas-correctas-l-e-aparato-digestivo-orden-s.pdf,new182,c955b48395fa14fb4b9a07a7f24a21ccc97e1a8ec9bcc0d87b7c2af758356e56,ed104c7224246e5226fa072e32e04f49784a2073863c337723d9b965df6bb023
n099,castilla-y-leon|2019|main|53,Castilla y León,2019,aparato-digestivo,main,53,"En un paciente Naive no coinfectado y con Hepatopatía crónica VCH, la duración habitual del tratamiento con Sofosbuvir y Velpatasvir es de:",4 semanas,8 semanas,Ninguna de las respuestas anteriores es correcta.,24 semanas,c,Ninguna de las respuestas anteriores es correcta.,,13,AD_CASTILLA_Y_LEON_2019__EXAM__044_exam_examen-le-aparato-digestivo-orden-san-139-2020.pdf,AD_CASTILLA_Y_LEON_2019__ANSWER_KEY__045_answer-key_plantilla-respuestas-correctas-l-e-aparato-digestivo-orden-s.pdf,new182,c4b97e946af1f1dcadc992dea407db6c7452ff289cf1a59bb79115327da5a40b,981081f0ac584c7fe298bf688410c6d7d930c79fcfad9a88f2e81c234b85bd24
n100,navarra|2022|teorico-practica|80,Navarra,2022,aparato-digestivo,teorico-practica,80,La triada de Rigler aparece en:,Vólvulo de ciego,Vólvulo gástrico,Ninguna de las respuestas anteriores es correcta.,Coledococele,c,Ninguna de las respuestas anteriores es correcta.,,17,AD_NAVARRA_2022__EXAM__040_exam_preguntas-test-examen-digestivo-definitivo-ope-2022-estabili.pdf,AD_NAVARRA_2022__ANSWER_KEY__041_answer-key_respuestas-digestivo-ope-2022-estabilizacion.pdf,new182,26cb204b5167ab4b4ef41e203799b2ff34d9b25c073abc110826766e929485ff,84c617023c9cf11fc266f317959604c50b3cf9ebb5aeeb2e8c9be2d7fabd4c6b
n101,aragon|2017|main|93,Aragón,2017,aparato-digestivo,main,93,"Paciente con diarrea crónica, dolor abdominal y ocasional rectorragia, además de artralgias frecuentes. Se practica una colonoscopia con ileoscopia, evidenciando úlceras y aftas en sigma y algunas zonas de colon más proximal, rodeadas de mucosa normal. ¿de donde tomaría usted biopsias?",Un mínimo de 3 biopsias de cada área afecta.,"Un mínimo de 5 biopsias, de recto y colon afecto.",Ninguna de las respuestas anteriores es correcta.,El número y localización de las biopsias no es relevante.,c,Ninguna de las respuestas anteriores es correcta.,,33,AD_ARAGON_2017__EXAM__exam__cuadernillo-del-examen-de-la-categoria-de-aparato-digestivo-que-fue-realizado-el.pdf,AD_ARAGON_2017__ANSWER_KEY__answer-key__plantilla-de-respuestas-del-examen-de-la-categoria-de-aparato-digestivo-que-fue-.pdf,new182,179757b31ee35faa93821efb885a4c0f75e90f9bf7265ad57adf40a3dabfe47a,560c79de0c6ec8bbf414ebeda556057938741c71784330bb0dfbbef720b372d1
n102,comunidad-de-madrid|2021|main|60,Comunidad de Madrid,2021,aparato-digestivo,main,60,"Un hombre de 67 años con cirrosis alcohólica en seguimiento por el servicio de Hepatología es diagnosticado de un hepatocarcinoma de 3 cm de diámetro localizado en el lóbulo izquierdo, segmento III. Sometido a estudio para valoración del tratamiento a seguir se demuestra que el paciente no tiene hipertensión portal, presenta una función hepático normal, un MELD score de 7 y un Child-Pugh grado A. La alfa-fetoproteína es inferior a 50 ng/nL y no se han objetivado metástasis a distancia. ¿Cuál es el tratamiento más indicado en este paciente?",Radioterapia ( SBRT),Ninguna de las respuestas anteriores es correcta.,Quimioembolización,Tratamiento sistémico con inmunoterapia,b,Ninguna de las respuestas anteriores es correcta.,,12,AD_COMUNIDAD_DE_MADRID_2021__EXAM__017_exam_cuestionario-de-examen-f-e-en-aparato-digestivo-sermas-2021.pdf,AD_COMUNIDAD_DE_MADRID_2021__ANSWER_KEY__018_answer-key_plantilla-correctora-f-e-aparato-digestivo-2021.pdf,new182,d0045adc802f44f3eacf2a6c53183c945186bac56ab4c5c7749ba9822e2c80dc,209f786d4f1c8b5bbd98db416b825994ff1b28f00edbac1550d57856b12cebf2
n103,castilla-la-mancha|2022|main|42,Castilla-La Mancha,2022,aparato-digestivo,main,42,"En la colitis ulcerosa, la técnica quirúrgica de elección para una cirugía electiva ante un fracaso médico es",Colectomía parcial del segmento afectado.,Ninguna de las respuestas anteriores es correcta.,Proctocolectomía con ileostomía permanente.,Colectomía total con anastomosis ileorrectal.,b,Ninguna de las respuestas anteriores es correcta.,,8,AD_CASTILLA_LA_MANCHA_2022__EXAM__exam__cuestionario-fea-digestivo.pdf,AD_CASTILLA_LA_MANCHA_2022__CORRECTION__correction__plantilla-correctora-definitiva-fea-aparato-digestivo.pdf,new182,2c3f4d3224b45f50b41b327b9322c6161337f3cae015a48ecebf707f9c99ad44,329f91e9482fe763d463c319d5d853eb3ca47a590d3bb87c1934f3f14440a980
n104,castilla-la-mancha|2022|main|39,Castilla-La Mancha,2022,aparato-digestivo,main,39,"En una colonoscopia por antecedentes familiares de cáncer de colon se extirpa un pólipo pediculado con un diámetro de 14 mm en su cabeza que presenta displasia de alto grado. La base de resección está libre de displasia. Según la Guía de la ESGE de 2020 sobre el seguimiento de pólipos de colon, ¿Cuándo debe realizarse la próxima colonoscopia?",A los 5 años,Ninguna de las respuestas anteriores es correcta.,Al año,A los 6 meses,b,Ninguna de las respuestas anteriores es correcta.,,8,AD_CASTILLA_LA_MANCHA_2022__EXAM__exam__cuestionario-fea-digestivo.pdf,AD_CASTILLA_LA_MANCHA_2022__CORRECTION__correction__plantilla-correctora-definitiva-fea-aparato-digestivo.pdf,new182,22ff03d6bd23b3e6c2ee324dddbded267e5404a3822e88953a315557422695d4,c19da437896a3f7bbf66929ef49948cbe4163a5946524c9baadd8e4e7e3d6014
n105,comunitat-valenciana|2022|main-47-80|64,Comunitat Valenciana,2022,aparato-digestivo,main-47-80,64,"Una ascitis con gradiente de albúmina suero/ascitis de 1,2 es sugestivo de:",Pancreatitis aguda.,Ninguna de las respuestas anteriores es correcta.,Tuberculosis peritoneal.,Carcinomatosis peritoneal,b,Ninguna de las respuestas anteriores es correcta.,,19,AD_COMUNITAT_VALENCIANA_2022__EXAM__25__25-comunidad-valenciana-2022-exam-pdf.pdf,AD_COMUNITAT_VALENCIANA_2022__CORRECTION__27__27-comunidad-valenciana-2022-answer-key-definitive-pdf.pdf,new182,ccdbd143693aea4564e17399411dd5bccb6398c0eac54ddd9ceffd32fe78aa33,ac1cd4721faf6242234e43c7d672785c7a4b1580298e993b5e9b7e9242967285
n106,castilla-la-mancha|2022|main|6,Castilla-La Mancha,2022,aparato-digestivo,main,6,"Con respecto a los trastornos motores esofágicos, la clasificación de Chicago versión 4.0 define dentro de los trastornos de la peristalsis al espasmo esofágico distal clínicamente relevante, como una patología con una presión de relajación integrada normal, dolor torácico no cardiaco o disfagia durante la manometría y",100% de las degluciones con peristalsis fallida.,Ninguna de las respuestas anteriores es correcta.,≥ 20% de las degluciones con hipercontractilidad.,≥ 50% de las degluciones con peristalsis fallida.,b,Ninguna de las respuestas anteriores es correcta.,,2,AD_CASTILLA_LA_MANCHA_2022__EXAM__exam__cuestionario-fea-digestivo.pdf,AD_CASTILLA_LA_MANCHA_2022__CORRECTION__correction__plantilla-correctora-definitiva-fea-aparato-digestivo.pdf,new182,85c9e63dfdd9824bf07b4f7ccb4197ce74abbea5ee8ea52ed8f66ba4da35c8a0,a4cd1caf18e7c3be800a5adc78aeb3f21856783d7de95118e45ff11030d91a71
n107,castilla-y-leon|2019|main|45,Castilla y León,2019,aparato-digestivo,main,45,"De acuerdo con el sistema TNM, donde la T indica la profundidad de invasión, los tumores gástricos que invaden la muscular propia, pero no la serosa, serán estadificados como:",T1a.,T1b.,Ninguna de las respuestas anteriores es correcta.,T3.,c,Ninguna de las respuestas anteriores es correcta.,,11,AD_CASTILLA_Y_LEON_2019__EXAM__044_exam_examen-le-aparato-digestivo-orden-san-139-2020.pdf,AD_CASTILLA_Y_LEON_2019__ANSWER_KEY__045_answer-key_plantilla-respuestas-correctas-l-e-aparato-digestivo-orden-s.pdf,new182,71c8c9a182bde5bd75d05d707776a427f40d85e8f0eda57daff53c0b27e59e74,3eb0bd3967fefac842f18a8690713fdd672408395db7cb413bd3c774076fd717
n108,region-de-murcia|2019|main|59,Región de Murcia,2019,aparato-digestivo,main,59,"Respecto al índice de Mayo, una mucosa con ausencia del patrón vascular y ulceraciones corresponde con:",Mayo 1.,Mayo 2.,Ninguna de las respuestas anteriores es correcta.,Mayo 4.,c,Ninguna de las respuestas anteriores es correcta.,,11,AD_REGION_DE_MURCIA_2019__EXAM__021_exam_apa-dig-lb-a-examen-turno-libre-modelo-a.pdf,AD_REGION_DE_MURCIA_2019__ANSWER_KEY__022_answer-key_apa-dig-plantilla-respuestas-corregida-turno-libre-modelo-a.pdf,new182,769ba04455b85d4a8559af08ff4e209347070950f172f8c764be099f7d485bf6,18975b8326e094d03defd8f98e65db535027cd970be4193b6cedcc07bfebad5b
n109,la-rioja|2021|main|79,La Rioja,2021,aparato-digestivo,main,79,En CPRE (colangiopancreatografía retrograda endoscópica) la canulación difícil se define como:,Canulación simple fallida antes de 5 minutos del primer intento.,Ninguna de las respuestas anteriores es correcta.,Canulación simple fallida después de 10-20 minutos del primer intento.,Canulación simple fallida después de 15-30 minutos del primer intento.,b,Ninguna de las respuestas anteriores es correcta.,,29,AD_LA_RIOJA_2020_2021__EXAM__exam__fea-aparato-digestivo-2021.pdf,AD_LA_RIOJA_2020_2021__CORRECTION__correction__plantilla-respuestas-modificada-fea-aparato-digestivo-2021.pdf,new182,2f2cfca41824697447f6ac6f0c2664c517f461f2dcb54bc60349518c355ae17b,aa7ce2596ac145fc0844aa57a945b4bf633bfcd6383c37f18710b8fb26521c6e
n110,galicia|2022|main|69,Galicia,2022,aparato-digestivo,main,69,"Según las Guías de la European Society of Gastrointestinal Endoscopy (ESGE), en el manejo de las estenosis esofágicas malignas, se recomienda:",La colocación de prótesis metálicas autoexpandibles como puente a la cirugía.,La colocación de prótesis metálicas autoexpandibles antes de iniciar quimiorradioterapia preoperatoria.,Ninguna de las respuestas anteriores es correcta.,La colocación de prótesis plásticas autoexpandibles en el tratamiento paliativo de la disfagia maligna.,c,Ninguna de las respuestas anteriores es correcta.,,15,AD_GALICIA_OPE_2022__EXAM__gal-09__especifico-cast-aparello-dx-20240316193007-cas-pdf.pdf,AD_GALICIA_OPE_2022__CORRECTION__gal-11__fea-aparello-dixestivo-20240514082015-cas-pdf.pdf,new182,0cb0577a0394a5820a8e264be03556819c363b9b3934a38ad22c1cb97a7cff0c,04f2c225fe32b799364f619867c1c056cd0cf2ed6224df7b1b6c2e566f25671c
n111,la-rioja|2021|main|8,La Rioja,2021,aparato-digestivo,main,8,"En relación con el sobrecrecimiento bacteriano intestinal, es cierto que:","No existe un patrón oro o prueba de referencia para el diagnóstico, por la alta probabilidad de contaminación del cultivo de aspirado de líquido yeyunal.",Ninguna de las respuestas anteriores es correcta.,Se recomiendan tratamientos prolongados con antibióticos (21-30 días) para conseguir reducir la microbiota tanto aerobia como anaerobia del intestino delgado.,"En la mayoría de los casos se observan lesiones en el estudio endoscópico del intestino delgado, como eritema o erosiones.",b,Ninguna de las respuestas anteriores es correcta.,,5,AD_LA_RIOJA_2020_2021__EXAM__exam__fea-aparato-digestivo-2021.pdf,AD_LA_RIOJA_2020_2021__CORRECTION__correction__plantilla-respuestas-modificada-fea-aparato-digestivo-2021.pdf,new182,d2bf47c7aaeb9e45106e0074edfbbd02fd9b918d1f2e68aaad0b7a894db2551e,1d95267bac4a19520f65baf7e7dd74fb179d3d2652a1640be5bf91da0a1b70b5
n112,andalucia|2022|cuestionario-teorico|46,Andalucía,2022,aparato-digestivo,cuestionario-teorico,46,"Un hombre de 41 años, con historia de síndrome de intestino corto y en nutrición parenteral domiciliaria en los últimos 2 años, acude a consulta por presentar ictericia franca de piel y mucosas, así como varios episodios de confusión que le impedían realizar tareas sencillas. Refiere aumento del perímetro abdominal y disminución de la diuresis. En la exploración se apreció ascitis no a tensión, edemas maleolares bilaterales, así como asterixis. Hemoglobina 10 g/dl; plaquetas: 109.000 cels/mcL; bilirrubina total 8 mg/dl; fosfatasa alcalina 155 U/L; AST: 40 U/L; ALT: 50 U/L; creatinina 1,8 mg/dl; INR: 1,9. En la planificación del manejo a largo plazo de este paciente, ¿cuál sería su mejor opción?",Trasplante intestinal.,Agonistas GLP-2 (Teduglutide).,Ninguna de las respuestas anteriores es correcta.,Optimización de la nutrición parenteral domiciliaria.,c,Ninguna de las respuestas anteriores es correcta.,,12,AD_ANDALUCIA_2022_EXTRAORDINARIA_LIBRE__EXAM__12__revisado-56007-fea-aparato-digestivo-final-pdf.pdf,AD_ANDALUCIA_2022_EXTRAORDINARIA_LIBRE__CORRECTION__14__def-feaapdigestivo-sas-2023-pdf.pdf,new182,5837fbd2f5a79b53d88a7f24beda3029fe805e607dfd1ea839b0496f81380917,e58325f44d454337921f5e71743dfd6031fc1a71ea50f7f9b134d341ab9bb8a3
n113,andalucia|2022|cuestionario-teorico|90,Andalucía,2022,aparato-digestivo,cuestionario-teorico,90,"En un paciente con cirrosis hepática, el riesgo de sangrado por rotura de varices esofágicas aparece cuando el gradiente de presión venosa hepática es:",Igual o superior a 10 mmHg.,Ninguna de las respuestas anteriores es correcta.,Igual o superior a 15 mmHg.,Igual o superior a 20 mmHg.,b,Ninguna de las respuestas anteriores es correcta.,,24,AD_ANDALUCIA_2022_EXTRAORDINARIA_LIBRE__EXAM__12__revisado-56007-fea-aparato-digestivo-final-pdf.pdf,AD_ANDALUCIA_2022_EXTRAORDINARIA_LIBRE__CORRECTION__14__def-feaapdigestivo-sas-2023-pdf.pdf,new182,40d5a3f0421af91a8a743faee11fee4f46379dff6986d317029d9e01468db1f5,5df31e0035542696894b8158064cb5be3e163444afa939b553b97d8193a4f0eb
n114,castilla-y-leon|2019|main|55,Castilla y León,2019,aparato-digestivo,main,55,Grupo familiar de 5 personas que acuden a urgencias por cuadro de diarrea líquida y vómitos a las 3 horas de tomar un pastel relleno de crema. ¿Cuál de las siguientes causas le parece más probable?,Infección por Vibrio parahemolitico.,Contaminación por toxina de clostridium perfringens,Infección por campylobacter yeyuni.,Ninguna de las respuestas anteriores es correcta.,d,Ninguna de las respuestas anteriores es correcta.,,13,AD_CASTILLA_Y_LEON_2019__EXAM__044_exam_examen-le-aparato-digestivo-orden-san-139-2020.pdf,AD_CASTILLA_Y_LEON_2019__ANSWER_KEY__045_answer-key_plantilla-respuestas-correctas-l-e-aparato-digestivo-orden-s.pdf,new182,3c421cb2b0b80f5c7a46d5c4a5307c7ebee9db1fbc2a5fc2b829d853f5d10e92,0431ea3df59e7a13ce6172b9936845764379d08e5084005e2d374a91524c2d08
n115,la-rioja|2021|main|2,La Rioja,2021,aparato-digestivo,main,2,Señale la respuesta correcta respecto al síndrome de intestino irritable (SII):,"La eluxadolina es un fármaco aprobado por la EMA (Agencia Europea del Medicamento) para el tratamiento del SII con predominio de estreñimiento, pero no comercializado en nuestro país.",Ninguna de las respuestas anteriores es correcta.,"Los antidepresivos tricíclicos mejoran de forma global el dolor y la distensión abdominal, pero incrementan la diarrea, por lo que deben evitarse en SII con predominio de diarrea.",El riesgo de enfermedad orgánica es menor en el subtipo de SII con predominio de diarrea que en SII con predominio de estreñimiento.,b,Ninguna de las respuestas anteriores es correcta.,,3,AD_LA_RIOJA_2020_2021__EXAM__exam__fea-aparato-digestivo-2021.pdf,AD_LA_RIOJA_2020_2021__CORRECTION__correction__plantilla-respuestas-modificada-fea-aparato-digestivo-2021.pdf,new182,6d09c7f73e4b9c5c200095d9b90dd2fb71feb2be29d2ea4fa4df41552c4f72c1,f748209d550b329ca6a237e4b5007a93ffb99ff9e079403cf5d99967193a16d1
n116,comunidad-de-madrid|2021|main|51,Comunidad de Madrid,2021,aparato-digestivo,main,51,¿Cuál de los siguientes autoanticuerpos se considera característico de la hepatitis autoinmune tipo II?,Anticuerpos antimitocondriales,Anticuerpos antinucleares,Ninguna de las respuestas anteriores es correcta.,Anticuerpos ANCA,c,Ninguna de las respuestas anteriores es correcta.,,11,AD_COMUNIDAD_DE_MADRID_2021__EXAM__017_exam_cuestionario-de-examen-f-e-en-aparato-digestivo-sermas-2021.pdf,AD_COMUNIDAD_DE_MADRID_2021__ANSWER_KEY__018_answer-key_plantilla-correctora-f-e-aparato-digestivo-2021.pdf,new182,8ccc23260a34fceca75b89bfc7fde54314453a9add3c4bf38b4a55c4edf0fee8,a08f60e57587f9a5852ba9945f5125d323eabcac0db37fac9ee27680e22ab529
n117,aragon|2017|main|16,Aragón,2017,aparato-digestivo,main,16,En la cirrosis alcohólica el cociente GOT/GPT es habitualmente de 2 o más ¿Por qué?,Deficiencia de 5'-nucleotidasa.,Ninguna de las respuestas anteriores es correcta.,Deficiencia de transglutaminasa tisular.,Aumento de síntesis de GOT.,b,Ninguna de las respuestas anteriores es correcta.,,7,AD_ARAGON_2017__EXAM__exam__cuadernillo-del-examen-de-la-categoria-de-aparato-digestivo-que-fue-realizado-el.pdf,AD_ARAGON_2017__ANSWER_KEY__answer-key__plantilla-de-respuestas-del-examen-de-la-categoria-de-aparato-digestivo-que-fue-.pdf,new182,3a404aa9e6ad8ae1a43e5b6ef4780cd2b14405633fc79e9ff129ec42eff2e5c5,9b0b65720903afae830bd9e7b8097f511f7fe433e30841efdc82e5562a4ee2ee
n118,andalucia|2022|cuestionario-teorico|50,Andalucía,2022,aparato-digestivo,cuestionario-teorico,50,"Un paciente de 73 años de edad, colecistectomizado 4 días antes, presenta distensión abdominal con dolor y disminución de ruidos intestinales. Abdomen con distensión, ruidos disminuidos y dolorimiento difuso a la palpación. En una radiografía simple de abdomen se observa un diámetro cecal de 9 cm. Tras medidas conservadoras, se repite la radiografía a los 3 días, sin cambios. ¿Cuál sería su recomendación más adecuada para este paciente?",Inserción de sonda nasogástrica de descompresión.,Cirugía para resección de colon segmentaria.,Descompresión endoscópica emergente.,Ninguna de las respuestas anteriores es correcta.,d,Ninguna de las respuestas anteriores es correcta.,,14,AD_ANDALUCIA_2022_EXTRAORDINARIA_LIBRE__EXAM__12__revisado-56007-fea-aparato-digestivo-final-pdf.pdf,AD_ANDALUCIA_2022_EXTRAORDINARIA_LIBRE__CORRECTION__14__def-feaapdigestivo-sas-2023-pdf.pdf,new182,ec8b53142710d11bb77670335ddd33dd5ad2465230f03d2db5e4be0ac6134d4a,4e94908cdfa1794b89160855a6e3fc3b5dabc2dfb51ed6815a190390a491b156
n119,galicia|2016|main|15,Galicia,2016,aparato-digestivo,main,15,Indique el test de laboratorio más útil en el diagnóstico diferencial entre pancreatitis aguda biliar y pancreatitis aguda por otras etiologías:,AST.,Bilirrubina.,Ninguna de las respuestas anteriores es correcta.,Fosfatasa alcalina.,c,Ninguna de las respuestas anteriores es correcta.,,6,AD_GALICIA_OPE_2016__EXAM__gal-02__aparato-digestivo-cas-20171029192531-cas-pdf.pdf,AD_GALICIA_OPE_2016__CORRECTION__gal-03__aparello-dixestivo-20180201084525-cas-pdf.pdf,new182,fe5b7cfc1d4005b26a93fcd821a00bc4beb577aa13a6cd098dc99b8693387ec2,a4a5713739bb2d9b4f087b22aca51c086741f513f5ab9cc6ae27852bd883ffc5
n120,galicia|2019|main|97,Galicia,2019,aparato-digestivo,main,97,Señale la frase correcta sobre el adenocarcinoma esofágico:,Es más frecuente en hombres de raza negra.,Ninguna de las respuestas anteriores es correcta.,La ingesta de bebidas alcohólicas se considera un factor de riesgo importante.,Existe una asociación directa entre la prevalencia de la infección por Helicobacter pylori y el riesgo de adenocarcinoma.,b,Ninguna de las respuestas anteriores es correcta.,,19,AD_GALICIA_OPE_2019__EXAM__gal-05__cas-especifico-digestivo-20210925132858-cas-pdf.pdf,AD_GALICIA_OPE_2019__CORRECTION__gal-07__fea-aparello-dixestivo-20211214124928-cas-pdf.pdf,new182,a03eca1a0db74ac3f1348763034d718b3a0df6eb7b5e6076d3a76cec350b002c,a2c49eca7b9f36f9f348af18c2bf1866d3deaec65d7ea93ba694aec48aac1086
n121,galicia|2022|main|7,Galicia,2022,aparato-digestivo,main,7,"Varón, 63 años, sin antecedentes personales de interés. Es diagnosticado en 2018 de cirrosis hepática por alcohol tras una primera descompensación en forma de hemorragia digestiva por varices esofágicas. Abstinente desde entonces, con función hepática normal, A5 de Child-Pugh, PS 0. En TC abdominal presenta cuatro nódulos en segmentos VI y VII, con comportamiento dinámico de hepatocarcinoma, de 42 mm, 28 mm 18 mm y 16 mm, sin trombosis portal asociada. Según criterio BCLC la primera opción terapéutica a considerar sería:",Trasplante hepático.,Ninguna de las respuestas anteriores es correcta.,Radioembolización con Ytrio.,Terapia sistémica.,b,Ninguna de las respuestas anteriores es correcta.,,3,AD_GALICIA_OPE_2022__EXAM__gal-09__especifico-cast-aparello-dx-20240316193007-cas-pdf.pdf,AD_GALICIA_OPE_2022__CORRECTION__gal-11__fea-aparello-dixestivo-20240514082015-cas-pdf.pdf,new182,717b7bfcff965ccd6ddc352dcc24b703d95eb68000ffe0d5a11dbf3098086ecc,2355c95974a94a7baa27db27bdf6517d43f4d72f14b91843ad84a4c9ff992e7f
n122,galicia|2016|main|29,Galicia,2016,aparato-digestivo,main,29,"En un paciente que padece un adenocarcinoma de páncreas de 25 mm de diámetro y limitado a la cabeza pancreática, con ganglios regionales positivos y sin metástasis a distancia, el estadio es:",Estadio IB.,Estadio IIA.,Ninguna de las respuestas anteriores es correcta.,Estadio III.,c,Ninguna de las respuestas anteriores es correcta.,,8,AD_GALICIA_OPE_2016__EXAM__gal-02__aparato-digestivo-cas-20171029192531-cas-pdf.pdf,AD_GALICIA_OPE_2016__CORRECTION__gal-03__aparello-dixestivo-20180201084525-cas-pdf.pdf,new182,267b5048f0f513aaf867886ff6bf98082a022b8d6862e7362c72dba3afd57b83,67f27b5175722b53c61c79b2a38d6e9df9e962a270398007676ee51042a079b3
n123,region-de-murcia|2019|main|20,Región de Murcia,2019,aparato-digestivo,main,20,Los intervalos de vigilancia para Barrett no displásicos se deben estratificar de acuerdo con la longitud del segmento de Barrett son (señale la opción VERDADERA):,Extensión máxima de Barrett ≥ 1 cm y < 3 cm: 10 años.,Ninguna de las respuestas anteriores es correcta.,Extensión máxima de Barrett ≥ 1 cm y < 3 cm: 3 años.,Extensión máxima de Barrett ≥ 1 cm y < 3 cm: 1 año.,b,Ninguna de las respuestas anteriores es correcta.,,4,AD_REGION_DE_MURCIA_2019__EXAM__021_exam_apa-dig-lb-a-examen-turno-libre-modelo-a.pdf,AD_REGION_DE_MURCIA_2019__ANSWER_KEY__022_answer-key_apa-dig-plantilla-respuestas-corregida-turno-libre-modelo-a.pdf,new182,09c7ba42ecd04f3edb1555ff01ec9ed6302a39a3a1050309cc73cb26d92614e2,71ddd5d6d8c1a87cfc0673bb02b676fc4947374958b905f64b7767c45e28db25
n124,andalucia|2022|cuestionario-practico|145,Andalucía,2022,aparato-digestivo,cuestionario-practico,145,"El endoscopista decide insertar prótesis de aposición luminal. La paciente pudo ser dada de alta, pero a las 2 semanas acude nuevamente por hematemesis importante y melenas, con shock hipovolémico durante su estancia en el servicio de urgencias. Un angio-TAC demuestra una hemorragia de alto débito desde la pared interna de la colección, que es de menor tamaño pero está repleta de sangre. ¿Qué afirmación es correcta?","El tratamiento es con cirugía directa, con hemostasia quirúrgica.",Tratamiento endoscópico con Hemospray®.,Ninguna de las respuestas anteriores es correcta.,Hay evidencia de que la inserción de una prótesis tipo doble pig-tail profiláctica dentro de la prótesis de aposición luminar es una medida efectiva para prevenir la hemorragia.,c,Ninguna de las respuestas anteriores es correcta.,,41,AD_ANDALUCIA_2022_EXTRAORDINARIA_LIBRE__EXAM__12__revisado-56007-fea-aparato-digestivo-final-pdf.pdf,AD_ANDALUCIA_2022_EXTRAORDINARIA_LIBRE__CORRECTION__14__def-feaapdigestivo-sas-2023-pdf.pdf,new182,b69fec33d71fcefef90abf8b324be9753c0c8e4388ea44720b62e5982b0aa7d8,91ef8fe521b49dcadb0b3948692c98439e58aa13c37d230fbb03baf96c435790
n125,galicia|2022|main|97,Galicia,2022,aparato-digestivo,main,97,"En relación con el tratamiento tópico en la colitis ulcerosa, señale la CORRECTA:",Las fórmulas de administración tópica de mesalazina o corticoides son igual de eficaces.,En la colitis ulcerosa extensa no está indicado el tratamiento tópico en asociación con el oral.,Ninguna de las respuestas anteriores es correcta.,Los tratamientos tópicos son siempre bien tolerados.,c,Ninguna de las respuestas anteriores es correcta.,,20,AD_GALICIA_OPE_2022__EXAM__gal-09__especifico-cast-aparello-dx-20240316193007-cas-pdf.pdf,AD_GALICIA_OPE_2022__CORRECTION__gal-11__fea-aparello-dixestivo-20240514082015-cas-pdf.pdf,new182,baa5dbcc4e77a1a9b5e9e1c13792306f7c6258ec9e3f4dab74c98fa43092f343,ffac5f0bf1c90acdccfeaf7b38f3c75246fb728cc6d699ce305cfa38e8d87def
n126,la-rioja|2021|main|60,La Rioja,2021,aparato-digestivo,main,60,"En cuanto a la clasificación de Parks de las fístulas perianales, señale la respuesta correcta:","Supraesfinterianas (tipo III): Se originan en las columnas de Morgagni, atraviesan el esfínter anal interno, pero por debajo del músculo puborrectal, y terminan en la fosa isquiorrectal.",Extraesfinterianas (tipo IV): Se originan en el recto por debajo de la línea dentada y no afectan al aparato esfinteriano.,Submucosas: Su trayecto submucoso afecta al aparato esfinteriano.,Ninguna de las respuestas anteriores es correcta.,d,Ninguna de las respuestas anteriores es correcta.,,23,AD_LA_RIOJA_2020_2021__EXAM__exam__fea-aparato-digestivo-2021.pdf,AD_LA_RIOJA_2020_2021__CORRECTION__correction__plantilla-respuestas-modificada-fea-aparato-digestivo-2021.pdf,new182,dd06a2999822474001c44487b2a017174856e21decef7b21f56433da50e4827f,8b87b992d768c90d27cfb566f613aa21f4b9ce570d68a1c96144365d4b6322b4
n127,andalucia|2022|cuestionario-teorico|69,Andalucía,2022,aparato-digestivo,cuestionario-teorico,69,"Un varón de 58 años de edad, con historia clínica de pancreatitis alcohólica, acude a consulta por presentar un progresivo empeoramiento de su dolor abdominal que presenta de forma intermitente, acompañado de náuseas y vómitos. A la exploración física, se palpa una sensación de masa en epigastrio. Los hallazgos de laboratorio demuestran una bilirrubina de 2 mg/dl, fosfatasa alcalina de 175 U/L, GPT 40 U/L, GOT 85 U/L y lipasa 350 U/L. En el TAC que usted solicita se observa una lesión quística encapsulada de 10 cm en la cara anterior del páncreas. ¿Qué debemos hacer con este paciente a continuación?","Observación, porque la mayoría de los pseudoquistes se resuelven o permanecen estables durante años sin causar clínica significativa.","Esperar 4-6 semanas a la maduración de la cápsula del quiste, para plantear su drenaje guiado por ecoendoscopia.",Ninguna de las respuestas anteriores es correcta.,"Drenaje quirúrgico mediante laparotomía media, pues su resultado en la pancreatitis crónica es superior.",c,Ninguna de las respuestas anteriores es correcta.,,19,AD_ANDALUCIA_2022_EXTRAORDINARIA_LIBRE__EXAM__12__revisado-56007-fea-aparato-digestivo-final-pdf.pdf,AD_ANDALUCIA_2022_EXTRAORDINARIA_LIBRE__CORRECTION__14__def-feaapdigestivo-sas-2023-pdf.pdf,new182,106bd9276690536d8795eaa91ab3cab6b1b5c96f925300af260ac9eeeae11d39,df92673ca0cb142169624f10a8078c14dee85fc08cbb19b2d77fea963408c319
n128,castilla-y-leon|2019|main|90,Castilla y León,2019,aparato-digestivo,main,90,Señale la opción CORRECTA sobre las manifestaciones extraintestinales en la enfermedad inflamatoria intestinal (EII):,La artropatía axial es más frecuente que la periférica.,Ninguna de las respuestas anteriores es correcta.,La colangitis esclerosante primaria se diagnostica siempre después de la EII.,La espondilitis y la uveítis tienen un curso evolutivo dependiente de la actividad de la EII.,b,Ninguna de las respuestas anteriores es correcta.,,20,AD_CASTILLA_Y_LEON_2019__EXAM__044_exam_examen-le-aparato-digestivo-orden-san-139-2020.pdf,AD_CASTILLA_Y_LEON_2019__ANSWER_KEY__045_answer-key_plantilla-respuestas-correctas-l-e-aparato-digestivo-orden-s.pdf,new182,a9fbb658974bb601b512a58494c16780005c0436e5e92fc3405d58f9b8d6d26a,940ee061fefed7a1847bb5bd3277537c7262fa361b282d425f2db1c883c32212
n129,la-rioja|2021|main|38,La Rioja,2021,aparato-digestivo,main,38,Señala la afirmación correcta sobre el colangiocarcinoma intrahepático (CCiH):,Los subtipos histológicos principales son el colangiocarcinoma de conducto pequeño y el CCiH con patrón similar a una malformación de la placa ductal.,Que asiente sobre hígado cirrótico es signo de mal pronóstico.,Ninguna de las respuestas anteriores es correcta.,El colangiolocarcinoma se considera un subtipo de CCiH de ducto pequeño de peor pronóstico.,c,Ninguna de las respuestas anteriores es correcta.,,16,AD_LA_RIOJA_2020_2021__EXAM__exam__fea-aparato-digestivo-2021.pdf,AD_LA_RIOJA_2020_2021__CORRECTION__correction__plantilla-respuestas-modificada-fea-aparato-digestivo-2021.pdf,new182,0902caf52f9d850c1ef5bd8005eb39151e975b22b7c0cee3d7570e2d4b6e8242,88b2604124cc01abbc8034b03682c9e96d5d1f90263b9988210ec4da6cd6958e
n130,castilla-y-leon|2019|main|116,Castilla y León,2019,aparato-digestivo,main,116,"En una colonoscopia de cribado se reseca un pólipo pediculado con adenocarcinoma que invade la submucosa, pero limitada a la cabeza del pólipo. Señale el tipo de lesión y seguimiento endoscópico necesario:",Haggitt 0. Colonoscopia a los 6 meses.,Haggitt 1. Colonoscopia a los 6 meses.,Ninguna de las respuestas anteriores es correcta.,Haggitt 2. Colonoscopia al año.,c,Ninguna de las respuestas anteriores es correcta.,,26,AD_CASTILLA_Y_LEON_2019__EXAM__044_exam_examen-le-aparato-digestivo-orden-san-139-2020.pdf,AD_CASTILLA_Y_LEON_2019__ANSWER_KEY__045_answer-key_plantilla-respuestas-correctas-l-e-aparato-digestivo-orden-s.pdf,new182,904b2cfe34a0ac2faeba6191a4e7d11030c247d2c3aeb03a6758eee975b09aa4,ad78a874dc46be1bfbceb1814f4064e2a2cdbc6354c566084ffab315158704f0
n131,comunidad-de-madrid|2021|main|24,Comunidad de Madrid,2021,aparato-digestivo,main,24,"Paciente varón de 80 años exfumador, diabético tipo 2, hipertenso, stent coronario por infarto agudo de miocardio hace 3 años. En colonoscopia hace 10 años: divertículosis y pólipo adenomatoso. Se presenta con dolor abdominal difuso, mal estado general y acidosis metabólica en la analítica. ¿Cuál es el diagnóstico más probable?",Apendicitis aguda del anciano,Obstrucción intestinal,Ninguna de las respuestas anteriores es correcta.,Diverticulitis.,c,Ninguna de las respuestas anteriores es correcta.,,6,AD_COMUNIDAD_DE_MADRID_2021__EXAM__017_exam_cuestionario-de-examen-f-e-en-aparato-digestivo-sermas-2021.pdf,AD_COMUNIDAD_DE_MADRID_2021__ANSWER_KEY__018_answer-key_plantilla-correctora-f-e-aparato-digestivo-2021.pdf,new182,c874d872f8b3c2d67085e94bdbd20e347122d5aa24a984fd8075d28d7d86d727,be702890c9d6296b6c58f8da04bf3e25e7ad5d6b658ee2693e60e1e932ba58da
n132,la-rioja|2021|main|28,La Rioja,2021,aparato-digestivo,main,28,"Paciente de 56 años con hipertensión arterial e infección crónica por VHC nunca tratada (naive), genotipo 3, F0, es derivado a las consultas de hepatología. Indique de entre las siguientes opciones, cuál sería el régimen terapéutico adecuado de primera elección en este paciente:",Sofosbuvir/velpatasvir/voxilaprevir durante 12 semanas.,Sofosbuvir/velpatasvir/voxilaprevir durante 8 semanas.,Grazoprevir/ elbasvir durante 8 semanas.,Ninguna de las respuestas anteriores es correcta.,d,Ninguna de las respuestas anteriores es correcta.,,12,AD_LA_RIOJA_2020_2021__EXAM__exam__fea-aparato-digestivo-2021.pdf,AD_LA_RIOJA_2020_2021__CORRECTION__correction__plantilla-respuestas-modificada-fea-aparato-digestivo-2021.pdf,new182,31990406833c585eb68bde121395965f27870144a92614f0ef4243bbde0601ee,f0bbcea0cf2a3b7d62650c0009328b2f9a2b23f5a33004cdd7d203c074989134
n133,andalucia|2021|cuestionario-teorico|39,Andalucía,2021,aparato-digestivo,cuestionario-teorico,39,Señale cuál de estas afirmaciones es correcta:,La isoenzima COX-2 se expresa de forma estable y continua en la mayoría de los tejidos.,El efecto tópico de los AINES sobre la mucosa gástrica es el mecanismo principal por el que estos fármacos producen úlceras gastroduodenales.,La expresión de la isoforma COX-1 es inducida por diversos mediadores asociados a la inflamación.,Ninguna de las respuestas anteriores es correcta.,d,Ninguna de las respuestas anteriores es correcta.,,11,AD_ANDALUCIA_2021_22_LIBRE__EXAM__07__9122-aparato-digestivo-pdf.pdf,AD_ANDALUCIA_2021_22_LIBRE__CORRECTION__09__9122-plantilla-respuestas-def-digestivo-pdf.pdf,new182,8fb8d8a89200471511b9737ef707ecd014e3d7c5ba9cc4b06498c535c4a6d01c,1627d8d83bad81c45ea4e9d855b00e98a4c1e1ef53cb63889f6f2ba82ac18e1a
n134,galicia|2016|main|22,Galicia,2016,aparato-digestivo,main,22,¿Qué enfermedad sospecharía como primera posibilidad en un paciente varón de 31 años con elevación persistente de transaminasas y presencia de anticuerpos anti-LKM positivos y anticuerpos anti LC-1 positivos?.,Hepatitis autoinmune tipo I.,Ninguna de las respuestas anteriores es correcta.,Hepatitis autoinmune tipo III.,Colangitis esclerosante primaria.,b,Ninguna de las respuestas anteriores es correcta.,,7,AD_GALICIA_OPE_2016__EXAM__gal-02__aparato-digestivo-cas-20171029192531-cas-pdf.pdf,AD_GALICIA_OPE_2016__CORRECTION__gal-03__aparello-dixestivo-20180201084525-cas-pdf.pdf,new182,d0fa0235ce46dd17fc553924069311a165a6bddea38000e0199d02c448a2ca11,20b9441d03456e94ee38ed4fcbd55bf92d92c745e2dc8cfadd550d9ea5454f4c
n135,castilla-y-leon|2019|main|126,Castilla y León,2019,aparato-digestivo,main,126,¿cuál es el tratamiento de elección de una infección por Giardia lambia?,Praziquantel,Ninguna de las respuestas anteriores es correcta.,Doxiciclina.,Ciprofloxacino.,b,Ninguna de las respuestas anteriores es correcta.,,29,AD_CASTILLA_Y_LEON_2019__EXAM__044_exam_examen-le-aparato-digestivo-orden-san-139-2020.pdf,AD_CASTILLA_Y_LEON_2019__ANSWER_KEY__045_answer-key_plantilla-respuestas-correctas-l-e-aparato-digestivo-orden-s.pdf,new182,89bd2d7919c9c9271d7e919155c258ec7f43407961e4cb5481855091552dbe6d,b960adbe043d7fe50aa5a69ca563e5a3238aebb3c85e60af4f48fe8512b9168b
n136,galicia|2022|main|12,Galicia,2022,aparato-digestivo,main,12,"Señale la afirmación VERDADERA, en relación al tratamiento de la acalasia:","La inyección local de toxina botulínica es un tratamiento seguro cuya eficacia y durabilidad va aumentando, según aumentan el número de sesiones realizadas.",La dilatación neumática presenta una tasa de complicación con perforación de alrededor del 12 por ciento.,Ninguna de las respuestas anteriores es correcta.,La técnica POEM (Miotomía Peroral Endoscópica) presenta una menor tasa de ERGE post-intervención en comparación con la cirugía de Heller.,c,Ninguna de las respuestas anteriores es correcta.,,4,AD_GALICIA_OPE_2022__EXAM__gal-09__especifico-cast-aparello-dx-20240316193007-cas-pdf.pdf,AD_GALICIA_OPE_2022__CORRECTION__gal-11__fea-aparello-dixestivo-20240514082015-cas-pdf.pdf,new182,4df95a5ef220699c114d416f10fe4de74a477c5138da1f3554f0011b3a241e3d,c1259a32f49aeaf8f47b7832b917ab30c12da6088510144b291fa2405e3b82db
n137,comunidad-de-madrid|2021|main|69,Comunidad de Madrid,2021,aparato-digestivo,main,69,"La dificultad para iniciar la deglución, que se produce de forma inmediata o en el primer segundo de inicio de la deglución, se denomina:",Disfagia esofágica,Ninguna de las respuestas anteriores es correcta.,Esofagodinia,Obstrucción funcional al flujo de la unión esofagogástrica (OFUEG),b,Ninguna de las respuestas anteriores es correcta.,,14,AD_COMUNIDAD_DE_MADRID_2021__EXAM__017_exam_cuestionario-de-examen-f-e-en-aparato-digestivo-sermas-2021.pdf,AD_COMUNIDAD_DE_MADRID_2021__ANSWER_KEY__018_answer-key_plantilla-correctora-f-e-aparato-digestivo-2021.pdf,new182,c2563817dbc4bc10eed0abda6823b651115a084d5e8284dc062b7d58ec187477,53281d7306f9f46b551f2b570469cf84b6677897b261c4ca227a759043244a77
n138,galicia|2022|main|79,Galicia,2022,aparato-digestivo,main,79,Señale la opción que considere CORRECTA respecto a la diarrea aguda:,Habitualmente se recomienda prescribir un tratamiento antibiótico empírico.,En caso de aislamiento de Campylobacter jejuni el norfloxacino a dosis de 400 mg cada 12 horas durante 3 a 5 días es el tratamiento de elección.,Ninguna de las respuestas anteriores es correcta.,"En caso de enteritis por Salmonella, en adultos jóvenes se recomienda el tratamiento antibiótico para disminuir el número de portadores y posibles casos futuros.",c,Ninguna de las respuestas anteriores es correcta.,,17,AD_GALICIA_OPE_2022__EXAM__gal-09__especifico-cast-aparello-dx-20240316193007-cas-pdf.pdf,AD_GALICIA_OPE_2022__CORRECTION__gal-11__fea-aparello-dixestivo-20240514082015-cas-pdf.pdf,new182,abb6440416e11170463e767ec11806d9a52727f63ae176d092639b86cf7bb8a6,2e9a9553c456d61185ba6fb0da5bd1634ec85af611ac04e3a1ccadd6723ad172
n139,castilla-y-leon|2019|main|40,Castilla y León,2019,aparato-digestivo,main,40,"La presencia de áreas focales de necrosis en la endoscopia realizada a un paciente por ingestión de un cáustico, se corresponde según la Clasificación de Zargar con un grado:",Grado I.,Grado IIa.,Ninguna de las respuestas anteriores es correcta.,Grado IIIb.,c,Ninguna de las respuestas anteriores es correcta.,,10,AD_CASTILLA_Y_LEON_2019__EXAM__044_exam_examen-le-aparato-digestivo-orden-san-139-2020.pdf,AD_CASTILLA_Y_LEON_2019__ANSWER_KEY__045_answer-key_plantilla-respuestas-correctas-l-e-aparato-digestivo-orden-s.pdf,new182,d0e6a77ec0e1b76e88e71988241a4bbabbb68ddb0a9260e04ad5861cf21f546f,5ea20dd8924f0ff15da59db7815f00e44899dd83d360816e32a1884895ebdbdb
n140,castilla-la-mancha|2022|main|33,Castilla-La Mancha,2022,aparato-digestivo,main,33,"Varón de 65 años que consulta en el Servicio de Urgencias por dolor abdominal y rectorragia. Al realizarle la anamnesis refiere no tener antecedentes digestivos previos de interés y nos explica con detalle que tras una semana de estreñimiento pertinaz coincidiendo con un viaje de negocios e importantes esfuerzos defecatorios, comienza con diarrea y a las pocas horas con intenso dolor abdominal y rectorragia. ¿Cuál de las siguientes patologías es la más probable que tenga este paciente como causa de su clínica?",Cáncer de colon.,Diverticulosis de colon izquierdo.,Ninguna de las respuestas anteriores es correcta.,Colitis pseudomembranosa.,c,Ninguna de las respuestas anteriores es correcta.,,7,AD_CASTILLA_LA_MANCHA_2022__EXAM__exam__cuestionario-fea-digestivo.pdf,AD_CASTILLA_LA_MANCHA_2022__CORRECTION__correction__plantilla-correctora-definitiva-fea-aparato-digestivo.pdf,new182,320386ec2fa836a14f98c9dddb7268c09ebf4558ca01c05b9d3a0e2649f9a0f1,9fcd0a1c56c2cb387f94419f1fd3339b0253070c8a393e066e7dae193e2f2620
n141,galicia|2016|main|87,Galicia,2016,aparato-digestivo,main,87,"En el manejo del paciente con pancreatitis crónica e insuficiencia pancreática exocrina (IPE), señale la opción verdadera:",La IPE leve se define por la secreción pancreática normal de enzimas asociada a disminución de la concentración de bicarbonato en el jugo duodenal.,La esteatorrea es evidente cuando la secreción de lipasa es inferior al 50 por ciento de su valor normal.,Ninguna de las respuestas anteriores es correcta.,Los inhibidores de la bomba de protones disminuyen la eficacia de la terapia sustitutiva con enzimas de la IPE.,c,Ninguna de las respuestas anteriores es correcta.,,21,AD_GALICIA_OPE_2016__EXAM__gal-02__aparato-digestivo-cas-20171029192531-cas-pdf.pdf,AD_GALICIA_OPE_2016__CORRECTION__gal-03__aparello-dixestivo-20180201084525-cas-pdf.pdf,new182,f5c7cad13500866619b37db86e0b48e60c75d0da62bc29c702f8140702f21fff,5bacd07d2e4c0f7a4128fa8a2aa3d227f0e48e2cd128ae6eddcc99f89d519d54
n142,galicia|2022|main|45,Galicia,2022,aparato-digestivo,main,45,"Paciente de 60 años que acude a consulta tras ingreso en digestivo por Hemorragia Digestiva secundaria a úlcera en segunda porción duodenal. Se ha prescrito tratamiento erradicador de Helicobacter Pylori y el test de aliento es negativo. El paciente refiere encontrarse mal, con dolor abdominal, pirosis intensa y diarrea diariamente. Se solicita una gastroscopia de control que evidencia persistencia de úlcera duodenal, múltiples erosiones gástricas en localización atípica y esofagitis grado C de la Clasificación de Los Ángeles. ¿Qué determinación debemos solicitar para completar el estudio de este paciente?:",Elastasa fecal.,Calprotectina fecal.,Ninguna de las respuestas anteriores es correcta.,Péptido intestinal Vasoactivo (VIP).,c,Ninguna de las respuestas anteriores es correcta.,,10,AD_GALICIA_OPE_2022__EXAM__gal-09__especifico-cast-aparello-dx-20240316193007-cas-pdf.pdf,AD_GALICIA_OPE_2022__CORRECTION__gal-11__fea-aparello-dixestivo-20240514082015-cas-pdf.pdf,new182,6ab3f4bf9bb3ab12e67e9abe8ae37c1542e7293cc2b76652a7a4856ec5b7eb2c,670db337dfc72a656c9f5e1f2a45dd8eb5bf5914038816bf9bcc22c0ce64be81
n143,aragon|2017|main|97,Aragón,2017,aparato-digestivo,main,97,¿Cuál de los siguientes factores se considera de riesgo para el desarrollo de hepatitis aguda fulminante por virus de la hepatitis A?,Raza.,Modo de transmisión.,Sexo.,Ninguna de las respuestas anteriores es correcta.,d,Ninguna de las respuestas anteriores es correcta.,,35,AD_ARAGON_2017__EXAM__exam__cuadernillo-del-examen-de-la-categoria-de-aparato-digestivo-que-fue-realizado-el.pdf,AD_ARAGON_2017__ANSWER_KEY__answer-key__plantilla-de-respuestas-del-examen-de-la-categoria-de-aparato-digestivo-que-fue-.pdf,new182,0d54b99505ac7d4140854c9bc143e0dad0a2bbea7a70a1214742ab8af97e0330,960fe3912b70a48d13ef886f5ab42643c821d2f70de862ed9a5b060d8d6cf6be
n144,castilla-la-mancha|2017|main|10,Castilla-La Mancha,2017,aparato-digestivo,main,10,El empleo de estudios de motilidad para el estudio de dispepsia,"Su uso en este contexto está ampliamente documentado a lo largo de los últimos años, con resultados homogéneos.",El retraso en el vaciamiento gástrico se ha identificado en más del 50% de pacientes dispépticos.,Los test de motilidad existentes en la actualidad serían de obligada utilización en los pacientes dispépticos que no responden a inhibidores de la bomba de protones (IBP) o a erradicación de H. pylori.,Ninguna de las respuestas anteriores es correcta.,d,Ninguna de las respuestas anteriores es correcta.,,3,AD_CASTILLA_LA_MANCHA_2017_2018__EXAM__exam__cuestionario-fea-aparato-digestivo.pdf,AD_CASTILLA_LA_MANCHA_2017_2018__CORRECTION__correction__plantilla-correctora-definitiva-fea-aparato-digestivo.pdf,new182,7bac838f2a1a2499371795c4dd2661d0e8cd418e757396911ed95e479769aeae,ab74158445caf7634329f278421ebc5cbc6d49603b03d34e95bc3f4b2b951a07
n145,comunidad-de-madrid|2021|main|145,Comunidad de Madrid,2021,aparato-digestivo,main,145,"Ante un paciente con diagnóstico de cirrosis hepática que acude a la urgencia por hematemesis, en el que la gastroscopia muestra unas varices esofágicas grandes con una mamila, el gradiente de presión venoso portal será:",Entre 5 mmHg-10mmHg.,Entre 10-12 mmHg.,Ninguna de las respuestas anteriores es correcta.,"Normal, ya que no sangra en el momento de la gastroscopia.",c,Ninguna de las respuestas anteriores es correcta.,,26,AD_COMUNIDAD_DE_MADRID_2021__EXAM__017_exam_cuestionario-de-examen-f-e-en-aparato-digestivo-sermas-2021.pdf,AD_COMUNIDAD_DE_MADRID_2021__ANSWER_KEY__018_answer-key_plantilla-correctora-f-e-aparato-digestivo-2021.pdf,new182,f143aecb71becf2353abb0a21762279bd7c8a33a803c95dc3b8bde6bad99014c,3e103500247c442a545cdef958f865125d1cbfc1361f7994b85d508e39405ba1
n146,andalucia|2022|cuestionario-teorico|66,Andalucía,2022,aparato-digestivo,cuestionario-teorico,66,"Una mujer de 34 años de edad es remitida a su consulta por presentar una dilatación del conducto biliar. No presenta dolor en hipocondrio derecho, náuseas o vómitos. La exploración abdominal es normal. En la analítica no hay alteración de los parámetros de citolisis ni colestasis. Una colangiografía por RNM demuestra una dilatación fusiforme del conducto biliar que se extiende desde la papila al conducto hepático común. No hay alteraciones de la unión biliopancreática, y no se observan masas pancreáticas o en el conducto biliar distal. ¿Qué debemos hacer seguidamente?",Control periódico con analítica y pruebas de imagen.,CPRE con inserción de prótesis plástica.,CPRE con esfinterotomía y citología del área no dilatada.,Ninguna de las respuestas anteriores es correcta.,d,Ninguna de las respuestas anteriores es correcta.,,18,AD_ANDALUCIA_2022_EXTRAORDINARIA_LIBRE__EXAM__12__revisado-56007-fea-aparato-digestivo-final-pdf.pdf,AD_ANDALUCIA_2022_EXTRAORDINARIA_LIBRE__CORRECTION__14__def-feaapdigestivo-sas-2023-pdf.pdf,new182,621a36990580004971ff752e7aa69dbd9fed2a81d3c19ecdb832f38d94f15578,f5a832c10b1080289d8d293e54b79b6e41c338f96cf86081a88c6cf5acb8b72b
n147,castilla-la-mancha|2022|main|20,Castilla-La Mancha,2022,aparato-digestivo,main,20,¿Cuál de las siguientes lesiones subepiteliales gástricas tendrá una mayor capacidad para crecer y diseminar a distancia?,Lipoma gástrico de 3cm,Pólipo inflamatorio fibroide en antro gástrico,Tumor carcinoide gástrico en paciente con hipergastrinemia.,Ninguna de las respuestas anteriores es correcta.,d,Ninguna de las respuestas anteriores es correcta.,,5,AD_CASTILLA_LA_MANCHA_2022__EXAM__exam__cuestionario-fea-digestivo.pdf,AD_CASTILLA_LA_MANCHA_2022__CORRECTION__correction__plantilla-correctora-definitiva-fea-aparato-digestivo.pdf,new182,ca2622b39c009c8cc89ea76f2480ff5e09076d080ec3937a8b3213d95ed82271,3fb963c71bcedd9faae5e4f5f8f78e78ed54de9e500783c8dd6fa872a34cbaa4
n148,castilla-y-leon|2019|main|71,Castilla y León,2019,aparato-digestivo,main,71,El signo de ROVSING consiste en:,Dolor en epigastrio al aplicar una presión firme sobre el punto de McBurney,Dolor agudo que aparece al comprimir el apéndice entre la pared abdominal y la cresta iliaca,Pérdida de la sensibilidad abdominal al contraer los músculos de la pared abdominal,Ninguna de las respuestas anteriores es correcta.,d,Ninguna de las respuestas anteriores es correcta.,,16,AD_CASTILLA_Y_LEON_2019__EXAM__044_exam_examen-le-aparato-digestivo-orden-san-139-2020.pdf,AD_CASTILLA_Y_LEON_2019__ANSWER_KEY__045_answer-key_plantilla-respuestas-correctas-l-e-aparato-digestivo-orden-s.pdf,new182,146458473d78deddfcda70d5209ae40ed253284bf6217169dd636034e3f98178,1bd149e2f789d1990bb65079bc6b77697a73a598c70c5534baf2907b7aa436ab
n149,andalucia|2021|cuestionario-teorico|34,Andalucía,2021,aparato-digestivo,cuestionario-teorico,34,"Un refugiado sirio de 28 años acude a su consulta por presentar pérdida de peso y diarrea crónica durante los últimos 6 meses. La exploración es normal. En la analítica destaca una hemoglobina de 8 g/dL. La determinación de parásitos en heces observa la presencia de G. Lamblia, pero un tratamiento para la misma no mejora los síntomas. Una endoscopia alta y colonoscopia son normales. Se toman biopsias duodenales que no muestran signos de atrofia. Se realiza una capsuloendoscopia observándose un engrosamiento de pliegues intestinales a lo largo de todo el intestino delgado. En una enteroscopia se toman múltiples biopsias de intestino delgado. ¿Cuál es el diagnóstico más probable?",Tumor carcinoide.,Enfermedad de Whipple.,Linfoma T asociado a enteropatía (EATL),Ninguna de las respuestas anteriores es correcta.,d,Ninguna de las respuestas anteriores es correcta.,,10,AD_ANDALUCIA_2021_22_LIBRE__EXAM__07__9122-aparato-digestivo-pdf.pdf,AD_ANDALUCIA_2021_22_LIBRE__CORRECTION__09__9122-plantilla-respuestas-def-digestivo-pdf.pdf,new182,efa61b721b9582d2536dc1df5a105ee8bae71c81a8d6a916ad716484cb5ffc7f,90b1b93155af795194d69b57c434cdcea4cbe8442856605c837da055a316b699
n150,galicia|2019|main|56,Galicia,2019,aparato-digestivo,main,56,Le consulta un paciente de 45 años cuyo padre tuvo un cáncer colorrectal a los 48 años. ¿Cuál sería su recomendación de cribado de cáncer de colon según las últimas recomendaciones de 2019 de la Sociedad Europea de Endoscopia Digestiva (ESGE)?:,Comenzar cribado poblacional con sangre oculta en heces a la edad correspondiente.,Ninguna de las respuestas anteriores es correcta.,Realizar ya una colonoscopia y posteriormente cada 10 años.,Realizar una colonoscopia a los 50 años y posteriormente cada 5 años.,b,Ninguna de las respuestas anteriores es correcta.,,12,AD_GALICIA_OPE_2019__EXAM__gal-05__cas-especifico-digestivo-20210925132858-cas-pdf.pdf,AD_GALICIA_OPE_2019__CORRECTION__gal-07__fea-aparello-dixestivo-20211214124928-cas-pdf.pdf,new182,86e4e767684fef56a3eedb9359096e6b818188b2646f85afcccd23a09527e996,13df9813220e8a6ab7a72b7f4ec77ad03c50a244e6b559a793774f0d0ea4fd8a
n151,castilla-la-mancha|2017|main|29,Castilla-La Mancha,2017,aparato-digestivo,main,29,"En un paciente diagnosticado de enfermedad de enf. Crohn, ante la existencia de fístula perianal simple asintomática es necesario",Comenzar tratamiento con metronidazol.,Comenzar tratamiento con ciprofloxacino.,Tutorizar la fístula con un sedal no cortante.,Ninguna de las respuestas anteriores es correcta.,d,Ninguna de las respuestas anteriores es correcta.,,6,AD_CASTILLA_LA_MANCHA_2017_2018__EXAM__exam__cuestionario-fea-aparato-digestivo.pdf,AD_CASTILLA_LA_MANCHA_2017_2018__CORRECTION__correction__plantilla-correctora-definitiva-fea-aparato-digestivo.pdf,new182,3fc3a35524cca6262dc6fa4d08a0f66cddfa0c28e2d6d0bfbe04917700cf04f6,04c0fe34b7af010390704b7c426ff5d0661349707c6dcc9c3edf8a26961debca
n152,andalucia|2021|cuestionario-teorico|67,Andalucía,2021,aparato-digestivo,cuestionario-teorico,67,Con respecto a la colangitis biliar primaria (CBP) es cierto que:,La presencia de Anticuerpos antimitocondriales (AMA) positivos como única alteración en la analítica es suficiente para el diagnóstico de CBP.,Ninguna de las respuestas anteriores es correcta.,El diagnóstico de CBP puede establecerse en pacientes AMA negativo mediante la presencia de ANA + sin más especificaciones.,Los hallazgos histológicos de CBP típicos son la presencia de colangitis supurativa destructiva de los conductos biliares interseptales.,b,Ninguna de las respuestas anteriores es correcta.,,16,AD_ANDALUCIA_2021_22_LIBRE__EXAM__07__9122-aparato-digestivo-pdf.pdf,AD_ANDALUCIA_2021_22_LIBRE__CORRECTION__09__9122-plantilla-respuestas-def-digestivo-pdf.pdf,new182,373c0abd18f0218e27901a231a357e8d11fef45fde102b3cc342649be73bd2af,aaa2e98918075edbd46e4bc0e92fe13c91689ef4f4ecdaca8a3ec63946d0eecd
n153,comunitat-valenciana|2022|main-47-80|76,Comunitat Valenciana,2022,aparato-digestivo,main-47-80,76,"Un hombre de 64 años acude a urgencias tras iniciar hace 48 horas un cuadro de dolor epigástrico intenso de características pancreáticas. A la exploración presenta un dolor intenso en hemiabdomen superior sin signos de peritonismo. Está consciente y orientado, temperatura de 36.7° C, tensión arterial de 175/85 mmHg, frecuencia cardíaca de 108 lpm. En el hemograma únicamente destacaba unos leucocitos de 16.000 µ/L . La química hemática mostraba una amilasa de 2.120 UI/L, urea normal, glucosa de 180 mg /dl, elevación de transaminasas entre 2-3 veces su valor normal. La Rx de tórax normal y la ecografía abdominal informaba de colelitiasis múltiple y ausencia de dilatación de la vía biliar. ¿Cuántos puntos de gravedad tiene según la clasificación BISAP?",1,Ninguna de las respuestas anteriores es correcta.,3,4,b,Ninguna de las respuestas anteriores es correcta.,,22,AD_COMUNITAT_VALENCIANA_2022__EXAM__25__25-comunidad-valenciana-2022-exam-pdf.pdf,AD_COMUNITAT_VALENCIANA_2022__CORRECTION__27__27-comunidad-valenciana-2022-answer-key-definitive-pdf.pdf,new182,57176c388800dd69f34acc82a51e1e200057eeb473dc0ac59d01727034392784,686d958a06bac32ddb733f44c98d130fa3ae227332af625ec7d35a64f1b2794f
n154,galicia|2022|main|5,Galicia,2022,aparato-digestivo,main,5,Señale la causa más frecuente de hemorragia digestiva alta no varicosa:,Esofagitis.,Síndrome de Mallory Weis.,Ninguna de las respuestas anteriores es correcta.,Angiodisplasias gástricas y duodenales.,c,Ninguna de las respuestas anteriores es correcta.,,2,AD_GALICIA_OPE_2022__EXAM__gal-09__especifico-cast-aparello-dx-20240316193007-cas-pdf.pdf,AD_GALICIA_OPE_2022__CORRECTION__gal-11__fea-aparello-dixestivo-20240514082015-cas-pdf.pdf,new182,4edd0ee24dd9a395977716c882384662f5a1d89340040ab7b81bfcd55d679b52,db4ff47b16507fad851736d88a575d13b52ed8efe381c28f05f44fe010f2b0cd
n155,galicia|2016|main|88,Galicia,2016,aparato-digestivo,main,88,"Paciente de 75 años que en estudio de TAC abdominal realizado por hematuria se objetiva una lesión de 4cms y aspecto multi-quístico en cabeza de páncreas, con al menos dos pequeños nódulos de aspecto sólido cercanos a la pared del quiste. Asintomático desde el punto de vista digestivo. Analítica normal. Se realiza estudio de colangiopancreatografía por resonancia observando continuidad de la lesión con el segmento proximal del conducto pancreático que no presenta dilatación. ¿Cuál sería la actitud a seguir?",Es una lesión quística de aspecto benigno en un paciente asintomático. Se aconseja seguimiento radiológico anual.,Estaría indicada la realización de colangiopancreatografía retrograda endoscópica (CPRE) y colocación de prótesis plástica pancreática para asegurar el drenaje pancreático y evitar pancreatitis de repetición.,Ninguna de las respuestas anteriores es correcta.,"Puede tratarse de un tumor neuroendocrino, es necesario completar el estudio con determinación de cromogranina, acido 5-hidroxiindolacético, gastrina e insulina.",c,Ninguna de las respuestas anteriores es correcta.,,21,AD_GALICIA_OPE_2016__EXAM__gal-02__aparato-digestivo-cas-20171029192531-cas-pdf.pdf,AD_GALICIA_OPE_2016__CORRECTION__gal-03__aparello-dixestivo-20180201084525-cas-pdf.pdf,new182,5ca5a51312a608c2e176ad78da6725457338a371e2487388b08bedc18c7960dc,3b00af0d32220a4aceef1bfa75364d09a1505678e571db18235a07ff12b9048f
n156,castilla-y-leon|2019|main|47,Castilla y León,2019,aparato-digestivo,main,47,"Según la Clasificación Endoscópica de Paris de las lesiones neoplásicas superficiales del tubo digestivo, una lesión neoplásica gástrica del tipo 0-IIc, se corresponde con:","Una lesión Superficial, elevada.",Una lesión Plana.,Ninguna de las respuestas anteriores es correcta.,Una lesión Excavada.,c,Ninguna de las respuestas anteriores es correcta.,,11,AD_CASTILLA_Y_LEON_2019__EXAM__044_exam_examen-le-aparato-digestivo-orden-san-139-2020.pdf,AD_CASTILLA_Y_LEON_2019__ANSWER_KEY__045_answer-key_plantilla-respuestas-correctas-l-e-aparato-digestivo-orden-s.pdf,new182,7385df6227e08b3da9905f5b6bb355c4ab77b66716effcefe18d78d903a8268a,69d9eaaf0d9ac99f58d1c1285c0eff54f137fc4a87a98d3c28501603d6ccba0b
n157,la-rioja|2021|main|56,La Rioja,2021,aparato-digestivo,main,56,En relación con las formas hereditarias del cáncer de colon señale la respuesta correcta:,Contribuyen al 25% de todos los casos de cáncer.,Tanto el síndrome de Lynch como la poliposis adenomatosa familiar siguen un patrón autosómico recesivo y por tanto es esencial testar la presencia de mutaciones del gen APC o MSH1 en el paciente afecto.,Ninguna de las respuestas anteriores es correcta.,Las mutaciones en el gen MYH se asocian con más frecuencia en los casos de cáncer de colon asociados a Lynch tipo II.,c,Ninguna de las respuestas anteriores es correcta.,,22,AD_LA_RIOJA_2020_2021__EXAM__exam__fea-aparato-digestivo-2021.pdf,AD_LA_RIOJA_2020_2021__CORRECTION__correction__plantilla-respuestas-modificada-fea-aparato-digestivo-2021.pdf,new182,f0ed78f55fea1f74cfdfef0473e3d48f6cced93e818a221817c0a85524524f0d,e43f09acb09f0d825ab733b17051caf6e3d972f3b13c222ac5d197b40979d9b7
n158,castilla-y-leon|2019|main|65,Castilla y León,2019,aparato-digestivo,main,65,¿Cuál es la técnica de elección para el cribado de Carcinoma Hepatocelular en pacientes con cirrosis hepática?:,Nivel de Alfafetoproteina,Resonancia magnética y Tomografía axial computarizada,Ninguna de las respuestas anteriores es correcta.,Fibroscan,c,Ninguna de las respuestas anteriores es correcta.,,15,AD_CASTILLA_Y_LEON_2019__EXAM__044_exam_examen-le-aparato-digestivo-orden-san-139-2020.pdf,AD_CASTILLA_Y_LEON_2019__ANSWER_KEY__045_answer-key_plantilla-respuestas-correctas-l-e-aparato-digestivo-orden-s.pdf,new182,5ded6334e08dfc38dd320568d935199bb79aff6df360859edda13c941588a199,ddea8bc5092fb2233ba873f0eea54b053ab8e5a71b0f6d84e777f687ab57ad6f
n159,galicia|2022|main|54,Galicia,2022,aparato-digestivo,main,54,"Con respecto al programa de vigilancia de hepatocarcinoma en pacientes con enfermedad hepática crónica, ¿qué afirmación es CORRECTA?:",Está indicado solamente en pacientes con cirrosis.,Ninguna de las respuestas anteriores es correcta.,Se suspende en pacientes que han sido incluidos en lista de trasplante hepático.,La determinación de alfa-fetoproteína cada seis meses puede sustituir a la ecografía en casos de mala visualización ecográfica.,b,Ninguna de las respuestas anteriores es correcta.,,12,AD_GALICIA_OPE_2022__EXAM__gal-09__especifico-cast-aparello-dx-20240316193007-cas-pdf.pdf,AD_GALICIA_OPE_2022__CORRECTION__gal-11__fea-aparello-dixestivo-20240514082015-cas-pdf.pdf,new182,c659b70a2d2d290568b962c45f14816d568358cd3c1037e57f9cea755eca2782,a493f8cf1215f7297f656a6a4a20f43cfc2a9fcbbe2c608dfef240708397e79d
n160,comunidad-de-madrid|2021|main|133,Comunidad de Madrid,2021,aparato-digestivo,main,133,¿Cuál es el tratamiento adyuvante de elección en los pacientes con adenocarcinoma de páncreas con buen performance status (PS 0-1)?,Radioterapia,Ninguna de las respuestas anteriores es correcta.,Gemcitabina,Capecitabina y gemcitabina,b,Ninguna de las respuestas anteriores es correcta.,,24,AD_COMUNIDAD_DE_MADRID_2021__EXAM__017_exam_cuestionario-de-examen-f-e-en-aparato-digestivo-sermas-2021.pdf,AD_COMUNIDAD_DE_MADRID_2021__ANSWER_KEY__018_answer-key_plantilla-correctora-f-e-aparato-digestivo-2021.pdf,new182,a325ab39bcdb0d1333c1c8312299c1291b99e51db4d280767d092554c4a015e0,0fbb21e280dbf5d0e4487e97efa287b851110d9e5a2f69de6202f0faac2b6c95
n161,galicia|2016|main|62,Galicia,2016,aparato-digestivo,main,62,Varón de 57 años al que se diagnostica cirrosis hepática con ascitis y edemas evidentes. En la analítica presenta ALT normal y se detecta DNA de VHB. Señale la opción correcta en el manejo de este paciente:,Es adecuado el tratamiento con interferón alfa pegilado.,"Al tener ALT normal y estar descompensado, no se recomienda tratamiento antiviral de entrada hasta corregir la descompensación.",Ninguna de las respuestas anteriores es correcta.,"Al tratarse de un paciente con riesgo de disfunción renal, el tenofovir es el antiviral de elección.",c,Ninguna de las respuestas anteriores es correcta.,,16,AD_GALICIA_OPE_2016__EXAM__gal-02__aparato-digestivo-cas-20171029192531-cas-pdf.pdf,AD_GALICIA_OPE_2016__CORRECTION__gal-03__aparello-dixestivo-20180201084525-cas-pdf.pdf,new182,3439772be20db1699d83c1efe54e5bc3355435c80fcdd85cf6bf9d8346d68750,79f2605e88e5db36881c0570034f6ad808ae3ccb0fa7e794794e3caccd5cc1c8
n162,comunitat-valenciana|2022|main-47-80|71,Comunitat Valenciana,2022,aparato-digestivo,main-47-80,71,"Un hepatocarcinoma estadio C (Avanzado) de la clasificación BCLC, tiene indicación de:",Resección.,Trasplante.,Quimioembolización.,Ninguna de las respuestas anteriores es correcta.,d,Ninguna de las respuestas anteriores es correcta.,,21,AD_COMUNITAT_VALENCIANA_2022__EXAM__25__25-comunidad-valenciana-2022-exam-pdf.pdf,AD_COMUNITAT_VALENCIANA_2022__CORRECTION__27__27-comunidad-valenciana-2022-answer-key-definitive-pdf.pdf,new182,f7d5274bdc7607e03280b3d7a4a280dd0f807d71f135cf08220fbfd237179fdf,d4b2e448968baf8b64497f1bd690048a50c5553842ebeba2dbe15f3fb15161ad
n163,aragon|2017|main|74,Aragón,2017,aparato-digestivo,main,74,"Respecto a los efectos adversos de los anti-TNF, ¿Cuál de las siguientes afirmaciones es cierta? :","La forma más frecuente de presentación de la psoriasis inducida por anti-TNF es ""en gotas""",Ninguna de las respuestas anteriores es correcta.,La monoterapia con anti-TNF se asocia claramente a un mayor riesgo de linfomas,Los anti-TNF en monoterapia no aumentan el riesgo de melanomas,b,Ninguna de las respuestas anteriores es correcta.,,27,AD_ARAGON_2017__EXAM__exam__cuadernillo-del-examen-de-la-categoria-de-aparato-digestivo-que-fue-realizado-el.pdf,AD_ARAGON_2017__ANSWER_KEY__answer-key__plantilla-de-respuestas-del-examen-de-la-categoria-de-aparato-digestivo-que-fue-.pdf,new182,61cc4dda4920194e734841135069ff2d54989510cbe24f810a67333081b30351,6c7d5da36807e756b32dda2306420bab5a5ca4c372ee3c98bedeb809afc0e644
n164,castilla-y-leon|2019|main|111,Castilla y León,2019,aparato-digestivo,main,111,La enfermedad injerto contra el huésped afecta sobre todo a:,"Piel, riñones y páncreas",Ninguna de las respuestas anteriores es correcta.,"Intestino, piel y Bazo","Hígado, riñones y páncreas",b,Ninguna de las respuestas anteriores es correcta.,,25,AD_CASTILLA_Y_LEON_2019__EXAM__044_exam_examen-le-aparato-digestivo-orden-san-139-2020.pdf,AD_CASTILLA_Y_LEON_2019__ANSWER_KEY__045_answer-key_plantilla-respuestas-correctas-l-e-aparato-digestivo-orden-s.pdf,new182,c714c9f01381fa1086c07f9d0ffa5e2382c31497f3e3dc5f38e33d9473c74f89,553a1e61aeddd275d99667ff9072dbd913001d338f8c74650ef610e1347f10ff
n165,comunidad-de-madrid|2021|main|25,Comunidad de Madrid,2021,aparato-digestivo,main,25,¿En cuál de las siguientes situaciones está indicada la punción por ecoendoscopia en una lesión quística pancreática?,Lesión quística en cuerpo de páncreas de 15 mm con aspecto microquístico (imagen en “panal de abeja”) y calcificación central.,Ninguna de las respuestas anteriores es correcta.,Neoplasia papilar mucinosa intraductal de rama secundaria con crecimiento en un paciente con EPOC grado IV.,Lesión quística de 20 mm en cabeza de páncreas compatible con neoplasia papilar mucinosa intraductal de rama secundaria en una resonancia magnética.,b,Ninguna de las respuestas anteriores es correcta.,,6,AD_COMUNIDAD_DE_MADRID_2021__EXAM__017_exam_cuestionario-de-examen-f-e-en-aparato-digestivo-sermas-2021.pdf,AD_COMUNIDAD_DE_MADRID_2021__ANSWER_KEY__018_answer-key_plantilla-correctora-f-e-aparato-digestivo-2021.pdf,new182,60ebbbbbf14d9ed5d642f45171e3250e94e4450f156c3c84aa3c349466985dad,67ffc1a51546fcb8f3139bee4d87df0f1d330d8991f380b9453617d17f45568d
n166,castilla-la-mancha|2017|main|44,Castilla-La Mancha,2017,aparato-digestivo,main,44,"Paciente de 65 años, con hemorragia digestiva en forma de melenas, de curso crónico intermitente, de 6 meses de evolución. Antiagregado con AAS 100 mg y gastroprotegido con Omeprazol 20 mg diarios. Se ha realizado en los últimos 3 meses dos endoscopias digestivas altas y una colono-ileoscopia con buena preparación, sin identificar lesiones. ¿Qué actitud, de las que se exponen, le parece la más adecuada?","Doblar la dosis del Omeprazol, dado que está tomando AAS lo más probable es que el sangrado guarde relación con este fármaco","Repetiría un nuevo estudio endoscópico convencional, con una nueva panendoscopia oral y una colonoscopia",Ninguna de las respuestas anteriores es correcta.,Realizaría una arteriografía para identificar punto de sangrado,c,Ninguna de las respuestas anteriores es correcta.,,8,AD_CASTILLA_LA_MANCHA_2017_2018__EXAM__exam__cuestionario-fea-aparato-digestivo.pdf,AD_CASTILLA_LA_MANCHA_2017_2018__CORRECTION__correction__plantilla-correctora-definitiva-fea-aparato-digestivo.pdf,new182,0e1a834f337977b88469be3b0fee8693623d13a1ac9a98c013fc9f5bfd4da35a,20d5c24de44b71f45b6788eb48b63ace1c8d4fafa56ae54642f5c95d11d95f3c
n167,la-rioja|2021|main|41,La Rioja,2021,aparato-digestivo,main,41,"En relación con la hepatitis autoinmune (HAI), señale la opción correcta:",La edad de presentación más frecuente de la HAI tipo 1 es antes de los 14 años.,Ninguna de las respuestas anteriores es correcta.,Es común encontrar ascitis o sangrado por varices esofágicas como modo de presentación de la HAI tipo 1.,"Aunque es frecuente la asociación con otros trastornos autoinmunes en ambos tipos de HAI, la enfermedad inflamatoria intestinal se ve con mayor frecuencia en la HAI tipo 2.",b,Ninguna de las respuestas anteriores es correcta.,,17,AD_LA_RIOJA_2020_2021__EXAM__exam__fea-aparato-digestivo-2021.pdf,AD_LA_RIOJA_2020_2021__CORRECTION__correction__plantilla-respuestas-modificada-fea-aparato-digestivo-2021.pdf,new182,e5b78f70b3424330616ced4a6e319c910b7e9cb590080cc42b765745c2788bad,27c5d04b801c839f20670b3a433d9ac6fa44a6073bfcbfac1f0b462ecc28383f
n168,andalucia|2021|cuestionario-teorico|90,Andalucía,2021,aparato-digestivo,cuestionario-teorico,90,¿Cuál de las siguientes manifestaciones extraintestinales de la Enfermedad Inflamatoria Intestinal cursa con una evolución independiente de la actividad de la enfermedad luminal?,Eritema Nodoso.,Ninguna de las respuestas anteriores es correcta.,Epiescleritis.,Artritis periférica,b,Ninguna de las respuestas anteriores es correcta.,,21,AD_ANDALUCIA_2021_22_LIBRE__EXAM__07__9122-aparato-digestivo-pdf.pdf,AD_ANDALUCIA_2021_22_LIBRE__CORRECTION__09__9122-plantilla-respuestas-def-digestivo-pdf.pdf,new182,2f4593d1875de70af82ebb634951d4c4b5626c98dab7dffd4025f9875d08b1ba,c3e7091bd9afe1cd2c40e6d0747996d34a967e1b228146efa1b5c0aa68a4430f
n170,castilla-la-mancha|2017|main|67,Castilla-La Mancha,2017,aparato-digestivo,main,67,"Según la clasificación de Bismuth-Corlette para el colangiocarcinoma perihiliar, el tipo IIlb corresponde a",Tumor que afecta al conducto hepático común distalmente a la confluencia de los conductos hepáticos derecho e izquierdo.,Tumor que alcanza la confluencia pero no afecta a ambos conductos hepáticos.,"Tumor que afecta al conducto hepático común y a ambos conductos hepáticos derecho e izquierdo, así como los multifocales.",Ninguna de las respuestas anteriores es correcta.,d,Ninguna de las respuestas anteriores es correcta.,,12,AD_CASTILLA_LA_MANCHA_2017_2018__EXAM__exam__cuestionario-fea-aparato-digestivo.pdf,AD_CASTILLA_LA_MANCHA_2017_2018__CORRECTION__correction__plantilla-correctora-definitiva-fea-aparato-digestivo.pdf,new182,58a0f4cf408c45f15d2648148485a12fb6c42a4e0feea9764b3ebb50489491ff,1c9d1e5dd6ad97c32ae62a950381f6a7d35d1e2333482e6d81d643548aa64272
n171,galicia|2022|main|21,Galicia,2022,aparato-digestivo,main,21,"Un paciente presenta, a las 4 semanas de evolución de una pancreatitis aguda biliar, una colección encapsulada de 8 cm en situación retrogástrica con necrosis. Se encuentra afebril, sin dolor y sin datos sugestivos de infección. ¿Cuál de las siguientes actuaciones sería CORRECTA?:",Debe realizarse un drenaje endoscópico de la colección.,Debe instaurarse un tratamiento antibiótico para prevenir la infección.,Debe comenzarse una nutrición parenteral hasta que se resuelva la colección.,Ninguna de las respuestas anteriores es correcta.,d,Ninguna de las respuestas anteriores es correcta.,,6,AD_GALICIA_OPE_2022__EXAM__gal-09__especifico-cast-aparello-dx-20240316193007-cas-pdf.pdf,AD_GALICIA_OPE_2022__CORRECTION__gal-11__fea-aparello-dixestivo-20240514082015-cas-pdf.pdf,new182,0d31ce9ef569a1abdcf6850d75df7ddba18003f42cdc58e9333f15e7f1448143,12d5f4126e2fe1f79e6a86ca605d2e25e33bd578df4ec0b41add5576cf9fa025
n172,la-rioja|2024|main|55,La Rioja,2024,aparato-digestivo,main,55,"En la última actualización de 2022 de la guía ESGE (European Society of Gastrointestinal Endoscopy) de diagnóstico y tratamiento mediante cápsula endoscópica de intestino delgado (ID) y enteroscopia, se establece lo siguiente:","Se recomienda estudio con cápsula endoscópica de ID en pacientes con sospecha de hemorragia digestiva de origen en intestino delgado evidente (“overt”) lo antes posible, idealmente en los primeros 7 días, para maximizar el rendimiento diagnóstico.",Se recomienda estudio con cápsula endoscópica de ID para la vigilancia del intestino delgado proximal en la poliposis adenomatosa familiar.,Ninguna de las respuestas anteriores es correcta.,"Se recomienda el uso de cápsula patency (de permeabilidad) previo a cápsula endoscópica de ID en pacientes con sospecha de enfermedad de Crohn, con o sin síntomas obstructivos.",c,Ninguna de las respuestas anteriores es correcta.,,15,AD_LA_RIOJA_2023_2024__EXAM__exam__fea-aparato-digestivo-2025.pdf,AD_LA_RIOJA_2023_2024__CORRECTION__correction__plantilla-respuestas-modificada-fea-aparato-digestivo-2025.pdf,new182,41f76e5bde1737de37b03fe3230635268bd0619af13e96534bcfe62d818d85d9,fb0ec80e0151f08a2d4b731b35159395bd7c6eb026ef1c843f7e8919354402c9
n173,la-rioja|2021|main|57,La Rioja,2021,aparato-digestivo,main,57,"Ante el hallazgo en una colonoscopia realizada por antecedentes familiares de CCR de una lesión plana (0-IIa) de 12 mm en ángulo esplénico que se reseca en bloque tras infiltrar su base con adrenalina 1/10000 con asa de polipectomía con resultado de adenoma con displasia de alto grado, y en transverso, a 50 cm, 1 pólipo sesil de 3 mm, que se extirpa con pinza. Con resultado de: adenoma tubular de bajo grado y preparación Boston 8= 2 + 3 + 3. ¿Cuál sería la recomendación según la Guía de Diagnóstico y prevención del cáncer colorrectal actualización 2018 de la Asociación Española de Gastroenterología (AEG)?",Repetir colonoscopia en 6 meses.,Ninguna de las respuestas anteriores es correcta.,Solicitar nueva colonoscopia en 1 año.,Solicitar nueva colonoscopia en 5 años.,b,Ninguna de las respuestas anteriores es correcta.,,22,AD_LA_RIOJA_2020_2021__EXAM__exam__fea-aparato-digestivo-2021.pdf,AD_LA_RIOJA_2020_2021__CORRECTION__correction__plantilla-respuestas-modificada-fea-aparato-digestivo-2021.pdf,new182,fdfc757cb04edb4ac3be56b233430e77498b53b926aed61d13b685977298f251,e12ee14e39aa9541ff24db0a2d746f250fd11f0f1e1cee60c7417b6585f2351c
n174,region-de-murcia|2019|main|123,Región de Murcia,2019,aparato-digestivo,main,123,¿Cómo se define mejor una Peritonitis bacteriana Espontanea (PBE) en base a los resultados obtenidos en una paracentesis? PMN(Neutrófilos):,PMN 120; Cultivo negativo.,PMN 350; Cultivo polimicrobiano.,Ninguna de las respuestas anteriores es correcta.,PMN 150; Cultivo Monomicrobiano. Gram (+).,c,Ninguna de las respuestas anteriores es correcta.,,20,AD_REGION_DE_MURCIA_2019__EXAM__021_exam_apa-dig-lb-a-examen-turno-libre-modelo-a.pdf,AD_REGION_DE_MURCIA_2019__ANSWER_KEY__022_answer-key_apa-dig-plantilla-respuestas-corregida-turno-libre-modelo-a.pdf,new182,870e03f949fc8073a6d6f7e24ccdcd30b3f246e77a37e621086fd225a86732b6,53b9e2aa0ad2abfbfe700032a5ccd0829e6503d56042b213dcbeb00675556f47
n175,comunitat-valenciana|2022|main-47-80|59,Comunitat Valenciana,2022,aparato-digestivo,main-47-80,59,"Paciente de 42 años diabético, obeso, con esteatosis no alcohólica F2-F3 diagnosticado con métodos no invasivos (170 cm, 100 kg) ¿Cuál es la pérdida mínima de peso que debe tener para alcanzar mejoría de 100% en esteatosis y 80% en fibrosis?",6 kg,Ninguna de las respuestas anteriores es correcta.,15 kg,No está estudiado este aspecto,b,Ninguna de las respuestas anteriores es correcta.,,18,AD_COMUNITAT_VALENCIANA_2022__EXAM__25__25-comunidad-valenciana-2022-exam-pdf.pdf,AD_COMUNITAT_VALENCIANA_2022__CORRECTION__27__27-comunidad-valenciana-2022-answer-key-definitive-pdf.pdf,new182,658b816e41075a24e8a8a98fdad69b6b9270a97605f0cdbb64dc5c937c421bed,5d5d1dd1dedb6b1734b0fc1198ceb77b8bc89d9f3c424fee22f105c3b820ff0e
n176,galicia|2022|main|52,Galicia,2022,aparato-digestivo,main,52,"Paciente de 45 años que acude a servicio de urgencias hospitalarias tras ingesta voluntaria, con ideación autolítica, de cáustico ácido en grandes cantidades. A su llegada a urgencias presenta mal estado general y dolor torácico intenso tras vómitos constantes durante su traslado en ambulancia. Tras estabilización hemodinámica, se aprecia en analítica acidosis con intensa neutrofilia. Valorado por otorrinolaringología se aprecia eritema y edema generalizado en cavidad oral, manteniendo permeabilidad de vía aérea. ¿Qué prueba diagnóstica debe indicarse a continuación?",TAC toracoabdominal sin contraste.,Ninguna de las respuestas anteriores es correcta.,Endoscopia digestiva alta.,Tránsito esofagogastroduodenal.,b,Ninguna de las respuestas anteriores es correcta.,,12,AD_GALICIA_OPE_2022__EXAM__gal-09__especifico-cast-aparello-dx-20240316193007-cas-pdf.pdf,AD_GALICIA_OPE_2022__CORRECTION__gal-11__fea-aparello-dixestivo-20240514082015-cas-pdf.pdf,new182,0e637540a78b6a48fcb96697acf414933a610dccf0790f59ffa7096dd357af39,ea396b929c64b557170da96f74ac33675fbbc018329ca8fbe370c85ecb168541
n177,andalucia|2022|cuestionario-teorico|95,Andalucía,2022,aparato-digestivo,cuestionario-teorico,95,"¿Cuál sería el tratamiento de elección en un paciente de 56 años de edad, diagnosticado de cirrosis hepática, en grado A6 de Child, sin ascitis, sin varices esofágicas, en el que se detecta una lesión de 4,5 cms en el segmento III hepático, en RM dinámica compatible con hepatocarcinoma?",Radioembolización.,Trasplante hepático.,Ninguna de las respuestas anteriores es correcta.,Radioablación percutánea.,c,Ninguna de las respuestas anteriores es correcta.,,25,AD_ANDALUCIA_2022_EXTRAORDINARIA_LIBRE__EXAM__12__revisado-56007-fea-aparato-digestivo-final-pdf.pdf,AD_ANDALUCIA_2022_EXTRAORDINARIA_LIBRE__CORRECTION__14__def-feaapdigestivo-sas-2023-pdf.pdf,new182,4e196207dd10146ec3ed0028e443a5c04b6677228624ce8343b27f746e4d6b86,54fc0f66f9bca414d27ff508e343c326f4980dc9abd1fe0deeb36bd8df4f0ba7
n178,navarra|2022|teorico-practica|16,Navarra,2022,aparato-digestivo,teorico-practica,16,"En cuanto a la disinergia defecatoria, señale la respuesta CORRECTA:",Una manometría ano-rectal compatible es suficiente para su diagnóstico.,Ninguna de las respuestas anteriores es correcta.,La dieta baja en FODMAPs alivia habitualmente los síntomas.,Los síntomas dependen fundamentalmente de la consistencia de las heces.,b,Ninguna de las respuestas anteriores es correcta.,,5,AD_NAVARRA_2022__EXAM__040_exam_preguntas-test-examen-digestivo-definitivo-ope-2022-estabili.pdf,AD_NAVARRA_2022__ANSWER_KEY__041_answer-key_respuestas-digestivo-ope-2022-estabilizacion.pdf,new182,e388dc53c628ff09eb601403e1db533c9c3e1f2f2fd74cc8199ff8cc8baf7861,ba966682bd5140db6a0400ca82be4e215b375cf25c8ee4a37a9419e7160055df
n179,navarra|2022|teorico-practica|48,Navarra,2022,aparato-digestivo,teorico-practica,48,"En cuál de los siguientes casos, está autorizada por el Ministerio de Sanidad, la vacunación frente al herpes zóster (Shingrix):",En todos los pacientes con diagnóstico de EII,En pacientes con EII en tratamiento con fármacos biológicos,En todos los pacientes con EII en tratamiento con fármacos inhibidores de la JAK-kinasa,Ninguna de las respuestas anteriores es correcta.,d,Ninguna de las respuestas anteriores es correcta.,,11,AD_NAVARRA_2022__EXAM__040_exam_preguntas-test-examen-digestivo-definitivo-ope-2022-estabili.pdf,AD_NAVARRA_2022__ANSWER_KEY__041_answer-key_respuestas-digestivo-ope-2022-estabilizacion.pdf,new182,9d700c790f1fbf46445533e6581963a7b471e3c363ef80066804b04515269b0c,95ed78a9f283d3f2a21f926c6c9e2605d6299cb7da0564cc06634b845a871f71
n180,galicia|2022|main|22,Galicia,2022,aparato-digestivo,main,22,"Paciente que acude a nuestra consulta por dispepsia con resultado positivo en test de aliento para HP. Entre sus antecedentes destaca que es alérgico a penicilina. Siguiendo las recomendaciones de la V Conferencia Española de Consenso sobre el tratamiento de la infección por Helicobacter Pylori, ¿qué tratamiento erradicador elegiría como primera línea?:","Triple terapia con IBP, claritromicina y metronidazol.",Ninguna de las respuestas anteriores es correcta.,"Triple terapia con IBP, Claritromicina y levofloxacino.","Cuádruple terapia con IBP, levofloxacino, claritromicina y bismuto.",b,Ninguna de las respuestas anteriores es correcta.,,6,AD_GALICIA_OPE_2022__EXAM__gal-09__especifico-cast-aparello-dx-20240316193007-cas-pdf.pdf,AD_GALICIA_OPE_2022__CORRECTION__gal-11__fea-aparello-dixestivo-20240514082015-cas-pdf.pdf,new182,3a53c3e4d2c5995a5bd8cf1a2fa40e64fbf75ffff8c32549ef75c1befae41101,67d9996fee2ec0385454f3672e5f5838e2f3416fe10ac6d82d1b987a97f488fd
n181,galicia|2022|main|92,Galicia,2022,aparato-digestivo,main,92,Señale la afirmación CORRECTA:,"Los tumores con afectación de la unión esofagogástrica tipo Siewert I, deben ser estadificados y tratados como cáncer gástrico.","Los tumores con afectación de la unión esofagogástrica tipo Siewert II, deben ser estadificados y tratados como cáncer gástrico.",Ninguna de las respuestas anteriores es correcta.,La clasificación de Siewert no influye en el manejo de un tumor con afectación de la unión esofagogástrica.,c,Ninguna de las respuestas anteriores es correcta.,,19,AD_GALICIA_OPE_2022__EXAM__gal-09__especifico-cast-aparello-dx-20240316193007-cas-pdf.pdf,AD_GALICIA_OPE_2022__CORRECTION__gal-11__fea-aparello-dixestivo-20240514082015-cas-pdf.pdf,new182,456ba0d1fec016e8cb33a722205e15659a4f9974232ee00ae727337c6d6649c8,edd2efe1e0bcc470a6183fac2b74723068c8d8d4451939aca0d440b02889a3d3
n182,la-rioja|2024|main|56,La Rioja,2024,aparato-digestivo,main,56,"En el caso de una mujer de 67 años con enfermedad de Crohn con afectación ileal de 10 cm con actividad clínica y endoscópica moderada corticorrefractaria, con antecedentes de esclerosis múltiple, hipercolesterolemia y fumadora de 10 cigarrillos al día; realizado estudio prebiológico con Quantiferon y Mantoux negativos, vacunación actualizada de hepatitis B, neumococo y zoster. Recomendaría como primera línea de tratamiento:","Inducción con upadacitinib 45 mg/día durante 12 semanas, por mayor comodidad y mejor adherencia a tratamiento por vía oral.",Inducción intensificada con Infliximab 10 mg/kg iv en semanas 0-2-6 para mayor rapidez de acción.,Ninguna de las respuestas anteriores es correcta.,"Ozanimod, por tener indicación aprobada tanto en enfermedad de Crohn como en esclerosis múltiple.",c,Ninguna de las respuestas anteriores es correcta.,,15,AD_LA_RIOJA_2023_2024__EXAM__exam__fea-aparato-digestivo-2025.pdf,AD_LA_RIOJA_2023_2024__CORRECTION__correction__plantilla-respuestas-modificada-fea-aparato-digestivo-2025.pdf,new182,f9f2ce91ef07f428316cc3c5f07550ebd73817ea8e91c44810f7f3fa198d9ed9,3a43d6bffedd321b48e285f597f919e249b9a20c38d819f13fd69a9de8877269
