question_id,source_key,region,year,specialty,exam_part,question_number,question_text,option_a,option_b,option_c,option_d,correct_letter,correct_option_text,flags,page_in_exam_pdf,source_exam_pdf,source_answer_key_pdf,origin,content_sha256,raw_form_sha256
b2,illes-balears|2022|caso-1|2,Illes Balears,2022,aparato-digestivo,caso-1,2,"Paciente de 57 años, sin antecedentes personales ni familiares de cáncer de colon ni de cáncer en otras localizaciones, fumador de 22 cigarrillos al día, con hábitos de vida sedentarios, enolismo de 60 gr/día, obesidad con un índice de masa corporal de 37 y una dieta rica en carnes rojas y procesadas.

Señale la respuesta falsa en relación con los factores de riesgo del cáncer colorrectal:",El consumo de tabaco incrementa el riesgo de cáncer de colon.,El consumo de alcohol incrementa el riesgo de cáncer de colon.,La obesidad no ha mostrado ser un factor de riesgo para el desarrollo del cáncer de colon.,El ejercicio físico regular es un factor que reduce el riesgo de cáncer de colon.,c,La obesidad no ha mostrado ser un factor de riesgo para el desarrollo del cáncer de colon.,negated,3,AD_ILLES_BALEARS_2022__EXAM__exam__cuadernillo-de-examen-aparato-digestivo-fea.pdf,AD_ILLES_BALEARS_2022__ANSWER_KEY__answer-key__plantilla-correctora-del-examen.pdf,retained318,07a23a2bdd3c6899611ce482adeca8eb151e4b7a102b9b03d85cf3a69ee7bec3,ebd2453915d6d263b080a0d48891b86059802fd17a1f555f63e319e3589a5178
r001,la-rioja|2021|main|46,La Rioja,2021,aparato-digestivo,main,46,En el síndrome hepatopulmonar (SHP) es cierto que:,Existe una relación clara entre la presencia o gravedad del SHP y la gravedad de la enfermedad hepática valorada por la clasificación de Child-Turcotte-Pugh o por el índice MELD.,La determinación del gradiente alveolo-arterial de oxígeno no es un método más sensible que la presión parcial arterial de oxígeno.,La gammagrafía pulmonar con macroagregados de albúmina (γMA) marcados con ⁹⁹ᵐTc es considerado el Gold-estándar para el diagnóstico del SHP.,En pacientes cirróticos con SHP se ha demostrado un incremento de la producción de óxido nítrico en los pulmones medido en el aire espirado.,d,En pacientes cirróticos con SHP se ha demostrado un incremento de la producción de óxido nítrico en los pulmones medido en el aire espirado.,,18,AD_LA_RIOJA_2020_2021__EXAM__exam__fea-aparato-digestivo-2021.pdf,AD_LA_RIOJA_2020_2021__CORRECTION__correction__plantilla-respuestas-modificada-fea-aparato-digestivo-2021.pdf,replacement22_2026-08-04,b9b6ad648f3ab5132dd3adaf76e13c53fb2f51cd36541bcb1e3b9aed7e4f42a1,b9b6ad648f3ab5132dd3adaf76e13c53fb2f51cd36541bcb1e3b9aed7e4f42a1
b4,illes-balears|2022|caso-1|4,Illes Balears,2022,aparato-digestivo,caso-1,4,"Paciente de 57 años, sin antecedentes personales ni familiares de cáncer de colon ni de cáncer en otras localizaciones, fumador de 22 cigarrillos al día, con hábitos de vida sedentarios, enolismo de 60 gr/día, obesidad con un índice de masa corporal de 37 y una dieta rica en carnes rojas y procesadas.

Señale la respuesta correcta en relación con el cáncer colorrectal (CCR):",La dieta rica en carnes rojas y procesadas disminuye el riesgo de CCR.,La dieta rica en frutas y vegetales disminuye el riesgo de CCR.,La dieta rica en grasas y la obesidad disminuyen el riesgo de CCR.,No se debe recomendar retirar el consumo de tabaco y de alcohol para prevenir el CCR.,b,La dieta rica en frutas y vegetales disminuye el riesgo de CCR.,,4,AD_ILLES_BALEARS_2022__EXAM__exam__cuadernillo-de-examen-aparato-digestivo-fea.pdf,AD_ILLES_BALEARS_2022__ANSWER_KEY__answer-key__plantilla-correctora-del-examen.pdf,retained318,6181e50b2b33a05ba0ab3c2757fa7af006495f76779afc10883bca9a0c945ca2,b25fe5c2f2bf12e1e0f29ac21431b95c18b0a57bab00212c82503d360664b55f
r002,navarra|2022|teorico-practica|69,Navarra,2022,aparato-digestivo,teorico-practica,69,"Según la clasificación de Todani, la dilatación de la porción intraduodenal del conducto colédoco o coledococele correspondería a un quiste tipo:",II,Ia,Ib,III,d,III,,15,AD_NAVARRA_2022__EXAM__040_exam_preguntas-test-examen-digestivo-definitivo-ope-2022-estabili.pdf,AD_NAVARRA_2022__ANSWER_KEY__041_answer-key_respuestas-digestivo-ope-2022-estabilizacion.pdf,replacement22_2026-08-04,05ddbfee8772c2e79d23c89633126a64a552b276e54898c8eddb8b0e1f8ef43c,05ddbfee8772c2e79d23c89633126a64a552b276e54898c8eddb8b0e1f8ef43c
r003,andalucia|2021|cuestionario-teorico|51,Andalucía,2021,aparato-digestivo,cuestionario-teorico,51,"Entre los distintos signos y/o síntomas que pueden aparecer en un proceso de hepatitis aguda, señale cual constituye un claro criterio de ingreso hospitalario:",Astenia,Febrícula,Dolor en hipocondrio derecho,Coagulopatía,d,Coagulopatía,,13,AD_ANDALUCIA_2021_22_LIBRE__EXAM__07__9122-aparato-digestivo-pdf.pdf,AD_ANDALUCIA_2021_22_LIBRE__CORRECTION__09__9122-plantilla-respuestas-def-digestivo-pdf.pdf,replacement22_2026-08-04,e698c3e5e8ee0661967f1955f5470a727138006bf2ef08ccfe3e180a8991279e,e698c3e5e8ee0661967f1955f5470a727138006bf2ef08ccfe3e180a8991279e
b5,illes-balears|2022|caso-1|5,Illes Balears,2022,aparato-digestivo,caso-1,5,"Paciente de 57 años, sin antecedentes personales ni familiares de cáncer de colon ni de cáncer en otras localizaciones, fumador de 22 cigarrillos al día, con hábitos de vida sedentarios, enolismo de 60 gr/día, obesidad con un índice de masa corporal de 37 y una dieta rica en carnes rojas y procesadas.

El paciente descrito inicialmente no presenta ningún tipo de sintomatología. Señale la respuesta correcta en relación con el programa de cribado del cáncer de colon:",No tiene criterios para participar ya que solo se incluyen los pacientes de entre 60 y 75 años.,Cumple criterios para ser incluido en el programa de cribado del CCR.,La ausencia de antecedentes familiares es un criterio de exclusión del programa de cribado del CCR.,La ausencia de síntomas es un criterio de exclusión del programa de cribado del CCR.,b,Cumple criterios para ser incluido en el programa de cribado del CCR.,,4,AD_ILLES_BALEARS_2022__EXAM__exam__cuadernillo-de-examen-aparato-digestivo-fea.pdf,AD_ILLES_BALEARS_2022__ANSWER_KEY__answer-key__plantilla-correctora-del-examen.pdf,retained318,5542fadb1335631c34a095acfefddb43d0a31ff90540b0f15ead867f23325519,ff3bae80d3515658d0516bc659964b9e0a54f1da7566c41836cad18390558274
r004,andalucia|2021|cuestionario-teorico|57,Andalucía,2021,aparato-digestivo,cuestionario-teorico,57,"¿Cuál es la actitud más adecuada ante el hallazgo incidental en una pieza de apendicectomía de un tumor carcinoide de 8mm NET G1 (bien diferenciado, bajo índice mitótico, Ki-67<3%) con márgenes libres?",Hemicolectomía derecha con vaciamiento ganglionar en un segundo tiempo.,Ileocequectomía con vaciamiento ganglionar en un segundo tiempo.,Adyuvancia con octreótido.,La apendicectomía es suficiente.,d,La apendicectomía es suficiente.,,14,AD_ANDALUCIA_2021_22_LIBRE__EXAM__07__9122-aparato-digestivo-pdf.pdf,AD_ANDALUCIA_2021_22_LIBRE__CORRECTION__09__9122-plantilla-respuestas-def-digestivo-pdf.pdf,replacement22_2026-08-04,a3504cdc745871daf70c446f5433376060d3192fc8b5ac3fc5c6fafe7aa3ad6a,a3504cdc745871daf70c446f5433376060d3192fc8b5ac3fc5c6fafe7aa3ad6a
b6,illes-balears|2022|caso-1|6,Illes Balears,2022,aparato-digestivo,caso-1,6,"Paciente de 57 años, sin antecedentes personales ni familiares de cáncer de colon ni de cáncer en otras localizaciones, fumador de 22 cigarrillos al día, con hábitos de vida sedentarios, enolismo de 60 gr/día, obesidad con un índice de masa corporal de 37 y una dieta rica en carnes rojas y procesadas.

Una vez incluido en el programa de cribado se hace la determinación de sangre oculta en heces (SOH) inmunológica cuantitativa, que resulta positiva. Señale la respuesta correcta:",No se debe ofrecer ningún tipo de prueba complementaria.,Se debe ofrecer al paciente hacer una segunda determinación de SOH.,Se debe ofrecer al paciente hacer una colonoscopia.,Si no hay síntomas no es necesario hacer una colonoscopia.,c,Se debe ofrecer al paciente hacer una colonoscopia.,,4,AD_ILLES_BALEARS_2022__EXAM__exam__cuadernillo-de-examen-aparato-digestivo-fea.pdf,AD_ILLES_BALEARS_2022__ANSWER_KEY__answer-key__plantilla-correctora-del-examen.pdf,retained318,959ccdbeb722e1ed27257935fa1b7c342a6d305250318aa3a0e7a817c562a718,b46c6088ff58d586d602dcfe0df77fa34a402ab61bbad8a53a1df28cba8ffde2
r005,galicia|2019|main|65,Galicia,2019,aparato-digestivo,main,65,"En una ecografía abdominal describen una lesión ocupante de espacio situada en el segmento antero-superior del lóbulo hepático derecho, entre la vena suprahepática derecha y la media, craneal a la vena porta. ¿En qué segmento del hígado se hallaría según la clasificación de Couinaud?:",IV.,VI.,VII.,VIII.,d,VIII.,,13,AD_GALICIA_OPE_2019__EXAM__gal-05__cas-especifico-digestivo-20210925132858-cas-pdf.pdf,AD_GALICIA_OPE_2019__CORRECTION__gal-07__fea-aparello-dixestivo-20211214124928-cas-pdf.pdf,replacement22_2026-08-04,40a1a595c05c8bd028b5b126369b5f139a2f4fc41b19d3aeda9271a7d8c1e1fe,40a1a595c05c8bd028b5b126369b5f139a2f4fc41b19d3aeda9271a7d8c1e1fe
b7,illes-balears|2022|caso-1|7,Illes Balears,2022,aparato-digestivo,caso-1,7,"Paciente de 57 años, sin antecedentes personales ni familiares de cáncer de colon ni de cáncer en otras localizaciones, fumador de 22 cigarrillos al día, con hábitos de vida sedentarios, enolismo de 60 gr/día, obesidad con un índice de masa corporal de 37 y una dieta rica en carnes rojas y procesadas.

Señale la respuesta falsa en relación con la calidad de las endoscopias del programa de cribado:",Deben ser procedimientos hechos por endoscopistas de alta cualificación para poder detectar y tratar las lesiones.,Se deben hacer en gabinetes con programación específica separada de las endoscopias de rutina.,Se debe disponer de equipamientos de la máxima calidad para optimizar la detección de las lesiones.,Las endoscopias del programa de cribado pueden hacerse en cualquier gabinete y por cualquier tipo de endoscopista independientemente de su tasa de detección de adenomas.,d,Las endoscopias del programa de cribado pueden hacerse en cualquier gabinete y por cualquier tipo de endoscopista independientemente de su tasa de detección de adenomas.,negated,5,AD_ILLES_BALEARS_2022__EXAM__exam__cuadernillo-de-examen-aparato-digestivo-fea.pdf,AD_ILLES_BALEARS_2022__ANSWER_KEY__answer-key__plantilla-correctora-del-examen.pdf,retained318,11625cd44dba8c7ea369809a9dfe4ce219882d7fc76401778d7565c2e06ca0b9,d70f07dff4d5e5ef5e8635bae41b086a9116d61e7a82c0dd4c7d3920276a1c90
r006,galicia|2016|main|86,Galicia,2016,aparato-digestivo,main,86,"En relación con la aparición de un pioderma gangrenoso en un paciente con colitis ulcerosa, ¿qué es cierto?",Es una manifestación extraintestinal que sólo se observa en brotes graves de colitis ulcerosa o enfermedad de Crohn.,A menudo suelen aparecer tras un pequeño trauma en la zona (patergia).,El tratamiento de primera línea del pioderma gangrenoso son los antibióticos.,"Cualquier tratamiento biológico, incluyendo Infliximab, adalimumab o vedolizumab se considera adecuado ante un pioderma gangrenoso que no responda a tratamiento esteroideo.",b,A menudo suelen aparecer tras un pequeño trauma en la zona (patergia).,,21,AD_GALICIA_OPE_2016__EXAM__gal-02__aparato-digestivo-cas-20171029192531-cas-pdf.pdf,AD_GALICIA_OPE_2016__CORRECTION__gal-03__aparello-dixestivo-20180201084525-cas-pdf.pdf,replacement22_2026-08-04,28cacccb653af0dad2d5967a05880422fe4140f5beabaafb28ec93bbf2e295b8,28cacccb653af0dad2d5967a05880422fe4140f5beabaafb28ec93bbf2e295b8
b9,illes-balears|2022|caso-1|9,Illes Balears,2022,aparato-digestivo,caso-1,9,"Paciente de 57 años, sin antecedentes personales ni familiares de cáncer de colon ni de cáncer en otras localizaciones, fumador de 22 cigarrillos al día, con hábitos de vida sedentarios, enolismo de 60 gr/día, obesidad con un índice de masa corporal de 37 y una dieta rica en carnes rojas y procesadas.

Se repite la colonoscopia y se objetiva la presencia de un pólipo único pediculado de 15 mm a 30 cm del margen anal. La colonoscopia es completa hasta el ciego, con 9 puntos en la escala de Boston. Se hace una polipectomía con una resección completa del pólipo con su pedículo. En el estudio histológico se describe un adenoma tubulovelloso con displasia de alto grado focal estrictamente superficial, con márgenes de resección libres de tejido adenomatoso con margen de resección amplio en el pedículo. Señale la respuesta correcta:",Se requiere un tratamiento quirúrgico complementario para asegurar la curación de la lesión.,La lesión ha quedado curada tras la resección endoscópica.,Se debe repetir la colonoscopia de inmediato para revisar la escara de la polipectomía dado el riesgo alto de lesión residual.,Se debe hacer una TC abdominal complementaria como estudio de la extensión de la lesión.,b,La lesión ha quedado curada tras la resección endoscópica.,,6,AD_ILLES_BALEARS_2022__EXAM__exam__cuadernillo-de-examen-aparato-digestivo-fea.pdf,AD_ILLES_BALEARS_2022__ANSWER_KEY__answer-key__plantilla-correctora-del-examen.pdf,retained318,4d35a80c2ab6502131f84057b3759c49efdcabf8f25ffec9782d180f40b51443,56368f3047a82b9ba95d2eda397351d93a8bd815d559f2130ac1a68b735938c6
r007,galicia|2019|main|81,Galicia,2019,aparato-digestivo,main,81,"En cuanto al síndrome del intestino irritable, señale la respuesta VERDADERA:",Comienzo de síntomas en mayores de 50 años no es signo de alarma.,En el hombre es más frecuente el estreñimiento y en la mujer la diarrea.,El pioderma gangrenoso no es signo de organicidad.,La malabsorción de fructosa y sorbitol puede contribuir a los síntomas en algunos pacientes.,d,La malabsorción de fructosa y sorbitol puede contribuir a los síntomas en algunos pacientes.,,16,AD_GALICIA_OPE_2019__EXAM__gal-05__cas-especifico-digestivo-20210925132858-cas-pdf.pdf,AD_GALICIA_OPE_2019__CORRECTION__gal-07__fea-aparello-dixestivo-20211214124928-cas-pdf.pdf,replacement22_2026-08-04,0c63d442a22191d309528e8228cdcaeaaff0f5e72a5eb2d37fa362579b8f0bb8,0c63d442a22191d309528e8228cdcaeaaff0f5e72a5eb2d37fa362579b8f0bb8
b11,illes-balears|2022|caso-1|11,Illes Balears,2022,aparato-digestivo,caso-1,11,"Paciente de 57 años, sin antecedentes personales ni familiares de cáncer de colon ni de cáncer en otras localizaciones, fumador de 22 cigarrillos al día, con hábitos de vida sedentarios, enolismo de 60 gr/día, obesidad con un índice de masa corporal de 37 y una dieta rica en carnes rojas y procesadas.

Este paciente tiene un hermano de 52 años, asintomático. En la familia no existen otros antecedentes de CCR. ¿Qué recomendación debemos dar al hermano en cuanto a prevención del CCR?",Es susceptible de endoscopia de forma inmediata.,No requiere ningún tipo de procedimiento dada la edad y la ausencia de clínica asociada.,En este caso se recomienda el control por medio de una SOH bianual.,Se le debe ofrecer una colonoscopia anual como herramienta de prevención más eficaz a nivel de coste.,c,En este caso se recomienda el control por medio de una SOH bianual.,,6,AD_ILLES_BALEARS_2022__EXAM__exam__cuadernillo-de-examen-aparato-digestivo-fea.pdf,AD_ILLES_BALEARS_2022__ANSWER_KEY__answer-key__plantilla-correctora-del-examen.pdf,retained318,4c383eef4717778210749fa7bfae2c1ff3dcc952068d550dc2c721252ba7a0af,62cf4a93a4f0332eed19b3950c87083000946a44472f96b10e30141db2e7479d
b12,illes-balears|2022|caso-1|12,Illes Balears,2022,aparato-digestivo,caso-1,12,"Paciente de 57 años, sin antecedentes personales ni familiares de cáncer de colon ni de cáncer en otras localizaciones, fumador de 22 cigarrillos al día, con hábitos de vida sedentarios, enolismo de 60 gr/día, obesidad con un índice de masa corporal de 37 y una dieta rica en carnes rojas y procesadas.

El paciente deja de acudir a les consultas externas. Regresa al cabo de siete años con un cuadro de rectorragias asociadas a una pérdida de ocho quilos. Señale la respuesta correcta:",No requiere una colonoscopia porque tiene una de hace siete años.,Requiere colonoscopia por la clínica que presenta para descartar un CCR.,En este caso basta con un análisis de SOH.,La exploración inicial debe ser una ecografía abdominal.,b,Requiere colonoscopia por la clínica que presenta para descartar un CCR.,,7,AD_ILLES_BALEARS_2022__EXAM__exam__cuadernillo-de-examen-aparato-digestivo-fea.pdf,AD_ILLES_BALEARS_2022__ANSWER_KEY__answer-key__plantilla-correctora-del-examen.pdf,retained318,b02c5b6670c3190bdaa4c2e5d9e6cc482f67d73dd28c11e8b8293e7bb3a0f859,a7b1d18ee1e930d80e2e080e50536182a935d5cb282a5c66fb4eef1194909c6e
r008,la-rioja|2024|main|95,La Rioja,2024,aparato-digestivo,main,95,Un paciente con disfagia progresiva sufre pérdida de peso. La endoscopia revela una lesión ulcerada estenosante en el tercio medio esofágico. ¿Cuál de los siguientes hallazgos histológicos sería más característico del diagnóstico más probable?:,Glándulas atípicas infiltrativas con invasión progresiva de la pared.,Glándulas gástricas ectópicas con metaplasia intestinal.,Células escamosas atípicas con pérdida de la polaridad nuclear.,Proliferación linfoide con patrón en cielo estrellado.,c,Células escamosas atípicas con pérdida de la polaridad nuclear.,,24,AD_LA_RIOJA_2023_2024__EXAM__exam__fea-aparato-digestivo-2025.pdf,AD_LA_RIOJA_2023_2024__CORRECTION__correction__plantilla-respuestas-modificada-fea-aparato-digestivo-2025.pdf,replacement22_2026-08-04,53fb04f87c7274a0054fb0e2aca094fe1a1966008ca36539591db0b5c18f3b23,53fb04f87c7274a0054fb0e2aca094fe1a1966008ca36539591db0b5c18f3b23
r009,castilla-la-mancha|2017|main|22,Castilla-La Mancha,2017,aparato-digestivo,main,22,¿Mediante técnicas de inmunohistoquímica cuáles serán las características de un schwannoma gástrico y que permitan distinguirlo de un GIST gástrico?,"Proteína S 100 positivo, c-Kit positivo.","Proteína S 100 positivo, c-Kit negativo.","Proteína S 100 negativo, c-Kit positivo.","Proteína S 100 negativo, c-Kit negativo.",b,"Proteína S 100 positivo, c-Kit negativo.",,5,AD_CASTILLA_LA_MANCHA_2017_2018__EXAM__exam__cuestionario-fea-aparato-digestivo.pdf,AD_CASTILLA_LA_MANCHA_2017_2018__CORRECTION__correction__plantilla-correctora-definitiva-fea-aparato-digestivo.pdf,replacement22_2026-08-04,96ccb13ce5e05d56f54378057e397ecd8738645e1b7347fb2d39fd9deac767b4,96ccb13ce5e05d56f54378057e397ecd8738645e1b7347fb2d39fd9deac767b4
b13,illes-balears|2022|caso-1|14,Illes Balears,2022,aparato-digestivo,caso-1,13,"Paciente de 57 años, sin antecedentes personales ni familiares de cáncer de colon ni de cáncer en otras localizaciones, fumador de 22 cigarrillos al día, con hábitos de vida sedentarios, enolismo de 60 gr/día, obesidad con un índice de masa corporal de 37 y una dieta rica en carnes rojas y procesadas.

El estudio de extensión muestra ausencia de lesiones a distancia en el pulmón o el hígado. También muestra ausencia de adenopatías evidentes. Se objetiva una lesión neoformativa con una imagen sugestiva de infiltración hasta la submucosa, pero sin contactar con la muscular propia. Señale la respuesta correcta respecto al estadiaje:",Estadio T3N1M1.,Estadio T2N0M0.,Estadio T1N0M0.,Estadio T2N1M0.,c,Estadio T1N0M0.,,7,AD_ILLES_BALEARS_2022__EXAM__exam__cuadernillo-de-examen-aparato-digestivo-fea.pdf,AD_ILLES_BALEARS_2022__ANSWER_KEY__answer-key__plantilla-correctora-del-examen.pdf,retained318,aff3151dc1a61323e21c11bd0589e0005b300a751ff913dbcdd31b8c953d0df1,35734e67839db9acb971f86c6a1e7a15b32dd556c9698409f4b20a8e74f7e3b4
r010,andalucia|2022|cuestionario-teorico|74,Andalucía,2022,aparato-digestivo,cuestionario-teorico,74,"Mujer de 27 años, sin antecedentes, consulta por dolor epigástrico y náuseas de 3 meses de evolución y pérdida ponderal de 4 kg. Analíticamente destaca Hb de 13 g/dl, leucocitos de 13.000/mm3, amilasa 190 U/L y lipasa 45 U/L. En un TAC de abdomen se observa una masa sólido-quística, heterogénea de 5 cm de diámetro situada en el cuerpo del páncreas, encapsulada, que comprime vena esplénica desplazando la arteria esplénica. ¿Cuál es el diagnóstico más probable?",Neoplasia mucinosa papilar intraductal.,Tumor pseudopapilar sólido.,Cistoadenoma mucinoso quístico.,Cistoadenoma seroso microquístico,b,Tumor pseudopapilar sólido.,,20,AD_ANDALUCIA_2022_EXTRAORDINARIA_LIBRE__EXAM__12__revisado-56007-fea-aparato-digestivo-final-pdf.pdf,AD_ANDALUCIA_2022_EXTRAORDINARIA_LIBRE__CORRECTION__14__def-feaapdigestivo-sas-2023-pdf.pdf,replacement22_2026-08-04,52da835565b44f8179eda8a15fe2499264052df7e3864003daa63513f49372e9,52da835565b44f8179eda8a15fe2499264052df7e3864003daa63513f49372e9
b21,illes-balears|2022|caso-1|22,Illes Balears,2022,aparato-digestivo,caso-1,21,"Paciente de 57 años, sin antecedentes personales ni familiares de cáncer de colon ni de cáncer en otras localizaciones, fumador de 22 cigarrillos al día, con hábitos de vida sedentarios, enolismo de 60 gr/día, obesidad con un índice de masa corporal de 37 y una dieta rica en carnes rojas y procesadas.

En el caso de este paciente, se hace un estudio inmunohistoquímico sobre el bloque parafinado del tumor. Se detecta un déficit de expresión de MSH6; una expresión correcta de MLH1, MSH2, PMS2. Asimismo, se objetiva la presencia de inestabilidad de microsatélites. Señale la respuesta correcta:",Con este resultado se puede considerar que no existe alteración de la inmunohistoquímica y se puede descartar el síndrome de Lynch.,Existe déficit de expresión de MSH6 por lo que se debe continuar el estudio por un posible síndrome de Lynch.,Se trata de un resultado típico de la poliposis adenomatosa familiar.,Se trata de un resultado típico del síndrome de poliposis serrada.,b,Existe déficit de expresión de MSH6 por lo que se debe continuar el estudio por un posible síndrome de Lynch.,,10,AD_ILLES_BALEARS_2022__EXAM__exam__cuadernillo-de-examen-aparato-digestivo-fea.pdf,AD_ILLES_BALEARS_2022__ANSWER_KEY__answer-key__plantilla-correctora-del-examen.pdf,retained318,3d336498426e882f379b5ec7ea2f528efffa4fd14b70b8388015b411759490e9,f86df86c45ee4e99b703beed3a157440988db7b6a0d7cf3ad27c35cba42f5a26
r011,andalucia|2021|cuestionario-teorico|23,Andalucía,2021,aparato-digestivo,cuestionario-teorico,23,"Un hombre de 45 años consulta por diarreas acuosas muy abundantes de cuatro meses de evolución. La diarrea no se controla con el ayuno ni con loperamida. Refiere una pérdida de 7 kg de peso (10%). En la exploración física presenta hipotensión arterial 95/55 mmHg con una frecuencia cardíaca de 110 spm. Refiere dolor a la palpación profunda en mesogastrio. En el TC abdominal se observa una masa de 5,1 x 5,8 x 4 cm en la cola del páncreas. ¿Cuál sería su diagnóstico de sospecha?",Adenocarcinoma de páncreas,VIPoma,Peptidoma YY (tirosina/tirosina),Somatostatinoma,b,VIPoma,,7,AD_ANDALUCIA_2021_22_LIBRE__EXAM__07__9122-aparato-digestivo-pdf.pdf,AD_ANDALUCIA_2021_22_LIBRE__CORRECTION__09__9122-plantilla-respuestas-def-digestivo-pdf.pdf,replacement22_2026-08-04,2d41c19f2b72bb9ce15682165588969b834f0e95f0d746458cd1a19f8a331518,2d41c19f2b72bb9ce15682165588969b834f0e95f0d746458cd1a19f8a331518
b22,illes-balears|2022|caso-1|23,Illes Balears,2022,aparato-digestivo,caso-1,22,"Paciente de 57 años, sin antecedentes personales ni familiares de cáncer de colon ni de cáncer en otras localizaciones, fumador de 22 cigarrillos al día, con hábitos de vida sedentarios, enolismo de 60 gr/día, obesidad con un índice de masa corporal de 37 y una dieta rica en carnes rojas y procesadas.

Se hace un estudio genético por medio de un panel de colon, para el estudio de mutaciones germinales. El estudio es negativo y muestra una ausencia de mutaciones en el conjunto de genes asociados al síndrome de Lynch y a la poliposis adenomatosa. El estudio de deleciones también ha sido negativo. Señale la entidad a la que corresponde la situación de este caso:",Poliposis adenomatosa familiar.,Síndrome de Lynch.,Síndrome X.,Síndrome de Lynch-like.,d,Síndrome de Lynch-like.,,10,AD_ILLES_BALEARS_2022__EXAM__exam__cuadernillo-de-examen-aparato-digestivo-fea.pdf,AD_ILLES_BALEARS_2022__ANSWER_KEY__answer-key__plantilla-correctora-del-examen.pdf,retained318,6c2ec099ff4b322682fc7fb3c440c5da0428f52c24f0de9f8517c753e844d739,b39e4b5f3199d723c6be074d264bd8bc55238c363684be4ee6158ed7fedf48df
r012,andalucia|2021|cuestionario-teorico|94,Andalucía,2021,aparato-digestivo,cuestionario-teorico,94,¿Cuál de las siguientes afirmaciones es correcta en relación a la caracterización de las lesiones neoplásicas del colon?.,Las lesiones de extensión lateral granulares (LST-G) tienen mayor riesgo de invasión submucosa que las no granulares (LST-NG).,Para la realización de la clasificación de Kudo se requiere magnificación óptica.,Para la realización de la clasificación de NICE se requiere magnificación y Narrow Band Imaging (NBI).,"En la clasificación JNET las lesiones según su patrón vascular y de superficie se dividen en tres tipos (tipo 1, tipo 2 y tipo 3).",b,Para la realización de la clasificación de Kudo se requiere magnificación óptica.,,22,AD_ANDALUCIA_2021_22_LIBRE__EXAM__07__9122-aparato-digestivo-pdf.pdf,AD_ANDALUCIA_2021_22_LIBRE__CORRECTION__09__9122-plantilla-respuestas-def-digestivo-pdf.pdf,replacement22_2026-08-04,66675bb958a9916ef57e726a0958153676b4016fd0ae1dabe452d40d33eb5ee7,66675bb958a9916ef57e726a0958153676b4016fd0ae1dabe452d40d33eb5ee7
b24,illes-balears|2022|caso-2|25,Illes Balears,2022,aparato-digestivo,caso-2,24,"Varón de 63 años remitido a la unidad de endoscopia para hacerle una gastroscopia por un reflujo de larga evolución (superior a 10 años). El paciente es obeso, hipertenso y fumador. Refiere disfagia a sólidos desde hace un mes. Se hace una gastroscopia que detecta a 32 cm de las arcadas dentarias la presencia de una mucosa ectópica que se extiende hasta la unión esofagogástrica situada a 38 cm de las arcadas dentarias en donde se aprecian signos de esofagitis por reflujo grado C.
Se pauta un tratamiento médico y se hace una nueva gastroscopia a las ocho semanas. En ella se aprecia la mucosa ectópica descrita previamente sugestiva de esófago de Barrett (C5M6) con una cicatrización completa de la esofagitis por reflujo y a 35 cm de las arcadas dentarias se aprecia un área irregular sobreelevada de unos 8 mm (0-Is) diferente al resto de la mucosa circundante. Se hacen biopsias de forma aleatoria de la lesión descrita, suponiendo que puede tratarse de un esófago de Barrett según el protocolo de Seattle. Los resultados de la lesión visible en el esófago confirman un esófago
de Barrett con metaplasia intestinal y presencia de focos de displasia de grado alto y las biopsias aleatorias confirmaban el esófago de Barrett sin displasia. Se planifica una estrategia de tratamiento y seguimiento.

Señale la afirmación falsa en referencia al diagnóstico de la enfermedad por reflujo gastroesofágico (ERGE):",El paciente que presenta síntomas típicos de enfermedad por reflujo puede diagnosticarse a partir de la historia clínica y generalmente no requiere otras investigaciones.,La endoscopia digestiva está indicada como método diagnóstico inicial en todos los pacientes que muestran síntomas típicos de ERGE.,El ensayo terapéutico con inhibidores de la bomba de protones (IBP) tiene valor diagnóstico en los pacientes con síntomas típicos de ERGE.,La pH-metría está indicada para investigar la presencia de reflujo en los pacientes que no responden al tratamiento empírico y presentan una endoscopia negativa.,b,La endoscopia digestiva está indicada como método diagnóstico inicial en todos los pacientes que muestran síntomas típicos de ERGE.,negated,11,AD_ILLES_BALEARS_2022__EXAM__exam__cuadernillo-de-examen-aparato-digestivo-fea.pdf,AD_ILLES_BALEARS_2022__ANSWER_KEY__answer-key__plantilla-correctora-supuesto-2.pdf,retained318,46b617af1800cd3ba2810ae6308d98cf5f1a55cd037f319fc8ea9f0d4f414030,e8414a7d0418b4a763e8d0db89edd48cea5497d302c3ef9b80df2bbacf13a0ff
b25,illes-balears|2022|caso-2|26,Illes Balears,2022,aparato-digestivo,caso-2,25,"Varón de 63 años remitido a la unidad de endoscopia para hacerle una gastroscopia por un reflujo de larga evolución (superior a 10 años). El paciente es obeso, hipertenso y fumador. Refiere disfagia a sólidos desde hace un mes. Se hace una gastroscopia que detecta a 32 cm de las arcadas dentarias la presencia de una mucosa ectópica que se extiende hasta la unión esofagogástrica situada a 38 cm de las arcadas dentarias en donde se aprecian signos de esofagitis por reflujo grado C.
Se pauta un tratamiento médico y se hace una nueva gastroscopia a las ocho semanas. En ella se aprecia la mucosa ectópica descrita previamente sugestiva de esófago de Barrett (C5M6) con una cicatrización completa de la esofagitis por reflujo y a 35 cm de las arcadas dentarias se aprecia un área irregular sobreelevada de unos 8 mm (0-Is) diferente al resto de la mucosa circundante. Se hacen biopsias de forma aleatoria de la lesión descrita, suponiendo que puede tratarse de un esófago de Barrett según el protocolo de Seattle. Los resultados de la lesión visible en el esófago confirman un esófago
de Barrett con metaplasia intestinal y presencia de focos de displasia de grado alto y las biopsias aleatorias confirmaban el esófago de Barrett sin displasia. Se planifica una estrategia de tratamiento y seguimiento.

Señale la respuesta falsa en relación con el manejo inicial de la enfermedad por reflujo gastroesofágico:",Las modificaciones en el estilo de vida son fundamentales en el manejo de la enfermedad por reflujo gastroesofágico.,La disfagia debe considerarse un síntoma de alarma para valorar hacer una gastroscopia.,Se puede considerar suspender el tratamiento médico en pacientes con ERGE no complicado que responden a ocho semanas de tratamiento con inhibidores de la bomba de protones.,"En los pacientes con gastroscopia normal y con pirosis que no responden al tratamiento médico con inhibidores de la bomba de protones, se debe descartar una enfermedad por reflujo gastroesofágico y no se deben hacer otros estudios.",d,"En los pacientes con gastroscopia normal y con pirosis que no responden al tratamiento médico con inhibidores de la bomba de protones, se debe descartar una enfermedad por reflujo gastroesofágico y no se deben hacer otros estudios.",negated,12,AD_ILLES_BALEARS_2022__EXAM__exam__cuadernillo-de-examen-aparato-digestivo-fea.pdf,AD_ILLES_BALEARS_2022__ANSWER_KEY__answer-key__plantilla-correctora-supuesto-2.pdf,retained318,939bd030fb3627eb0a1eed937267212fb9ce4a60cd4df3e70b33cd2ee9bd159c,47d98ce817a43ff819bf8bf87be46801ff1a080d20355374ebb9e977f7f6121b
r013,la-rioja|2024|main|51,La Rioja,2024,aparato-digestivo,main,51,El déficit de alfa-1 antitripsina es un trastorno hereditario con un patrón de herencia:,Intermedio.,Recesivo.,Dominante.,Codominante.,d,Codominante.,,14,AD_LA_RIOJA_2023_2024__EXAM__exam__fea-aparato-digestivo-2025.pdf,AD_LA_RIOJA_2023_2024__CORRECTION__correction__plantilla-respuestas-modificada-fea-aparato-digestivo-2025.pdf,replacement22_2026-08-04,4b74a558be2e42b28471dbc124d53cb48bf1cdbe57e324b2f77a8a517a7a343e,4b74a558be2e42b28471dbc124d53cb48bf1cdbe57e324b2f77a8a517a7a343e
r014,castilla-la-mancha|2017|main|55,Castilla-La Mancha,2017,aparato-digestivo,main,55,La clasificación de Atlanta permite diferenciar las colecciones fluidas peripancreáticas en función de la presencia de necrosis y de su tiempo de evolución. ¿Cómo se denomina una colección peripancreatica que se presenta en las primeras 4 semanas de una pancreatitis aguda intersticial edematosa?,Pseudoquiste pancreático,Necrosis encapsulada,Colección liquida aguda peripancreática,Colección necrótica aguda,c,Colección liquida aguda peripancreática,,10,AD_CASTILLA_LA_MANCHA_2017_2018__EXAM__exam__cuestionario-fea-aparato-digestivo.pdf,AD_CASTILLA_LA_MANCHA_2017_2018__CORRECTION__correction__plantilla-correctora-definitiva-fea-aparato-digestivo.pdf,replacement22_2026-08-04,5b5904213e4f70b40eab2a71604b9df09e4fdd48b2d6db6fbc02b79488f6f46a,5b5904213e4f70b40eab2a71604b9df09e4fdd48b2d6db6fbc02b79488f6f46a
b26,illes-balears|2022|caso-2|27,Illes Balears,2022,aparato-digestivo,caso-2,26,"Varón de 63 años remitido a la unidad de endoscopia para hacerle una gastroscopia por un reflujo de larga evolución (superior a 10 años). El paciente es obeso, hipertenso y fumador. Refiere disfagia a sólidos desde hace un mes. Se hace una gastroscopia que detecta a 32 cm de las arcadas dentarias la presencia de una mucosa ectópica que se extiende hasta la unión esofagogástrica situada a 38 cm de las arcadas dentarias en donde se aprecian signos de esofagitis por reflujo grado C.
Se pauta un tratamiento médico y se hace una nueva gastroscopia a las ocho semanas. En ella se aprecia la mucosa ectópica descrita previamente sugestiva de esófago de Barrett (C5M6) con una cicatrización completa de la esofagitis por reflujo y a 35 cm de las arcadas dentarias se aprecia un área irregular sobreelevada de unos 8 mm (0-Is) diferente al resto de la mucosa circundante. Se hacen biopsias de forma aleatoria de la lesión descrita, suponiendo que puede tratarse de un esófago de Barrett según el protocolo de Seattle. Los resultados de la lesión visible en el esófago confirman un esófago
de Barrett con metaplasia intestinal y presencia de focos de displasia de grado alto y las biopsias aleatorias confirmaban el esófago de Barrett sin displasia. Se planifica una estrategia de tratamiento y seguimiento.

Señale la respuesta falsa en referencia a los mecanismos fisiopatológicos de la enfermedad por reflujo gastroesofágico:",La hipotonía del esfínter esofágico inferior es un factor predisponente.,Las relajaciones transitorias del esfínter esofágico inferior pueden ser responsables de hasta el 60 % de los episodios de reflujo gastroesofágico (RGE).,Las alteraciones de la motilidad del cuerpo esofágico no influyen en el reflujo gastroesofágico.,El vaciamiento gástrico es otro factor que hay que tener en cuenta.,c,Las alteraciones de la motilidad del cuerpo esofágico no influyen en el reflujo gastroesofágico.,negated,12,AD_ILLES_BALEARS_2022__EXAM__exam__cuadernillo-de-examen-aparato-digestivo-fea.pdf,AD_ILLES_BALEARS_2022__ANSWER_KEY__answer-key__plantilla-correctora-supuesto-2.pdf,retained318,5eceae15bd81c58f863d274997e8a560c84dba9717d9b5d914e1daf55ebfdc99,0c6a3ed4f3926e5670488b168d4fc2983b4ee0d842bac56188617c18edf5035a
b27,illes-balears|2022|caso-2|28,Illes Balears,2022,aparato-digestivo,caso-2,27,"Varón de 63 años remitido a la unidad de endoscopia para hacerle una gastroscopia por un reflujo de larga evolución (superior a 10 años). El paciente es obeso, hipertenso y fumador. Refiere disfagia a sólidos desde hace un mes. Se hace una gastroscopia que detecta a 32 cm de las arcadas dentarias la presencia de una mucosa ectópica que se extiende hasta la unión esofagogástrica situada a 38 cm de las arcadas dentarias en donde se aprecian signos de esofagitis por reflujo grado C.
Se pauta un tratamiento médico y se hace una nueva gastroscopia a las ocho semanas. En ella se aprecia la mucosa ectópica descrita previamente sugestiva de esófago de Barrett (C5M6) con una cicatrización completa de la esofagitis por reflujo y a 35 cm de las arcadas dentarias se aprecia un área irregular sobreelevada de unos 8 mm (0-Is) diferente al resto de la mucosa circundante. Se hacen biopsias de forma aleatoria de la lesión descrita, suponiendo que puede tratarse de un esófago de Barrett según el protocolo de Seattle. Los resultados de la lesión visible en el esófago confirman un esófago
de Barrett con metaplasia intestinal y presencia de focos de displasia de grado alto y las biopsias aleatorias confirmaban el esófago de Barrett sin displasia. Se planifica una estrategia de tratamiento y seguimiento.

Señale la respuesta correcta en referencia a los diferentes fenotipos de presentación de la enfermedad por reflujo gastroesofágico:",La enfermedad por reflujo gastroesofágico no erosivo supone menos del 50 % de todos los casos de reflujo.,No hay diferencias en la gravedad de la pirosis entre los diferentes fenotipos de reflujo gastroesofágico.,El reflujo no erosivo se asocia a exposiciones normales de ácido en el esófago sin lesiones de la mucosa esofágica.,La enfermedad por reflujo gastroesofágico erosiva es más frecuente que la no erosiva y se clasifica según la clasificación de Los Ángeles.,b,No hay diferencias en la gravedad de la pirosis entre los diferentes fenotipos de reflujo gastroesofágico.,,12,AD_ILLES_BALEARS_2022__EXAM__exam__cuadernillo-de-examen-aparato-digestivo-fea.pdf,AD_ILLES_BALEARS_2022__ANSWER_KEY__answer-key__plantilla-correctora-supuesto-2.pdf,retained318,2f704ddce6331088b97be2d19c9dfb939dd6f20ecaa05ffd3b34b5f7b28b38c7,766549bc76836bd8e754e64ed86437379bf42130183ac81a255f42b66f5c8d87
r015,la-rioja|2024|main|98,La Rioja,2024,aparato-digestivo,main,98,"Respecto a la puntuación de Glasgow-Blatchford en la hemorragia digestiva alta, ¿Cuál de los siguientes parámetros forma parte de la puntuación?:",Edad.,Vaso visible,Nivel de urea en sangre.,Presión arterial media.,c,Nivel de urea en sangre.,,25,AD_LA_RIOJA_2023_2024__EXAM__exam__fea-aparato-digestivo-2025.pdf,AD_LA_RIOJA_2023_2024__CORRECTION__correction__plantilla-respuestas-modificada-fea-aparato-digestivo-2025.pdf,replacement22_2026-08-04,5e6b1c416fec0a72ab34bc77ac97929007fcd35467acef544f0f6a9be0313d26,5e6b1c416fec0a72ab34bc77ac97929007fcd35467acef544f0f6a9be0313d26
r016,galicia|2016|main|92,Galicia,2016,aparato-digestivo,main,92,"¿Como clasificaría según la Clasificación de Forrest a un paciente de 56 años con una úlcera duodenal de 3 cms que en el momento de realizarse la endoscopia presenta un vaso visible, pero que no está sangrando en ese instante?.",Ia.,Ib.,IIa,IIb.,c,IIa,,22,AD_GALICIA_OPE_2016__EXAM__gal-02__aparato-digestivo-cas-20171029192531-cas-pdf.pdf,AD_GALICIA_OPE_2016__CORRECTION__gal-03__aparello-dixestivo-20180201084525-cas-pdf.pdf,replacement22_2026-08-04,340877645268b213bd76a4f0c9c36622acd44ebed3c52395220f748c8ce69eed,340877645268b213bd76a4f0c9c36622acd44ebed3c52395220f748c8ce69eed
b28,illes-balears|2022|caso-2|29,Illes Balears,2022,aparato-digestivo,caso-2,28,"Varón de 63 años remitido a la unidad de endoscopia para hacerle una gastroscopia por un reflujo de larga evolución (superior a 10 años). El paciente es obeso, hipertenso y fumador. Refiere disfagia a sólidos desde hace un mes. Se hace una gastroscopia que detecta a 32 cm de las arcadas dentarias la presencia de una mucosa ectópica que se extiende hasta la unión esofagogástrica situada a 38 cm de las arcadas dentarias en donde se aprecian signos de esofagitis por reflujo grado C.
Se pauta un tratamiento médico y se hace una nueva gastroscopia a las ocho semanas. En ella se aprecia la mucosa ectópica descrita previamente sugestiva de esófago de Barrett (C5M6) con una cicatrización completa de la esofagitis por reflujo y a 35 cm de las arcadas dentarias se aprecia un área irregular sobreelevada de unos 8 mm (0-Is) diferente al resto de la mucosa circundante. Se hacen biopsias de forma aleatoria de la lesión descrita, suponiendo que puede tratarse de un esófago de Barrett según el protocolo de Seattle. Los resultados de la lesión visible en el esófago confirman un esófago
de Barrett con metaplasia intestinal y presencia de focos de displasia de grado alto y las biopsias aleatorias confirmaban el esófago de Barrett sin displasia. Se planifica una estrategia de tratamiento y seguimiento.

Señale la respuesta falsa respecto a la utilidad de la endoscopia digestiva en el diagnóstico de la enfermedad por reflujo gastroesofágico:",La sensibilidad en el diagnóstico de la enfermedad por reflujo gastroesofágico es escasa.,Existe una buena correlación entre la intensidad o la frecuencia de los síntomas de ERGE y la gravedad de las lesiones endoscópicas.,La biopsia esofágica añade poca información a la endoscopia en la valoración de la esofagitis.,"La endoscopia de seguimiento es generalmente innecesaria y solo está indicada en determinados casos (pacientes que no responden al tratamiento, control de esofagitis por reflujo grado C-D, seguimiento de esófago de Barrett, necesidad de biopsias para clarificar el diagnóstico).",b,Existe una buena correlación entre la intensidad o la frecuencia de los síntomas de ERGE y la gravedad de las lesiones endoscópicas.,negated,13,AD_ILLES_BALEARS_2022__EXAM__exam__cuadernillo-de-examen-aparato-digestivo-fea.pdf,AD_ILLES_BALEARS_2022__ANSWER_KEY__answer-key__plantilla-correctora-supuesto-2.pdf,retained318,f516a21d94c475ef442b2a0b512b68e3664b8ce4559c013d67467c13d661bae3,b876c402269b4e0d7613eb1a0d49f3377c48483aaf7fad4b2c3a4cd9f37e099a
r017,castilla-la-mancha|2017|main|31,Castilla-La Mancha,2017,aparato-digestivo,main,31,En la clasificación de Montreal para colitis ulcerosa (señale la verdadera),E0: colitis quiescente.,E1: colitis extensa.,E2: colitis izquierda.,E3: proctitis ulcerosa.,c,E2: colitis izquierda.,,6,AD_CASTILLA_LA_MANCHA_2017_2018__EXAM__exam__cuestionario-fea-aparato-digestivo.pdf,AD_CASTILLA_LA_MANCHA_2017_2018__CORRECTION__correction__plantilla-correctora-definitiva-fea-aparato-digestivo.pdf,replacement22_2026-08-04,daac89657522c023bb9e3e998ee38be2bc95c69f4a78c30d56db7cb3f8d15ea9,daac89657522c023bb9e3e998ee38be2bc95c69f4a78c30d56db7cb3f8d15ea9
b29,illes-balears|2022|caso-2|30,Illes Balears,2022,aparato-digestivo,caso-2,29,"Varón de 63 años remitido a la unidad de endoscopia para hacerle una gastroscopia por un reflujo de larga evolución (superior a 10 años). El paciente es obeso, hipertenso y fumador. Refiere disfagia a sólidos desde hace un mes. Se hace una gastroscopia que detecta a 32 cm de las arcadas dentarias la presencia de una mucosa ectópica que se extiende hasta la unión esofagogástrica situada a 38 cm de las arcadas dentarias en donde se aprecian signos de esofagitis por reflujo grado C.
Se pauta un tratamiento médico y se hace una nueva gastroscopia a las ocho semanas. En ella se aprecia la mucosa ectópica descrita previamente sugestiva de esófago de Barrett (C5M6) con una cicatrización completa de la esofagitis por reflujo y a 35 cm de las arcadas dentarias se aprecia un área irregular sobreelevada de unos 8 mm (0-Is) diferente al resto de la mucosa circundante. Se hacen biopsias de forma aleatoria de la lesión descrita, suponiendo que puede tratarse de un esófago de Barrett según el protocolo de Seattle. Los resultados de la lesión visible en el esófago confirman un esófago
de Barrett con metaplasia intestinal y presencia de focos de displasia de grado alto y las biopsias aleatorias confirmaban el esófago de Barrett sin displasia. Se planifica una estrategia de tratamiento y seguimiento.

Señale la respuesta correcta en referencia a las siguientes afirmaciones sobre la esofagitis por reflujo de grado C de la clasificación de Los Ángeles","Supone una o más lesiones de la mucosa, igual o menor de 5 mm de longitud, sin confluencia.","Supone una o más lesiones de la mucosa, con confluencia y afectación de más del 75 % de la circunferencia esofágica.","Supone una o más lesiones de la mucosa, con confluencia y afectación menor del 75 % de la circunferencia del esófago.","Supone una o más lesiones de la mucosa, superior a 5 mm de longitud, sin confluencia.",c,"Supone una o más lesiones de la mucosa, con confluencia y afectación menor del 75 % de la circunferencia del esófago.",,13,AD_ILLES_BALEARS_2022__EXAM__exam__cuadernillo-de-examen-aparato-digestivo-fea.pdf,AD_ILLES_BALEARS_2022__ANSWER_KEY__answer-key__plantilla-correctora-supuesto-2.pdf,retained318,70372455a58763598b00b870e0e398b0ab6ff48604b2b97bb488f9922411dd6d,a1928cb06e827ea189b73b35c59c13ec1d027fb608fb9b04df14d55340d88634
b30,illes-balears|2022|caso-2|31,Illes Balears,2022,aparato-digestivo,caso-2,30,"Varón de 63 años remitido a la unidad de endoscopia para hacerle una gastroscopia por un reflujo de larga evolución (superior a 10 años). El paciente es obeso, hipertenso y fumador. Refiere disfagia a sólidos desde hace un mes. Se hace una gastroscopia que detecta a 32 cm de las arcadas dentarias la presencia de una mucosa ectópica que se extiende hasta la unión esofagogástrica situada a 38 cm de las arcadas dentarias en donde se aprecian signos de esofagitis por reflujo grado C.
Se pauta un tratamiento médico y se hace una nueva gastroscopia a las ocho semanas. En ella se aprecia la mucosa ectópica descrita previamente sugestiva de esófago de Barrett (C5M6) con una cicatrización completa de la esofagitis por reflujo y a 35 cm de las arcadas dentarias se aprecia un área irregular sobreelevada de unos 8 mm (0-Is) diferente al resto de la mucosa circundante. Se hacen biopsias de forma aleatoria de la lesión descrita, suponiendo que puede tratarse de un esófago de Barrett según el protocolo de Seattle. Los resultados de la lesión visible en el esófago confirman un esófago
de Barrett con metaplasia intestinal y presencia de focos de displasia de grado alto y las biopsias aleatorias confirmaban el esófago de Barrett sin displasia. Se planifica una estrategia de tratamiento y seguimiento.

¿Qué técnica de estudio es de más utilidad para un diagnóstico correcto en un paciente con síntomas de reflujo gastroesofágico que no responde al tratamiento con inhibidores de la bomba de protones?",Manometría de alta resolución.,PH-metría ambulatoria 24 h de doble canal.,Impedancia intraluminal multicanal asociada a pH-metría.,Bilitec™.,c,Impedancia intraluminal multicanal asociada a pH-metría.,,13,AD_ILLES_BALEARS_2022__EXAM__exam__cuadernillo-de-examen-aparato-digestivo-fea.pdf,AD_ILLES_BALEARS_2022__ANSWER_KEY__answer-key__plantilla-correctora-supuesto-2.pdf,retained318,b1b12135b689720f90997ecc1896d87b22f84f0a20a06390257b83534b865818,5ffcba30145ce717082c0517dc71009f10516850f818824acf70482883d5e985
r018,la-rioja|2021|main|4,La Rioja,2021,aparato-digestivo,main,4,Los criterios Roma IV de la hinchazón/distensión abdominal funcional incluyen:,Distensión o hinchazón abdominal recurrente que sucede al menos una vez al mes y que sea el síntoma predominante.,"Que no se cumplan criterios diagnósticos de síndrome de intestino irritable, diarrea funcional, estreñimiento funcional o síndrome de distrés postprandial.","Cumplir lo anterior al menos los 6 últimos meses, con inicio de los síntomas 12 meses previo al diagnóstico.",Que no exista dolor ni molestia abdominal además de la distensión.,b,"Que no se cumplan criterios diagnósticos de síndrome de intestino irritable, diarrea funcional, estreñimiento funcional o síndrome de distrés postprandial.",,4,AD_LA_RIOJA_2020_2021__EXAM__exam__fea-aparato-digestivo-2021.pdf,AD_LA_RIOJA_2020_2021__CORRECTION__correction__plantilla-respuestas-modificada-fea-aparato-digestivo-2021.pdf,replacement22_2026-08-04,a60acd1a7953ddf3d21ea9cc60fcfd8852432abae84ccd79bcc81d27bed526ad,a60acd1a7953ddf3d21ea9cc60fcfd8852432abae84ccd79bcc81d27bed526ad
r019,castilla-la-mancha|2017|main|73,Castilla-La Mancha,2017,aparato-digestivo,main,73,Para la determinación de la Fibrosis Hepática con Test No Invasivos (pruebas no invasivas) señale la RESPUESTA CORRECTA,No se deben usar los test no invasivos para la valoración de la fibrosis hepática.,"El FIB-4 incluye el recuento de plaquetas sérico, el sexo, la AST y la ALT.","El FIB-4 incluye el recuento de plaquetas sérico, la edad, la AST y la ALT.","El FIB-4 incluye el recuento de plaquetas sérico, el sexo, la AST y la GGT.",c,"El FIB-4 incluye el recuento de plaquetas sérico, la edad, la AST y la ALT.",,13,AD_CASTILLA_LA_MANCHA_2017_2018__EXAM__exam__cuestionario-fea-aparato-digestivo.pdf,AD_CASTILLA_LA_MANCHA_2017_2018__CORRECTION__correction__plantilla-correctora-definitiva-fea-aparato-digestivo.pdf,replacement22_2026-08-04,b064a1644e22b83bd53dd50223451b6b7b20a9752e2cc3fb6756a441c4f61a32,b064a1644e22b83bd53dd50223451b6b7b20a9752e2cc3fb6756a441c4f61a32
b31,illes-balears|2022|caso-2|32,Illes Balears,2022,aparato-digestivo,caso-2,31,"Varón de 63 años remitido a la unidad de endoscopia para hacerle una gastroscopia por un reflujo de larga evolución (superior a 10 años). El paciente es obeso, hipertenso y fumador. Refiere disfagia a sólidos desde hace un mes. Se hace una gastroscopia que detecta a 32 cm de las arcadas dentarias la presencia de una mucosa ectópica que se extiende hasta la unión esofagogástrica situada a 38 cm de las arcadas dentarias en donde se aprecian signos de esofagitis por reflujo grado C.
Se pauta un tratamiento médico y se hace una nueva gastroscopia a las ocho semanas. En ella se aprecia la mucosa ectópica descrita previamente sugestiva de esófago de Barrett (C5M6) con una cicatrización completa de la esofagitis por reflujo y a 35 cm de las arcadas dentarias se aprecia un área irregular sobreelevada de unos 8 mm (0-Is) diferente al resto de la mucosa circundante. Se hacen biopsias de forma aleatoria de la lesión descrita, suponiendo que puede tratarse de un esófago de Barrett según el protocolo de Seattle. Los resultados de la lesión visible en el esófago confirman un esófago
de Barrett con metaplasia intestinal y presencia de focos de displasia de grado alto y las biopsias aleatorias confirmaban el esófago de Barrett sin displasia. Se planifica una estrategia de tratamiento y seguimiento.

Señale la respuesta falsa en referencia a la técnica de impedancia intraluminal multicanal (IMM) para el estudio del reflujo gastroesofágico:",Se basa en la medida de los cambios de la resistencia al paso de una corriente eléctrica entre dos electrodos que surgen como consecuencia de modificaciones funcionales o estructurales en el esófago.,"Permite detectar reflujo líquido, gas y combinado de gas y líquido.",No interfiere su interpretación si hay alteraciones de la motilidad o histológicas del esófago.,Es una técnica indicada en pacientes con síntomas laringofaríngeos o respiratorios de causa no clara.,c,No interfiere su interpretación si hay alteraciones de la motilidad o histológicas del esófago.,negated,14,AD_ILLES_BALEARS_2022__EXAM__exam__cuadernillo-de-examen-aparato-digestivo-fea.pdf,AD_ILLES_BALEARS_2022__ANSWER_KEY__answer-key__plantilla-correctora-supuesto-2.pdf,retained318,2208df2a87ef958f67da9b48780a031220fa24a1369d73ed951873062234a28d,9f0ac35229ad0111ecc03216aa3884a223d0c24c5217f8f9c5b18ced117762f8
b32,illes-balears|2022|caso-2|33,Illes Balears,2022,aparato-digestivo,caso-2,32,"Varón de 63 años remitido a la unidad de endoscopia para hacerle una gastroscopia por un reflujo de larga evolución (superior a 10 años). El paciente es obeso, hipertenso y fumador. Refiere disfagia a sólidos desde hace un mes. Se hace una gastroscopia que detecta a 32 cm de las arcadas dentarias la presencia de una mucosa ectópica que se extiende hasta la unión esofagogástrica situada a 38 cm de las arcadas dentarias en donde se aprecian signos de esofagitis por reflujo grado C.
Se pauta un tratamiento médico y se hace una nueva gastroscopia a las ocho semanas. En ella se aprecia la mucosa ectópica descrita previamente sugestiva de esófago de Barrett (C5M6) con una cicatrización completa de la esofagitis por reflujo y a 35 cm de las arcadas dentarias se aprecia un área irregular sobreelevada de unos 8 mm (0-Is) diferente al resto de la mucosa circundante. Se hacen biopsias de forma aleatoria de la lesión descrita, suponiendo que puede tratarse de un esófago de Barrett según el protocolo de Seattle. Los resultados de la lesión visible en el esófago confirman un esófago
de Barrett con metaplasia intestinal y presencia de focos de displasia de grado alto y las biopsias aleatorias confirmaban el esófago de Barrett sin displasia. Se planifica una estrategia de tratamiento y seguimiento.

Señale la respuesta falsa en referencia a los factores de riesgo para valorar un screening de esófago de Barrett según la mayoría de las guías clínicas:",Tabaquismo.,Historia familiar de cáncer de esófago.,Obesidad central.,Edad superior a 50 años sin diferencia de sexo y raza.,d,Edad superior a 50 años sin diferencia de sexo y raza.,negated,14,AD_ILLES_BALEARS_2022__EXAM__exam__cuadernillo-de-examen-aparato-digestivo-fea.pdf,AD_ILLES_BALEARS_2022__ANSWER_KEY__answer-key__plantilla-correctora-supuesto-2.pdf,retained318,2b1d1d786b7bd0e95d12923fc23d1f17e4dfcc1e8f0aaa335c992209d709df7e,9f706f3355c7b1acac965e09e0cf9a50fe893e79f3930a43e659fcd01c30974d
r020,navarra|2022|teorico-practica|65,Navarra,2022,aparato-digestivo,teorico-practica,65,"Respecto a la enfermedad de Wilson, señale la CORRECTA:",La D-penicilamina se tolera mejor que la trientina,Es autosómica dominante,Presentan mutación en el gen ATP7 localizado en el cromosoma 8,El Zinc bloquea la absorción intestinal de cobre,d,El Zinc bloquea la absorción intestinal de cobre,,14,AD_NAVARRA_2022__EXAM__040_exam_preguntas-test-examen-digestivo-definitivo-ope-2022-estabili.pdf,AD_NAVARRA_2022__ANSWER_KEY__041_answer-key_respuestas-digestivo-ope-2022-estabilizacion.pdf,replacement22_2026-08-04,23379f07f99746f4b2370bcfa291bf8513a40939c6bffc25fb9f7c0d6d375ce0,23379f07f99746f4b2370bcfa291bf8513a40939c6bffc25fb9f7c0d6d375ce0
r021,andalucia|2022|cuestionario-teorico|62,Andalucía,2022,aparato-digestivo,cuestionario-teorico,62,"¿Cuál de las siguientes es una contraindicación absoluta para la inserción de una prótesis autoexpandible de colon, en un paciente con cáncer colorrectal obstructivo?",Localización del margen distal a menos de 5 cm del margen anal.,Perforación de colon.,Situación del tumor en el colon proximal.,Metástasis peritoneales asociadas al tumor.,b,Perforación de colon.,,17,AD_ANDALUCIA_2022_EXTRAORDINARIA_LIBRE__EXAM__12__revisado-56007-fea-aparato-digestivo-final-pdf.pdf,AD_ANDALUCIA_2022_EXTRAORDINARIA_LIBRE__CORRECTION__14__def-feaapdigestivo-sas-2023-pdf.pdf,replacement22_2026-08-04,47dc3941d33d8661f153cd85e0ca7c2933a54539ba0f1cc0906c09093629807e,47dc3941d33d8661f153cd85e0ca7c2933a54539ba0f1cc0906c09093629807e
b33,illes-balears|2022|caso-2|34,Illes Balears,2022,aparato-digestivo,caso-2,33,"Varón de 63 años remitido a la unidad de endoscopia para hacerle una gastroscopia por un reflujo de larga evolución (superior a 10 años). El paciente es obeso, hipertenso y fumador. Refiere disfagia a sólidos desde hace un mes. Se hace una gastroscopia que detecta a 32 cm de las arcadas dentarias la presencia de una mucosa ectópica que se extiende hasta la unión esofagogástrica situada a 38 cm de las arcadas dentarias en donde se aprecian signos de esofagitis por reflujo grado C.
Se pauta un tratamiento médico y se hace una nueva gastroscopia a las ocho semanas. En ella se aprecia la mucosa ectópica descrita previamente sugestiva de esófago de Barrett (C5M6) con una cicatrización completa de la esofagitis por reflujo y a 35 cm de las arcadas dentarias se aprecia un área irregular sobreelevada de unos 8 mm (0-Is) diferente al resto de la mucosa circundante. Se hacen biopsias de forma aleatoria de la lesión descrita, suponiendo que puede tratarse de un esófago de Barrett según el protocolo de Seattle. Los resultados de la lesión visible en el esófago confirman un esófago
de Barrett con metaplasia intestinal y presencia de focos de displasia de grado alto y las biopsias aleatorias confirmaban el esófago de Barrett sin displasia. Se planifica una estrategia de tratamiento y seguimiento.

El diagnóstico de esófago de Barrett se basa en los hallazgos endoscópicos y en la confirmación histológica. Señale la respuesta falsa.",La mayoría de las sociedades científicas necesitan la presencia de metaplasia intestinal para el diagnóstico del esófago de Barrett.,Se recomienda usar endoscopios de alta definición con luz blanca para la vigilancia endoscópica del esófago de Barrett.,Siempre se aconseja biopsiar un esófago de Barrett en presencia de esofagitis por reflujo.,"No se recomienda el uso rutinario de cromoendoscopia, endoscopia de autofluoresencia o endomicroscopia láser focal para el diagnóstico del esófago de Barrett.",c,Siempre se aconseja biopsiar un esófago de Barrett en presencia de esofagitis por reflujo.,negated,14,AD_ILLES_BALEARS_2022__EXAM__exam__cuadernillo-de-examen-aparato-digestivo-fea.pdf,AD_ILLES_BALEARS_2022__ANSWER_KEY__answer-key__plantilla-correctora-supuesto-2.pdf,retained318,f407a27f4953ae648b0562456f1d60c8d7b918238eee184d235425babdac16d9,ca199595b6cfad9c5fee7818468e00b5f6157c0bafdda2f709a5a4159a4d69d6
r022,galicia|2019|main|42,Galicia,2019,aparato-digestivo,main,42,En una ecografía abdominal la presencia de una lesión hepática quística con vesículas hijas es muy sugestivo de:,Poliquistosis hepática.,Absceso hepático.,Quiste hidatídico.,Candidiasis hepática.,c,Quiste hidatídico.,,10,AD_GALICIA_OPE_2019__EXAM__gal-05__cas-especifico-digestivo-20210925132858-cas-pdf.pdf,AD_GALICIA_OPE_2019__CORRECTION__gal-07__fea-aparello-dixestivo-20211214124928-cas-pdf.pdf,replacement22_2026-08-04,dc34541b28cb632965da2626f800456cb361e501aca1d4c1d9c5cf74a48670dd,dc34541b28cb632965da2626f800456cb361e501aca1d4c1d9c5cf74a48670dd
b35,illes-balears|2022|caso-2|36,Illes Balears,2022,aparato-digestivo,caso-2,35,"Varón de 63 años remitido a la unidad de endoscopia para hacerle una gastroscopia por un reflujo de larga evolución (superior a 10 años). El paciente es obeso, hipertenso y fumador. Refiere disfagia a sólidos desde hace un mes. Se hace una gastroscopia que detecta a 32 cm de las arcadas dentarias la presencia de una mucosa ectópica que se extiende hasta la unión esofagogástrica situada a 38 cm de las arcadas dentarias en donde se aprecian signos de esofagitis por reflujo grado C.
Se pauta un tratamiento médico y se hace una nueva gastroscopia a las ocho semanas. En ella se aprecia la mucosa ectópica descrita previamente sugestiva de esófago de Barrett (C5M6) con una cicatrización completa de la esofagitis por reflujo y a 35 cm de las arcadas dentarias se aprecia un área irregular sobreelevada de unos 8 mm (0-Is) diferente al resto de la mucosa circundante. Se hacen biopsias de forma aleatoria de la lesión descrita, suponiendo que puede tratarse de un esófago de Barrett según el protocolo de Seattle. Los resultados de la lesión visible en el esófago confirman un esófago
de Barrett con metaplasia intestinal y presencia de focos de displasia de grado alto y las biopsias aleatorias confirmaban el esófago de Barrett sin displasia. Se planifica una estrategia de tratamiento y seguimiento.

Señale la respuesta falsa respecto a los puntos de referencia de la clasificación de Praga del esófago de Barrett:",El extremo proximal de la afectación longitudinal y circunferencial del epitelio de Barrett (CM).,La longitud del esófago.,El hiato diafragmático.,La unión esofagogástrica.,b,La longitud del esófago.,negated,15,AD_ILLES_BALEARS_2022__EXAM__exam__cuadernillo-de-examen-aparato-digestivo-fea.pdf,AD_ILLES_BALEARS_2022__ANSWER_KEY__answer-key__plantilla-correctora-supuesto-2.pdf,retained318,0caa5d5650481fc86ee6dda9d5b726d887acbbcc85cee9f0bc7661f8a62fc39d,1b6b9e6fc90c5dabe84c62a38674f8379e5a8e559d9afb7bb3583959fc5facc8
b36,illes-balears|2022|caso-2|37,Illes Balears,2022,aparato-digestivo,caso-2,36,"Varón de 63 años remitido a la unidad de endoscopia para hacerle una gastroscopia por un reflujo de larga evolución (superior a 10 años). El paciente es obeso, hipertenso y fumador. Refiere disfagia a sólidos desde hace un mes. Se hace una gastroscopia que detecta a 32 cm de las arcadas dentarias la presencia de una mucosa ectópica que se extiende hasta la unión esofagogástrica situada a 38 cm de las arcadas dentarias en donde se aprecian signos de esofagitis por reflujo grado C.
Se pauta un tratamiento médico y se hace una nueva gastroscopia a las ocho semanas. En ella se aprecia la mucosa ectópica descrita previamente sugestiva de esófago de Barrett (C5M6) con una cicatrización completa de la esofagitis por reflujo y a 35 cm de las arcadas dentarias se aprecia un área irregular sobreelevada de unos 8 mm (0-Is) diferente al resto de la mucosa circundante. Se hacen biopsias de forma aleatoria de la lesión descrita, suponiendo que puede tratarse de un esófago de Barrett según el protocolo de Seattle. Los resultados de la lesión visible en el esófago confirman un esófago
de Barrett con metaplasia intestinal y presencia de focos de displasia de grado alto y las biopsias aleatorias confirmaban el esófago de Barrett sin displasia. Se planifica una estrategia de tratamiento y seguimiento.

Señale la afirmación correcta en referencia a la toma de biopsias en el esófago de Barrett:",Se deben hacer biopsias de forma aleatoria de cualquier sitio.,Se deben hacer biopsias en botes separados de los cuatro cuadrantes cada 2 cm de esófago de Barrett o cada 1 cm si hay displasia severa previa.,Solo se deben biopsiar las áreas sospechosas.,Se deben hacer biopsias de los cuatro cuadrantes por cada centímetro de Barrett en botes separados.,b,Se deben hacer biopsias en botes separados de los cuatro cuadrantes cada 2 cm de esófago de Barrett o cada 1 cm si hay displasia severa previa.,,15,AD_ILLES_BALEARS_2022__EXAM__exam__cuadernillo-de-examen-aparato-digestivo-fea.pdf,AD_ILLES_BALEARS_2022__ANSWER_KEY__answer-key__plantilla-correctora-supuesto-2.pdf,retained318,ef05f0e397859da238119f60985df869ed0f4e4363164bf9f7e1f09939dd4258,13c27f52cea0bd5d1c08a48e89ac06696e466a3cd5cad2ad6a3981fe2ebfdebd
b37,illes-balears|2022|caso-2|38,Illes Balears,2022,aparato-digestivo,caso-2,37,"Varón de 63 años remitido a la unidad de endoscopia para hacerle una gastroscopia por un reflujo de larga evolución (superior a 10 años). El paciente es obeso, hipertenso y fumador. Refiere disfagia a sólidos desde hace un mes. Se hace una gastroscopia que detecta a 32 cm de las arcadas dentarias la presencia de una mucosa ectópica que se extiende hasta la unión esofagogástrica situada a 38 cm de las arcadas dentarias en donde se aprecian signos de esofagitis por reflujo grado C.
Se pauta un tratamiento médico y se hace una nueva gastroscopia a las ocho semanas. En ella se aprecia la mucosa ectópica descrita previamente sugestiva de esófago de Barrett (C5M6) con una cicatrización completa de la esofagitis por reflujo y a 35 cm de las arcadas dentarias se aprecia un área irregular sobreelevada de unos 8 mm (0-Is) diferente al resto de la mucosa circundante. Se hacen biopsias de forma aleatoria de la lesión descrita, suponiendo que puede tratarse de un esófago de Barrett según el protocolo de Seattle. Los resultados de la lesión visible en el esófago confirman un esófago
de Barrett con metaplasia intestinal y presencia de focos de displasia de grado alto y las biopsias aleatorias confirmaban el esófago de Barrett sin displasia. Se planifica una estrategia de tratamiento y seguimiento.

Señale la afirmación falsa en referencia al seguimiento del esófago de Barrett:",En general depende de la extensión del Barrett y de la presencia o no de displasia.,El esófago de Barrett sin displasia requiere un seguimiento de entre tres y cinco años según las diferentes sociedades científicas.,Ante el hallazgo de displasia indefinida se recomienda una revisión endoscópica en dos años.,La displasia de grado bajo detectada en el seguimiento endoscópico debe ser confirmada por un segundo patólogo o por un patólogo experto.,c,Ante el hallazgo de displasia indefinida se recomienda una revisión endoscópica en dos años.,negated,15,AD_ILLES_BALEARS_2022__EXAM__exam__cuadernillo-de-examen-aparato-digestivo-fea.pdf,AD_ILLES_BALEARS_2022__ANSWER_KEY__answer-key__plantilla-correctora-supuesto-2.pdf,retained318,c744333d943cbb4ab9f7783611f98fb9b56835149c24c918b9c43c2dc4f0039a,1587a7ba17356b7c7fdbcb531d791817d217fec54e6c2eeed1a9fb5c1bac7cc3
b38,illes-balears|2022|caso-2|39,Illes Balears,2022,aparato-digestivo,caso-2,38,"Varón de 63 años remitido a la unidad de endoscopia para hacerle una gastroscopia por un reflujo de larga evolución (superior a 10 años). El paciente es obeso, hipertenso y fumador. Refiere disfagia a sólidos desde hace un mes. Se hace una gastroscopia que detecta a 32 cm de las arcadas dentarias la presencia de una mucosa ectópica que se extiende hasta la unión esofagogástrica situada a 38 cm de las arcadas dentarias en donde se aprecian signos de esofagitis por reflujo grado C.
Se pauta un tratamiento médico y se hace una nueva gastroscopia a las ocho semanas. En ella se aprecia la mucosa ectópica descrita previamente sugestiva de esófago de Barrett (C5M6) con una cicatrización completa de la esofagitis por reflujo y a 35 cm de las arcadas dentarias se aprecia un área irregular sobreelevada de unos 8 mm (0-Is) diferente al resto de la mucosa circundante. Se hacen biopsias de forma aleatoria de la lesión descrita, suponiendo que puede tratarse de un esófago de Barrett según el protocolo de Seattle. Los resultados de la lesión visible en el esófago confirman un esófago
de Barrett con metaplasia intestinal y presencia de focos de displasia de grado alto y las biopsias aleatorias confirmaban el esófago de Barrett sin displasia. Se planifica una estrategia de tratamiento y seguimiento.

Señale la afirmación falsa respecto al tratamiento multidisciplinar del esófago de Barrett:",Los síntomas de reflujo entre los pacientes de Barrett deben tratarse de manera similar a los pacientes con ERGE.,La cirugía antirreflujo se considera una opción más eficaz que el tratamiento médico con IBP para los pacientes con esófago de Barrett.,La evolución de las modalidades de tratamiento endoscópico mínimamente invasivo ha cambiado el paradigma de tratamiento para la neoplasia relacionada con el esófago de Barrett (EB).,"Si se diagnostica cáncer en fase precoz o displasia de grado alto, la terapia endoscópica es el tratamiento de elección con mejor perfil de seguridad y con eficacia similar en comparación con la esofagectomía.",b,La cirugía antirreflujo se considera una opción más eficaz que el tratamiento médico con IBP para los pacientes con esófago de Barrett.,negated,16,AD_ILLES_BALEARS_2022__EXAM__exam__cuadernillo-de-examen-aparato-digestivo-fea.pdf,AD_ILLES_BALEARS_2022__ANSWER_KEY__answer-key__plantilla-correctora-supuesto-2.pdf,retained318,1379a97c3800c586c61b05d334c0398999c7df995dc13961fdc9176e6656dd6c,e681a2909ce9d2fb0503d387c6cebc601813cb2f5efe70ae6567704d7e3f03f6
b39,illes-balears|2022|caso-2|40,Illes Balears,2022,aparato-digestivo,caso-2,39,"Varón de 63 años remitido a la unidad de endoscopia para hacerle una gastroscopia por un reflujo de larga evolución (superior a 10 años). El paciente es obeso, hipertenso y fumador. Refiere disfagia a sólidos desde hace un mes. Se hace una gastroscopia que detecta a 32 cm de las arcadas dentarias la presencia de una mucosa ectópica que se extiende hasta la unión esofagogástrica situada a 38 cm de las arcadas dentarias en donde se aprecian signos de esofagitis por reflujo grado C.
Se pauta un tratamiento médico y se hace una nueva gastroscopia a las ocho semanas. En ella se aprecia la mucosa ectópica descrita previamente sugestiva de esófago de Barrett (C5M6) con una cicatrización completa de la esofagitis por reflujo y a 35 cm de las arcadas dentarias se aprecia un área irregular sobreelevada de unos 8 mm (0-Is) diferente al resto de la mucosa circundante. Se hacen biopsias de forma aleatoria de la lesión descrita, suponiendo que puede tratarse de un esófago de Barrett según el protocolo de Seattle. Los resultados de la lesión visible en el esófago confirman un esófago
de Barrett con metaplasia intestinal y presencia de focos de displasia de grado alto y las biopsias aleatorias confirmaban el esófago de Barrett sin displasia. Se planifica una estrategia de tratamiento y seguimiento.

Señale la afirmación falsa en referencia al tratamiento endoscópico del esófago de Barrett:",La terapia endoscópica se basa en un concepto de dos pasos: las lesiones visibles se extirpan endoscópicamente y el EB plano restante se ablaciona para prevenir la neoplasia metacrónica.,La ablación por radiofrecuencia es coste-efectiva en todos los casos de esófago de Barrett de longitud larga (superior a 5 cm).,Los pacientes con esófago de Barrett con displasia confirmada sin lesiones visibles pueden someterse a una ablación por radiofrecuencia.,La repetición de la endoscopia antes de planificar un tratamiento en un centro experto con endoscopistas y patólogos experimentados proporciona un diagnóstico final más fiable.,b,La ablación por radiofrecuencia es coste-efectiva en todos los casos de esófago de Barrett de longitud larga (superior a 5 cm).,negated,16,AD_ILLES_BALEARS_2022__EXAM__exam__cuadernillo-de-examen-aparato-digestivo-fea.pdf,AD_ILLES_BALEARS_2022__ANSWER_KEY__answer-key__plantilla-correctora-supuesto-2.pdf,retained318,84f7652f68600af19aa7f80427b3ada734c84cfe1e7fe02751d88c820f525759,34f9430f821c1a09a64d96d8cdb550c9fd7830c69ade4a196da4a8e656e9a713
b42,illes-balears|2022|caso-2|43,Illes Balears,2022,aparato-digestivo,caso-2,42,"Varón de 63 años remitido a la unidad de endoscopia para hacerle una gastroscopia por un reflujo de larga evolución (superior a 10 años). El paciente es obeso, hipertenso y fumador. Refiere disfagia a sólidos desde hace un mes. Se hace una gastroscopia que detecta a 32 cm de las arcadas dentarias la presencia de una mucosa ectópica que se extiende hasta la unión esofagogástrica situada a 38 cm de las arcadas dentarias en donde se aprecian signos de esofagitis por reflujo grado C.
Se pauta un tratamiento médico y se hace una nueva gastroscopia a las ocho semanas. En ella se aprecia la mucosa ectópica descrita previamente sugestiva de esófago de Barrett (C5M6) con una cicatrización completa de la esofagitis por reflujo y a 35 cm de las arcadas dentarias se aprecia un área irregular sobreelevada de unos 8 mm (0-Is) diferente al resto de la mucosa circundante. Se hacen biopsias de forma aleatoria de la lesión descrita, suponiendo que puede tratarse de un esófago de Barrett según el protocolo de Seattle. Los resultados de la lesión visible en el esófago confirman un esófago
de Barrett con metaplasia intestinal y presencia de focos de displasia de grado alto y las biopsias aleatorias confirmaban el esófago de Barrett sin displasia. Se planifica una estrategia de tratamiento y seguimiento.

Los resultados de la resección endoscópica de este caso clínico confirman un adenocarcinoma con invasión submucosa (T1b < 500 micras SM1) bien diferenciado con bordes laterales y en profundidad libres, sin invasión linfática ni vascular. Señale la opción correcta:",El riesgo de diseminación linfática si hay invasión submucosa es superior a un 40 % por lo que se debe proponer una esofaguectomía.,Los factores pronósticos del tumor son favorables por lo que se debe discutir en un equipo multidisciplinar para decidir la actitud terapéutica.,Se debe plantear directamente hacer radioterapia por el riesgo de invasión linfática.,La quimioterapia adyuvante está indicada tras la resección endoscópica.,b,Los factores pronósticos del tumor son favorables por lo que se debe discutir en un equipo multidisciplinar para decidir la actitud terapéutica.,,17,AD_ILLES_BALEARS_2022__EXAM__exam__cuadernillo-de-examen-aparato-digestivo-fea.pdf,AD_ILLES_BALEARS_2022__ANSWER_KEY__answer-key__plantilla-correctora-supuesto-2.pdf,retained318,3fb875d9271653ff2516e1e9e296ded2f791df2b262f9e3db6be63683d750d19,490f54934c01d7edbee4ff90910723830bc1e3fffceaf64d3891db65adb2ed15
b43,illes-balears|2022|caso-2|44,Illes Balears,2022,aparato-digestivo,caso-2,43,"Varón de 63 años remitido a la unidad de endoscopia para hacerle una gastroscopia por un reflujo de larga evolución (superior a 10 años). El paciente es obeso, hipertenso y fumador. Refiere disfagia a sólidos desde hace un mes. Se hace una gastroscopia que detecta a 32 cm de las arcadas dentarias la presencia de una mucosa ectópica que se extiende hasta la unión esofagogástrica situada a 38 cm de las arcadas dentarias en donde se aprecian signos de esofagitis por reflujo grado C.
Se pauta un tratamiento médico y se hace una nueva gastroscopia a las ocho semanas. En ella se aprecia la mucosa ectópica descrita previamente sugestiva de esófago de Barrett (C5M6) con una cicatrización completa de la esofagitis por reflujo y a 35 cm de las arcadas dentarias se aprecia un área irregular sobreelevada de unos 8 mm (0-Is) diferente al resto de la mucosa circundante. Se hacen biopsias de forma aleatoria de la lesión descrita, suponiendo que puede tratarse de un esófago de Barrett según el protocolo de Seattle. Los resultados de la lesión visible en el esófago confirman un esófago
de Barrett con metaplasia intestinal y presencia de focos de displasia de grado alto y las biopsias aleatorias confirmaban el esófago de Barrett sin displasia. Se planifica una estrategia de tratamiento y seguimiento.

Señale la respuesta falsa en referencia a la ablación por radiofrecuencia (RFA) del esófago de Barrett:",Las sociedades científicas recomiendan la RFA como terapia de primera línea para la ablación de EB displásico o EB después de la resección de lesiones visibles.,La ablación por radiofrecuencia erradica eficazmente el esófago de Barrett displásico (BE) y reduce el riesgo metacrónico del adenocarcinoma esofágico (EAC).,La tasa de complicaciones es aceptablemente baja (del 6 al 14 % de estenosis).,Una vez hecha la ablación por RFA no necesita ningún seguimiento endoscópico por la recurrencia baja de displasia.,d,Una vez hecha la ablación por RFA no necesita ningún seguimiento endoscópico por la recurrencia baja de displasia.,negated,17,AD_ILLES_BALEARS_2022__EXAM__exam__cuadernillo-de-examen-aparato-digestivo-fea.pdf,AD_ILLES_BALEARS_2022__ANSWER_KEY__answer-key__plantilla-correctora-supuesto-2.pdf,retained318,4394008641f6999e8820461e3d5acf28d56324b4270b910139ab13b14c6fc8d2,c1a5a0025c00b70bcd9ce8c087a60ddf413bac9b7c5d56a2e45fd443934b9a26
b44,illes-balears|2022|caso-2|45,Illes Balears,2022,aparato-digestivo,caso-2,44,"Varón de 63 años remitido a la unidad de endoscopia para hacerle una gastroscopia por un reflujo de larga evolución (superior a 10 años). El paciente es obeso, hipertenso y fumador. Refiere disfagia a sólidos desde hace un mes. Se hace una gastroscopia que detecta a 32 cm de las arcadas dentarias la presencia de una mucosa ectópica que se extiende hasta la unión esofagogástrica situada a 38 cm de las arcadas dentarias en donde se aprecian signos de esofagitis por reflujo grado C.
Se pauta un tratamiento médico y se hace una nueva gastroscopia a las ocho semanas. En ella se aprecia la mucosa ectópica descrita previamente sugestiva de esófago de Barrett (C5M6) con una cicatrización completa de la esofagitis por reflujo y a 35 cm de las arcadas dentarias se aprecia un área irregular sobreelevada de unos 8 mm (0-Is) diferente al resto de la mucosa circundante. Se hacen biopsias de forma aleatoria de la lesión descrita, suponiendo que puede tratarse de un esófago de Barrett según el protocolo de Seattle. Los resultados de la lesión visible en el esófago confirman un esófago
de Barrett con metaplasia intestinal y presencia de focos de displasia de grado alto y las biopsias aleatorias confirmaban el esófago de Barrett sin displasia. Se planifica una estrategia de tratamiento y seguimiento.

La recurrencia del esófago de Barrett tras el tratamiento endoscópico ablativo se relaciona con diferentes factores. Señale la respuesta falsa:",Presencia de hernia de hiato.,Hábito tabáquico.,Displasia de riesgo alto en la presentación inicial.,Raza caucásica.,d,Raza caucásica.,negated,18,AD_ILLES_BALEARS_2022__EXAM__exam__cuadernillo-de-examen-aparato-digestivo-fea.pdf,AD_ILLES_BALEARS_2022__ANSWER_KEY__answer-key__plantilla-correctora-supuesto-2.pdf,retained318,ceb122a03a2f86299c620a1ea5bba19e93785cd7397b4067a9a2f37e3e7ad409,08ff543c4b85d5182817d9c54056f7d4cba7c78b930139dea76f532f2ce9ee9f
b45,illes-balears|2022|caso-2|47,Illes Balears,2022,aparato-digestivo,caso-2,45,"Varón de 63 años remitido a la unidad de endoscopia para hacerle una gastroscopia por un reflujo de larga evolución (superior a 10 años). El paciente es obeso, hipertenso y fumador. Refiere disfagia a sólidos desde hace un mes. Se hace una gastroscopia que detecta a 32 cm de las arcadas dentarias la presencia de una mucosa ectópica que se extiende hasta la unión esofagogástrica situada a 38 cm de las arcadas dentarias en donde se aprecian signos de esofagitis por reflujo grado C.
Se pauta un tratamiento médico y se hace una nueva gastroscopia a las ocho semanas. En ella se aprecia la mucosa ectópica descrita previamente sugestiva de esófago de Barrett (C5M6) con una cicatrización completa de la esofagitis por reflujo y a 35 cm de las arcadas dentarias se aprecia un área irregular sobreelevada de unos 8 mm (0-Is) diferente al resto de la mucosa circundante. Se hacen biopsias de forma aleatoria de la lesión descrita, suponiendo que puede tratarse de un esófago de Barrett según el protocolo de Seattle. Los resultados de la lesión visible en el esófago confirman un esófago
de Barrett con metaplasia intestinal y presencia de focos de displasia de grado alto y las biopsias aleatorias confirmaban el esófago de Barrett sin displasia. Se planifica una estrategia de tratamiento y seguimiento.

Señale la respuesta falsa en referencia al riesgo de desarrollar un adenocarcinoma de esófago sobre un esófago de Barrett:",El riesgo de desarrollar un adenocarcinoma de esófago si hay displasia de grado alto es de un 7 % /año.,"El riesgo de desarrollar un adenocarcinoma de esófago si no hay displasia es de un 0,2-0,5 % /año.",Los pacientes que desarrollan un adenocarcinoma de esófago sobre un esófago de Barrett conocido tienen mejor pronóstico que los que lo desarrollan sin el diagnóstico previo de Barrett.,La incidencia de adenocarcinoma de esófago está disminuyendo gracias a los avances diagnósticos.,d,La incidencia de adenocarcinoma de esófago está disminuyendo gracias a los avances diagnósticos.,negated,18,AD_ILLES_BALEARS_2022__EXAM__exam__cuadernillo-de-examen-aparato-digestivo-fea.pdf,AD_ILLES_BALEARS_2022__ANSWER_KEY__answer-key__plantilla-correctora-supuesto-2.pdf,retained318,8a7ecb774cb384b6763b6aea90e8940215c7287553140595fab08fc093797b5d,af956fe119c52d27561650549c73fe1b099f8700812b3b06ee3cfd8d8d33a5cd
b46,illes-balears|2022|caso-2|48,Illes Balears,2022,aparato-digestivo,caso-2,46,"Varón de 63 años remitido a la unidad de endoscopia para hacerle una gastroscopia por un reflujo de larga evolución (superior a 10 años). El paciente es obeso, hipertenso y fumador. Refiere disfagia a sólidos desde hace un mes. Se hace una gastroscopia que detecta a 32 cm de las arcadas dentarias la presencia de una mucosa ectópica que se extiende hasta la unión esofagogástrica situada a 38 cm de las arcadas dentarias en donde se aprecian signos de esofagitis por reflujo grado C.
Se pauta un tratamiento médico y se hace una nueva gastroscopia a las ocho semanas. En ella se aprecia la mucosa ectópica descrita previamente sugestiva de esófago de Barrett (C5M6) con una cicatrización completa de la esofagitis por reflujo y a 35 cm de las arcadas dentarias se aprecia un área irregular sobreelevada de unos 8 mm (0-Is) diferente al resto de la mucosa circundante. Se hacen biopsias de forma aleatoria de la lesión descrita, suponiendo que puede tratarse de un esófago de Barrett según el protocolo de Seattle. Los resultados de la lesión visible en el esófago confirman un esófago
de Barrett con metaplasia intestinal y presencia de focos de displasia de grado alto y las biopsias aleatorias confirmaban el esófago de Barrett sin displasia. Se planifica una estrategia de tratamiento y seguimiento.

¿Cuál de las siguientes técnicas ablativas del EB después de la radiofrecuencia se considera de segunda línea en las últimas guías clínicas?",Argón plasma coagulation.,Crioterapia.,Terapia fotodinámica.,Termoterapia por microondas.,b,Crioterapia.,,18,AD_ILLES_BALEARS_2022__EXAM__exam__cuadernillo-de-examen-aparato-digestivo-fea.pdf,AD_ILLES_BALEARS_2022__ANSWER_KEY__answer-key__plantilla-correctora-supuesto-2.pdf,retained318,68d42634f1b8061a1efa0a9004d3a0eb189ec2b0bd985c098930530f9ea929f9,5a0e85ac512356c081132dba75e53d2776a10422c54e89dc32e54184642ed697
b47,illes-balears|2022|caso-3|49,Illes Balears,2022,aparato-digestivo,caso-3,47,"Paciente varón de 62 años con antecedentes de enolismo superior a 60 g/día de veinte años de evolución y fumador de 25 paquetes/año desde los 17 años.

Antecedente de dos ingresos por pancreatitis agudas leves en los últimos tres años. En los últimos tres meses presenta un cuadro de diarrea en forma de cuatro deposiciones al día, dolor abdominal continuo y diario, localizado en el epigastrio que no mejora con paracetamol. Además, refiere que ha perdido cuatro quilos. Se le hace una gastroscopia que es normal. Una TC abdominal revela la presencia de múltiples calcificaciones parenquimatosas en
la cabeza del páncreas, dilatación del conducto pancreático principal, una lesión quística de 10 mm en el cuerpo pancreático y atrofia de la cola de páncreas. Los coprocultivos, los parásitos en heces y la toxina de Clostridium difficile en heces son negativos, la serología de celiaquía negativa y las hormonas tiroideas son normales.

Elementos relevantes de la analítica. Glucosa: 124 mg/dl, GGT: 101 U/L, AST: 55 U/L, ALT: 65 U/L, VCM: 102 fl, BI total: 1,4 mg/dl, triglicéridos: 180 mg/dl, amilasa: 125 U/L, lipasa: 25 U/L.
El resto del hemograma y de la bioquímica está dentro de valores normales.

¿Cuál es el diagnóstico más probable?",Pancreatitis aguda de etiología enólica.,Hepatitis alcohólica aguda.,Pancreatitis crónica calcificante.,Fibrosis quística.,c,Pancreatitis crónica calcificante.,,19,AD_ILLES_BALEARS_2022__EXAM__exam__cuadernillo-de-examen-aparato-digestivo-fea.pdf,AD_ILLES_BALEARS_2022__ANSWER_KEY__answer-key__plantilla-correctora-del-examen.pdf,retained318,0564c37e64d2d0af7f9fc1ac1ac5950cb6643ece12b69936e5f1a9567ced1063,3bd0ff27a39d1ba79621e7f7ba995c8d42f25812e9da1b07e44a2a0cac100668
b48,illes-balears|2022|caso-3|50,Illes Balears,2022,aparato-digestivo,caso-3,48,"Paciente varón de 62 años con antecedentes de enolismo superior a 60 g/día de veinte años de evolución y fumador de 25 paquetes/año desde los 17 años.

Antecedente de dos ingresos por pancreatitis agudas leves en los últimos tres años. En los últimos tres meses presenta un cuadro de diarrea en forma de cuatro deposiciones al día, dolor abdominal continuo y diario, localizado en el epigastrio que no mejora con paracetamol. Además, refiere que ha perdido cuatro quilos. Se le hace una gastroscopia que es normal. Una TC abdominal revela la presencia de múltiples calcificaciones parenquimatosas en
la cabeza del páncreas, dilatación del conducto pancreático principal, una lesión quística de 10 mm en el cuerpo pancreático y atrofia de la cola de páncreas. Los coprocultivos, los parásitos en heces y la toxina de Clostridium difficile en heces son negativos, la serología de celiaquía negativa y las hormonas tiroideas son normales.

Elementos relevantes de la analítica. Glucosa: 124 mg/dl, GGT: 101 U/L, AST: 55 U/L, ALT: 65 U/L, VCM: 102 fl, BI total: 1,4 mg/dl, triglicéridos: 180 mg/dl, amilasa: 125 U/L, lipasa: 25 U/L.
El resto del hemograma y de la bioquímica está dentro de valores normales.

Señale la respuesta correcta respecto a la confirmación del diagnóstico:",Es imprescindible disponer de un análisis histológico.,"La historia clínica, los datos analíticos y las pruebas de imagen son suficientes para establecer el diagnóstico.",Es imprescindible hacer una colangiopancreatografía retrógrada endoscópica (CPRE).,Si no presenta nuevos episodios de pancreatitis aguda hay que dudar del diagnóstico inicial.,b,"La historia clínica, los datos analíticos y las pruebas de imagen son suficientes para establecer el diagnóstico.",,19,AD_ILLES_BALEARS_2022__EXAM__exam__cuadernillo-de-examen-aparato-digestivo-fea.pdf,AD_ILLES_BALEARS_2022__ANSWER_KEY__answer-key__plantilla-correctora-del-examen.pdf,retained318,e30ebc36d6be519e7a628d17e4f73e23f364a9207459616767a460e711be3193,dd20ca4263ffe6614389c90f522d9f5b70fc64e72a93bb77688d7e79268d6847
b49,illes-balears|2022|caso-3|51,Illes Balears,2022,aparato-digestivo,caso-3,49,"Paciente varón de 62 años con antecedentes de enolismo superior a 60 g/día de veinte años de evolución y fumador de 25 paquetes/año desde los 17 años.

Antecedente de dos ingresos por pancreatitis agudas leves en los últimos tres años. En los últimos tres meses presenta un cuadro de diarrea en forma de cuatro deposiciones al día, dolor abdominal continuo y diario, localizado en el epigastrio que no mejora con paracetamol. Además, refiere que ha perdido cuatro quilos. Se le hace una gastroscopia que es normal. Una TC abdominal revela la presencia de múltiples calcificaciones parenquimatosas en
la cabeza del páncreas, dilatación del conducto pancreático principal, una lesión quística de 10 mm en el cuerpo pancreático y atrofia de la cola de páncreas. Los coprocultivos, los parásitos en heces y la toxina de Clostridium difficile en heces son negativos, la serología de celiaquía negativa y las hormonas tiroideas son normales.

Elementos relevantes de la analítica. Glucosa: 124 mg/dl, GGT: 101 U/L, AST: 55 U/L, ALT: 65 U/L, VCM: 102 fl, BI total: 1,4 mg/dl, triglicéridos: 180 mg/dl, amilasa: 125 U/L, lipasa: 25 U/L.
El resto del hemograma y de la bioquímica está dentro de valores normales.

¿Cuál es la mejor técnica no invasiva para el estudio de los signos ductales pancreáticos?",CPRE.,Colangiopancreatografía por resonancia magnética.,Ecografía abdominal.,TC abdominal.,b,Colangiopancreatografía por resonancia magnética.,,20,AD_ILLES_BALEARS_2022__EXAM__exam__cuadernillo-de-examen-aparato-digestivo-fea.pdf,AD_ILLES_BALEARS_2022__ANSWER_KEY__answer-key__plantilla-correctora-del-examen.pdf,retained318,694159468cc7fbe37b6acc478ce645f817a4832fa82977e6013086f98ae9c11a,0e65b10c600729e2c8e15f230701f3711fbd31614e941a85aad2ee7fffa21972
b50,illes-balears|2022|caso-3|52,Illes Balears,2022,aparato-digestivo,caso-3,50,"Paciente varón de 62 años con antecedentes de enolismo superior a 60 g/día de veinte años de evolución y fumador de 25 paquetes/año desde los 17 años.

Antecedente de dos ingresos por pancreatitis agudas leves en los últimos tres años. En los últimos tres meses presenta un cuadro de diarrea en forma de cuatro deposiciones al día, dolor abdominal continuo y diario, localizado en el epigastrio que no mejora con paracetamol. Además, refiere que ha perdido cuatro quilos. Se le hace una gastroscopia que es normal. Una TC abdominal revela la presencia de múltiples calcificaciones parenquimatosas en
la cabeza del páncreas, dilatación del conducto pancreático principal, una lesión quística de 10 mm en el cuerpo pancreático y atrofia de la cola de páncreas. Los coprocultivos, los parásitos en heces y la toxina de Clostridium difficile en heces son negativos, la serología de celiaquía negativa y las hormonas tiroideas son normales.

Elementos relevantes de la analítica. Glucosa: 124 mg/dl, GGT: 101 U/L, AST: 55 U/L, ALT: 65 U/L, VCM: 102 fl, BI total: 1,4 mg/dl, triglicéridos: 180 mg/dl, amilasa: 125 U/L, lipasa: 25 U/L.
El resto del hemograma y de la bioquímica está dentro de valores normales.

¿Cuál de estas es una clasificación etiológica de la pancreatitis crónica?",Balthazar.,Rosemont.,Atlanta.,TIGAR-O.,d,TIGAR-O.,,20,AD_ILLES_BALEARS_2022__EXAM__exam__cuadernillo-de-examen-aparato-digestivo-fea.pdf,AD_ILLES_BALEARS_2022__ANSWER_KEY__answer-key__plantilla-correctora-del-examen.pdf,retained318,62ac92045ad2337a38c26229171c41e1171f8286a956ebb6d4f91685c2e32d53,247da9525ce4fae39d68177abd0c20ca4a57f669c3b2ef8f7eb84be41f8464d7
b51,illes-balears|2022|caso-3|53,Illes Balears,2022,aparato-digestivo,caso-3,51,"Paciente varón de 62 años con antecedentes de enolismo superior a 60 g/día de veinte años de evolución y fumador de 25 paquetes/año desde los 17 años.

Antecedente de dos ingresos por pancreatitis agudas leves en los últimos tres años. En los últimos tres meses presenta un cuadro de diarrea en forma de cuatro deposiciones al día, dolor abdominal continuo y diario, localizado en el epigastrio que no mejora con paracetamol. Además, refiere que ha perdido cuatro quilos. Se le hace una gastroscopia que es normal. Una TC abdominal revela la presencia de múltiples calcificaciones parenquimatosas en
la cabeza del páncreas, dilatación del conducto pancreático principal, una lesión quística de 10 mm en el cuerpo pancreático y atrofia de la cola de páncreas. Los coprocultivos, los parásitos en heces y la toxina de Clostridium difficile en heces son negativos, la serología de celiaquía negativa y las hormonas tiroideas son normales.

Elementos relevantes de la analítica. Glucosa: 124 mg/dl, GGT: 101 U/L, AST: 55 U/L, ALT: 65 U/L, VCM: 102 fl, BI total: 1,4 mg/dl, triglicéridos: 180 mg/dl, amilasa: 125 U/L, lipasa: 25 U/L.
El resto del hemograma y de la bioquímica está dentro de valores normales.

¿Qué debe solicitarse en primer lugar para el diagnóstico de insuficiencia pancreática exocrina?",Calprotectina fecal.,Elastasa fecal pancreática.,Test de sobrecrecimiento bacteriano.,Test de intolerancia a la lactosa.,b,Elastasa fecal pancreática.,,20,AD_ILLES_BALEARS_2022__EXAM__exam__cuadernillo-de-examen-aparato-digestivo-fea.pdf,AD_ILLES_BALEARS_2022__ANSWER_KEY__answer-key__plantilla-correctora-del-examen.pdf,retained318,e9495489f2d56fb87df000349e979007491c72b82a946f4bb2b1b44a3a21d44b,5406ccc4f3a6472c42fada231eacc30eb1ebea63166a6123a9d46a60582174bc
b52,illes-balears|2022|caso-3|54,Illes Balears,2022,aparato-digestivo,caso-3,52,"Paciente varón de 62 años con antecedentes de enolismo superior a 60 g/día de veinte años de evolución y fumador de 25 paquetes/año desde los 17 años.

Antecedente de dos ingresos por pancreatitis agudas leves en los últimos tres años. En los últimos tres meses presenta un cuadro de diarrea en forma de cuatro deposiciones al día, dolor abdominal continuo y diario, localizado en el epigastrio que no mejora con paracetamol. Además, refiere que ha perdido cuatro quilos. Se le hace una gastroscopia que es normal. Una TC abdominal revela la presencia de múltiples calcificaciones parenquimatosas en
la cabeza del páncreas, dilatación del conducto pancreático principal, una lesión quística de 10 mm en el cuerpo pancreático y atrofia de la cola de páncreas. Los coprocultivos, los parásitos en heces y la toxina de Clostridium difficile en heces son negativos, la serología de celiaquía negativa y las hormonas tiroideas son normales.

Elementos relevantes de la analítica. Glucosa: 124 mg/dl, GGT: 101 U/L, AST: 55 U/L, ALT: 65 U/L, VCM: 102 fl, BI total: 1,4 mg/dl, triglicéridos: 180 mg/dl, amilasa: 125 U/L, lipasa: 25 U/L.
El resto del hemograma y de la bioquímica está dentro de valores normales.

¿Cuáles son las determinaciones que evalúan mejor el estado nutricional de este paciente?",El peso actual es suficiente para evaluar su estado nutricional.,"Peso, índice de masa corporal y determinación de vitaminas liposolubles y otros micronutrientes (magnesio, zinc y vitamina B12).","Glucosa, calcio y hematocrito.","Proteinograma, función renal e iones.",b,"Peso, índice de masa corporal y determinación de vitaminas liposolubles y otros micronutrientes (magnesio, zinc y vitamina B12).",,20,AD_ILLES_BALEARS_2022__EXAM__exam__cuadernillo-de-examen-aparato-digestivo-fea.pdf,AD_ILLES_BALEARS_2022__ANSWER_KEY__answer-key__plantilla-correctora-del-examen.pdf,retained318,4f2fc51c6699395b12144329c00e7c43e7fe4fc305030e9d3b2340a033f364be,f9f5e047df7caeed11cbd3d574859f3964ddd061802a4df078854748da7ffa68
b54,illes-balears|2022|caso-3|56,Illes Balears,2022,aparato-digestivo,caso-3,54,"Paciente varón de 62 años con antecedentes de enolismo superior a 60 g/día de veinte años de evolución y fumador de 25 paquetes/año desde los 17 años.

Antecedente de dos ingresos por pancreatitis agudas leves en los últimos tres años. En los últimos tres meses presenta un cuadro de diarrea en forma de cuatro deposiciones al día, dolor abdominal continuo y diario, localizado en el epigastrio que no mejora con paracetamol. Además, refiere que ha perdido cuatro quilos. Se le hace una gastroscopia que es normal. Una TC abdominal revela la presencia de múltiples calcificaciones parenquimatosas en
la cabeza del páncreas, dilatación del conducto pancreático principal, una lesión quística de 10 mm en el cuerpo pancreático y atrofia de la cola de páncreas. Los coprocultivos, los parásitos en heces y la toxina de Clostridium difficile en heces son negativos, la serología de celiaquía negativa y las hormonas tiroideas son normales.

Elementos relevantes de la analítica. Glucosa: 124 mg/dl, GGT: 101 U/L, AST: 55 U/L, ALT: 65 U/L, VCM: 102 fl, BI total: 1,4 mg/dl, triglicéridos: 180 mg/dl, amilasa: 125 U/L, lipasa: 25 U/L.
El resto del hemograma y de la bioquímica está dentro de valores normales.

Las pruebas para determinar la insuficiencia pancreática exocrina demuestran una insuficiencia pancreática exocrina (IPE) grave.

¿Qué actitud se debe seguir en relación con el tratamiento enzimático sustitutivo (TES)?",Debe iniciarse un tratamiento enzimático sustitutivo solo si tiene dolor abdominal.,Debe iniciarse un tratamiento enzimático sustitutivo cuando presente otro episodio de pancreatitis aguda.,Debe iniciarse inmediatamente un tratamiento enzimático sustitutivo.,No debe iniciarse un tratamiento enzimático sustitutivo porque el paciente no tiene antecedentes de cirugía pancreática.,c,Debe iniciarse inmediatamente un tratamiento enzimático sustitutivo.,,21,AD_ILLES_BALEARS_2022__EXAM__exam__cuadernillo-de-examen-aparato-digestivo-fea.pdf,AD_ILLES_BALEARS_2022__ANSWER_KEY__answer-key__plantilla-correctora-del-examen.pdf,retained318,6dc2b301527b9f55f8ceeb42df7a8397d45ad495ba5516c211cc702210bcc2e6,740a831ec6b20a896af768e59234ac2dd2934d8aacdb1bf5467ef1fb115389cb
b55,illes-balears|2022|caso-3|57,Illes Balears,2022,aparato-digestivo,caso-3,55,"Paciente varón de 62 años con antecedentes de enolismo superior a 60 g/día de veinte años de evolución y fumador de 25 paquetes/año desde los 17 años.

Antecedente de dos ingresos por pancreatitis agudas leves en los últimos tres años. En los últimos tres meses presenta un cuadro de diarrea en forma de cuatro deposiciones al día, dolor abdominal continuo y diario, localizado en el epigastrio que no mejora con paracetamol. Además, refiere que ha perdido cuatro quilos. Se le hace una gastroscopia que es normal. Una TC abdominal revela la presencia de múltiples calcificaciones parenquimatosas en
la cabeza del páncreas, dilatación del conducto pancreático principal, una lesión quística de 10 mm en el cuerpo pancreático y atrofia de la cola de páncreas. Los coprocultivos, los parásitos en heces y la toxina de Clostridium difficile en heces son negativos, la serología de celiaquía negativa y las hormonas tiroideas son normales.

Elementos relevantes de la analítica. Glucosa: 124 mg/dl, GGT: 101 U/L, AST: 55 U/L, ALT: 65 U/L, VCM: 102 fl, BI total: 1,4 mg/dl, triglicéridos: 180 mg/dl, amilasa: 125 U/L, lipasa: 25 U/L.
El resto del hemograma y de la bioquímica está dentro de valores normales.

Las pruebas para determinar la insuficiencia pancreática exocrina demuestran una insuficiencia pancreática exocrina (IPE) grave.

Si se decide iniciar el TES, ¿cuál debe ser la dosis recomendada?","20.000 U en desayuno, comida y cena.","10.000 U en el desayuno, comida y cena y 10.000 U en los snacks.",50.000 U en la comida principal.,"50.000 U en desayuno, comida y cena y 25.000 U en los snacks.",d,"50.000 U en desayuno, comida y cena y 25.000 U en los snacks.",,21,AD_ILLES_BALEARS_2022__EXAM__exam__cuadernillo-de-examen-aparato-digestivo-fea.pdf,AD_ILLES_BALEARS_2022__ANSWER_KEY__answer-key__plantilla-correctora-del-examen.pdf,retained318,4e8cfbfe6f00ae799bb1a5ded98ed50c4d6af64bc5631cdd83869acbde7dc2c6,db36bfa8c22467befb9e3d8659ceaa24bf84ae87fb6d70ee11cebb2564aac546
b56,illes-balears|2022|caso-3|58,Illes Balears,2022,aparato-digestivo,caso-3,56,"Paciente varón de 62 años con antecedentes de enolismo superior a 60 g/día de veinte años de evolución y fumador de 25 paquetes/año desde los 17 años.

Antecedente de dos ingresos por pancreatitis agudas leves en los últimos tres años. En los últimos tres meses presenta un cuadro de diarrea en forma de cuatro deposiciones al día, dolor abdominal continuo y diario, localizado en el epigastrio que no mejora con paracetamol. Además, refiere que ha perdido cuatro quilos. Se le hace una gastroscopia que es normal. Una TC abdominal revela la presencia de múltiples calcificaciones parenquimatosas en
la cabeza del páncreas, dilatación del conducto pancreático principal, una lesión quística de 10 mm en el cuerpo pancreático y atrofia de la cola de páncreas. Los coprocultivos, los parásitos en heces y la toxina de Clostridium difficile en heces son negativos, la serología de celiaquía negativa y las hormonas tiroideas son normales.

Elementos relevantes de la analítica. Glucosa: 124 mg/dl, GGT: 101 U/L, AST: 55 U/L, ALT: 65 U/L, VCM: 102 fl, BI total: 1,4 mg/dl, triglicéridos: 180 mg/dl, amilasa: 125 U/L, lipasa: 25 U/L.
El resto del hemograma y de la bioquímica está dentro de valores normales.

Las pruebas para determinar la insuficiencia pancreática exocrina demuestran una insuficiencia pancreática exocrina (IPE) grave.

A pesar del tratamiento con enzimas pancreáticos la diarrea no cede completamente, ¿cuál debe ser la actitud?",Suspender definitivamente el tratamiento enzimático y hacer una colonoscopia.,Aumentar la dosis de enzimas pancreáticas y añadir inhibidores de la bomba de protones al TES.,Retirar el gluten de la dieta.,Solicitar marcadores tumorales (CA 19-9 y CEA).,b,Aumentar la dosis de enzimas pancreáticas y añadir inhibidores de la bomba de protones al TES.,,21,AD_ILLES_BALEARS_2022__EXAM__exam__cuadernillo-de-examen-aparato-digestivo-fea.pdf,AD_ILLES_BALEARS_2022__ANSWER_KEY__answer-key__plantilla-correctora-del-examen.pdf,retained318,59767f7202d1ab1665646ec1000a7d87d31e124718bbbde6a6642911152a0f7c,43190f8956f9a71c6eea554dc580c2a27d61d18c7c3b36416b92aa2697d0aa64
b57,illes-balears|2022|caso-3|59,Illes Balears,2022,aparato-digestivo,caso-3,57,"Paciente varón de 62 años con antecedentes de enolismo superior a 60 g/día de veinte años de evolución y fumador de 25 paquetes/año desde los 17 años.

Antecedente de dos ingresos por pancreatitis agudas leves en los últimos tres años. En los últimos tres meses presenta un cuadro de diarrea en forma de cuatro deposiciones al día, dolor abdominal continuo y diario, localizado en el epigastrio que no mejora con paracetamol. Además, refiere que ha perdido cuatro quilos. Se le hace una gastroscopia que es normal. Una TC abdominal revela la presencia de múltiples calcificaciones parenquimatosas en
la cabeza del páncreas, dilatación del conducto pancreático principal, una lesión quística de 10 mm en el cuerpo pancreático y atrofia de la cola de páncreas. Los coprocultivos, los parásitos en heces y la toxina de Clostridium difficile en heces son negativos, la serología de celiaquía negativa y las hormonas tiroideas son normales.

Elementos relevantes de la analítica. Glucosa: 124 mg/dl, GGT: 101 U/L, AST: 55 U/L, ALT: 65 U/L, VCM: 102 fl, BI total: 1,4 mg/dl, triglicéridos: 180 mg/dl, amilasa: 125 U/L, lipasa: 25 U/L.
El resto del hemograma y de la bioquímica está dentro de valores normales.

Las pruebas para determinar la insuficiencia pancreática exocrina demuestran una insuficiencia pancreática exocrina (IPE) grave.

Debido a la insuficiencia pancreática exocrina, este paciente...",...presenta más riesgo de cáncer de colon.,...no presenta más riesgo de eventos cardiovasculares.,...presenta más riesgo de sobrecrecimiento bacteriano en el intestino delgado (SIBO).,...presenta el mismo riesgo de mortalidad que un paciente sin IPE.,c,...presenta más riesgo de sobrecrecimiento bacteriano en el intestino delgado (SIBO).,,22,AD_ILLES_BALEARS_2022__EXAM__exam__cuadernillo-de-examen-aparato-digestivo-fea.pdf,AD_ILLES_BALEARS_2022__ANSWER_KEY__answer-key__plantilla-correctora-del-examen.pdf,retained318,810244359dfb8efb7b7d54520dd31f0d6a6c080865d45099abf200345c4c3ef4,26ee446ab10a6bb41f00d9518a197c289c4f5790875519cd7af0b8f021652635
b59,illes-balears|2022|caso-3|61,Illes Balears,2022,aparato-digestivo,caso-3,59,"Paciente varón de 62 años con antecedentes de enolismo superior a 60 g/día de veinte años de evolución y fumador de 25 paquetes/año desde los 17 años.

Antecedente de dos ingresos por pancreatitis agudas leves en los últimos tres años. En los últimos tres meses presenta un cuadro de diarrea en forma de cuatro deposiciones al día, dolor abdominal continuo y diario, localizado en el epigastrio que no mejora con paracetamol. Además, refiere que ha perdido cuatro quilos. Se le hace una gastroscopia que es normal. Una TC abdominal revela la presencia de múltiples calcificaciones parenquimatosas en
la cabeza del páncreas, dilatación del conducto pancreático principal, una lesión quística de 10 mm en el cuerpo pancreático y atrofia de la cola de páncreas. Los coprocultivos, los parásitos en heces y la toxina de Clostridium difficile en heces son negativos, la serología de celiaquía negativa y las hormonas tiroideas son normales.

Elementos relevantes de la analítica. Glucosa: 124 mg/dl, GGT: 101 U/L, AST: 55 U/L, ALT: 65 U/L, VCM: 102 fl, BI total: 1,4 mg/dl, triglicéridos: 180 mg/dl, amilasa: 125 U/L, lipasa: 25 U/L.
El resto del hemograma y de la bioquímica está dentro de valores normales.

Las pruebas para determinar la insuficiencia pancreática exocrina demuestran una insuficiencia pancreática exocrina (IPE) grave.

¿Cómo se recomienda el screening de cáncer de páncreas en este paciente?",Por medio de una TC abdominal cada tres meses.,No hay una estrategia definida para la detección del cáncer de páncreas en estos pacientes.,Por medio de la determinación de CA 19-9 cada dos meses.,Por medio de la determinación de parámetros nutricionales cada tres meses.,b,No hay una estrategia definida para la detección del cáncer de páncreas en estos pacientes.,,22,AD_ILLES_BALEARS_2022__EXAM__exam__cuadernillo-de-examen-aparato-digestivo-fea.pdf,AD_ILLES_BALEARS_2022__ANSWER_KEY__answer-key__plantilla-correctora-del-examen.pdf,retained318,5da02bdc165c46df33bf1ad54c8926f7e394dc578d599194751737628fa63326,a9a0241c47c47c6febec33bc57df509ac50ae194a7040259e0054ce5f94abd00
b61,illes-balears|2022|caso-3|63,Illes Balears,2022,aparato-digestivo,caso-3,61,"Paciente varón de 62 años con antecedentes de enolismo superior a 60 g/día de veinte años de evolución y fumador de 25 paquetes/año desde los 17 años.

Antecedente de dos ingresos por pancreatitis agudas leves en los últimos tres años. En los últimos tres meses presenta un cuadro de diarrea en forma de cuatro deposiciones al día, dolor abdominal continuo y diario, localizado en el epigastrio que no mejora con paracetamol. Además, refiere que ha perdido cuatro quilos. Se le hace una gastroscopia que es normal. Una TC abdominal revela la presencia de múltiples calcificaciones parenquimatosas en
la cabeza del páncreas, dilatación del conducto pancreático principal, una lesión quística de 10 mm en el cuerpo pancreático y atrofia de la cola de páncreas. Los coprocultivos, los parásitos en heces y la toxina de Clostridium difficile en heces son negativos, la serología de celiaquía negativa y las hormonas tiroideas son normales.

Elementos relevantes de la analítica. Glucosa: 124 mg/dl, GGT: 101 U/L, AST: 55 U/L, ALT: 65 U/L, VCM: 102 fl, BI total: 1,4 mg/dl, triglicéridos: 180 mg/dl, amilasa: 125 U/L, lipasa: 25 U/L.
El resto del hemograma y de la bioquímica está dentro de valores normales.

Las pruebas para determinar la insuficiencia pancreática exocrina demuestran una insuficiencia pancreática exocrina (IPE) grave.

22 meses después del diagnóstico el paciente ingresa por ictericia conjuntival y cutánea con cifras de bilirrubina de 9 mg/dl (de predominio directo) y colestasis marcada en la analítica. Una ecografía abdominal en urgencias muestra una dilatación de la vía biliar extrahepática.

Una TC abdominal con protocolo pancreático objetiva una lesión sólida en la cabeza del páncreas de 2,7 x 2,5 cm con dilatación de la vía biliar extrahepática de 13 mm. No se observan lesiones hepáticas ocupantes de espacio. La lesión está en contacto con la arteria mesentérica superior en más de 180° con presencia de una trombosis portal.

¿Qué debe solicitarse como primera estrategia para drenar inicialmente la vía biliar?",Drenaje por vía transparietohepática con colocación de un drenaje metálico no recubierto.,CPRE con colocación de un drenaje metálico no recubierto.,CPRE con citología de colédoco y colocación de un drenaje biliar de plástico.,Drenaje interno-externo por vía transparietohepática y colocación posterior de un drenaje biliar de plástico por vía endoscópica.,c,CPRE con citología de colédoco y colocación de un drenaje biliar de plástico.,,23,AD_ILLES_BALEARS_2022__EXAM__exam__cuadernillo-de-examen-aparato-digestivo-fea.pdf,AD_ILLES_BALEARS_2022__ANSWER_KEY__answer-key__plantilla-correctora-del-examen.pdf,retained318,31cd5f04f9c12d2128b5fe7af216e59819ebd4fd3e687abd4f1d3a1dc60f96a3,5fb9367ddf6cf628fa517a35608cb6bd97f54c97667559efe15c584a2643176e
b64,illes-balears|2022|caso-3|66,Illes Balears,2022,aparato-digestivo,caso-3,64,"Paciente varón de 62 años con antecedentes de enolismo superior a 60 g/día de veinte años de evolución y fumador de 25 paquetes/año desde los 17 años.

Antecedente de dos ingresos por pancreatitis agudas leves en los últimos tres años. En los últimos tres meses presenta un cuadro de diarrea en forma de cuatro deposiciones al día, dolor abdominal continuo y diario, localizado en el epigastrio que no mejora con paracetamol. Además, refiere que ha perdido cuatro quilos. Se le hace una gastroscopia que es normal. Una TC abdominal revela la presencia de múltiples calcificaciones parenquimatosas en
la cabeza del páncreas, dilatación del conducto pancreático principal, una lesión quística de 10 mm en el cuerpo pancreático y atrofia de la cola de páncreas. Los coprocultivos, los parásitos en heces y la toxina de Clostridium difficile en heces son negativos, la serología de celiaquía negativa y las hormonas tiroideas son normales.

Elementos relevantes de la analítica. Glucosa: 124 mg/dl, GGT: 101 U/L, AST: 55 U/L, ALT: 65 U/L, VCM: 102 fl, BI total: 1,4 mg/dl, triglicéridos: 180 mg/dl, amilasa: 125 U/L, lipasa: 25 U/L.
El resto del hemograma y de la bioquímica está dentro de valores normales.

Las pruebas para determinar la insuficiencia pancreática exocrina demuestran una insuficiencia pancreática exocrina (IPE) grave.

22 meses después del diagnóstico el paciente ingresa por ictericia conjuntival y cutánea con cifras de bilirrubina de 9 mg/dl (de predominio directo) y colestasis marcada en la analítica. Una ecografía abdominal en urgencias muestra una dilatación de la vía biliar extrahepática.

Una TC abdominal con protocolo pancreático objetiva una lesión sólida en la cabeza del páncreas de 2,7 x 2,5 cm con dilatación de la vía biliar extrahepática de 13 mm. No se observan lesiones hepáticas ocupantes de espacio. La lesión está en contacto con la arteria mesentérica superior en más de 180° con presencia de una trombosis portal.

¿Cuál debe ser el siguiente paso si se confirma la malignidad de la lesión (adenocarcinoma pancreático)?",Con los datos de que disponemos debe indicarse una duodenopancreatectomía cefálica.,Debe valorarse la resecabilidad de la lesión basándose en su tamaño.,Debe valorarse la resecabilidad de la lesión en base a la afectación vascular arterial y venosa.,Debe indicarse una intervención de Frey lo antes posible.,c,Debe valorarse la resecabilidad de la lesión en base a la afectación vascular arterial y venosa.,,24,AD_ILLES_BALEARS_2022__EXAM__exam__cuadernillo-de-examen-aparato-digestivo-fea.pdf,AD_ILLES_BALEARS_2022__ANSWER_KEY__answer-key__plantilla-correctora-del-examen.pdf,retained318,8fe5f429c28fe4d1880392c82b2f7981c2041ffa2e397decd66e681a03b3f09c,800a31bbd3a276e604f8d288f05dc54ff0b547e48ec0967d2fdb14ec977e5a5a
b65,illes-balears|2022|caso-3|67,Illes Balears,2022,aparato-digestivo,caso-3,65,"Paciente varón de 62 años con antecedentes de enolismo superior a 60 g/día de veinte años de evolución y fumador de 25 paquetes/año desde los 17 años.

Antecedente de dos ingresos por pancreatitis agudas leves en los últimos tres años. En los últimos tres meses presenta un cuadro de diarrea en forma de cuatro deposiciones al día, dolor abdominal continuo y diario, localizado en el epigastrio que no mejora con paracetamol. Además, refiere que ha perdido cuatro quilos. Se le hace una gastroscopia que es normal. Una TC abdominal revela la presencia de múltiples calcificaciones parenquimatosas en
la cabeza del páncreas, dilatación del conducto pancreático principal, una lesión quística de 10 mm en el cuerpo pancreático y atrofia de la cola de páncreas. Los coprocultivos, los parásitos en heces y la toxina de Clostridium difficile en heces son negativos, la serología de celiaquía negativa y las hormonas tiroideas son normales.

Elementos relevantes de la analítica. Glucosa: 124 mg/dl, GGT: 101 U/L, AST: 55 U/L, ALT: 65 U/L, VCM: 102 fl, BI total: 1,4 mg/dl, triglicéridos: 180 mg/dl, amilasa: 125 U/L, lipasa: 25 U/L.
El resto del hemograma y de la bioquímica está dentro de valores normales.

Las pruebas para determinar la insuficiencia pancreática exocrina demuestran una insuficiencia pancreática exocrina (IPE) grave.

22 meses después del diagnóstico el paciente ingresa por ictericia conjuntival y cutánea con cifras de bilirrubina de 9 mg/dl (de predominio directo) y colestasis marcada en la analítica. Una ecografía abdominal en urgencias muestra una dilatación de la vía biliar extrahepática.

Una TC abdominal con protocolo pancreático objetiva una lesión sólida en la cabeza del páncreas de 2,7 x 2,5 cm con dilatación de la vía biliar extrahepática de 13 mm. No se observan lesiones hepáticas ocupantes de espacio. La lesión está en contacto con la arteria mesentérica superior en más de 180° con presencia de una trombosis portal.

Con los datos de la TC, ¿de qué tipo de tumor debe considerarse que se trata?",Resecable.,Borderline.,Localmente avanzado.,Metastásico.,c,Localmente avanzado.,,24,AD_ILLES_BALEARS_2022__EXAM__exam__cuadernillo-de-examen-aparato-digestivo-fea.pdf,AD_ILLES_BALEARS_2022__ANSWER_KEY__answer-key__plantilla-correctora-del-examen.pdf,retained318,d3bc236d5d06d5ea897ed23ecb79502db4ac639d11c4f405265d9d39e6e8aa7f,9975aae2f0ded9d2fcd45307d08b1d4da175eaffd0ca82310af525f96588e7fc
b66,illes-balears|2022|caso-3|68,Illes Balears,2022,aparato-digestivo,caso-3,66,"Paciente varón de 62 años con antecedentes de enolismo superior a 60 g/día de veinte años de evolución y fumador de 25 paquetes/año desde los 17 años.

Antecedente de dos ingresos por pancreatitis agudas leves en los últimos tres años. En los últimos tres meses presenta un cuadro de diarrea en forma de cuatro deposiciones al día, dolor abdominal continuo y diario, localizado en el epigastrio que no mejora con paracetamol. Además, refiere que ha perdido cuatro quilos. Se le hace una gastroscopia que es normal. Una TC abdominal revela la presencia de múltiples calcificaciones parenquimatosas en
la cabeza del páncreas, dilatación del conducto pancreático principal, una lesión quística de 10 mm en el cuerpo pancreático y atrofia de la cola de páncreas. Los coprocultivos, los parásitos en heces y la toxina de Clostridium difficile en heces son negativos, la serología de celiaquía negativa y las hormonas tiroideas son normales.

Elementos relevantes de la analítica. Glucosa: 124 mg/dl, GGT: 101 U/L, AST: 55 U/L, ALT: 65 U/L, VCM: 102 fl, BI total: 1,4 mg/dl, triglicéridos: 180 mg/dl, amilasa: 125 U/L, lipasa: 25 U/L.
El resto del hemograma y de la bioquímica está dentro de valores normales.

Las pruebas para determinar la insuficiencia pancreática exocrina demuestran una insuficiencia pancreática exocrina (IPE) grave.

22 meses después del diagnóstico el paciente ingresa por ictericia conjuntival y cutánea con cifras de bilirrubina de 9 mg/dl (de predominio directo) y colestasis marcada en la analítica. Una ecografía abdominal en urgencias muestra una dilatación de la vía biliar extrahepática.

Una TC abdominal con protocolo pancreático objetiva una lesión sólida en la cabeza del páncreas de 2,7 x 2,5 cm con dilatación de la vía biliar extrahepática de 13 mm. No se observan lesiones hepáticas ocupantes de espacio. La lesión está en contacto con la arteria mesentérica superior en más de 180° con presencia de una trombosis portal.

Señale la respuesta falsa en relación con el marcador tumoral CA 19-9 en el adenocarcinoma de páncreas:","Los niveles de CA 19-9 se relacionan con el tamaño del tumor, la presencia de metástasis y el pronóstico del paciente.","La monitorización del CA 19-9 es útil para evaluar la respuesta al tratamiento, especialmente en pacientes con niveles elevados.",Un 75 % de la población no expresa el antígeno Lewis por lo que los niveles de CA 19-9 no son informativos en estos pacientes.,Los niveles de CA 19-9 pueden elevarse en enfermedades pancreatobiliares benignas y en casos de obstrucción biliar.,c,Un 75 % de la población no expresa el antígeno Lewis por lo que los niveles de CA 19-9 no son informativos en estos pacientes.,negated,24,AD_ILLES_BALEARS_2022__EXAM__exam__cuadernillo-de-examen-aparato-digestivo-fea.pdf,AD_ILLES_BALEARS_2022__ANSWER_KEY__answer-key__plantilla-correctora-del-examen.pdf,retained318,2bf285afd9276cb332d226c0429b23331b0be274c442cffbc49a5af1e3c8db8e,fa8b5533ea9d1e6b5d9c7f0bcd03b107532c37c59dc0c147096616176a43829c
b68,illes-balears|2022|caso-3|70,Illes Balears,2022,aparato-digestivo,caso-3,68,"Paciente varón de 62 años con antecedentes de enolismo superior a 60 g/día de veinte años de evolución y fumador de 25 paquetes/año desde los 17 años.

Antecedente de dos ingresos por pancreatitis agudas leves en los últimos tres años. En los últimos tres meses presenta un cuadro de diarrea en forma de cuatro deposiciones al día, dolor abdominal continuo y diario, localizado en el epigastrio que no mejora con paracetamol. Además, refiere que ha perdido cuatro quilos. Se le hace una gastroscopia que es normal. Una TC abdominal revela la presencia de múltiples calcificaciones parenquimatosas en
la cabeza del páncreas, dilatación del conducto pancreático principal, una lesión quística de 10 mm en el cuerpo pancreático y atrofia de la cola de páncreas. Los coprocultivos, los parásitos en heces y la toxina de Clostridium difficile en heces son negativos, la serología de celiaquía negativa y las hormonas tiroideas son normales.

Elementos relevantes de la analítica. Glucosa: 124 mg/dl, GGT: 101 U/L, AST: 55 U/L, ALT: 65 U/L, VCM: 102 fl, BI total: 1,4 mg/dl, triglicéridos: 180 mg/dl, amilasa: 125 U/L, lipasa: 25 U/L.
El resto del hemograma y de la bioquímica está dentro de valores normales.

Las pruebas para determinar la insuficiencia pancreática exocrina demuestran una insuficiencia pancreática exocrina (IPE) grave.

22 meses después del diagnóstico el paciente ingresa por ictericia conjuntival y cutánea con cifras de bilirrubina de 9 mg/dl (de predominio directo) y colestasis marcada en la analítica. Una ecografía abdominal en urgencias muestra una dilatación de la vía biliar extrahepática.

Una TC abdominal con protocolo pancreático objetiva una lesión sólida en la cabeza del páncreas de 2,7 x 2,5 cm con dilatación de la vía biliar extrahepática de 13 mm. No se observan lesiones hepáticas ocupantes de espacio. La lesión está en contacto con la arteria mesentérica superior en más de 180° con presencia de una trombosis portal.

Señale la respuesta verdadera respecto al tratamiento del dolor severo en este paciente:",El paracetamol suele ser suficiente.,El tratamiento enzimático sustitutivo ha demostrado un claro beneficio en la reducción del dolor.,"En el dolor neuropático, la evidencia en cuanto a la mejoría del dolor es clara para técnicas como el bloqueo del plexo celíaco, la estimulación de la medula espinal o la acupuntura.",La gabapentina puede ser útil en el tratamiento del dolor neuropático.,d,La gabapentina puede ser útil en el tratamiento del dolor neuropático.,,25,AD_ILLES_BALEARS_2022__EXAM__exam__cuadernillo-de-examen-aparato-digestivo-fea.pdf,AD_ILLES_BALEARS_2022__ANSWER_KEY__answer-key__plantilla-correctora-del-examen.pdf,retained318,5aeae5598bd9525e6e90c88e57dcd6d68cffbc623ba3751baca5cc1599b23f84,ad9f471f101f03f92adae5aa4b0c050bf9f7074de8aad6ae971370b82da98c63
b69,illes-balears|2022|caso-3|71,Illes Balears,2022,aparato-digestivo,caso-3,69,"Paciente varón de 62 años con antecedentes de enolismo superior a 60 g/día de veinte años de evolución y fumador de 25 paquetes/año desde los 17 años.

Antecedente de dos ingresos por pancreatitis agudas leves en los últimos tres años. En los últimos tres meses presenta un cuadro de diarrea en forma de cuatro deposiciones al día, dolor abdominal continuo y diario, localizado en el epigastrio que no mejora con paracetamol. Además, refiere que ha perdido cuatro quilos. Se le hace una gastroscopia que es normal. Una TC abdominal revela la presencia de múltiples calcificaciones parenquimatosas en
la cabeza del páncreas, dilatación del conducto pancreático principal, una lesión quística de 10 mm en el cuerpo pancreático y atrofia de la cola de páncreas. Los coprocultivos, los parásitos en heces y la toxina de Clostridium difficile en heces son negativos, la serología de celiaquía negativa y las hormonas tiroideas son normales.

Elementos relevantes de la analítica. Glucosa: 124 mg/dl, GGT: 101 U/L, AST: 55 U/L, ALT: 65 U/L, VCM: 102 fl, BI total: 1,4 mg/dl, triglicéridos: 180 mg/dl, amilasa: 125 U/L, lipasa: 25 U/L.
El resto del hemograma y de la bioquímica está dentro de valores normales.

Las pruebas para determinar la insuficiencia pancreática exocrina demuestran una insuficiencia pancreática exocrina (IPE) grave.

22 meses después del diagnóstico el paciente ingresa por ictericia conjuntival y cutánea con cifras de bilirrubina de 9 mg/dl (de predominio directo) y colestasis marcada en la analítica. Una ecografía abdominal en urgencias muestra una dilatación de la vía biliar extrahepática.

Una TC abdominal con protocolo pancreático objetiva una lesión sólida en la cabeza del páncreas de 2,7 x 2,5 cm con dilatación de la vía biliar extrahepática de 13 mm. No se observan lesiones hepáticas ocupantes de espacio. La lesión está en contacto con la arteria mesentérica superior en más de 180° con presencia de una trombosis portal.

Señale la respuesta falsa en relación con la TC abdominal en la evaluación de un paciente con sospecha de adenocarcinoma de páncreas:",En un protocolo pancreático es la prueba de elección para la evaluación de un paciente con sospecha de adenocarcinoma pancreático.,"En comparación con la resonancia magnética, ofrece más detalles anatómicos de la relación del tumor con la vascularización.",Normalmente aparece como una lesión hiperdensa comparada con el parénquima pancreático adyacente.,"La PET-TC no se utiliza habitualmente en el diagnóstico, pero puede ser útil en la detección de enfermedad metastásica oculta.",c,Normalmente aparece como una lesión hiperdensa comparada con el parénquima pancreático adyacente.,negated,25,AD_ILLES_BALEARS_2022__EXAM__exam__cuadernillo-de-examen-aparato-digestivo-fea.pdf,AD_ILLES_BALEARS_2022__ANSWER_KEY__answer-key__plantilla-correctora-del-examen.pdf,retained318,a1fe165812b530cb47db1b16dfa652eafb6fe98236f1f26ae92b0b82bc84958f,7e866c9c4bd275af9db9cf0717842d868c1edfaa5a1bd203c92ae290a43b0fc0
b71,illes-balears|2022|caso-4|73,Illes Balears,2022,aparato-digestivo,caso-4,71,"Mujer de 18 años sin antecedentes personales ni familiares de interés y sin hábitos tóxicos. Ingresa por fiebre, pérdida de peso asociada a hiporexia, diarrea de comienzo reciente sin productos patológicos y dolor abdominal de dos semanas de evolución.

Exploración. Temperatura: 37,6 °C; TA: 100/60 mmHg; consciente, orientada, eupneica; peso: 40 quilos, talla: 155 cm, delgadez, retraso del desarrollo puberal, palidez discreta, bien hidratada y perfundida. No se palparon adenopatías. La auscultación cardiorrespiratoria fue normal y la exploración abdominal no mostró hallazgos de interés. En la
inspección anal se observó una hemorroide centinela y una fisura anal en el rafe posterior.

En la analítica destacaban, hemoglobina: 9,9 g/dl; hematocrito: 34 %; VCM: 81 fl; leucocitos: 15.600 /μl (82 % neutrófilos); plaquetas: 699.000 /μl; VSG: 41 Fe: 15 μg/dl; ferritina: 247 ng/ml; proteína C reactiva: 9,7 mg/dl.

Los coprocultivos y los parásitos en heces fueron negativos.
En la colonoscopia se exploró hasta el ciego y se hizo una ileoscopia de los últimos 10 cm. En todo el trayecto explorado se apreciaron úlceras profundas serpiginosas entre áreas de mucosa sana y se tomaron muestras para biopsia. Las biopsias del íleon y el colon fueron compatibles con una inflamación crónica activa.

¿Cuál es el diagnóstico más probable?",Tuberculosis intestinal.,Colitis microscópica.,Enfermedad de Crohn.,Colitis ulcerosa.,c,Enfermedad de Crohn.,,26,AD_ILLES_BALEARS_2022__EXAM__exam__cuadernillo-de-examen-aparato-digestivo-fea.pdf,AD_ILLES_BALEARS_2022__ANSWER_KEY__answer-key__plantilla-correctora-del-examen.pdf,retained318,365f4ed89a7337ea6a866836ff14a3f1086cc6065e52a650311acb1b1cdaf200,34c24da19e4f8fbae4616d98b967f046956bcf86c519f5b98c336b25b263b012
b73,illes-balears|2022|caso-4|75,Illes Balears,2022,aparato-digestivo,caso-4,73,"Mujer de 18 años sin antecedentes personales ni familiares de interés y sin hábitos tóxicos. Ingresa por fiebre, pérdida de peso asociada a hiporexia, diarrea de comienzo reciente sin productos patológicos y dolor abdominal de dos semanas de evolución.

Exploración. Temperatura: 37,6 °C; TA: 100/60 mmHg; consciente, orientada, eupneica; peso: 40 quilos, talla: 155 cm, delgadez, retraso del desarrollo puberal, palidez discreta, bien hidratada y perfundida. No se palparon adenopatías. La auscultación cardiorrespiratoria fue normal y la exploración abdominal no mostró hallazgos de interés. En la
inspección anal se observó una hemorroide centinela y una fisura anal en el rafe posterior.

En la analítica destacaban, hemoglobina: 9,9 g/dl; hematocrito: 34 %; VCM: 81 fl; leucocitos: 15.600 /μl (82 % neutrófilos); plaquetas: 699.000 /μl; VSG: 41 Fe: 15 μg/dl; ferritina: 247 ng/ml; proteína C reactiva: 9,7 mg/dl.

Los coprocultivos y los parásitos en heces fueron negativos.
En la colonoscopia se exploró hasta el ciego y se hizo una ileoscopia de los últimos 10 cm. En todo el trayecto explorado se apreciaron úlceras profundas serpiginosas entre áreas de mucosa sana y se tomaron muestras para biopsia. Las biopsias del íleon y el colon fueron compatibles con una inflamación crónica activa.

¿Cuál de estas afirmaciones es falsa?",La enfermedad de Crohn puede afectar a cualquier parte del tubo digestivo.,En la colitis ulcerosa siempre hay afectación rectal.,En la enfermedad de Crohn y en la colitis ulcerosa puede haber manifestaciones extraintestinales.,En la colitis ulcerosa la inflamación intestinal es transmural.,d,En la colitis ulcerosa la inflamación intestinal es transmural.,negated,27,AD_ILLES_BALEARS_2022__EXAM__exam__cuadernillo-de-examen-aparato-digestivo-fea.pdf,AD_ILLES_BALEARS_2022__ANSWER_KEY__answer-key__plantilla-correctora-del-examen.pdf,retained318,7af41093b0381dab97b5266f5fc930d3a127fc9b52f249bb54029c86eb6fa187,144e9b6aa02e10ac98db577ec0ffcbf18fa0282b996711ad22c065d4c553d545
b76,illes-balears|2022|caso-4|78,Illes Balears,2022,aparato-digestivo,caso-4,76,"Mujer de 18 años sin antecedentes personales ni familiares de interés y sin hábitos tóxicos. Ingresa por fiebre, pérdida de peso asociada a hiporexia, diarrea de comienzo reciente sin productos patológicos y dolor abdominal de dos semanas de evolución.

Exploración. Temperatura: 37,6 °C; TA: 100/60 mmHg; consciente, orientada, eupneica; peso: 40 quilos, talla: 155 cm, delgadez, retraso del desarrollo puberal, palidez discreta, bien hidratada y perfundida. No se palparon adenopatías. La auscultación cardiorrespiratoria fue normal y la exploración abdominal no mostró hallazgos de interés. En la
inspección anal se observó una hemorroide centinela y una fisura anal en el rafe posterior.

En la analítica destacaban, hemoglobina: 9,9 g/dl; hematocrito: 34 %; VCM: 81 fl; leucocitos: 15.600 /μl (82 % neutrófilos); plaquetas: 699.000 /μl; VSG: 41 Fe: 15 μg/dl; ferritina: 247 ng/ml; proteína C reactiva: 9,7 mg/dl.

Los coprocultivos y los parásitos en heces fueron negativos.
En la colonoscopia se exploró hasta el ciego y se hizo una ileoscopia de los últimos 10 cm. En todo el trayecto explorado se apreciaron úlceras profundas serpiginosas entre áreas de mucosa sana y se tomaron muestras para biopsia. Las biopsias del íleon y el colon fueron compatibles con una inflamación crónica activa.

¿Cuál de estas pruebas diagnósticas es la más útil para valorar la existencia de complicaciones abdominales como abscesos y fístulas?",Colonoscopia.,Ecografía abdominal.,Resonancia magnética.,Tránsito intestinal.,c,Resonancia magnética.,,27,AD_ILLES_BALEARS_2022__EXAM__exam__cuadernillo-de-examen-aparato-digestivo-fea.pdf,AD_ILLES_BALEARS_2022__ANSWER_KEY__answer-key__plantilla-correctora-del-examen.pdf,retained318,2d930ac3f76992b2ba6cce1982a44269d8f3900d882f5e942657482d5aae85ea,a1865abe68d522f128f1c6f1c71f202192d0e60fe8fe47a152a10c9a577e33b2
b77,illes-balears|2022|caso-4|79,Illes Balears,2022,aparato-digestivo,caso-4,77,"Mujer de 18 años sin antecedentes personales ni familiares de interés y sin hábitos tóxicos. Ingresa por fiebre, pérdida de peso asociada a hiporexia, diarrea de comienzo reciente sin productos patológicos y dolor abdominal de dos semanas de evolución.

Exploración. Temperatura: 37,6 °C; TA: 100/60 mmHg; consciente, orientada, eupneica; peso: 40 quilos, talla: 155 cm, delgadez, retraso del desarrollo puberal, palidez discreta, bien hidratada y perfundida. No se palparon adenopatías. La auscultación cardiorrespiratoria fue normal y la exploración abdominal no mostró hallazgos de interés. En la
inspección anal se observó una hemorroide centinela y una fisura anal en el rafe posterior.

En la analítica destacaban, hemoglobina: 9,9 g/dl; hematocrito: 34 %; VCM: 81 fl; leucocitos: 15.600 /μl (82 % neutrófilos); plaquetas: 699.000 /μl; VSG: 41 Fe: 15 μg/dl; ferritina: 247 ng/ml; proteína C reactiva: 9,7 mg/dl.

Los coprocultivos y los parásitos en heces fueron negativos.
En la colonoscopia se exploró hasta el ciego y se hizo una ileoscopia de los últimos 10 cm. En todo el trayecto explorado se apreciaron úlceras profundas serpiginosas entre áreas de mucosa sana y se tomaron muestras para biopsia. Las biopsias del íleon y el colon fueron compatibles con una inflamación crónica activa.

Señale cuál de estos factores predictivos no se considera un factor predictivo de peor pronóstico en la enfermedad de Crohn:",Presencia de enfermedad perianal.,Edad joven de inicio.,Sexo masculino.,Necesidad de corticoides en el primer brote.,c,Sexo masculino.,,27,AD_ILLES_BALEARS_2022__EXAM__exam__cuadernillo-de-examen-aparato-digestivo-fea.pdf,AD_ILLES_BALEARS_2022__ANSWER_KEY__answer-key__plantilla-correctora-del-examen.pdf,retained318,1b88438c3cd3b964af16798b74565412b1d12b6f7c6deb312bcf4184a4887b4e,254c546cadcdb645cf3e0264710e869ba3f7e06d41974c2e9cbb073d7bc4aa19
b78,illes-balears|2022|caso-4|80,Illes Balears,2022,aparato-digestivo,caso-4,78,"Mujer de 18 años sin antecedentes personales ni familiares de interés y sin hábitos tóxicos. Ingresa por fiebre, pérdida de peso asociada a hiporexia, diarrea de comienzo reciente sin productos patológicos y dolor abdominal de dos semanas de evolución.

Exploración. Temperatura: 37,6 °C; TA: 100/60 mmHg; consciente, orientada, eupneica; peso: 40 quilos, talla: 155 cm, delgadez, retraso del desarrollo puberal, palidez discreta, bien hidratada y perfundida. No se palparon adenopatías. La auscultación cardiorrespiratoria fue normal y la exploración abdominal no mostró hallazgos de interés. En la
inspección anal se observó una hemorroide centinela y una fisura anal en el rafe posterior.

En la analítica destacaban, hemoglobina: 9,9 g/dl; hematocrito: 34 %; VCM: 81 fl; leucocitos: 15.600 /μl (82 % neutrófilos); plaquetas: 699.000 /μl; VSG: 41 Fe: 15 μg/dl; ferritina: 247 ng/ml; proteína C reactiva: 9,7 mg/dl.

Los coprocultivos y los parásitos en heces fueron negativos.
En la colonoscopia se exploró hasta el ciego y se hizo una ileoscopia de los últimos 10 cm. En todo el trayecto explorado se apreciaron úlceras profundas serpiginosas entre áreas de mucosa sana y se tomaron muestras para biopsia. Las biopsias del íleon y el colon fueron compatibles con una inflamación crónica activa.

Siendo A «edad al diagnóstico», L «localización de la enfermedad» y B «patrón de comportamiento», ¿cuál es la opción correcta para esta paciente según la clasificación de Montreal?",A1 L2 B2.,A2 L3 B1.,A3 L3 B2.,A2 L1 B3.,b,A2 L3 B1.,,28,AD_ILLES_BALEARS_2022__EXAM__exam__cuadernillo-de-examen-aparato-digestivo-fea.pdf,AD_ILLES_BALEARS_2022__ANSWER_KEY__answer-key__plantilla-correctora-del-examen.pdf,retained318,cbd74f587d92d77009c30a37fa6a79404a18e74beec47c001dc572fe3f1f70bf,3c0d7ed45b9f59cdbd69498dcd6d8339c51aae003d441f8158bbba888dd59e44
b79,illes-balears|2022|caso-4|81,Illes Balears,2022,aparato-digestivo,caso-4,79,"Mujer de 18 años sin antecedentes personales ni familiares de interés y sin hábitos tóxicos. Ingresa por fiebre, pérdida de peso asociada a hiporexia, diarrea de comienzo reciente sin productos patológicos y dolor abdominal de dos semanas de evolución.

Exploración. Temperatura: 37,6 °C; TA: 100/60 mmHg; consciente, orientada, eupneica; peso: 40 quilos, talla: 155 cm, delgadez, retraso del desarrollo puberal, palidez discreta, bien hidratada y perfundida. No se palparon adenopatías. La auscultación cardiorrespiratoria fue normal y la exploración abdominal no mostró hallazgos de interés. En la
inspección anal se observó una hemorroide centinela y una fisura anal en el rafe posterior.

En la analítica destacaban, hemoglobina: 9,9 g/dl; hematocrito: 34 %; VCM: 81 fl; leucocitos: 15.600 /μl (82 % neutrófilos); plaquetas: 699.000 /μl; VSG: 41 Fe: 15 μg/dl; ferritina: 247 ng/ml; proteína C reactiva: 9,7 mg/dl.

Los coprocultivos y los parásitos en heces fueron negativos.
En la colonoscopia se exploró hasta el ciego y se hizo una ileoscopia de los últimos 10 cm. En todo el trayecto explorado se apreciaron úlceras profundas serpiginosas entre áreas de mucosa sana y se tomaron muestras para biopsia. Las biopsias del íleon y el colon fueron compatibles con una inflamación crónica activa.

¿Cuál debe ser el tratamiento inicial de esta paciente?",Antibióticos de amplio espectro.,Inmunosupresores como la azatioprina.,Corticoides.,5-ASA.,c,Corticoides.,,28,AD_ILLES_BALEARS_2022__EXAM__exam__cuadernillo-de-examen-aparato-digestivo-fea.pdf,AD_ILLES_BALEARS_2022__ANSWER_KEY__answer-key__plantilla-correctora-del-examen.pdf,retained318,fe93cd70d8e884b8fe862cf34538f99976857439c3fd520bc51723f407135a2f,2d829397482ccf82b72d1c7db1650d99ce5ab6872aeba4a09e719a67d54ed9c5
b81,illes-balears|2022|caso-4|83,Illes Balears,2022,aparato-digestivo,caso-4,81,"Mujer de 18 años sin antecedentes personales ni familiares de interés y sin hábitos tóxicos. Ingresa por fiebre, pérdida de peso asociada a hiporexia, diarrea de comienzo reciente sin productos patológicos y dolor abdominal de dos semanas de evolución.

Exploración. Temperatura: 37,6 °C; TA: 100/60 mmHg; consciente, orientada, eupneica; peso: 40 quilos, talla: 155 cm, delgadez, retraso del desarrollo puberal, palidez discreta, bien hidratada y perfundida. No se palparon adenopatías. La auscultación cardiorrespiratoria fue normal y la exploración abdominal no mostró hallazgos de interés. En la
inspección anal se observó una hemorroide centinela y una fisura anal en el rafe posterior.

En la analítica destacaban, hemoglobina: 9,9 g/dl; hematocrito: 34 %; VCM: 81 fl; leucocitos: 15.600 /μl (82 % neutrófilos); plaquetas: 699.000 /μl; VSG: 41 Fe: 15 μg/dl; ferritina: 247 ng/ml; proteína C reactiva: 9,7 mg/dl.

Los coprocultivos y los parásitos en heces fueron negativos.
En la colonoscopia se exploró hasta el ciego y se hizo una ileoscopia de los últimos 10 cm. En todo el trayecto explorado se apreciaron úlceras profundas serpiginosas entre áreas de mucosa sana y se tomaron muestras para biopsia. Las biopsias del íleon y el colon fueron compatibles con una inflamación crónica activa.

Señale la afirmación falsa respecto a los corticoides:",Los corticoides sistémicos son útiles para la inducción de la respuesta y la remisión clínica en la enfermedad de Crohn activa moderada-grave.,Los corticoides se utilizan como tratamiento de mantenimiento en la enfermedad de Crohn.,La budesonida es útil para inducir la remisión clínica en pacientes con enfermedad de Crohn leve-moderada limitada al íleon y/o al colon ascendente.,Los pacientes que toman corticoides a dosis altas tienen más riesgo de infecciones.,b,Los corticoides se utilizan como tratamiento de mantenimiento en la enfermedad de Crohn.,negated,28,AD_ILLES_BALEARS_2022__EXAM__exam__cuadernillo-de-examen-aparato-digestivo-fea.pdf,AD_ILLES_BALEARS_2022__ANSWER_KEY__answer-key__plantilla-correctora-del-examen.pdf,retained318,dd00f2656a367659af20915d9c65b48e758185d75d2c819c43f27d6f3c571fea,35a91f297b4bf3c474b06fa181adcbd66f394f27372cb7583accc57901e5dfea
b82,illes-balears|2022|caso-4|84,Illes Balears,2022,aparato-digestivo,caso-4,82,"Mujer de 18 años sin antecedentes personales ni familiares de interés y sin hábitos tóxicos. Ingresa por fiebre, pérdida de peso asociada a hiporexia, diarrea de comienzo reciente sin productos patológicos y dolor abdominal de dos semanas de evolución.

Exploración. Temperatura: 37,6 °C; TA: 100/60 mmHg; consciente, orientada, eupneica; peso: 40 quilos, talla: 155 cm, delgadez, retraso del desarrollo puberal, palidez discreta, bien hidratada y perfundida. No se palparon adenopatías. La auscultación cardiorrespiratoria fue normal y la exploración abdominal no mostró hallazgos de interés. En la
inspección anal se observó una hemorroide centinela y una fisura anal en el rafe posterior.

En la analítica destacaban, hemoglobina: 9,9 g/dl; hematocrito: 34 %; VCM: 81 fl; leucocitos: 15.600 /μl (82 % neutrófilos); plaquetas: 699.000 /μl; VSG: 41 Fe: 15 μg/dl; ferritina: 247 ng/ml; proteína C reactiva: 9,7 mg/dl.

Los coprocultivos y los parásitos en heces fueron negativos.
En la colonoscopia se exploró hasta el ciego y se hizo una ileoscopia de los últimos 10 cm. En todo el trayecto explorado se apreciaron úlceras profundas serpiginosas entre áreas de mucosa sana y se tomaron muestras para biopsia. Las biopsias del íleon y el colon fueron compatibles con una inflamación crónica activa.

¿Cuál de estas afirmaciones es verdadera respecto a la azatioprina?",La azatioprina se utiliza en monoterapia para inducir la remisión en el brote moderado-grave de la enfermedad de Crohn.,Está contraindicada en el embarazo.,Siempre se debe monitorizar la tiopurina metiltransferasa.,La azatioprina está recomendada para el mantenimiento de la remisión en pacientes con enfermedad de Crohn corticodependiente.,d,La azatioprina está recomendada para el mantenimiento de la remisión en pacientes con enfermedad de Crohn corticodependiente.,,29,AD_ILLES_BALEARS_2022__EXAM__exam__cuadernillo-de-examen-aparato-digestivo-fea.pdf,AD_ILLES_BALEARS_2022__ANSWER_KEY__answer-key__plantilla-correctora-del-examen.pdf,retained318,412cdf1711551fd636f7925646b16df3274d3370f5202c782765fe63ca90edf6,424ef8910a075cfb5bb83bf6b19ca7f7e07d948de6ee6df3d6359365d4137b78
b83,illes-balears|2022|caso-4|85,Illes Balears,2022,aparato-digestivo,caso-4,83,"Mujer de 18 años sin antecedentes personales ni familiares de interés y sin hábitos tóxicos. Ingresa por fiebre, pérdida de peso asociada a hiporexia, diarrea de comienzo reciente sin productos patológicos y dolor abdominal de dos semanas de evolución.

Exploración. Temperatura: 37,6 °C; TA: 100/60 mmHg; consciente, orientada, eupneica; peso: 40 quilos, talla: 155 cm, delgadez, retraso del desarrollo puberal, palidez discreta, bien hidratada y perfundida. No se palparon adenopatías. La auscultación cardiorrespiratoria fue normal y la exploración abdominal no mostró hallazgos de interés. En la
inspección anal se observó una hemorroide centinela y una fisura anal en el rafe posterior.

En la analítica destacaban, hemoglobina: 9,9 g/dl; hematocrito: 34 %; VCM: 81 fl; leucocitos: 15.600 /μl (82 % neutrófilos); plaquetas: 699.000 /μl; VSG: 41 Fe: 15 μg/dl; ferritina: 247 ng/ml; proteína C reactiva: 9,7 mg/dl.

Los coprocultivos y los parásitos en heces fueron negativos.
En la colonoscopia se exploró hasta el ciego y se hizo una ileoscopia de los últimos 10 cm. En todo el trayecto explorado se apreciaron úlceras profundas serpiginosas entre áreas de mucosa sana y se tomaron muestras para biopsia. Las biopsias del íleon y el colon fueron compatibles con una inflamación crónica activa.

¿Cuál de estos estudios no es necesario antes de empezar un tratamiento biológico?",Determinación de Mantoux y QuantiFERON®.,Hemograma y bioquímica completa.,Calprotectina fecal.,Serologías infecciosas.,c,Calprotectina fecal.,,29,AD_ILLES_BALEARS_2022__EXAM__exam__cuadernillo-de-examen-aparato-digestivo-fea.pdf,AD_ILLES_BALEARS_2022__ANSWER_KEY__answer-key__plantilla-correctora-del-examen.pdf,retained318,bf2e5fc43f2875b84d45e0056009ee6cd31f2965a8141b08e64281bade3e6d56,a04e98978e4ec75fae0a819c54227aa03596de12600f073bf00c76a7b66389a1
b85,illes-balears|2022|caso-4|87,Illes Balears,2022,aparato-digestivo,caso-4,85,"Mujer de 18 años sin antecedentes personales ni familiares de interés y sin hábitos tóxicos. Ingresa por fiebre, pérdida de peso asociada a hiporexia, diarrea de comienzo reciente sin productos patológicos y dolor abdominal de dos semanas de evolución.

Exploración. Temperatura: 37,6 °C; TA: 100/60 mmHg; consciente, orientada, eupneica; peso: 40 quilos, talla: 155 cm, delgadez, retraso del desarrollo puberal, palidez discreta, bien hidratada y perfundida. No se palparon adenopatías. La auscultación cardiorrespiratoria fue normal y la exploración abdominal no mostró hallazgos de interés. En la
inspección anal se observó una hemorroide centinela y una fisura anal en el rafe posterior.

En la analítica destacaban, hemoglobina: 9,9 g/dl; hematocrito: 34 %; VCM: 81 fl; leucocitos: 15.600 /μl (82 % neutrófilos); plaquetas: 699.000 /μl; VSG: 41 Fe: 15 μg/dl; ferritina: 247 ng/ml; proteína C reactiva: 9,7 mg/dl.

Los coprocultivos y los parásitos en heces fueron negativos.
En la colonoscopia se exploró hasta el ciego y se hizo una ileoscopia de los últimos 10 cm. En todo el trayecto explorado se apreciaron úlceras profundas serpiginosas entre áreas de mucosa sana y se tomaron muestras para biopsia. Las biopsias del íleon y el colon fueron compatibles con una inflamación crónica activa.

Señale la respuesta incorrecta respecto al tratamiento anti-TNFα:",La presencia del alelo HLA-DQA1*05 confiere mayor riesgo de inmunogenicidad.,La asociación con azatioprina disminuye el riesgo de inmunogenicidad.,Siempre deben monitorizarse los niveles de biológicos.,Los pacientes tratados con anti-TNFα tienen más riesgo de infecciones.,c,Siempre deben monitorizarse los niveles de biológicos.,negated,29,AD_ILLES_BALEARS_2022__EXAM__exam__cuadernillo-de-examen-aparato-digestivo-fea.pdf,AD_ILLES_BALEARS_2022__ANSWER_KEY__answer-key__plantilla-correctora-del-examen.pdf,retained318,6def45bdba79adfcfc7336078c7697f8349f2732d8a7b0511a02020254f91199,3bdea5f90ad333a1cfd161f3fc701241d06e34f6f7f87d5015457ed4bb825996
b86,illes-balears|2022|caso-4|88,Illes Balears,2022,aparato-digestivo,caso-4,86,"Mujer de 18 años sin antecedentes personales ni familiares de interés y sin hábitos tóxicos. Ingresa por fiebre, pérdida de peso asociada a hiporexia, diarrea de comienzo reciente sin productos patológicos y dolor abdominal de dos semanas de evolución.

Exploración. Temperatura: 37,6 °C; TA: 100/60 mmHg; consciente, orientada, eupneica; peso: 40 quilos, talla: 155 cm, delgadez, retraso del desarrollo puberal, palidez discreta, bien hidratada y perfundida. No se palparon adenopatías. La auscultación cardiorrespiratoria fue normal y la exploración abdominal no mostró hallazgos de interés. En la
inspección anal se observó una hemorroide centinela y una fisura anal en el rafe posterior.

En la analítica destacaban, hemoglobina: 9,9 g/dl; hematocrito: 34 %; VCM: 81 fl; leucocitos: 15.600 /μl (82 % neutrófilos); plaquetas: 699.000 /μl; VSG: 41 Fe: 15 μg/dl; ferritina: 247 ng/ml; proteína C reactiva: 9,7 mg/dl.

Los coprocultivos y los parásitos en heces fueron negativos.
En la colonoscopia se exploró hasta el ciego y se hizo una ileoscopia de los últimos 10 cm. En todo el trayecto explorado se apreciaron úlceras profundas serpiginosas entre áreas de mucosa sana y se tomaron muestras para biopsia. Las biopsias del íleon y el colon fueron compatibles con una inflamación crónica activa.

Señale la respuesta falsa respecto a la enfermedad de Crohn perianal:",En ocasiones la enfermedad perianal puede preceder al inicio de síntomas intestinales.,El tratamiento quirúrgico es el tratamiento de elección de las fístulas.,"Los índices de actividad clínica de la enfermedad de Crohn (CDAI, Harvey-Bradshaw, Van Hees) no reflejan la gravedad de las lesiones perianales por lo que se requieren índices específicos.",Los tratamientos anti-TNFα son eficaces en el tratamiento de las fístulas.,b,El tratamiento quirúrgico es el tratamiento de elección de las fístulas.,negated,30,AD_ILLES_BALEARS_2022__EXAM__exam__cuadernillo-de-examen-aparato-digestivo-fea.pdf,AD_ILLES_BALEARS_2022__ANSWER_KEY__answer-key__plantilla-correctora-del-examen.pdf,retained318,f86830a25b7e246916f465a5c36a0aa79e5cb46feb298d78309c8d1574b02a41,7f99515ebf786a6c8c999129b5ed66db53eb61e8f8bf2d640a7dcf1c053d0869
b87,illes-balears|2022|caso-4|90,Illes Balears,2022,aparato-digestivo,caso-4,87,"Mujer de 18 años sin antecedentes personales ni familiares de interés y sin hábitos tóxicos. Ingresa por fiebre, pérdida de peso asociada a hiporexia, diarrea de comienzo reciente sin productos patológicos y dolor abdominal de dos semanas de evolución.

Exploración. Temperatura: 37,6 °C; TA: 100/60 mmHg; consciente, orientada, eupneica; peso: 40 quilos, talla: 155 cm, delgadez, retraso del desarrollo puberal, palidez discreta, bien hidratada y perfundida. No se palparon adenopatías. La auscultación cardiorrespiratoria fue normal y la exploración abdominal no mostró hallazgos de interés. En la
inspección anal se observó una hemorroide centinela y una fisura anal en el rafe posterior.

En la analítica destacaban, hemoglobina: 9,9 g/dl; hematocrito: 34 %; VCM: 81 fl; leucocitos: 15.600 /μl (82 % neutrófilos); plaquetas: 699.000 /μl; VSG: 41 Fe: 15 μg/dl; ferritina: 247 ng/ml; proteína C reactiva: 9,7 mg/dl.

Los coprocultivos y los parásitos en heces fueron negativos.
En la colonoscopia se exploró hasta el ciego y se hizo una ileoscopia de los últimos 10 cm. En todo el trayecto explorado se apreciaron úlceras profundas serpiginosas entre áreas de mucosa sana y se tomaron muestras para biopsia. Las biopsias del íleon y el colon fueron compatibles con una inflamación crónica activa.

¿Qué factor no se ha relacionado con la recurrencia posquirúrgica en la enfermedad de Crohn?",Fumador.,Tipo de cirugía.,Patrón penetrante.,Enfermedad perianal.,b,Tipo de cirugía.,,30,AD_ILLES_BALEARS_2022__EXAM__exam__cuadernillo-de-examen-aparato-digestivo-fea.pdf,AD_ILLES_BALEARS_2022__ANSWER_KEY__answer-key__plantilla-correctora-del-examen.pdf,retained318,c67242d5129f7f0aed20209b0d20695b9a31849ceaeded0d95848835ea049ae2,54ee2166448cb13a51c11dc39496ad3091691a0c8d467f48d6591eba60a71e80
b88,illes-balears|2022|caso-4|91,Illes Balears,2022,aparato-digestivo,caso-4,88,"Mujer de 18 años sin antecedentes personales ni familiares de interés y sin hábitos tóxicos. Ingresa por fiebre, pérdida de peso asociada a hiporexia, diarrea de comienzo reciente sin productos patológicos y dolor abdominal de dos semanas de evolución.

Exploración. Temperatura: 37,6 °C; TA: 100/60 mmHg; consciente, orientada, eupneica; peso: 40 quilos, talla: 155 cm, delgadez, retraso del desarrollo puberal, palidez discreta, bien hidratada y perfundida. No se palparon adenopatías. La auscultación cardiorrespiratoria fue normal y la exploración abdominal no mostró hallazgos de interés. En la
inspección anal se observó una hemorroide centinela y una fisura anal en el rafe posterior.

En la analítica destacaban, hemoglobina: 9,9 g/dl; hematocrito: 34 %; VCM: 81 fl; leucocitos: 15.600 /μl (82 % neutrófilos); plaquetas: 699.000 /μl; VSG: 41 Fe: 15 μg/dl; ferritina: 247 ng/ml; proteína C reactiva: 9,7 mg/dl.

Los coprocultivos y los parásitos en heces fueron negativos.
En la colonoscopia se exploró hasta el ciego y se hizo una ileoscopia de los últimos 10 cm. En todo el trayecto explorado se apreciaron úlceras profundas serpiginosas entre áreas de mucosa sana y se tomaron muestras para biopsia. Las biopsias del íleon y el colon fueron compatibles con una inflamación crónica activa.

En el seguimiento de la enfermedad de Crohn, tras una resección intestinal, ¿cuándo debe recomendarse una ileocolonoscopia?",A los 3 meses.,A los 6 meses.,A los 12 meses.,No es necesario realizar una ileocolonoscopia después de la cirugía.,b,A los 6 meses.,,30,AD_ILLES_BALEARS_2022__EXAM__exam__cuadernillo-de-examen-aparato-digestivo-fea.pdf,AD_ILLES_BALEARS_2022__ANSWER_KEY__answer-key__plantilla-correctora-del-examen.pdf,retained318,681cadcc848eef420b3342cc4b5f9687e92cc1361da12f390edfd20d6337e75b,88c393ce42efd1eb01b410efa16b84598bf870dbefa553ceddf38f7c5828d868
b89,illes-balears|2022|caso-4|92,Illes Balears,2022,aparato-digestivo,caso-4,89,"Mujer de 18 años sin antecedentes personales ni familiares de interés y sin hábitos tóxicos. Ingresa por fiebre, pérdida de peso asociada a hiporexia, diarrea de comienzo reciente sin productos patológicos y dolor abdominal de dos semanas de evolución.

Exploración. Temperatura: 37,6 °C; TA: 100/60 mmHg; consciente, orientada, eupneica; peso: 40 quilos, talla: 155 cm, delgadez, retraso del desarrollo puberal, palidez discreta, bien hidratada y perfundida. No se palparon adenopatías. La auscultación cardiorrespiratoria fue normal y la exploración abdominal no mostró hallazgos de interés. En la
inspección anal se observó una hemorroide centinela y una fisura anal en el rafe posterior.

En la analítica destacaban, hemoglobina: 9,9 g/dl; hematocrito: 34 %; VCM: 81 fl; leucocitos: 15.600 /μl (82 % neutrófilos); plaquetas: 699.000 /μl; VSG: 41 Fe: 15 μg/dl; ferritina: 247 ng/ml; proteína C reactiva: 9,7 mg/dl.

Los coprocultivos y los parásitos en heces fueron negativos.
En la colonoscopia se exploró hasta el ciego y se hizo una ileoscopia de los últimos 10 cm. En todo el trayecto explorado se apreciaron úlceras profundas serpiginosas entre áreas de mucosa sana y se tomaron muestras para biopsia. Las biopsias del íleon y el colon fueron compatibles con una inflamación crónica activa.

¿A qué hace referencia el índice endoscópico de Rutgeerst i2 de recurrencia postquirúrgica?",Ileítis aftosa difusa con mucosa difusamente inflamada.,Presencia de menos de cinco aftas en el íleon distal.,Más de cinco aftas o lesiones ulceradas con mucosa normal entre las lesiones a menos de 1 cm de la anastomosis.,Mucosa normal.,c,Más de cinco aftas o lesiones ulceradas con mucosa normal entre las lesiones a menos de 1 cm de la anastomosis.,,31,AD_ILLES_BALEARS_2022__EXAM__exam__cuadernillo-de-examen-aparato-digestivo-fea.pdf,AD_ILLES_BALEARS_2022__ANSWER_KEY__answer-key__plantilla-correctora-del-examen.pdf,retained318,b812384c8b70d17a8e73c9396077abe1c22ced91335cdb9535ef66f79917ecef,01c04c576282faeb09332112876f0547c473efefa75f77cbd61a4b8d4529fbea
b90,illes-balears|2022|caso-4|93,Illes Balears,2022,aparato-digestivo,caso-4,90,"Mujer de 18 años sin antecedentes personales ni familiares de interés y sin hábitos tóxicos. Ingresa por fiebre, pérdida de peso asociada a hiporexia, diarrea de comienzo reciente sin productos patológicos y dolor abdominal de dos semanas de evolución.

Exploración. Temperatura: 37,6 °C; TA: 100/60 mmHg; consciente, orientada, eupneica; peso: 40 quilos, talla: 155 cm, delgadez, retraso del desarrollo puberal, palidez discreta, bien hidratada y perfundida. No se palparon adenopatías. La auscultación cardiorrespiratoria fue normal y la exploración abdominal no mostró hallazgos de interés. En la
inspección anal se observó una hemorroide centinela y una fisura anal en el rafe posterior.

En la analítica destacaban, hemoglobina: 9,9 g/dl; hematocrito: 34 %; VCM: 81 fl; leucocitos: 15.600 /μl (82 % neutrófilos); plaquetas: 699.000 /μl; VSG: 41 Fe: 15 μg/dl; ferritina: 247 ng/ml; proteína C reactiva: 9,7 mg/dl.

Los coprocultivos y los parásitos en heces fueron negativos.
En la colonoscopia se exploró hasta el ciego y se hizo una ileoscopia de los últimos 10 cm. En todo el trayecto explorado se apreciaron úlceras profundas serpiginosas entre áreas de mucosa sana y se tomaron muestras para biopsia. Las biopsias del íleon y el colon fueron compatibles con una inflamación crónica activa.

Señale la respuesta falsa con respecto a la enfermedad inflamatoria intestinal y la gestación:",Existe más riesgo de complicaciones gestacionales en las pacientes con enfermedad de Crohn activa durante el embarazo.,Los corticoides son seguros en el embarazo.,La utilización de metotrexato está absolutamente contraindicada durante el embarazo.,Todas las mujeres con enfermedad inflamatoria intestinal tienen menos fertilidad que la población general.,d,Todas las mujeres con enfermedad inflamatoria intestinal tienen menos fertilidad que la población general.,negated,31,AD_ILLES_BALEARS_2022__EXAM__exam__cuadernillo-de-examen-aparato-digestivo-fea.pdf,AD_ILLES_BALEARS_2022__ANSWER_KEY__answer-key__plantilla-correctora-del-examen.pdf,retained318,fca6b610f6616b6f276cbf383cb6cf7f1dfc8ac6af6393c1007b3aacec2edcfa,7779746cad5e2c85abba953c869bb37bf013d72a3516b37ea9352a0facd25126
b92,illes-balears|2022|caso-4|95,Illes Balears,2022,aparato-digestivo,caso-4,92,"Mujer de 18 años sin antecedentes personales ni familiares de interés y sin hábitos tóxicos. Ingresa por fiebre, pérdida de peso asociada a hiporexia, diarrea de comienzo reciente sin productos patológicos y dolor abdominal de dos semanas de evolución.

Exploración. Temperatura: 37,6 °C; TA: 100/60 mmHg; consciente, orientada, eupneica; peso: 40 quilos, talla: 155 cm, delgadez, retraso del desarrollo puberal, palidez discreta, bien hidratada y perfundida. No se palparon adenopatías. La auscultación cardiorrespiratoria fue normal y la exploración abdominal no mostró hallazgos de interés. En la
inspección anal se observó una hemorroide centinela y una fisura anal en el rafe posterior.

En la analítica destacaban, hemoglobina: 9,9 g/dl; hematocrito: 34 %; VCM: 81 fl; leucocitos: 15.600 /μl (82 % neutrófilos); plaquetas: 699.000 /μl; VSG: 41 Fe: 15 μg/dl; ferritina: 247 ng/ml; proteína C reactiva: 9,7 mg/dl.

Los coprocultivos y los parásitos en heces fueron negativos.
En la colonoscopia se exploró hasta el ciego y se hizo una ileoscopia de los últimos 10 cm. En todo el trayecto explorado se apreciaron úlceras profundas serpiginosas entre áreas de mucosa sana y se tomaron muestras para biopsia. Las biopsias del íleon y el colon fueron compatibles con una inflamación crónica activa.

Señale la respuesta falsa respecto al vedolizumab en el tratamiento de la enfermedad de Crohn:",La inducción se hace por vía endovenosa.,Durante el tratamiento con vedolizumab se pueden administrar vacunas de virus vivos.,Es más eficaz en pacientes naive de anti-TNF$\alpha$.,La inmunogenicidad o formación de anticuerpos es infrecuente.,b,Durante el tratamiento con vedolizumab se pueden administrar vacunas de virus vivos.,negated,31,AD_ILLES_BALEARS_2022__EXAM__exam__cuadernillo-de-examen-aparato-digestivo-fea.pdf,AD_ILLES_BALEARS_2022__ANSWER_KEY__answer-key__plantilla-correctora-del-examen.pdf,retained318,438a0153b4653741d2e5f1bd1238926dfb808a25c39eabe39c78fbedd77312c8,19010d229bdf7b8abbeefd6513dc7ac5351ee7df887a50c2808f080919d079ca
b93,illes-balears|2022|caso-4|96,Illes Balears,2022,aparato-digestivo,caso-4,93,"Mujer de 18 años sin antecedentes personales ni familiares de interés y sin hábitos tóxicos. Ingresa por fiebre, pérdida de peso asociada a hiporexia, diarrea de comienzo reciente sin productos patológicos y dolor abdominal de dos semanas de evolución.

Exploración. Temperatura: 37,6 °C; TA: 100/60 mmHg; consciente, orientada, eupneica; peso: 40 quilos, talla: 155 cm, delgadez, retraso del desarrollo puberal, palidez discreta, bien hidratada y perfundida. No se palparon adenopatías. La auscultación cardiorrespiratoria fue normal y la exploración abdominal no mostró hallazgos de interés. En la
inspección anal se observó una hemorroide centinela y una fisura anal en el rafe posterior.

En la analítica destacaban, hemoglobina: 9,9 g/dl; hematocrito: 34 %; VCM: 81 fl; leucocitos: 15.600 /μl (82 % neutrófilos); plaquetas: 699.000 /μl; VSG: 41 Fe: 15 μg/dl; ferritina: 247 ng/ml; proteína C reactiva: 9,7 mg/dl.

Los coprocultivos y los parásitos en heces fueron negativos.
En la colonoscopia se exploró hasta el ciego y se hizo una ileoscopia de los últimos 10 cm. En todo el trayecto explorado se apreciaron úlceras profundas serpiginosas entre áreas de mucosa sana y se tomaron muestras para biopsia. Las biopsias del íleon y el colon fueron compatibles con una inflamación crónica activa.

¿Cuál es el mecanismo de acción del ustekinumab?",Inhibe el TNFα.,Se une a una integrina del endotelio intestinal.,Inhibe los receptores JAK1 y JAK3.,Se une a la subunidad p40 de la interleuquina12/23.,d,Se une a la subunidad p40 de la interleuquina12/23.,,32,AD_ILLES_BALEARS_2022__EXAM__exam__cuadernillo-de-examen-aparato-digestivo-fea.pdf,AD_ILLES_BALEARS_2022__ANSWER_KEY__answer-key__plantilla-correctora-del-examen.pdf,retained318,86d5f666a7371d1682824ddeb10324d905b5742cc651ced0cd31cb942201710b,72690fb7f4733e34659b099ee8e243fc63d861704640315e479e6a41fce9c5a7
b95,illes-balears|2022|caso-5|98,Illes Balears,2022,aparato-digestivo,caso-5,95,"Varón de 32 años sin hábitos tóxicos ni alergias medicamentosas conocidas y sin antecedentes familiares de interés.

Como único antecedente patológico destaca una rectosigmoiditis ulcerosa diagnosticada dos años antes tras una historia de diarrea sanguinolenta intermitente y un tenesmo discreto. En ese momento se hizo una colonoscopia completa con biopsia que mostró una afectación del recto sigma hasta unos 15 cm del margen anal en forma de mucosa eritematosa friable con sangrado con el roce mínimo de predominante en el recto distal. Se descartaron procesos infecciosos intestinales. Las únicas
alteraciones analíticas reseñables en el momento del diagnóstico fueron que era positivo de P-ANCA y tenía una calprotectina fecal de 450 μg/g. Se pautó un tratamiento con enemas de mesalazina.

Señale la respuesta falsa en referencia a la epidemiologia de la CU:",La afectación es similar tanto en mujeres como en hombres.,La edad de debut más frecuente son la segunda y la tercera década de la vida.,La prevalencia es diferente según el grupo étnico estudiado.,La prevalencia es más importante en países subdesarrollados.,d,La prevalencia es más importante en países subdesarrollados.,negated,33,AD_ILLES_BALEARS_2022__EXAM__exam__cuadernillo-de-examen-aparato-digestivo-fea.pdf,AD_ILLES_BALEARS_2022__ANSWER_KEY__answer-key__plantilla-correctora-del-examen.pdf,retained318,ee245cf0da92f48eb1da0a9e971428e0de4aff80a682e726c5a2c7955021d81a,27cc67428b1cf33d4939a7c8751679f579670de320fdefb1af2c7eff80e1ce50
b98,illes-balears|2022|caso-5|101,Illes Balears,2022,aparato-digestivo,caso-5,98,"Varón de 32 años sin hábitos tóxicos ni alergias medicamentosas conocidas y sin antecedentes familiares de interés.

Como único antecedente patológico destaca una rectosigmoiditis ulcerosa diagnosticada dos años antes tras una historia de diarrea sanguinolenta intermitente y un tenesmo discreto. En ese momento se hizo una colonoscopia completa con biopsia que mostró una afectación del recto sigma hasta unos 15 cm del margen anal en forma de mucosa eritematosa friable con sangrado con el roce mínimo de predominante en el recto distal. Se descartaron procesos infecciosos intestinales. Las únicas
alteraciones analíticas reseñables en el momento del diagnóstico fueron que era positivo de P-ANCA y tenía una calprotectina fecal de 450 μg/g. Se pautó un tratamiento con enemas de mesalazina.

Asumiendo el diagnóstico de rectosigmoiditis ulcerosa en actividad leve-moderada en el momento del diagnóstico, ¿cuál de las propuestas siguientes se considera la más indicada como primera opción de tratamiento?",Esteroides tópicos para inducir la remisión y no pautar un tratamiento de mantenimiento porque es el primer brote.,Mesalazina en enemas para inducir la remisión y la pautar como tratamiento de mantenimiento.,Mesalazina en enemas para inducir la remisión y no pautar tratamiento de mantenimiento porque es el primer brote.,Prednisona oral para la remisión y mesalazina oral para el mantenimiento.,b,Mesalazina en enemas para inducir la remisión y la pautar como tratamiento de mantenimiento.,,34,AD_ILLES_BALEARS_2022__EXAM__exam__cuadernillo-de-examen-aparato-digestivo-fea.pdf,AD_ILLES_BALEARS_2022__ANSWER_KEY__answer-key__plantilla-correctora-del-examen.pdf,retained318,b4e1b4d8354b626734d314ba2883fd4b0fa5e124bd45cd673bd9d081cdca4e45,612693cbc215036e31962682c4239f381a655745cc4ef2e942574f22f7e092a5
b99,illes-balears|2022|caso-5|102,Illes Balears,2022,aparato-digestivo,caso-5,99,"Varón de 32 años sin hábitos tóxicos ni alergias medicamentosas conocidas y sin antecedentes familiares de interés.

Como único antecedente patológico destaca una rectosigmoiditis ulcerosa diagnosticada dos años antes tras una historia de diarrea sanguinolenta intermitente y un tenesmo discreto. En ese momento se hizo una colonoscopia completa con biopsia que mostró una afectación del recto sigma hasta unos 15 cm del margen anal en forma de mucosa eritematosa friable con sangrado con el roce mínimo de predominante en el recto distal. Se descartaron procesos infecciosos intestinales. Las únicas
alteraciones analíticas reseñables en el momento del diagnóstico fueron que era positivo de P-ANCA y tenía una calprotectina fecal de 450 μg/g. Se pautó un tratamiento con enemas de mesalazina.

El paciente permaneció asintomático desde el diagnóstico siguiendo controles en consultas y con cumplimiento terapéutico. Contactó con su servicio de digestivo de referencia por presentar, en las dos semanas previas, un aumento del número de deposiciones con entre cuatro y seis deposiciones al día deshechas con resto hemático fresco en la mayoría de ellas, con imperiosidad, sin respetar descanso nocturno y con dolor abdominal previo a la deposición. No había afectación del estado general. El mes previo al inicio de la sintomatología digestiva inició una lumbalgia intermitente, en ocasiones
intensa, y se automedicó con ibuprofeno en comprimidos de 600 mg de forma puntual.

La exploración física fue normal y se solicitó una analítica completa en la cual destacaba HB: 12,5 gr/dl, VSG y PCR normales, calprotectina: 675 μg/g, FA: 270 UI/L, GGT: 65 UI/L, Bil. total: GOT y GPT normales, ferropenia discreta, resto de parámetros nutricionales normales.

Señale la afirmación falsa:",La extensión de la afectación mucosa se da en un 20 % de los pacientes en los cinco primeros años desde el diagnóstico.,Los medicamentos antiinflamatorios no esteroides (AINES) están completamente contraindicados en la CU.,Un 20 % de los pacientes de CU tendrán manifestaciones extraintestinales a lo largo de su vida.,Las manifestaciones extraintestinales pueden aparecer antes que la enfermedad intestinal.,b,Los medicamentos antiinflamatorios no esteroides (AINES) están completamente contraindicados en la CU.,negated,35,AD_ILLES_BALEARS_2022__EXAM__exam__cuadernillo-de-examen-aparato-digestivo-fea.pdf,AD_ILLES_BALEARS_2022__ANSWER_KEY__answer-key__plantilla-correctora-del-examen.pdf,retained318,e27dff4fe9fe699d31e1a22a73bfae6fe7f9b1a50d070a7ae0086997571a8c3b,8cd7505c5eb751deefbb1866588fade3754e6e0d6fae70686405adf05cb9dbe6
b101,illes-balears|2022|caso-5|104,Illes Balears,2022,aparato-digestivo,caso-5,101,"Varón de 32 años sin hábitos tóxicos ni alergias medicamentosas conocidas y sin antecedentes familiares de interés.

Como único antecedente patológico destaca una rectosigmoiditis ulcerosa diagnosticada dos años antes tras una historia de diarrea sanguinolenta intermitente y un tenesmo discreto. En ese momento se hizo una colonoscopia completa con biopsia que mostró una afectación del recto sigma hasta unos 15 cm del margen anal en forma de mucosa eritematosa friable con sangrado con el roce mínimo de predominante en el recto distal. Se descartaron procesos infecciosos intestinales. Las únicas
alteraciones analíticas reseñables en el momento del diagnóstico fueron que era positivo de P-ANCA y tenía una calprotectina fecal de 450 μg/g. Se pautó un tratamiento con enemas de mesalazina.

El paciente permaneció asintomático desde el diagnóstico siguiendo controles en consultas y con cumplimiento terapéutico. Contactó con su servicio de digestivo de referencia por presentar, en las dos semanas previas, un aumento del número de deposiciones con entre cuatro y seis deposiciones al día deshechas con resto hemático fresco en la mayoría de ellas, con imperiosidad, sin respetar descanso nocturno y con dolor abdominal previo a la deposición. No había afectación del estado general. El mes previo al inicio de la sintomatología digestiva inició una lumbalgia intermitente, en ocasiones
intensa, y se automedicó con ibuprofeno en comprimidos de 600 mg de forma puntual.

La exploración física fue normal y se solicitó una analítica completa en la cual destacaba HB: 12,5 gr/dl, VSG y PCR normales, calprotectina: 675 μg/g, FA: 270 UI/L, GGT: 65 UI/L, Bil. total: GOT y GPT normales, ferropenia discreta, resto de parámetros nutricionales normales.

Señale la afirmación verdadera en el caso que se comenta tras conocer los resultados expuestos:",Puede asumirse que está en actividad moderada y que se pueden iniciar esteroides sistémicos vía oral para inducir la remisión.,La presencia de colestasis disociada hace sospechar la colangitis esclerosante primaria (CEP) como manifestación extraintestinal ya que es la más frecuente en la CU.,En este caso se debe completar el estudio con una nueva colonoscopia o una rectosigmoidoscopia con toma de biopsias y se deben descartar infecciones por citomegalovirus (CMV) o Clostridium.,Todas las respuestas anteriores son ciertas.,c,En este caso se debe completar el estudio con una nueva colonoscopia o una rectosigmoidoscopia con toma de biopsias y se deben descartar infecciones por citomegalovirus (CMV) o Clostridium.,,36,AD_ILLES_BALEARS_2022__EXAM__exam__cuadernillo-de-examen-aparato-digestivo-fea.pdf,AD_ILLES_BALEARS_2022__ANSWER_KEY__answer-key__plantilla-correctora-del-examen.pdf,retained318,32411011a2ebbdcf2adb37d6603638b286d72dd61f7dcb2563399ed7e3168f65,52d170d4a00e324c7604545616414b5495888e5a68ed52e6e22fd90c004082d5
b104,illes-balears|2022|caso-5|107,Illes Balears,2022,aparato-digestivo,caso-5,104,"Varón de 32 años sin hábitos tóxicos ni alergias medicamentosas conocidas y sin antecedentes familiares de interés.

Como único antecedente patológico destaca una rectosigmoiditis ulcerosa diagnosticada dos años antes tras una historia de diarrea sanguinolenta intermitente y un tenesmo discreto. En ese momento se hizo una colonoscopia completa con biopsia que mostró una afectación del recto sigma hasta unos 15 cm del margen anal en forma de mucosa eritematosa friable con sangrado con el roce mínimo de predominante en el recto distal. Se descartaron procesos infecciosos intestinales. Las únicas
alteraciones analíticas reseñables en el momento del diagnóstico fueron que era positivo de P-ANCA y tenía una calprotectina fecal de 450 μg/g. Se pautó un tratamiento con enemas de mesalazina.

El paciente permaneció asintomático desde el diagnóstico siguiendo controles en consultas y con cumplimiento terapéutico. Contactó con su servicio de digestivo de referencia por presentar, en las dos semanas previas, un aumento del número de deposiciones con entre cuatro y seis deposiciones al día deshechas con resto hemático fresco en la mayoría de ellas, con imperiosidad, sin respetar descanso nocturno y con dolor abdominal previo a la deposición. No había afectación del estado general. El mes previo al inicio de la sintomatología digestiva inició una lumbalgia intermitente, en ocasiones
intensa, y se automedicó con ibuprofeno en comprimidos de 600 mg de forma puntual.

La exploración física fue normal y se solicitó una analítica completa en la cual destacaba HB: 12,5 gr/dl, VSG y PCR normales, calprotectina: 675 μg/g, FA: 270 UI/L, GGT: 65 UI/L, Bil. total: GOT y GPT normales, ferropenia discreta, resto de parámetros nutricionales normales.

En el caso presentado se hizo una colonoscopia completa que mostró una progresión a pancolitis ulcerosa, se asumió el diagnóstico de brote moderado severo y se controló de manera ambulatoria.

En caso de necesitar cualquiera de los fármacos indicados para inducir la remisión tras el fracaso a los esteroides, ¿cuál de las siguientes afirmaciones es falsa respecto al tratamiento de continuación?",Se aconseja mantener el tratamiento que ha conseguido inducir la remisión.,"Para inducir la remisión, vedolizumab es superior a cualquier anti-TNF.","Factores como la edad, antecedentes personales o comorbilidades (cardiopatía, neoplasias o infecciones graves) deben tenerse en cuenta a la hora de decidir el tratamiento para inducir la remisión y el mantenimiento en la CU moderada-grave.",En el caso de los fármacos anti-TNF se aconseja añadir tiopurinas para mejorar la respuesta y la duración del tratamiento.,b,"Para inducir la remisión, vedolizumab es superior a cualquier anti-TNF.",negated,37,AD_ILLES_BALEARS_2022__EXAM__exam__cuadernillo-de-examen-aparato-digestivo-fea.pdf,AD_ILLES_BALEARS_2022__ANSWER_KEY__answer-key__plantilla-correctora-del-examen.pdf,retained318,761f90c38b230eb47b81e7b7dd4fd32df90fd692ae48211f729738efa3e76325,d06f4203d359a2a04af32eb0aec34b3671321d491734ad53235b015f3b83178e
b106,illes-balears|2022|caso-5|109,Illes Balears,2022,aparato-digestivo,caso-5,106,"Varón de 32 años sin hábitos tóxicos ni alergias medicamentosas conocidas y sin antecedentes familiares de interés.

Como único antecedente patológico destaca una rectosigmoiditis ulcerosa diagnosticada dos años antes tras una historia de diarrea sanguinolenta intermitente y un tenesmo discreto. En ese momento se hizo una colonoscopia completa con biopsia que mostró una afectación del recto sigma hasta unos 15 cm del margen anal en forma de mucosa eritematosa friable con sangrado con el roce mínimo de predominante en el recto distal. Se descartaron procesos infecciosos intestinales. Las únicas
alteraciones analíticas reseñables en el momento del diagnóstico fueron que era positivo de P-ANCA y tenía una calprotectina fecal de 450 μg/g. Se pautó un tratamiento con enemas de mesalazina.

El paciente permaneció asintomático desde el diagnóstico siguiendo controles en consultas y con cumplimiento terapéutico. Contactó con su servicio de digestivo de referencia por presentar, en las dos semanas previas, un aumento del número de deposiciones con entre cuatro y seis deposiciones al día deshechas con resto hemático fresco en la mayoría de ellas, con imperiosidad, sin respetar descanso nocturno y con dolor abdominal previo a la deposición. No había afectación del estado general. El mes previo al inicio de la sintomatología digestiva inició una lumbalgia intermitente, en ocasiones
intensa, y se automedicó con ibuprofeno en comprimidos de 600 mg de forma puntual.

La exploración física fue normal y se solicitó una analítica completa en la cual destacaba HB: 12,5 gr/dl, VSG y PCR normales, calprotectina: 675 μg/g, FA: 270 UI/L, GGT: 65 UI/L, Bil. total: GOT y GPT normales, ferropenia discreta, resto de parámetros nutricionales normales.

En el caso presentado se hizo una colonoscopia completa que mostró una progresión a pancolitis ulcerosa, se asumió el diagnóstico de brote moderado severo y se controló de manera ambulatoria.

El paciente recibió un tratamiento con adalimumab para conseguir la remisión y se pautó como tratamiento de mantenimiento. Se le asoció, inicialmente, azatioprina que fue retirada por un episodio de pancreatitis leve.

Ante un alto grado de sospecha de colangitis esclerosante primaria (CEP), ¿cuál debe ser la actitud?","Hacer una ecografía y, en caso de ausencia de datos sugestivos, hacer controles analíticos ambulatorios y valorar otra exploración si la colestasis progresa.",Hacer una ecografía y si es normal solicitar un estudio con colangioresonancia. Si no hay lesiones hay que hacer un seguimiento ambulatorio.,Hacer una ecografía y si es normal solicitar un estudio con colangioresonancia. Si no hay lesiones debe hacerse una colangiografía retrograda endoscópica.,Si la ecografía y la colangioresonancia son normales debe hacerse una biopsia hepática.,d,Si la ecografía y la colangioresonancia son normales debe hacerse una biopsia hepática.,,38,AD_ILLES_BALEARS_2022__EXAM__exam__cuadernillo-de-examen-aparato-digestivo-fea.pdf,AD_ILLES_BALEARS_2022__ANSWER_KEY__answer-key__plantilla-correctora-del-examen.pdf,retained318,7850ed10c42c78b98f8b6782b6cd8c4f91fd0d0fde56b956136d73f7d19a1714,34f17153402df518a8c2a88e7c64539c402b93959118a5ed6261ec7abc027ba0
b107,illes-balears|2022|caso-5|110,Illes Balears,2022,aparato-digestivo,caso-5,107,"Varón de 32 años sin hábitos tóxicos ni alergias medicamentosas conocidas y sin antecedentes familiares de interés.

Como único antecedente patológico destaca una rectosigmoiditis ulcerosa diagnosticada dos años antes tras una historia de diarrea sanguinolenta intermitente y un tenesmo discreto. En ese momento se hizo una colonoscopia completa con biopsia que mostró una afectación del recto sigma hasta unos 15 cm del margen anal en forma de mucosa eritematosa friable con sangrado con el roce mínimo de predominante en el recto distal. Se descartaron procesos infecciosos intestinales. Las únicas
alteraciones analíticas reseñables en el momento del diagnóstico fueron que era positivo de P-ANCA y tenía una calprotectina fecal de 450 μg/g. Se pautó un tratamiento con enemas de mesalazina.

El paciente permaneció asintomático desde el diagnóstico siguiendo controles en consultas y con cumplimiento terapéutico. Contactó con su servicio de digestivo de referencia por presentar, en las dos semanas previas, un aumento del número de deposiciones con entre cuatro y seis deposiciones al día deshechas con resto hemático fresco en la mayoría de ellas, con imperiosidad, sin respetar descanso nocturno y con dolor abdominal previo a la deposición. No había afectación del estado general. El mes previo al inicio de la sintomatología digestiva inició una lumbalgia intermitente, en ocasiones
intensa, y se automedicó con ibuprofeno en comprimidos de 600 mg de forma puntual.

La exploración física fue normal y se solicitó una analítica completa en la cual destacaba HB: 12,5 gr/dl, VSG y PCR normales, calprotectina: 675 μg/g, FA: 270 UI/L, GGT: 65 UI/L, Bil. total: GOT y GPT normales, ferropenia discreta, resto de parámetros nutricionales normales.

En el caso presentado se hizo una colonoscopia completa que mostró una progresión a pancolitis ulcerosa, se asumió el diagnóstico de brote moderado severo y se controló de manera ambulatoria.

El paciente recibió un tratamiento con adalimumab para conseguir la remisión y se pautó como tratamiento de mantenimiento. Se le asoció, inicialmente, azatioprina que fue retirada por un episodio de pancreatitis leve.

Señale la afirmación falsa:",La localización y la extensión de la CU asociada a la CEP es distinta a la de la CU sin CEP.,Se recomienda a los pacientes diagnosticados de CEP hacer una colonoileoscopia con toma de muestra para biopsia a pesar de la ausencia de lesiones macroscópicas dado que entre el 50 % y el 80 % están afectos también de dicha enfermedad inflamatoria intestinal.,Los fármacos anti-TNF utilizados en los pacientes con CU y CEP han demostrado una mejoría en la colestasis crónica y en la evolución de la CEP.,El riesgo de cáncer de colon aumenta de forma significativa en la CU asociada a CEP.,c,Los fármacos anti-TNF utilizados en los pacientes con CU y CEP han demostrado una mejoría en la colestasis crónica y en la evolución de la CEP.,negated,38,AD_ILLES_BALEARS_2022__EXAM__exam__cuadernillo-de-examen-aparato-digestivo-fea.pdf,AD_ILLES_BALEARS_2022__ANSWER_KEY__answer-key__plantilla-correctora-del-examen.pdf,retained318,28bd500714e41106736a30a7ce64785d6ea3847d289ef7e236ee0e60bf8ceba1,c8248032d65cbc9417a7bae8868698ec34378aec95a2f61a45c7d49b17dfef0d
b110,illes-balears|2022|caso-5|113,Illes Balears,2022,aparato-digestivo,caso-5,110,"Varón de 32 años sin hábitos tóxicos ni alergias medicamentosas conocidas y sin antecedentes familiares de interés.

Como único antecedente patológico destaca una rectosigmoiditis ulcerosa diagnosticada dos años antes tras una historia de diarrea sanguinolenta intermitente y un tenesmo discreto. En ese momento se hizo una colonoscopia completa con biopsia que mostró una afectación del recto sigma hasta unos 15 cm del margen anal en forma de mucosa eritematosa friable con sangrado con el roce mínimo de predominante en el recto distal. Se descartaron procesos infecciosos intestinales. Las únicas
alteraciones analíticas reseñables en el momento del diagnóstico fueron que era positivo de P-ANCA y tenía una calprotectina fecal de 450 μg/g. Se pautó un tratamiento con enemas de mesalazina.

El paciente permaneció asintomático desde el diagnóstico siguiendo controles en consultas y con cumplimiento terapéutico. Contactó con su servicio de digestivo de referencia por presentar, en las dos semanas previas, un aumento del número de deposiciones con entre cuatro y seis deposiciones al día deshechas con resto hemático fresco en la mayoría de ellas, con imperiosidad, sin respetar descanso nocturno y con dolor abdominal previo a la deposición. No había afectación del estado general. El mes previo al inicio de la sintomatología digestiva inició una lumbalgia intermitente, en ocasiones
intensa, y se automedicó con ibuprofeno en comprimidos de 600 mg de forma puntual.

La exploración física fue normal y se solicitó una analítica completa en la cual destacaba HB: 12,5 gr/dl, VSG y PCR normales, calprotectina: 675 μg/g, FA: 270 UI/L, GGT: 65 UI/L, Bil. total: GOT y GPT normales, ferropenia discreta, resto de parámetros nutricionales normales.

En el caso presentado se hizo una colonoscopia completa que mostró una progresión a pancolitis ulcerosa, se asumió el diagnóstico de brote moderado severo y se controló de manera ambulatoria.

El paciente recibió un tratamiento con adalimumab para conseguir la remisión y se pautó como tratamiento de mantenimiento. Se le asoció, inicialmente, azatioprina que fue retirada por un episodio de pancreatitis leve.

Se descartó la CEP y se mantuvo en remisión clínica y biológica en los siguientes ocho meses en monoterapia con adalimumab a dosis habituales de 40 mg cada dos semanas. A partir de esa fecha, de forma progresiva, refiere un aumento del número de deposiciones pasando de una a cinco o seis, con sangrado con las heces en la mayoría de las deposiciones, cierto tenesmo y dolor cólico previo a la deposición. Refirió una afectación de su calidad de vida, pero no de su estado general. Se hizo un estudio de heces con coprocultivos negativos, Clostridium negativo y calprotectina de 540 μg/g. La
analítica de sangre, el hemograma, el VSG, la PCR y los parámetros nutricionales fueron normales. Se decidió hacer una rectosigmoidoscopia que evidenció mucosa con eritema intenso friable con alguna erosión aislada desde el recto que afectaba de forma difusa toda la mucosa valorada. Se tomaron muestras para biopsia para conocer el grado de actividad histológico y la presencia de citomegalovirus (CMV).

En el caso clínico comentado, la biopsia mostró índice de Rutter 3. La inmunohistoquímica para CMV fue negativa y la PCR para CMV positiva. Señale la afirmación correcta:",La disparidad de los resultados respecto a una infección por CMV obliga a repetir la toma de muestras y a hacer un nuevo estudio histológico y microbiológico.,Debe asumirse la reactivación de CMV y debe añadirse al tratamiento valganciclovir vía oral durante seis semanas.,Debe asumirse una infección crónica por CMV sin influencia en la actividad inflamatoria y únicamente debe tratarse el brote de colitis.,"Debe asumirse una infección crónica por CMV, no debe tratarse la infección pero debe suspenderse el tratamiento anti-TNF para evitar la reactivación.",c,Debe asumirse una infección crónica por CMV sin influencia en la actividad inflamatoria y únicamente debe tratarse el brote de colitis.,,40,AD_ILLES_BALEARS_2022__EXAM__exam__cuadernillo-de-examen-aparato-digestivo-fea.pdf,AD_ILLES_BALEARS_2022__ANSWER_KEY__answer-key__plantilla-correctora-del-examen.pdf,retained318,34f28f02b34b62ff0b6348892e1e0f4d1522da7fa35afdcfa31bb0d6ce9a63fa,662585a51b01ea83b826af5159ab342ae9b96a0592ab21db8f4ff18f8a40cdb7
b111,illes-balears|2022|caso-5|114,Illes Balears,2022,aparato-digestivo,caso-5,111,"Varón de 32 años sin hábitos tóxicos ni alergias medicamentosas conocidas y sin antecedentes familiares de interés.

Como único antecedente patológico destaca una rectosigmoiditis ulcerosa diagnosticada dos años antes tras una historia de diarrea sanguinolenta intermitente y un tenesmo discreto. En ese momento se hizo una colonoscopia completa con biopsia que mostró una afectación del recto sigma hasta unos 15 cm del margen anal en forma de mucosa eritematosa friable con sangrado con el roce mínimo de predominante en el recto distal. Se descartaron procesos infecciosos intestinales. Las únicas
alteraciones analíticas reseñables en el momento del diagnóstico fueron que era positivo de P-ANCA y tenía una calprotectina fecal de 450 μg/g. Se pautó un tratamiento con enemas de mesalazina.

El paciente permaneció asintomático desde el diagnóstico siguiendo controles en consultas y con cumplimiento terapéutico. Contactó con su servicio de digestivo de referencia por presentar, en las dos semanas previas, un aumento del número de deposiciones con entre cuatro y seis deposiciones al día deshechas con resto hemático fresco en la mayoría de ellas, con imperiosidad, sin respetar descanso nocturno y con dolor abdominal previo a la deposición. No había afectación del estado general. El mes previo al inicio de la sintomatología digestiva inició una lumbalgia intermitente, en ocasiones
intensa, y se automedicó con ibuprofeno en comprimidos de 600 mg de forma puntual.

La exploración física fue normal y se solicitó una analítica completa en la cual destacaba HB: 12,5 gr/dl, VSG y PCR normales, calprotectina: 675 μg/g, FA: 270 UI/L, GGT: 65 UI/L, Bil. total: GOT y GPT normales, ferropenia discreta, resto de parámetros nutricionales normales.

En el caso presentado se hizo una colonoscopia completa que mostró una progresión a pancolitis ulcerosa, se asumió el diagnóstico de brote moderado severo y se controló de manera ambulatoria.

El paciente recibió un tratamiento con adalimumab para conseguir la remisión y se pautó como tratamiento de mantenimiento. Se le asoció, inicialmente, azatioprina que fue retirada por un episodio de pancreatitis leve.

Se descartó la CEP y se mantuvo en remisión clínica y biológica en los siguientes ocho meses en monoterapia con adalimumab a dosis habituales de 40 mg cada dos semanas. A partir de esa fecha, de forma progresiva, refiere un aumento del número de deposiciones pasando de una a cinco o seis, con sangrado con las heces en la mayoría de las deposiciones, cierto tenesmo y dolor cólico previo a la deposición. Refirió una afectación de su calidad de vida, pero no de su estado general. Se hizo un estudio de heces con coprocultivos negativos, Clostridium negativo y calprotectina de 540 μg/g. La
analítica de sangre, el hemograma, el VSG, la PCR y los parámetros nutricionales fueron normales. Se decidió hacer una rectosigmoidoscopia que evidenció mucosa con eritema intenso friable con alguna erosión aislada desde el recto que afectaba de forma difusa toda la mucosa valorada. Se tomaron muestras para biopsia para conocer el grado de actividad histológico y la presencia de citomegalovirus (CMV).

Señale la afirmación verdadera en referencia a la reactivación de la CU en este paciente:",Probablemente sea una colitis por reactivación del CMV.,"El tratamiento con anti-TNF ha perdido eficacia, situación que se da en el 90 % de los casos en el primer año de tratamiento si no se asocia a tiopurinas.",La pérdida de eficacia de la combinación con anti-TNF más tiopurinas antes del año de inicio del tratamiento se da en menos del 1 % de los casos.,La presencia del CMV empeora el pronóstico de la colitis ulcerosa.,d,La presencia del CMV empeora el pronóstico de la colitis ulcerosa.,,40,AD_ILLES_BALEARS_2022__EXAM__exam__cuadernillo-de-examen-aparato-digestivo-fea.pdf,AD_ILLES_BALEARS_2022__ANSWER_KEY__answer-key__plantilla-correctora-del-examen.pdf,retained318,3e10471f51d168c5a6baff6ba8d4f575633ce97f19031ec4343cb9883a068fb6,4cbb253430a31d2735d4741d0bfcb5e3f44ec8e27a0fdd42985216b878f68215
b112,illes-balears|2022|caso-5|115,Illes Balears,2022,aparato-digestivo,caso-5,112,"Varón de 32 años sin hábitos tóxicos ni alergias medicamentosas conocidas y sin antecedentes familiares de interés.

Como único antecedente patológico destaca una rectosigmoiditis ulcerosa diagnosticada dos años antes tras una historia de diarrea sanguinolenta intermitente y un tenesmo discreto. En ese momento se hizo una colonoscopia completa con biopsia que mostró una afectación del recto sigma hasta unos 15 cm del margen anal en forma de mucosa eritematosa friable con sangrado con el roce mínimo de predominante en el recto distal. Se descartaron procesos infecciosos intestinales. Las únicas
alteraciones analíticas reseñables en el momento del diagnóstico fueron que era positivo de P-ANCA y tenía una calprotectina fecal de 450 μg/g. Se pautó un tratamiento con enemas de mesalazina.

El paciente permaneció asintomático desde el diagnóstico siguiendo controles en consultas y con cumplimiento terapéutico. Contactó con su servicio de digestivo de referencia por presentar, en las dos semanas previas, un aumento del número de deposiciones con entre cuatro y seis deposiciones al día deshechas con resto hemático fresco en la mayoría de ellas, con imperiosidad, sin respetar descanso nocturno y con dolor abdominal previo a la deposición. No había afectación del estado general. El mes previo al inicio de la sintomatología digestiva inició una lumbalgia intermitente, en ocasiones
intensa, y se automedicó con ibuprofeno en comprimidos de 600 mg de forma puntual.

La exploración física fue normal y se solicitó una analítica completa en la cual destacaba HB: 12,5 gr/dl, VSG y PCR normales, calprotectina: 675 μg/g, FA: 270 UI/L, GGT: 65 UI/L, Bil. total: GOT y GPT normales, ferropenia discreta, resto de parámetros nutricionales normales.

En el caso presentado se hizo una colonoscopia completa que mostró una progresión a pancolitis ulcerosa, se asumió el diagnóstico de brote moderado severo y se controló de manera ambulatoria.

El paciente recibió un tratamiento con adalimumab para conseguir la remisión y se pautó como tratamiento de mantenimiento. Se le asoció, inicialmente, azatioprina que fue retirada por un episodio de pancreatitis leve.

Se descartó la CEP y se mantuvo en remisión clínica y biológica en los siguientes ocho meses en monoterapia con adalimumab a dosis habituales de 40 mg cada dos semanas. A partir de esa fecha, de forma progresiva, refiere un aumento del número de deposiciones pasando de una a cinco o seis, con sangrado con las heces en la mayoría de las deposiciones, cierto tenesmo y dolor cólico previo a la deposición. Refirió una afectación de su calidad de vida, pero no de su estado general. Se hizo un estudio de heces con coprocultivos negativos, Clostridium negativo y calprotectina de 540 μg/g. La
analítica de sangre, el hemograma, el VSG, la PCR y los parámetros nutricionales fueron normales. Se decidió hacer una rectosigmoidoscopia que evidenció mucosa con eritema intenso friable con alguna erosión aislada desde el recto que afectaba de forma difusa toda la mucosa valorada. Se tomaron muestras para biopsia para conocer el grado de actividad histológico y la presencia de citomegalovirus (CMV).

Si se asume que ha habido una pérdida de eficacia del tratamiento de mantenimiento, ¿qué actitud es la adecuada?","Debe iniciarse el tratamiento con esteroides orales, debe suspenderse el adalimumab y debe iniciarse el tratamiento con infliximab para inducir de nuevo la remisión.",Si se dispone de niveles de fármaco y títulos de anticuerpos contra el fármaco debe intensificarse el tratamiento en caso de niveles bajos de fármaco y ausencia de anticuerpos contra el fármaco.,"Con presencia de anticuerpos antiadalimumab y niveles bajos del fármaco, debe insistirse en el adalimumab intensificando y debe añadirse el tacrolimus como inmunosupresor.",Todas las respuestas anteriores son adecuadas.,b,Si se dispone de niveles de fármaco y títulos de anticuerpos contra el fármaco debe intensificarse el tratamiento en caso de niveles bajos de fármaco y ausencia de anticuerpos contra el fármaco.,,40,AD_ILLES_BALEARS_2022__EXAM__exam__cuadernillo-de-examen-aparato-digestivo-fea.pdf,AD_ILLES_BALEARS_2022__ANSWER_KEY__answer-key__plantilla-correctora-del-examen.pdf,retained318,46e0cbe47e3811d8454ff3fa4e57174cfabb03f3d5e3558293fd9092de618f48,9badaaae90c6649e7147545311138e5367b0f86f84110ebed95057071cf747b6
b113,illes-balears|2022|caso-5|116,Illes Balears,2022,aparato-digestivo,caso-5,113,"Varón de 32 años sin hábitos tóxicos ni alergias medicamentosas conocidas y sin antecedentes familiares de interés.

Como único antecedente patológico destaca una rectosigmoiditis ulcerosa diagnosticada dos años antes tras una historia de diarrea sanguinolenta intermitente y un tenesmo discreto. En ese momento se hizo una colonoscopia completa con biopsia que mostró una afectación del recto sigma hasta unos 15 cm del margen anal en forma de mucosa eritematosa friable con sangrado con el roce mínimo de predominante en el recto distal. Se descartaron procesos infecciosos intestinales. Las únicas
alteraciones analíticas reseñables en el momento del diagnóstico fueron que era positivo de P-ANCA y tenía una calprotectina fecal de 450 μg/g. Se pautó un tratamiento con enemas de mesalazina.

El paciente permaneció asintomático desde el diagnóstico siguiendo controles en consultas y con cumplimiento terapéutico. Contactó con su servicio de digestivo de referencia por presentar, en las dos semanas previas, un aumento del número de deposiciones con entre cuatro y seis deposiciones al día deshechas con resto hemático fresco en la mayoría de ellas, con imperiosidad, sin respetar descanso nocturno y con dolor abdominal previo a la deposición. No había afectación del estado general. El mes previo al inicio de la sintomatología digestiva inició una lumbalgia intermitente, en ocasiones
intensa, y se automedicó con ibuprofeno en comprimidos de 600 mg de forma puntual.

La exploración física fue normal y se solicitó una analítica completa en la cual destacaba HB: 12,5 gr/dl, VSG y PCR normales, calprotectina: 675 μg/g, FA: 270 UI/L, GGT: 65 UI/L, Bil. total: GOT y GPT normales, ferropenia discreta, resto de parámetros nutricionales normales.

En el caso presentado se hizo una colonoscopia completa que mostró una progresión a pancolitis ulcerosa, se asumió el diagnóstico de brote moderado severo y se controló de manera ambulatoria.

El paciente recibió un tratamiento con adalimumab para conseguir la remisión y se pautó como tratamiento de mantenimiento. Se le asoció, inicialmente, azatioprina que fue retirada por un episodio de pancreatitis leve.

Se descartó la CEP y se mantuvo en remisión clínica y biológica en los siguientes ocho meses en monoterapia con adalimumab a dosis habituales de 40 mg cada dos semanas. A partir de esa fecha, de forma progresiva, refiere un aumento del número de deposiciones pasando de una a cinco o seis, con sangrado con las heces en la mayoría de las deposiciones, cierto tenesmo y dolor cólico previo a la deposición. Refirió una afectación de su calidad de vida, pero no de su estado general. Se hizo un estudio de heces con coprocultivos negativos, Clostridium negativo y calprotectina de 540 μg/g. La
analítica de sangre, el hemograma, el VSG, la PCR y los parámetros nutricionales fueron normales. Se decidió hacer una rectosigmoidoscopia que evidenció mucosa con eritema intenso friable con alguna erosión aislada desde el recto que afectaba de forma difusa toda la mucosa valorada. Se tomaron muestras para biopsia para conocer el grado de actividad histológico y la presencia de citomegalovirus (CMV).

Señale la respuesta correcta en caso de cambio de tratamiento:",El infliximab debe ser la primera opción ya que tendría un 75 % de posibilidades de recuperar la respuesta.,El cambio de diana terapéutica tendría más posibilidades de éxito.,Se ha de iniciar el vedolizumab porqué se ha demostrado que es más eficaz que ustekinumab.,Las respuestas b) y c) son ciertas.,b,El cambio de diana terapéutica tendría más posibilidades de éxito.,,41,AD_ILLES_BALEARS_2022__EXAM__exam__cuadernillo-de-examen-aparato-digestivo-fea.pdf,AD_ILLES_BALEARS_2022__ANSWER_KEY__answer-key__plantilla-correctora-del-examen.pdf,retained318,7117e6af04d8a949348aaac32b325774e3a01431554ba5882d27c5842043ed1a,c001fd480d9e9b7f363c6e3083dc6365d851659164c7702a7b27ad1fb35f59a2
b114,illes-balears|2022|caso-5|117,Illes Balears,2022,aparato-digestivo,caso-5,114,"Varón de 32 años sin hábitos tóxicos ni alergias medicamentosas conocidas y sin antecedentes familiares de interés.

Como único antecedente patológico destaca una rectosigmoiditis ulcerosa diagnosticada dos años antes tras una historia de diarrea sanguinolenta intermitente y un tenesmo discreto. En ese momento se hizo una colonoscopia completa con biopsia que mostró una afectación del recto sigma hasta unos 15 cm del margen anal en forma de mucosa eritematosa friable con sangrado con el roce mínimo de predominante en el recto distal. Se descartaron procesos infecciosos intestinales. Las únicas
alteraciones analíticas reseñables en el momento del diagnóstico fueron que era positivo de P-ANCA y tenía una calprotectina fecal de 450 μg/g. Se pautó un tratamiento con enemas de mesalazina.

El paciente permaneció asintomático desde el diagnóstico siguiendo controles en consultas y con cumplimiento terapéutico. Contactó con su servicio de digestivo de referencia por presentar, en las dos semanas previas, un aumento del número de deposiciones con entre cuatro y seis deposiciones al día deshechas con resto hemático fresco en la mayoría de ellas, con imperiosidad, sin respetar descanso nocturno y con dolor abdominal previo a la deposición. No había afectación del estado general. El mes previo al inicio de la sintomatología digestiva inició una lumbalgia intermitente, en ocasiones
intensa, y se automedicó con ibuprofeno en comprimidos de 600 mg de forma puntual.

La exploración física fue normal y se solicitó una analítica completa en la cual destacaba HB: 12,5 gr/dl, VSG y PCR normales, calprotectina: 675 μg/g, FA: 270 UI/L, GGT: 65 UI/L, Bil. total: GOT y GPT normales, ferropenia discreta, resto de parámetros nutricionales normales.

En el caso presentado se hizo una colonoscopia completa que mostró una progresión a pancolitis ulcerosa, se asumió el diagnóstico de brote moderado severo y se controló de manera ambulatoria.

El paciente recibió un tratamiento con adalimumab para conseguir la remisión y se pautó como tratamiento de mantenimiento. Se le asoció, inicialmente, azatioprina que fue retirada por un episodio de pancreatitis leve.

Se descartó la CEP y se mantuvo en remisión clínica y biológica en los siguientes ocho meses en monoterapia con adalimumab a dosis habituales de 40 mg cada dos semanas. A partir de esa fecha, de forma progresiva, refiere un aumento del número de deposiciones pasando de una a cinco o seis, con sangrado con las heces en la mayoría de las deposiciones, cierto tenesmo y dolor cólico previo a la deposición. Refirió una afectación de su calidad de vida, pero no de su estado general. Se hizo un estudio de heces con coprocultivos negativos, Clostridium negativo y calprotectina de 540 μg/g. La
analítica de sangre, el hemograma, el VSG, la PCR y los parámetros nutricionales fueron normales. Se decidió hacer una rectosigmoidoscopia que evidenció mucosa con eritema intenso friable con alguna erosión aislada desde el recto que afectaba de forma difusa toda la mucosa valorada. Se tomaron muestras para biopsia para conocer el grado de actividad histológico y la presencia de citomegalovirus (CMV).

Señale la respuesta correcta respecto al manejo hospitalario de la colitis ulcerosa grave:",Están indicados los antibióticos de amplio espectro en todos los pacientes.,Debe administrarse profilaxis para tromboembolismo venoso en todos los pacientes.,La dieta absoluta con nutrición parenteral está indicada en todos los pacientes.,Todas las respuestas anteriores son correctas.,b,Debe administrarse profilaxis para tromboembolismo venoso en todos los pacientes.,,41,AD_ILLES_BALEARS_2022__EXAM__exam__cuadernillo-de-examen-aparato-digestivo-fea.pdf,AD_ILLES_BALEARS_2022__ANSWER_KEY__answer-key__plantilla-correctora-del-examen.pdf,retained318,94ab3bcda72b74de9229e6fcca1417a5059c45a45358a8ea02a52483e47dfba1,892a7926bd3b8cf1c870c4717e377662e4613c4bfb4139394e5d7513dcd05a2f
b115,illes-balears|2022|caso-5|118,Illes Balears,2022,aparato-digestivo,caso-5,115,"Varón de 32 años sin hábitos tóxicos ni alergias medicamentosas conocidas y sin antecedentes familiares de interés.

Como único antecedente patológico destaca una rectosigmoiditis ulcerosa diagnosticada dos años antes tras una historia de diarrea sanguinolenta intermitente y un tenesmo discreto. En ese momento se hizo una colonoscopia completa con biopsia que mostró una afectación del recto sigma hasta unos 15 cm del margen anal en forma de mucosa eritematosa friable con sangrado con el roce mínimo de predominante en el recto distal. Se descartaron procesos infecciosos intestinales. Las únicas
alteraciones analíticas reseñables en el momento del diagnóstico fueron que era positivo de P-ANCA y tenía una calprotectina fecal de 450 μg/g. Se pautó un tratamiento con enemas de mesalazina.

El paciente permaneció asintomático desde el diagnóstico siguiendo controles en consultas y con cumplimiento terapéutico. Contactó con su servicio de digestivo de referencia por presentar, en las dos semanas previas, un aumento del número de deposiciones con entre cuatro y seis deposiciones al día deshechas con resto hemático fresco en la mayoría de ellas, con imperiosidad, sin respetar descanso nocturno y con dolor abdominal previo a la deposición. No había afectación del estado general. El mes previo al inicio de la sintomatología digestiva inició una lumbalgia intermitente, en ocasiones
intensa, y se automedicó con ibuprofeno en comprimidos de 600 mg de forma puntual.

La exploración física fue normal y se solicitó una analítica completa en la cual destacaba HB: 12,5 gr/dl, VSG y PCR normales, calprotectina: 675 μg/g, FA: 270 UI/L, GGT: 65 UI/L, Bil. total: GOT y GPT normales, ferropenia discreta, resto de parámetros nutricionales normales.

En el caso presentado se hizo una colonoscopia completa que mostró una progresión a pancolitis ulcerosa, se asumió el diagnóstico de brote moderado severo y se controló de manera ambulatoria.

El paciente recibió un tratamiento con adalimumab para conseguir la remisión y se pautó como tratamiento de mantenimiento. Se le asoció, inicialmente, azatioprina que fue retirada por un episodio de pancreatitis leve.

Se descartó la CEP y se mantuvo en remisión clínica y biológica en los siguientes ocho meses en monoterapia con adalimumab a dosis habituales de 40 mg cada dos semanas. A partir de esa fecha, de forma progresiva, refiere un aumento del número de deposiciones pasando de una a cinco o seis, con sangrado con las heces en la mayoría de las deposiciones, cierto tenesmo y dolor cólico previo a la deposición. Refirió una afectación de su calidad de vida, pero no de su estado general. Se hizo un estudio de heces con coprocultivos negativos, Clostridium negativo y calprotectina de 540 μg/g. La
analítica de sangre, el hemograma, el VSG, la PCR y los parámetros nutricionales fueron normales. Se decidió hacer una rectosigmoidoscopia que evidenció mucosa con eritema intenso friable con alguna erosión aislada desde el recto que afectaba de forma difusa toda la mucosa valorada. Se tomaron muestras para biopsia para conocer el grado de actividad histológico y la presencia de citomegalovirus (CMV).

Señale la afirmación verdadera respecto al tratamiento médico de la colitis ulcerosa grave:",Los esteroides sistémicos son el tratamiento inicial y se debe añadir una segunda línea de tratamiento si no hay respuesta siete días después de iniciar el tratamiento esteroideo.,En caso de requerir una segunda línea debe indicarse infliximab porqué ha demostrado que es más eficaz y seguro que la ciclosporina en estos pacientes.,"Si a los cinco días de la primera dosis de infliximab no hay respuesta, se debe administrar una segunda dosis a 10 mg/kg.",La ciclosporina siempre es la primera elección en caso de fracaso de los esteroides.,c,"Si a los cinco días de la primera dosis de infliximab no hay respuesta, se debe administrar una segunda dosis a 10 mg/kg.",,41,AD_ILLES_BALEARS_2022__EXAM__exam__cuadernillo-de-examen-aparato-digestivo-fea.pdf,AD_ILLES_BALEARS_2022__ANSWER_KEY__answer-key__plantilla-correctora-del-examen.pdf,retained318,add01492cd3c95421c3146ed18516cf8bf8e2c4be1a7eaaa0b829e8d7fd2a3b3,954dcc013881f8d07aa6b02bc36bf1d55969cc406c2bc69409d3b4d996fcc813
b116,illes-balears|2022|caso-5|119,Illes Balears,2022,aparato-digestivo,caso-5,116,"Varón de 32 años sin hábitos tóxicos ni alergias medicamentosas conocidas y sin antecedentes familiares de interés.

Como único antecedente patológico destaca una rectosigmoiditis ulcerosa diagnosticada dos años antes tras una historia de diarrea sanguinolenta intermitente y un tenesmo discreto. En ese momento se hizo una colonoscopia completa con biopsia que mostró una afectación del recto sigma hasta unos 15 cm del margen anal en forma de mucosa eritematosa friable con sangrado con el roce mínimo de predominante en el recto distal. Se descartaron procesos infecciosos intestinales. Las únicas
alteraciones analíticas reseñables en el momento del diagnóstico fueron que era positivo de P-ANCA y tenía una calprotectina fecal de 450 μg/g. Se pautó un tratamiento con enemas de mesalazina.

El paciente permaneció asintomático desde el diagnóstico siguiendo controles en consultas y con cumplimiento terapéutico. Contactó con su servicio de digestivo de referencia por presentar, en las dos semanas previas, un aumento del número de deposiciones con entre cuatro y seis deposiciones al día deshechas con resto hemático fresco en la mayoría de ellas, con imperiosidad, sin respetar descanso nocturno y con dolor abdominal previo a la deposición. No había afectación del estado general. El mes previo al inicio de la sintomatología digestiva inició una lumbalgia intermitente, en ocasiones
intensa, y se automedicó con ibuprofeno en comprimidos de 600 mg de forma puntual.

La exploración física fue normal y se solicitó una analítica completa en la cual destacaba HB: 12,5 gr/dl, VSG y PCR normales, calprotectina: 675 μg/g, FA: 270 UI/L, GGT: 65 UI/L, Bil. total: GOT y GPT normales, ferropenia discreta, resto de parámetros nutricionales normales.

En el caso presentado se hizo una colonoscopia completa que mostró una progresión a pancolitis ulcerosa, se asumió el diagnóstico de brote moderado severo y se controló de manera ambulatoria.

El paciente recibió un tratamiento con adalimumab para conseguir la remisión y se pautó como tratamiento de mantenimiento. Se le asoció, inicialmente, azatioprina que fue retirada por un episodio de pancreatitis leve.

Se descartó la CEP y se mantuvo en remisión clínica y biológica en los siguientes ocho meses en monoterapia con adalimumab a dosis habituales de 40 mg cada dos semanas. A partir de esa fecha, de forma progresiva, refiere un aumento del número de deposiciones pasando de una a cinco o seis, con sangrado con las heces en la mayoría de las deposiciones, cierto tenesmo y dolor cólico previo a la deposición. Refirió una afectación de su calidad de vida, pero no de su estado general. Se hizo un estudio de heces con coprocultivos negativos, Clostridium negativo y calprotectina de 540 μg/g. La
analítica de sangre, el hemograma, el VSG, la PCR y los parámetros nutricionales fueron normales. Se decidió hacer una rectosigmoidoscopia que evidenció mucosa con eritema intenso friable con alguna erosión aislada desde el recto que afectaba de forma difusa toda la mucosa valorada. Se tomaron muestras para biopsia para conocer el grado de actividad histológico y la presencia de citomegalovirus (CMV).

¿Qué factor de riesgo de la colitis ulcerosa no se ha asociado a un aumento del riesgo?",Gastroenteritis.,Privación de sueño.,Apendicetomía.,"Fármacos como AINES, antibióticos o anticonceptivos orales.",c,Apendicetomía.,,42,AD_ILLES_BALEARS_2022__EXAM__exam__cuadernillo-de-examen-aparato-digestivo-fea.pdf,AD_ILLES_BALEARS_2022__ANSWER_KEY__answer-key__plantilla-correctora-del-examen.pdf,retained318,9525dde73e772d71418efddd8c077eba8371738342c893f13792eef813cbe5af,a4b65a515aaae6db09afa5e22d05d349783f265694254f7b0bf4659f96ef696e
b121,illes-balears|2022|caso-6|124,Illes Balears,2022,aparato-digestivo,caso-6,121,"Paciente de 62 años con los antecedentes siguientes:

No alergias.

Exfumador: tabaquismo activo desde la juventud hasta los 58 años.

Tosedor habitual.

Consumo diario de alcohol desde hace más de diez años. Consume dos cañas de cerveza, cuatro vasos de vino y dos carajillos al día. El fin de semana toma alguna cerveza más en fiestas y celebraciones y uno o dos gin-tonics.

Dice que no toma drogas.

Dice que no tiene antecedentes patológicos relevantes. No hace controles con su médico de cabecera. Nunca va al médico.
Enfermedad actual: consulta por distensión abdominal molesta, un aumento del perímetro abdominal progresivo de dos semanas de evolución y piernas hinchadas.

Exploración física: bien coloreado, subictericia conjuntival dudosa, arañas vasculares y telangiectasias en el tronco, eritema palmar e hipertrofia parotídea.

Cardiocirculatorio: pulsos rítmicos 90 lpm, soplo sistólico plurifocal, no ingurgitación yugular, edemas maleolares moderados.

Respiración: espiración un poco alargada, algún roncus diseminado.
Abdomen: muy distendido; indoloro a la presión o a la descompresión; sin defensa; matidez en flancos; la matidez cambia con los cambios posturales; signo de la ola; hepatomegalia de tres traveses, lisa e indolora; esplenomegalia dudosa, difícil de delimitar; pequeña protrusión umbilical; no reflujo hepatoyugular.

Radiografía del tórax: elevación de ambos hemidiafragmas.

Radiografía del abdomen: aumento difuso de la densidad, se aprecia perfil hepático y esplénico.

Electrocardiograma normal.

Analítica:
Leucocitos: 3.100/mm³ (3.000-10.000); Hto: 39 % (40-46); Hb: 12,1 g/dl (12-15); VCM: 105 fl (80-100); plaquetas: 105.000/mm³ (150.000-400.000); Quick: 59 % (> 70 %); INR: 1.4 (N 0.8-1.2); creatinina: 1.0 mg/dl; urea: 40 mg/dl; Na: 136 mEq/L; K: 4 mEq/L; urato: 7.9 (< 7); bilirrubina total: 1.9 mg/dl (< 1.3) GOT (ASAT): 105 UI/ml (< 40); GPT (ALAT): 50 UI/ml (< 40); GGT: 480 UI/ml (< 45); FA: 125 UI/ml (< 135); albúmina: 3,2 g/dl (> 3,5).

El resto de la analítica básica es normal.
Ecografía abdominal: líquido libre muy abundante, hígado de ecogenicidad aumentada difusamente, heterogéneo, difícil de ver por la ascitis. Forma hepática

irregular un poco abollonada, macronodular. Vena porta permeable, dilatada. Venas suprahepáticas permeables, no dilatadas. Vía biliar intrahepática y extrahepática normal. Vesícula con litiasis múltiple, no distendida y no edematosa. Bazo ligeramente aumentado de tamaño (15 cm de longitud máxima). El resto no tiene alteraciones. Páncreas no visto por interposición de aire.

Se hace una paracentesis (diagnóstica y evacuadora), y se obtienen 6.000 ml de ascitis.

Análisis del líquido ascítico:
- Glucosa: 120 mg/dl.
- Proteínas: 1,0 g/dl.
- Albúmina: 0,8 g/dl.
- LDH: 40 ui/ml.
- Hematíes: 100 /mm³.
- Leucocitos: 220 /mm³.

Calcule el GASA en este paciente. ¿Qué significa en este paciente el resultado del cálculo del GASA?",Que la ascitis no está causada por una enfermedad neoplásica.,Que la ascitis no está causada por hipertensión portal.,Que la ascitis está causada por hipertensión portal.,Las respuestas a) y b) son correctas.,c,Que la ascitis está causada por hipertensión portal.,,45,AD_ILLES_BALEARS_2022__EXAM__exam__cuadernillo-de-examen-aparato-digestivo-fea.pdf,AD_ILLES_BALEARS_2022__ANSWER_KEY__answer-key__plantilla-correctora-del-examen.pdf,retained318,cddf4d773c596669bd73c081385a14ebbe4db436c1a1ac0b74e6a34e6896735b,7895c91916eb7f704859b938148389ac9a4ec7d06d8c727751a210a038a159fd
b122,illes-balears|2022|caso-6|125,Illes Balears,2022,aparato-digestivo,caso-6,122,"Paciente de 62 años con los antecedentes siguientes:

No alergias.

Exfumador: tabaquismo activo desde la juventud hasta los 58 años.

Tosedor habitual.

Consumo diario de alcohol desde hace más de diez años. Consume dos cañas de cerveza, cuatro vasos de vino y dos carajillos al día. El fin de semana toma alguna cerveza más en fiestas y celebraciones y uno o dos gin-tonics.

Dice que no toma drogas.

Dice que no tiene antecedentes patológicos relevantes. No hace controles con su médico de cabecera. Nunca va al médico.
Enfermedad actual: consulta por distensión abdominal molesta, un aumento del perímetro abdominal progresivo de dos semanas de evolución y piernas hinchadas.

Exploración física: bien coloreado, subictericia conjuntival dudosa, arañas vasculares y telangiectasias en el tronco, eritema palmar e hipertrofia parotídea.

Cardiocirculatorio: pulsos rítmicos 90 lpm, soplo sistólico plurifocal, no ingurgitación yugular, edemas maleolares moderados.

Respiración: espiración un poco alargada, algún roncus diseminado.
Abdomen: muy distendido; indoloro a la presión o a la descompresión; sin defensa; matidez en flancos; la matidez cambia con los cambios posturales; signo de la ola; hepatomegalia de tres traveses, lisa e indolora; esplenomegalia dudosa, difícil de delimitar; pequeña protrusión umbilical; no reflujo hepatoyugular.

Radiografía del tórax: elevación de ambos hemidiafragmas.

Radiografía del abdomen: aumento difuso de la densidad, se aprecia perfil hepático y esplénico.

Electrocardiograma normal.

Analítica:
Leucocitos: 3.100/mm³ (3.000-10.000); Hto: 39 % (40-46); Hb: 12,1 g/dl (12-15); VCM: 105 fl (80-100); plaquetas: 105.000/mm³ (150.000-400.000); Quick: 59 % (> 70 %); INR: 1.4 (N 0.8-1.2); creatinina: 1.0 mg/dl; urea: 40 mg/dl; Na: 136 mEq/L; K: 4 mEq/L; urato: 7.9 (< 7); bilirrubina total: 1.9 mg/dl (< 1.3) GOT (ASAT): 105 UI/ml (< 40); GPT (ALAT): 50 UI/ml (< 40); GGT: 480 UI/ml (< 45); FA: 125 UI/ml (< 135); albúmina: 3,2 g/dl (> 3,5).

El resto de la analítica básica es normal.
Ecografía abdominal: líquido libre muy abundante, hígado de ecogenicidad aumentada difusamente, heterogéneo, difícil de ver por la ascitis. Forma hepática

irregular un poco abollonada, macronodular. Vena porta permeable, dilatada. Venas suprahepáticas permeables, no dilatadas. Vía biliar intrahepática y extrahepática normal. Vesícula con litiasis múltiple, no distendida y no edematosa. Bazo ligeramente aumentado de tamaño (15 cm de longitud máxima). El resto no tiene alteraciones. Páncreas no visto por interposición de aire.

Se hace una paracentesis (diagnóstica y evacuadora), y se obtienen 6.000 ml de ascitis.

Análisis del líquido ascítico:
- Glucosa: 120 mg/dl.
- Proteínas: 1,0 g/dl.
- Albúmina: 0,8 g/dl.
- LDH: 40 ui/ml.
- Hematíes: 100 /mm³.
- Leucocitos: 220 /mm³.

¿Qué significa el recuento de leucocitos en la ascitis, en este paciente?",Que tiene una peritonitis bacteriana espontánea.,Que tiene una peritonitis bacteriana secundaria.,Que tiene una bacterioascitis.,Que no tiene una peritonitis bacteriana espontánea.,d,Que no tiene una peritonitis bacteriana espontánea.,,45,AD_ILLES_BALEARS_2022__EXAM__exam__cuadernillo-de-examen-aparato-digestivo-fea.pdf,AD_ILLES_BALEARS_2022__ANSWER_KEY__answer-key__plantilla-correctora-del-examen.pdf,retained318,f5a19e00a361ae8c98ee8327d371cc9cc212729c0d44dad921e721838df56178,6880e50011eabd280c3fb8df64c23a69a9becfaef65651992a114745b60a5e37
b123,illes-balears|2022|caso-6|126,Illes Balears,2022,aparato-digestivo,caso-6,123,"Paciente de 62 años con los antecedentes siguientes:

No alergias.

Exfumador: tabaquismo activo desde la juventud hasta los 58 años.

Tosedor habitual.

Consumo diario de alcohol desde hace más de diez años. Consume dos cañas de cerveza, cuatro vasos de vino y dos carajillos al día. El fin de semana toma alguna cerveza más en fiestas y celebraciones y uno o dos gin-tonics.

Dice que no toma drogas.

Dice que no tiene antecedentes patológicos relevantes. No hace controles con su médico de cabecera. Nunca va al médico.
Enfermedad actual: consulta por distensión abdominal molesta, un aumento del perímetro abdominal progresivo de dos semanas de evolución y piernas hinchadas.

Exploración física: bien coloreado, subictericia conjuntival dudosa, arañas vasculares y telangiectasias en el tronco, eritema palmar e hipertrofia parotídea.

Cardiocirculatorio: pulsos rítmicos 90 lpm, soplo sistólico plurifocal, no ingurgitación yugular, edemas maleolares moderados.

Respiración: espiración un poco alargada, algún roncus diseminado.
Abdomen: muy distendido; indoloro a la presión o a la descompresión; sin defensa; matidez en flancos; la matidez cambia con los cambios posturales; signo de la ola; hepatomegalia de tres traveses, lisa e indolora; esplenomegalia dudosa, difícil de delimitar; pequeña protrusión umbilical; no reflujo hepatoyugular.

Radiografía del tórax: elevación de ambos hemidiafragmas.

Radiografía del abdomen: aumento difuso de la densidad, se aprecia perfil hepático y esplénico.

Electrocardiograma normal.

Analítica:
Leucocitos: 3.100/mm³ (3.000-10.000); Hto: 39 % (40-46); Hb: 12,1 g/dl (12-15); VCM: 105 fl (80-100); plaquetas: 105.000/mm³ (150.000-400.000); Quick: 59 % (> 70 %); INR: 1.4 (N 0.8-1.2); creatinina: 1.0 mg/dl; urea: 40 mg/dl; Na: 136 mEq/L; K: 4 mEq/L; urato: 7.9 (< 7); bilirrubina total: 1.9 mg/dl (< 1.3) GOT (ASAT): 105 UI/ml (< 40); GPT (ALAT): 50 UI/ml (< 40); GGT: 480 UI/ml (< 45); FA: 125 UI/ml (< 135); albúmina: 3,2 g/dl (> 3,5).

El resto de la analítica básica es normal.
Ecografía abdominal: líquido libre muy abundante, hígado de ecogenicidad aumentada difusamente, heterogéneo, difícil de ver por la ascitis. Forma hepática

irregular un poco abollonada, macronodular. Vena porta permeable, dilatada. Venas suprahepáticas permeables, no dilatadas. Vía biliar intrahepática y extrahepática normal. Vesícula con litiasis múltiple, no distendida y no edematosa. Bazo ligeramente aumentado de tamaño (15 cm de longitud máxima). El resto no tiene alteraciones. Páncreas no visto por interposición de aire.

Se hace una paracentesis (diagnóstica y evacuadora), y se obtienen 6.000 ml de ascitis.

Análisis del líquido ascítico:
- Glucosa: 120 mg/dl.
- Proteínas: 1,0 g/dl.
- Albúmina: 0,8 g/dl.
- LDH: 40 ui/ml.
- Hematíes: 100 /mm³.
- Leucocitos: 220 /mm³.

¿Qué tratamiento hay que administrar siempre tras una paracentesis evacuadora para prevenir la disfunción circulatoria y la insuficiencia renal posparacentesis?",Albúmina IV siempre.,"Albúmina IV, pero solo en caso de que en la paracentesis se evacúen más de cinco litros de ascitis.",Expansores del plasma siempre.,"Expansores del plasma, pero solo en caso de que en la paracentesis se evacúen más de cinco litros de ascitis.",b,"Albúmina IV, pero solo en caso de que en la paracentesis se evacúen más de cinco litros de ascitis.",,45,AD_ILLES_BALEARS_2022__EXAM__exam__cuadernillo-de-examen-aparato-digestivo-fea.pdf,AD_ILLES_BALEARS_2022__ANSWER_KEY__answer-key__plantilla-correctora-del-examen.pdf,retained318,b8ab5ff2758445f5182035aa63d4d89940fb563f7473298154772ef7c3e8d31a,4e7d136ccafd24cb9b73f7051946d2760f502bd7189fbab7bb74d65067d9d6f0
b124,illes-balears|2022|caso-6|127,Illes Balears,2022,aparato-digestivo,caso-6,124,"Paciente de 62 años con los antecedentes siguientes:

No alergias.

Exfumador: tabaquismo activo desde la juventud hasta los 58 años.

Tosedor habitual.

Consumo diario de alcohol desde hace más de diez años. Consume dos cañas de cerveza, cuatro vasos de vino y dos carajillos al día. El fin de semana toma alguna cerveza más en fiestas y celebraciones y uno o dos gin-tonics.

Dice que no toma drogas.

Dice que no tiene antecedentes patológicos relevantes. No hace controles con su médico de cabecera. Nunca va al médico.
Enfermedad actual: consulta por distensión abdominal molesta, un aumento del perímetro abdominal progresivo de dos semanas de evolución y piernas hinchadas.

Exploración física: bien coloreado, subictericia conjuntival dudosa, arañas vasculares y telangiectasias en el tronco, eritema palmar e hipertrofia parotídea.

Cardiocirculatorio: pulsos rítmicos 90 lpm, soplo sistólico plurifocal, no ingurgitación yugular, edemas maleolares moderados.

Respiración: espiración un poco alargada, algún roncus diseminado.
Abdomen: muy distendido; indoloro a la presión o a la descompresión; sin defensa; matidez en flancos; la matidez cambia con los cambios posturales; signo de la ola; hepatomegalia de tres traveses, lisa e indolora; esplenomegalia dudosa, difícil de delimitar; pequeña protrusión umbilical; no reflujo hepatoyugular.

Radiografía del tórax: elevación de ambos hemidiafragmas.

Radiografía del abdomen: aumento difuso de la densidad, se aprecia perfil hepático y esplénico.

Electrocardiograma normal.

Analítica:
Leucocitos: 3.100/mm³ (3.000-10.000); Hto: 39 % (40-46); Hb: 12,1 g/dl (12-15); VCM: 105 fl (80-100); plaquetas: 105.000/mm³ (150.000-400.000); Quick: 59 % (> 70 %); INR: 1.4 (N 0.8-1.2); creatinina: 1.0 mg/dl; urea: 40 mg/dl; Na: 136 mEq/L; K: 4 mEq/L; urato: 7.9 (< 7); bilirrubina total: 1.9 mg/dl (< 1.3) GOT (ASAT): 105 UI/ml (< 40); GPT (ALAT): 50 UI/ml (< 40); GGT: 480 UI/ml (< 45); FA: 125 UI/ml (< 135); albúmina: 3,2 g/dl (> 3,5).

El resto de la analítica básica es normal.
Ecografía abdominal: líquido libre muy abundante, hígado de ecogenicidad aumentada difusamente, heterogéneo, difícil de ver por la ascitis. Forma hepática

irregular un poco abollonada, macronodular. Vena porta permeable, dilatada. Venas suprahepáticas permeables, no dilatadas. Vía biliar intrahepática y extrahepática normal. Vesícula con litiasis múltiple, no distendida y no edematosa. Bazo ligeramente aumentado de tamaño (15 cm de longitud máxima). El resto no tiene alteraciones. Páncreas no visto por interposición de aire.

Se hace una paracentesis (diagnóstica y evacuadora), y se obtienen 6.000 ml de ascitis.

Análisis del líquido ascítico:
- Glucosa: 120 mg/dl.
- Proteínas: 1,0 g/dl.
- Albúmina: 0,8 g/dl.
- LDH: 40 ui/ml.
- Hematíes: 100 /mm³.
- Leucocitos: 220 /mm³.

¿Qué dosis de albúmina se recomienda actualmente para prevenir la disfunción circulatoria y la insuficiencia renal posparacentesis?",Depende del nivel de albúmina en sangre del paciente.,8 g de albúmina por litro de ascitis evacuado.,Depende de la función renal del paciente.,Todas las respuestas anteriores son correctas.,b,8 g de albúmina por litro de ascitis evacuado.,,45,AD_ILLES_BALEARS_2022__EXAM__exam__cuadernillo-de-examen-aparato-digestivo-fea.pdf,AD_ILLES_BALEARS_2022__ANSWER_KEY__answer-key__plantilla-correctora-del-examen.pdf,retained318,711faa41851c5cb673831803fcc060e7a86c96841e03ff4d8fac764088c9f72e,6b32498a0e8c0f1affbbf839d16361f8c37124fa423d48ef9ca538f10620191c
b125,illes-balears|2022|caso-6|128,Illes Balears,2022,aparato-digestivo,caso-6,125,"Paciente de 62 años con los antecedentes siguientes:

No alergias.

Exfumador: tabaquismo activo desde la juventud hasta los 58 años.

Tosedor habitual.

Consumo diario de alcohol desde hace más de diez años. Consume dos cañas de cerveza, cuatro vasos de vino y dos carajillos al día. El fin de semana toma alguna cerveza más en fiestas y celebraciones y uno o dos gin-tonics.

Dice que no toma drogas.

Dice que no tiene antecedentes patológicos relevantes. No hace controles con su médico de cabecera. Nunca va al médico.
Enfermedad actual: consulta por distensión abdominal molesta, un aumento del perímetro abdominal progresivo de dos semanas de evolución y piernas hinchadas.

Exploración física: bien coloreado, subictericia conjuntival dudosa, arañas vasculares y telangiectasias en el tronco, eritema palmar e hipertrofia parotídea.

Cardiocirculatorio: pulsos rítmicos 90 lpm, soplo sistólico plurifocal, no ingurgitación yugular, edemas maleolares moderados.

Respiración: espiración un poco alargada, algún roncus diseminado.
Abdomen: muy distendido; indoloro a la presión o a la descompresión; sin defensa; matidez en flancos; la matidez cambia con los cambios posturales; signo de la ola; hepatomegalia de tres traveses, lisa e indolora; esplenomegalia dudosa, difícil de delimitar; pequeña protrusión umbilical; no reflujo hepatoyugular.

Radiografía del tórax: elevación de ambos hemidiafragmas.

Radiografía del abdomen: aumento difuso de la densidad, se aprecia perfil hepático y esplénico.

Electrocardiograma normal.

Analítica:
Leucocitos: 3.100/mm³ (3.000-10.000); Hto: 39 % (40-46); Hb: 12,1 g/dl (12-15); VCM: 105 fl (80-100); plaquetas: 105.000/mm³ (150.000-400.000); Quick: 59 % (> 70 %); INR: 1.4 (N 0.8-1.2); creatinina: 1.0 mg/dl; urea: 40 mg/dl; Na: 136 mEq/L; K: 4 mEq/L; urato: 7.9 (< 7); bilirrubina total: 1.9 mg/dl (< 1.3) GOT (ASAT): 105 UI/ml (< 40); GPT (ALAT): 50 UI/ml (< 40); GGT: 480 UI/ml (< 45); FA: 125 UI/ml (< 135); albúmina: 3,2 g/dl (> 3,5).

El resto de la analítica básica es normal.
Ecografía abdominal: líquido libre muy abundante, hígado de ecogenicidad aumentada difusamente, heterogéneo, difícil de ver por la ascitis. Forma hepática

irregular un poco abollonada, macronodular. Vena porta permeable, dilatada. Venas suprahepáticas permeables, no dilatadas. Vía biliar intrahepática y extrahepática normal. Vesícula con litiasis múltiple, no distendida y no edematosa. Bazo ligeramente aumentado de tamaño (15 cm de longitud máxima). El resto no tiene alteraciones. Páncreas no visto por interposición de aire.

Se hace una paracentesis (diagnóstica y evacuadora), y se obtienen 6.000 ml de ascitis.

Análisis del líquido ascítico:
- Glucosa: 120 mg/dl.
- Proteínas: 1,0 g/dl.
- Albúmina: 0,8 g/dl.
- LDH: 40 ui/ml.
- Hematíes: 100 /mm³.
- Leucocitos: 220 /mm³.

¿Cómo hay que interpretar el consumo diario habitual de alcohol de este paciente?",El paciente bebe una cantidad de alcohol moderada que no supone un riesgo significativo para su salud.,El paciente bebe una cantidad de alcohol excesiva que supone un riesgo significativo de patología orgánica relacionada con el alcohol.,"El paciente bebe una cantidad de alcohol posiblemente excesiva, pero el riesgo de patología orgánica relacionada con el alcohol depende de su peso y de su comorbilidad.",Con los datos actuales no podemos juzgar si el consumo de alcohol de este paciente es excesivo o no.,b,El paciente bebe una cantidad de alcohol excesiva que supone un riesgo significativo de patología orgánica relacionada con el alcohol.,,46,AD_ILLES_BALEARS_2022__EXAM__exam__cuadernillo-de-examen-aparato-digestivo-fea.pdf,AD_ILLES_BALEARS_2022__ANSWER_KEY__answer-key__plantilla-correctora-del-examen.pdf,retained318,a2442f22c9fc50a71ecbfa3f2112f816203f3df5bc1788934e5e1cfbd4db7ed6,c27570133727db956b46e1bf9a08abd6a970bbaa980791e0d1550ad8f9ca5d6e
b131,illes-balears|2022|caso-6|134,Illes Balears,2022,aparato-digestivo,caso-6,131,"Paciente de 62 años con los antecedentes siguientes:

No alergias.

Exfumador: tabaquismo activo desde la juventud hasta los 58 años.

Tosedor habitual.

Consumo diario de alcohol desde hace más de diez años. Consume dos cañas de cerveza, cuatro vasos de vino y dos carajillos al día. El fin de semana toma alguna cerveza más en fiestas y celebraciones y uno o dos gin-tonics.

Dice que no toma drogas.

Dice que no tiene antecedentes patológicos relevantes. No hace controles con su médico de cabecera. Nunca va al médico.
Enfermedad actual: consulta por distensión abdominal molesta, un aumento del perímetro abdominal progresivo de dos semanas de evolución y piernas hinchadas.

Exploración física: bien coloreado, subictericia conjuntival dudosa, arañas vasculares y telangiectasias en el tronco, eritema palmar e hipertrofia parotídea.

Cardiocirculatorio: pulsos rítmicos 90 lpm, soplo sistólico plurifocal, no ingurgitación yugular, edemas maleolares moderados.

Respiración: espiración un poco alargada, algún roncus diseminado.
Abdomen: muy distendido; indoloro a la presión o a la descompresión; sin defensa; matidez en flancos; la matidez cambia con los cambios posturales; signo de la ola; hepatomegalia de tres traveses, lisa e indolora; esplenomegalia dudosa, difícil de delimitar; pequeña protrusión umbilical; no reflujo hepatoyugular.

Radiografía del tórax: elevación de ambos hemidiafragmas.

Radiografía del abdomen: aumento difuso de la densidad, se aprecia perfil hepático y esplénico.

Electrocardiograma normal.

Analítica:
Leucocitos: 3.100/mm³ (3.000-10.000); Hto: 39 % (40-46); Hb: 12,1 g/dl (12-15); VCM: 105 fl (80-100); plaquetas: 105.000/mm³ (150.000-400.000); Quick: 59 % (> 70 %); INR: 1.4 (N 0.8-1.2); creatinina: 1.0 mg/dl; urea: 40 mg/dl; Na: 136 mEq/L; K: 4 mEq/L; urato: 7.9 (< 7); bilirrubina total: 1.9 mg/dl (< 1.3) GOT (ASAT): 105 UI/ml (< 40); GPT (ALAT): 50 UI/ml (< 40); GGT: 480 UI/ml (< 45); FA: 125 UI/ml (< 135); albúmina: 3,2 g/dl (> 3,5).

El resto de la analítica básica es normal.
Ecografía abdominal: líquido libre muy abundante, hígado de ecogenicidad aumentada difusamente, heterogéneo, difícil de ver por la ascitis. Forma hepática

irregular un poco abollonada, macronodular. Vena porta permeable, dilatada. Venas suprahepáticas permeables, no dilatadas. Vía biliar intrahepática y extrahepática normal. Vesícula con litiasis múltiple, no distendida y no edematosa. Bazo ligeramente aumentado de tamaño (15 cm de longitud máxima). El resto no tiene alteraciones. Páncreas no visto por interposición de aire.

Se hace una paracentesis (diagnóstica y evacuadora), y se obtienen 6.000 ml de ascitis.

Análisis del líquido ascítico:
- Glucosa: 120 mg/dl.
- Proteínas: 1,0 g/dl.
- Albúmina: 0,8 g/dl.
- LDH: 40 ui/ml.
- Hematíes: 100 /mm³.
- Leucocitos: 220 /mm³.

¿Qué probabilidad hay de que este paciente tenga hepatitis alcohólica?",Seguro que no la tiene porque no tiene ictericia.,"Es posible pero si la tiene es una hepatitis alcohólica sin criterios de gravedad, porque no tiene ictericia y la alteración de la coagulación es moderada.",Es muy probable porque bebe mucho alcohol.,"Es seguro que tiene hepatitis alcohólica, porque todos los individuos que beben más de 60 g de alcohol al día tienen siempre cierto grado de hepatitis alcohólica.",b,"Es posible pero si la tiene es una hepatitis alcohólica sin criterios de gravedad, porque no tiene ictericia y la alteración de la coagulación es moderada.",,47,AD_ILLES_BALEARS_2022__EXAM__exam__cuadernillo-de-examen-aparato-digestivo-fea.pdf,AD_ILLES_BALEARS_2022__ANSWER_KEY__answer-key__plantilla-correctora-del-examen.pdf,retained318,cc811528abf1158d9cee0c14c3b2289083da7f731d65af718aeac033aab47b65,16d209e0213e92565ca9e9f2fda0b835d7b76a2f4a7040d2c229f3840a4afdd2
b132,illes-balears|2022|caso-6|135,Illes Balears,2022,aparato-digestivo,caso-6,132,"Paciente de 62 años con los antecedentes siguientes:

No alergias.

Exfumador: tabaquismo activo desde la juventud hasta los 58 años.

Tosedor habitual.

Consumo diario de alcohol desde hace más de diez años. Consume dos cañas de cerveza, cuatro vasos de vino y dos carajillos al día. El fin de semana toma alguna cerveza más en fiestas y celebraciones y uno o dos gin-tonics.

Dice que no toma drogas.

Dice que no tiene antecedentes patológicos relevantes. No hace controles con su médico de cabecera. Nunca va al médico.
Enfermedad actual: consulta por distensión abdominal molesta, un aumento del perímetro abdominal progresivo de dos semanas de evolución y piernas hinchadas.

Exploración física: bien coloreado, subictericia conjuntival dudosa, arañas vasculares y telangiectasias en el tronco, eritema palmar e hipertrofia parotídea.

Cardiocirculatorio: pulsos rítmicos 90 lpm, soplo sistólico plurifocal, no ingurgitación yugular, edemas maleolares moderados.

Respiración: espiración un poco alargada, algún roncus diseminado.
Abdomen: muy distendido; indoloro a la presión o a la descompresión; sin defensa; matidez en flancos; la matidez cambia con los cambios posturales; signo de la ola; hepatomegalia de tres traveses, lisa e indolora; esplenomegalia dudosa, difícil de delimitar; pequeña protrusión umbilical; no reflujo hepatoyugular.

Radiografía del tórax: elevación de ambos hemidiafragmas.

Radiografía del abdomen: aumento difuso de la densidad, se aprecia perfil hepático y esplénico.

Electrocardiograma normal.

Analítica:
Leucocitos: 3.100/mm³ (3.000-10.000); Hto: 39 % (40-46); Hb: 12,1 g/dl (12-15); VCM: 105 fl (80-100); plaquetas: 105.000/mm³ (150.000-400.000); Quick: 59 % (> 70 %); INR: 1.4 (N 0.8-1.2); creatinina: 1.0 mg/dl; urea: 40 mg/dl; Na: 136 mEq/L; K: 4 mEq/L; urato: 7.9 (< 7); bilirrubina total: 1.9 mg/dl (< 1.3) GOT (ASAT): 105 UI/ml (< 40); GPT (ALAT): 50 UI/ml (< 40); GGT: 480 UI/ml (< 45); FA: 125 UI/ml (< 135); albúmina: 3,2 g/dl (> 3,5).

El resto de la analítica básica es normal.
Ecografía abdominal: líquido libre muy abundante, hígado de ecogenicidad aumentada difusamente, heterogéneo, difícil de ver por la ascitis. Forma hepática

irregular un poco abollonada, macronodular. Vena porta permeable, dilatada. Venas suprahepáticas permeables, no dilatadas. Vía biliar intrahepática y extrahepática normal. Vesícula con litiasis múltiple, no distendida y no edematosa. Bazo ligeramente aumentado de tamaño (15 cm de longitud máxima). El resto no tiene alteraciones. Páncreas no visto por interposición de aire.

Se hace una paracentesis (diagnóstica y evacuadora), y se obtienen 6.000 ml de ascitis.

Análisis del líquido ascítico:
- Glucosa: 120 mg/dl.
- Proteínas: 1,0 g/dl.
- Albúmina: 0,8 g/dl.
- LDH: 40 ui/ml.
- Hematíes: 100 /mm³.
- Leucocitos: 220 /mm³.

Si tuviese una hepatitis alcohólica, ¿qué afirmación sería falsa?",Hay que recomendar abstinencia total y definitiva de alcohol.,Hay que asegurar un aporte nutricional y vitamínico adecuado.,Hay que iniciar un tratamiento con corticoides.,Hay que valorar la gravedad de la hepatitis alcohólica mediante scores específicos antes de valorar el tratamiento que necesita.,c,Hay que iniciar un tratamiento con corticoides.,negated,47,AD_ILLES_BALEARS_2022__EXAM__exam__cuadernillo-de-examen-aparato-digestivo-fea.pdf,AD_ILLES_BALEARS_2022__ANSWER_KEY__answer-key__plantilla-correctora-del-examen.pdf,retained318,dd01ca0776194300d0200c7882defd4a4ec26be88bec559bac2f2208eeb5cb44,90697e09fc8c899ab68e285f1767657215013a319adf70e5f68f927981d97e3c
b133,illes-balears|2022|caso-6|136,Illes Balears,2022,aparato-digestivo,caso-6,133,"Paciente de 62 años con los antecedentes siguientes:

No alergias.

Exfumador: tabaquismo activo desde la juventud hasta los 58 años.

Tosedor habitual.

Consumo diario de alcohol desde hace más de diez años. Consume dos cañas de cerveza, cuatro vasos de vino y dos carajillos al día. El fin de semana toma alguna cerveza más en fiestas y celebraciones y uno o dos gin-tonics.

Dice que no toma drogas.

Dice que no tiene antecedentes patológicos relevantes. No hace controles con su médico de cabecera. Nunca va al médico.
Enfermedad actual: consulta por distensión abdominal molesta, un aumento del perímetro abdominal progresivo de dos semanas de evolución y piernas hinchadas.

Exploración física: bien coloreado, subictericia conjuntival dudosa, arañas vasculares y telangiectasias en el tronco, eritema palmar e hipertrofia parotídea.

Cardiocirculatorio: pulsos rítmicos 90 lpm, soplo sistólico plurifocal, no ingurgitación yugular, edemas maleolares moderados.

Respiración: espiración un poco alargada, algún roncus diseminado.
Abdomen: muy distendido; indoloro a la presión o a la descompresión; sin defensa; matidez en flancos; la matidez cambia con los cambios posturales; signo de la ola; hepatomegalia de tres traveses, lisa e indolora; esplenomegalia dudosa, difícil de delimitar; pequeña protrusión umbilical; no reflujo hepatoyugular.

Radiografía del tórax: elevación de ambos hemidiafragmas.

Radiografía del abdomen: aumento difuso de la densidad, se aprecia perfil hepático y esplénico.

Electrocardiograma normal.

Analítica:
Leucocitos: 3.100/mm³ (3.000-10.000); Hto: 39 % (40-46); Hb: 12,1 g/dl (12-15); VCM: 105 fl (80-100); plaquetas: 105.000/mm³ (150.000-400.000); Quick: 59 % (> 70 %); INR: 1.4 (N 0.8-1.2); creatinina: 1.0 mg/dl; urea: 40 mg/dl; Na: 136 mEq/L; K: 4 mEq/L; urato: 7.9 (< 7); bilirrubina total: 1.9 mg/dl (< 1.3) GOT (ASAT): 105 UI/ml (< 40); GPT (ALAT): 50 UI/ml (< 40); GGT: 480 UI/ml (< 45); FA: 125 UI/ml (< 135); albúmina: 3,2 g/dl (> 3,5).

El resto de la analítica básica es normal.
Ecografía abdominal: líquido libre muy abundante, hígado de ecogenicidad aumentada difusamente, heterogéneo, difícil de ver por la ascitis. Forma hepática

irregular un poco abollonada, macronodular. Vena porta permeable, dilatada. Venas suprahepáticas permeables, no dilatadas. Vía biliar intrahepática y extrahepática normal. Vesícula con litiasis múltiple, no distendida y no edematosa. Bazo ligeramente aumentado de tamaño (15 cm de longitud máxima). El resto no tiene alteraciones. Páncreas no visto por interposición de aire.

Se hace una paracentesis (diagnóstica y evacuadora), y se obtienen 6.000 ml de ascitis.

Análisis del líquido ascítico:
- Glucosa: 120 mg/dl.
- Proteínas: 1,0 g/dl.
- Albúmina: 0,8 g/dl.
- LDH: 40 ui/ml.
- Hematíes: 100 /mm³.
- Leucocitos: 220 /mm³.

Se repite la analítica en este paciente para descartar una enfermedad hepática autoinmune o metabólica. Se detecta ferritina 350 ng/ml y un índice de saturación de transferrina del 33 %. El resto de las determinaciones metabólicas e inmunológicas son negativas. Señale la afirmación correcta:",Este paciente tiene una sobrecarga patológica de hierro por hemocromatosis.,Hay que hacer el test genético (detección de mutaciones C282Y y H63D) para confirmar la sospecha de hemocromatosis hereditaria.,Estos análisis no sugieren que el paciente tiene hemocromatosis.,Para confirmar si tiene hemocromatosis hay que hacer una biopsia hepática.,c,Estos análisis no sugieren que el paciente tiene hemocromatosis.,,48,AD_ILLES_BALEARS_2022__EXAM__exam__cuadernillo-de-examen-aparato-digestivo-fea.pdf,AD_ILLES_BALEARS_2022__ANSWER_KEY__answer-key__plantilla-correctora-del-examen.pdf,retained318,683b7903786219f0f8fa507317dc8b537e55c8c2cdd32a4a90c20b4c1e160928,a6954a1a7dde9ee198d69f4724163faa3c676cb0253ca74e90df4d4d1685f60b
b134,illes-balears|2022|caso-6|137,Illes Balears,2022,aparato-digestivo,caso-6,134,"Paciente de 62 años con los antecedentes siguientes:

No alergias.

Exfumador: tabaquismo activo desde la juventud hasta los 58 años.

Tosedor habitual.

Consumo diario de alcohol desde hace más de diez años. Consume dos cañas de cerveza, cuatro vasos de vino y dos carajillos al día. El fin de semana toma alguna cerveza más en fiestas y celebraciones y uno o dos gin-tonics.

Dice que no toma drogas.

Dice que no tiene antecedentes patológicos relevantes. No hace controles con su médico de cabecera. Nunca va al médico.
Enfermedad actual: consulta por distensión abdominal molesta, un aumento del perímetro abdominal progresivo de dos semanas de evolución y piernas hinchadas.

Exploración física: bien coloreado, subictericia conjuntival dudosa, arañas vasculares y telangiectasias en el tronco, eritema palmar e hipertrofia parotídea.

Cardiocirculatorio: pulsos rítmicos 90 lpm, soplo sistólico plurifocal, no ingurgitación yugular, edemas maleolares moderados.

Respiración: espiración un poco alargada, algún roncus diseminado.
Abdomen: muy distendido; indoloro a la presión o a la descompresión; sin defensa; matidez en flancos; la matidez cambia con los cambios posturales; signo de la ola; hepatomegalia de tres traveses, lisa e indolora; esplenomegalia dudosa, difícil de delimitar; pequeña protrusión umbilical; no reflujo hepatoyugular.

Radiografía del tórax: elevación de ambos hemidiafragmas.

Radiografía del abdomen: aumento difuso de la densidad, se aprecia perfil hepático y esplénico.

Electrocardiograma normal.

Analítica:
Leucocitos: 3.100/mm³ (3.000-10.000); Hto: 39 % (40-46); Hb: 12,1 g/dl (12-15); VCM: 105 fl (80-100); plaquetas: 105.000/mm³ (150.000-400.000); Quick: 59 % (> 70 %); INR: 1.4 (N 0.8-1.2); creatinina: 1.0 mg/dl; urea: 40 mg/dl; Na: 136 mEq/L; K: 4 mEq/L; urato: 7.9 (< 7); bilirrubina total: 1.9 mg/dl (< 1.3) GOT (ASAT): 105 UI/ml (< 40); GPT (ALAT): 50 UI/ml (< 40); GGT: 480 UI/ml (< 45); FA: 125 UI/ml (< 135); albúmina: 3,2 g/dl (> 3,5).

El resto de la analítica básica es normal.
Ecografía abdominal: líquido libre muy abundante, hígado de ecogenicidad aumentada difusamente, heterogéneo, difícil de ver por la ascitis. Forma hepática

irregular un poco abollonada, macronodular. Vena porta permeable, dilatada. Venas suprahepáticas permeables, no dilatadas. Vía biliar intrahepática y extrahepática normal. Vesícula con litiasis múltiple, no distendida y no edematosa. Bazo ligeramente aumentado de tamaño (15 cm de longitud máxima). El resto no tiene alteraciones. Páncreas no visto por interposición de aire.

Se hace una paracentesis (diagnóstica y evacuadora), y se obtienen 6.000 ml de ascitis.

Análisis del líquido ascítico:
- Glucosa: 120 mg/dl.
- Proteínas: 1,0 g/dl.
- Albúmina: 0,8 g/dl.
- LDH: 40 ui/ml.
- Hematíes: 100 /mm³.
- Leucocitos: 220 /mm³.

Señale la respuesta correcta en caso de que fuese necesario hacer una biopsia hepática en este paciente:","Se puede hacer la biopsia hepática percutánea sin problemas, siempre que sea con control ecográfico.",Para hacer la biopsia hepática percutánea es necesario evacuar la ascitis primero.,Para hacer la biopsia hepática con seguridad es necesario administrar plasma fresco y plaquetas.,En este paciente solo es posible hacer la biopsia hepática por vía transyugular.,b,Para hacer la biopsia hepática percutánea es necesario evacuar la ascitis primero.,,48,AD_ILLES_BALEARS_2022__EXAM__exam__cuadernillo-de-examen-aparato-digestivo-fea.pdf,AD_ILLES_BALEARS_2022__ANSWER_KEY__answer-key__plantilla-correctora-del-examen.pdf,retained318,0b1a98e4f5b9ad7dcfbc8a23e151b197c9f239fe27384d7f48713a1bd65225d3,48d98454509e55466d5f4f40a0796211e246e65204c4816ebabd9e2f73dd509d
b136,illes-balears|2022|caso-6|139,Illes Balears,2022,aparato-digestivo,caso-6,136,"Paciente de 62 años con los antecedentes siguientes:

No alergias.

Exfumador: tabaquismo activo desde la juventud hasta los 58 años.

Tosedor habitual.

Consumo diario de alcohol desde hace más de diez años. Consume dos cañas de cerveza, cuatro vasos de vino y dos carajillos al día. El fin de semana toma alguna cerveza más en fiestas y celebraciones y uno o dos gin-tonics.

Dice que no toma drogas.

Dice que no tiene antecedentes patológicos relevantes. No hace controles con su médico de cabecera. Nunca va al médico.
Enfermedad actual: consulta por distensión abdominal molesta, un aumento del perímetro abdominal progresivo de dos semanas de evolución y piernas hinchadas.

Exploración física: bien coloreado, subictericia conjuntival dudosa, arañas vasculares y telangiectasias en el tronco, eritema palmar e hipertrofia parotídea.

Cardiocirculatorio: pulsos rítmicos 90 lpm, soplo sistólico plurifocal, no ingurgitación yugular, edemas maleolares moderados.

Respiración: espiración un poco alargada, algún roncus diseminado.
Abdomen: muy distendido; indoloro a la presión o a la descompresión; sin defensa; matidez en flancos; la matidez cambia con los cambios posturales; signo de la ola; hepatomegalia de tres traveses, lisa e indolora; esplenomegalia dudosa, difícil de delimitar; pequeña protrusión umbilical; no reflujo hepatoyugular.

Radiografía del tórax: elevación de ambos hemidiafragmas.

Radiografía del abdomen: aumento difuso de la densidad, se aprecia perfil hepático y esplénico.

Electrocardiograma normal.

Analítica:
Leucocitos: 3.100/mm³ (3.000-10.000); Hto: 39 % (40-46); Hb: 12,1 g/dl (12-15); VCM: 105 fl (80-100); plaquetas: 105.000/mm³ (150.000-400.000); Quick: 59 % (> 70 %); INR: 1.4 (N 0.8-1.2); creatinina: 1.0 mg/dl; urea: 40 mg/dl; Na: 136 mEq/L; K: 4 mEq/L; urato: 7.9 (< 7); bilirrubina total: 1.9 mg/dl (< 1.3) GOT (ASAT): 105 UI/ml (< 40); GPT (ALAT): 50 UI/ml (< 40); GGT: 480 UI/ml (< 45); FA: 125 UI/ml (< 135); albúmina: 3,2 g/dl (> 3,5).

El resto de la analítica básica es normal.
Ecografía abdominal: líquido libre muy abundante, hígado de ecogenicidad aumentada difusamente, heterogéneo, difícil de ver por la ascitis. Forma hepática

irregular un poco abollonada, macronodular. Vena porta permeable, dilatada. Venas suprahepáticas permeables, no dilatadas. Vía biliar intrahepática y extrahepática normal. Vesícula con litiasis múltiple, no distendida y no edematosa. Bazo ligeramente aumentado de tamaño (15 cm de longitud máxima). El resto no tiene alteraciones. Páncreas no visto por interposición de aire.

Se hace una paracentesis (diagnóstica y evacuadora), y se obtienen 6.000 ml de ascitis.

Análisis del líquido ascítico:
- Glucosa: 120 mg/dl.
- Proteínas: 1,0 g/dl.
- Albúmina: 0,8 g/dl.
- LDH: 40 ui/ml.
- Hematíes: 100 /mm³.
- Leucocitos: 220 /mm³.

Se hace una gastroscopia. El paciente tiene varices esofágicas grandes con puntos rojos y gastropatía por HT portal leve-moderada.

¿Qué medicamento no se utiliza para la profilaxis de la hemorragia por varices esofágicas en el paciente cirrótico?",Propranolol.,Bisoprolol.,Nadolol.,Carvedilol.,b,Bisoprolol.,,49,AD_ILLES_BALEARS_2022__EXAM__exam__cuadernillo-de-examen-aparato-digestivo-fea.pdf,AD_ILLES_BALEARS_2022__ANSWER_KEY__answer-key__plantilla-correctora-del-examen.pdf,retained318,0540e847da27c636609e9345b6589183afa9179e55dea8af22b41e2b9a33c4e5,853d1470d6310af0808c2a8d5055191d35eacdaa449e0683960dd4ac1c98e291
b137,illes-balears|2022|caso-6|140,Illes Balears,2022,aparato-digestivo,caso-6,137,"Paciente de 62 años con los antecedentes siguientes:

No alergias.

Exfumador: tabaquismo activo desde la juventud hasta los 58 años.

Tosedor habitual.

Consumo diario de alcohol desde hace más de diez años. Consume dos cañas de cerveza, cuatro vasos de vino y dos carajillos al día. El fin de semana toma alguna cerveza más en fiestas y celebraciones y uno o dos gin-tonics.

Dice que no toma drogas.

Dice que no tiene antecedentes patológicos relevantes. No hace controles con su médico de cabecera. Nunca va al médico.
Enfermedad actual: consulta por distensión abdominal molesta, un aumento del perímetro abdominal progresivo de dos semanas de evolución y piernas hinchadas.

Exploración física: bien coloreado, subictericia conjuntival dudosa, arañas vasculares y telangiectasias en el tronco, eritema palmar e hipertrofia parotídea.

Cardiocirculatorio: pulsos rítmicos 90 lpm, soplo sistólico plurifocal, no ingurgitación yugular, edemas maleolares moderados.

Respiración: espiración un poco alargada, algún roncus diseminado.
Abdomen: muy distendido; indoloro a la presión o a la descompresión; sin defensa; matidez en flancos; la matidez cambia con los cambios posturales; signo de la ola; hepatomegalia de tres traveses, lisa e indolora; esplenomegalia dudosa, difícil de delimitar; pequeña protrusión umbilical; no reflujo hepatoyugular.

Radiografía del tórax: elevación de ambos hemidiafragmas.

Radiografía del abdomen: aumento difuso de la densidad, se aprecia perfil hepático y esplénico.

Electrocardiograma normal.

Analítica:
Leucocitos: 3.100/mm³ (3.000-10.000); Hto: 39 % (40-46); Hb: 12,1 g/dl (12-15); VCM: 105 fl (80-100); plaquetas: 105.000/mm³ (150.000-400.000); Quick: 59 % (> 70 %); INR: 1.4 (N 0.8-1.2); creatinina: 1.0 mg/dl; urea: 40 mg/dl; Na: 136 mEq/L; K: 4 mEq/L; urato: 7.9 (< 7); bilirrubina total: 1.9 mg/dl (< 1.3) GOT (ASAT): 105 UI/ml (< 40); GPT (ALAT): 50 UI/ml (< 40); GGT: 480 UI/ml (< 45); FA: 125 UI/ml (< 135); albúmina: 3,2 g/dl (> 3,5).

El resto de la analítica básica es normal.
Ecografía abdominal: líquido libre muy abundante, hígado de ecogenicidad aumentada difusamente, heterogéneo, difícil de ver por la ascitis. Forma hepática

irregular un poco abollonada, macronodular. Vena porta permeable, dilatada. Venas suprahepáticas permeables, no dilatadas. Vía biliar intrahepática y extrahepática normal. Vesícula con litiasis múltiple, no distendida y no edematosa. Bazo ligeramente aumentado de tamaño (15 cm de longitud máxima). El resto no tiene alteraciones. Páncreas no visto por interposición de aire.

Se hace una paracentesis (diagnóstica y evacuadora), y se obtienen 6.000 ml de ascitis.

Análisis del líquido ascítico:
- Glucosa: 120 mg/dl.
- Proteínas: 1,0 g/dl.
- Albúmina: 0,8 g/dl.
- LDH: 40 ui/ml.
- Hematíes: 100 /mm³.
- Leucocitos: 220 /mm³.

Se hace una gastroscopia. El paciente tiene varices esofágicas grandes con puntos rojos y gastropatía por HT portal leve-moderada.

A los cinco días del ingreso se le da el alta de hospitalización.

A los diez días del alta el paciente acude a urgencias con malestar general, inapetencia, febrícula (37,6 °C), molestias abdominales difusas, nuevamente distensión abdominal y aumento de peso (hay una reacumulación evidente de ascitis a la exploración física), pese a cumplir bien el tratamiento con dieta sin sal y con diuréticos. Dice que no bebe alcohol.

Se hace una nueva paracentesis (diagnóstica y evacuadora).
Se evacúan 2 L de ascitis.
Análisis del líquido ascítico:
- Glucosa: 110 mg/dl
- Proteínas: 1,1 g/dl
- Albúmina: 0,9 g/dl
- LDH: 60 ui/ml
- Hematíes: 200 /mm3
- Leucocitos: 500 /mm3 (LPN: 90 %)

¿Cómo se interpreta este resultado?",Tiene ascitis transudativa no complicada.,Tiene peritonitis bacteriana espontánea (PBE).,Tiene peritonitis bacteriana secundaria.,Tiene bacterioascitis.,b,Tiene peritonitis bacteriana espontánea (PBE).,,49,AD_ILLES_BALEARS_2022__EXAM__exam__cuadernillo-de-examen-aparato-digestivo-fea.pdf,AD_ILLES_BALEARS_2022__ANSWER_KEY__answer-key__plantilla-correctora-del-examen.pdf,retained318,8a34eb340918d61346f8b027ddf5cb55db3a6e162e312c6822fbd1237b10b9b5,3f90058122362e5a78e09b76e0f016bd3d56fede674c4a3a77cc71edb2d75556
b166,navarra|2022|caso-clinico-1|91,Navarra,2022,aparato-digestivo,caso-clinico-1,166,"Estás de guardia y te avisan desde Urgencias donde están valorando a una mujer de 67 años que ha acudido por presentar, en las últimas 3 horas, 2 deposiciones de características melénicas. Son las 22:45h.
En la analítica presenta: Hemoglobina 7.8 g/dL, urea 69 y Creatinina 0.9mg/dL. El resto de parámetros están dentro de la normalidad.
Rehistoriada la paciente refiere ingesta de ibuprofeno en los 3 días previos por un dolor en un molar. No tiene antecedentes médicos de interés salvo una dislipemia bien controlada con estatinas y es alérgica a las quinolonas. Fuma unos 15 cigarrillos cada día.
En la exploración física la TA es de 118/65 mmHg y la FC de 86 lpm. La paciente está eupneica y algo pálida. La auscultación cardio-pulmonar es normal y en la exploración abdominal refiere molestias a la palpación profunda en región epigástrica

Si seguimos las recomendaciones de la ESGE (European Society of Gastrointestinal Endoscopy), cuándo le deberíamos realizar la gastroscopia. Señale la respuesta CORRECTA:",Emergente (antes de 6h),Urgente (antes de 12h),Precoz (antes de 24h),Demorada (>24 horas),c,Precoz (antes de 24h),,20,AD_NAVARRA_2022__EXAM__040_exam_preguntas-test-examen-digestivo-definitivo-ope-2022-estabili.pdf,AD_NAVARRA_2022__ANSWER_KEY__041_answer-key_respuestas-digestivo-ope-2022-estabilizacion.pdf,retained318,ce92732f6e6259ea4369a9f289f73dcfa80cc67235651691fe2876f5ed469e08,9728066ccd26d56029e030fcddeaa9cfc59e3302e256ca0fe78a3ba25760915a
b167,navarra|2022|caso-clinico-1|92,Navarra,2022,aparato-digestivo,caso-clinico-1,167,"Estás de guardia y te avisan desde Urgencias donde están valorando a una mujer de 67 años que ha acudido por presentar, en las últimas 3 horas, 2 deposiciones de características melénicas. Son las 22:45h.
En la analítica presenta: Hemoglobina 7.8 g/dL, urea 69 y Creatinina 0.9mg/dL. El resto de parámetros están dentro de la normalidad.
Rehistoriada la paciente refiere ingesta de ibuprofeno en los 3 días previos por un dolor en un molar. No tiene antecedentes médicos de interés salvo una dislipemia bien controlada con estatinas y es alérgica a las quinolonas. Fuma unos 15 cigarrillos cada día.
En la exploración física la TA es de 118/65 mmHg y la FC de 86 lpm. La paciente está eupneica y algo pálida. La auscultación cardio-pulmonar es normal y en la exploración abdominal refiere molestias a la palpación profunda en región epigástrica

En la gastroscopia se objetiva una úlcera duodenal de 15mm con un fondo hemático oscuro y no hay restos hemáticos intraluminales. En relación a la forma de presentación de la úlcera péptica, señale la respuesta INCORRECTA:",Las causas más frecuentes son la infección por Helicobacter pylori y la ingesta de AINES,Hasta el 70% de las úlceras pépticas son asintomáticas,La complicación más frecuente de la úlcera péptica es la hemorragia,"La perforación es la menos frecuente de las 3 complicaciones clásicas (hemorragia, estenosis, perforación)",d,"La perforación es la menos frecuente de las 3 complicaciones clásicas (hemorragia, estenosis, perforación)",negated,20,AD_NAVARRA_2022__EXAM__040_exam_preguntas-test-examen-digestivo-definitivo-ope-2022-estabili.pdf,AD_NAVARRA_2022__ANSWER_KEY__041_answer-key_respuestas-digestivo-ope-2022-estabilizacion.pdf,retained318,985fe99b23aae80df375e9d8b545c544650a4b0c2a2260dd1e0896e3c2e28bf1,ac74ef9f2e1b1ae7cd68aa55960f42124a998d35fd37910f7c0b49d23a0a7d7c
b168,navarra|2022|caso-clinico-1|93,Navarra,2022,aparato-digestivo,caso-clinico-1,168,"Estás de guardia y te avisan desde Urgencias donde están valorando a una mujer de 67 años que ha acudido por presentar, en las últimas 3 horas, 2 deposiciones de características melénicas. Son las 22:45h.
En la analítica presenta: Hemoglobina 7.8 g/dL, urea 69 y Creatinina 0.9mg/dL. El resto de parámetros están dentro de la normalidad.
Rehistoriada la paciente refiere ingesta de ibuprofeno en los 3 días previos por un dolor en un molar. No tiene antecedentes médicos de interés salvo una dislipemia bien controlada con estatinas y es alérgica a las quinolonas. Fuma unos 15 cigarrillos cada día.
En la exploración física la TA es de 118/65 mmHg y la FC de 86 lpm. La paciente está eupneica y algo pálida. La auscultación cardio-pulmonar es normal y en la exploración abdominal refiere molestias a la palpación profunda en región epigástrica

En el transcurso de la gastroscopia a la paciente se le tomó una muestra para Test de ureasa con resultado negativo. A la vista de este hallazgo, señale la respuesta CORRECTA:","Como ha tomado AINES, asumimos que ésa es la causa de la úlcera y, en el futuro, sólo deberemos aconsejar que no tome AINES o que asocie gastroprotección en caso de ser imprescindibles","Como tiene una hemorragia, el test de ureasa puede ser un falso negativo y habrá que confirmar el resultado con un test del aliento","Como tiene una hemorragia, el test de ureasa puede ser un falso negativo y habrá que realizar nueva gastroscopia para confirmar la cicatrización de la úlcera y tomar nuevas muestras","Como tiene más de 65 años, y ha sido una úlcera complicada, deberá hacer gastroprotección indefinida por lo que la presencia de Helicobácter es irrelevante",b,"Como tiene una hemorragia, el test de ureasa puede ser un falso negativo y habrá que confirmar el resultado con un test del aliento",,20,AD_NAVARRA_2022__EXAM__040_exam_preguntas-test-examen-digestivo-definitivo-ope-2022-estabili.pdf,AD_NAVARRA_2022__ANSWER_KEY__041_answer-key_respuestas-digestivo-ope-2022-estabilizacion.pdf,retained318,5f97d03db8af31628790de12f8954f5c420cb52f35f2b72695c317d3171419b1,ea346fa4b66d11373374b69cc000d905221c1ba25c4a315c461bd0501053c4bf
b170,navarra|2022|caso-clinico-1|95,Navarra,2022,aparato-digestivo,caso-clinico-1,170,"Estás de guardia y te avisan desde Urgencias donde están valorando a una mujer de 67 años que ha acudido por presentar, en las últimas 3 horas, 2 deposiciones de características melénicas. Son las 22:45h.
En la analítica presenta: Hemoglobina 7.8 g/dL, urea 69 y Creatinina 0.9mg/dL. El resto de parámetros están dentro de la normalidad.
Rehistoriada la paciente refiere ingesta de ibuprofeno en los 3 días previos por un dolor en un molar. No tiene antecedentes médicos de interés salvo una dislipemia bien controlada con estatinas y es alérgica a las quinolonas. Fuma unos 15 cigarrillos cada día.
En la exploración física la TA es de 118/65 mmHg y la FC de 86 lpm. La paciente está eupneica y algo pálida. La auscultación cardio-pulmonar es normal y en la exploración abdominal refiere molestias a la palpación profunda en región epigástrica

Si nuestra paciente hubiera sido Helicobacter pylori positivo, cuánto tiempo aconsejarías mantener el tratamiento con inhibidores de la bomba de protones:",Indefinido ya que tiene > 65 años,8 semanas,El tiempo que dure el tratamiento erradicador,Hasta confirmación de la erradicación,d,Hasta confirmación de la erradicación,,21,AD_NAVARRA_2022__EXAM__040_exam_preguntas-test-examen-digestivo-definitivo-ope-2022-estabili.pdf,AD_NAVARRA_2022__ANSWER_KEY__041_answer-key_respuestas-digestivo-ope-2022-estabilizacion.pdf,retained318,7d30f33bcf4627ecb141d0763b650111ba57ccb3c5a5add038765ef28843fb46,3911223ce476c8999dc7aa76adabc21854dc7a6f4429e412012965272eb5cb13
b171,navarra|2022|caso-clinico-1|96,Navarra,2022,aparato-digestivo,caso-clinico-1,171,"Estás de guardia y te avisan desde Urgencias donde están valorando a una mujer de 67 años que ha acudido por presentar, en las últimas 3 horas, 2 deposiciones de características melénicas. Son las 22:45h.
En la analítica presenta: Hemoglobina 7.8 g/dL, urea 69 y Creatinina 0.9mg/dL. El resto de parámetros están dentro de la normalidad.
Rehistoriada la paciente refiere ingesta de ibuprofeno en los 3 días previos por un dolor en un molar. No tiene antecedentes médicos de interés salvo una dislipemia bien controlada con estatinas y es alérgica a las quinolonas. Fuma unos 15 cigarrillos cada día.
En la exploración física la TA es de 118/65 mmHg y la FC de 86 lpm. La paciente está eupneica y algo pálida. La auscultación cardio-pulmonar es normal y en la exploración abdominal refiere molestias a la palpación profunda en región epigástrica

Tres meses después del episodio de sangrado, la paciente es valorada en urgencias por un cuadro neurológico que finalmente se interpreta como AIT, aconsejándose en el informe de alta, iniciar tratamiento antiagregante con AAS 100mg y dejar de fumar. En relación al riesgo de presentar una úlcera secundaria a la ingesta de AINES; señala cuál es el factor de riesgo más importante:",La edad,La asociación de AINES con anticoagulantes,El antecedente ulceroso,El sexo,c,El antecedente ulceroso,,21,AD_NAVARRA_2022__EXAM__040_exam_preguntas-test-examen-digestivo-definitivo-ope-2022-estabili.pdf,AD_NAVARRA_2022__ANSWER_KEY__041_answer-key_respuestas-digestivo-ope-2022-estabilizacion.pdf,retained318,9169e4dc6fae0ea0898a52c7798c73bc0f28136c3971780862644b0c40ab6863,b02719fd34c9a7efe6b90e8526df292ad480c85844667d7a979d0efbe5fee0a1
b172,navarra|2022|caso-clinico-2|97,Navarra,2022,aparato-digestivo,caso-clinico-2,172,"Una mañana en la sala de endoscopias en la agenda de cribado de cáncer colorrectal (CCR):

Requisitos a cumplir en el programa de cribado de CCR. Señala la VERDADERA",Una demora de 3 meses en la realización de las colonoscopias de cribado se considera adecuado,"Se recomienda que los endoscopistas que realizan las endoscopias de cribado cumplan unos criterios de calidad, como tener una adecuada tasa de detección de adenomas",En Navarra los pacientes pueden elegir por test de sangre oculta en heces o por colonoscopia directa,Los vídeo-colonoscopios que no tienen alta definición de imagen son aptos para este tipo de endoscopia.,b,"Se recomienda que los endoscopistas que realizan las endoscopias de cribado cumplan unos criterios de calidad, como tener una adecuada tasa de detección de adenomas",,22,AD_NAVARRA_2022__EXAM__040_exam_preguntas-test-examen-digestivo-definitivo-ope-2022-estabili.pdf,AD_NAVARRA_2022__ANSWER_KEY__041_answer-key_respuestas-digestivo-ope-2022-estabilizacion.pdf,retained318,e9a0ede554e2546d71ff5d69b62c9a9adbd0b73f34a2b54358372e1a160c2a64,2360597442244bbbca06ece4fd385be14cd08a6e655a02ea8bff25034dd0a34b
b173,navarra|2022|caso-clinico-2|98,Navarra,2022,aparato-digestivo,caso-clinico-2,173,"Una mañana en la sala de endoscopias en la agenda de cribado de cáncer colorrectal (CCR):

Realizando una de las colonoscopias encontramos un pólipo en el pliegue distal a la válvula íleocecal, de unos 15 mm. Señala la respuesta FALSA:","Nuestro informe debería describir la morfología básica del pólipo, utilizando la Clasificación de París o al menos nombrando si es plano, sésil o polipoide.","Se debería realizar una correcta inspección del pólipo, incluyendo aspectos básicos del patrón de superficie que nos permitan conocer si el pólipo tiene un carácter o no invasivo","Los pólipos de colon derecho, de este tamaño, aunque tengan aspecto benigno, deben ser enviados para resección por los endoscopistas más expertos de la unidad.","Los endoscopistas del programa de cribado deben de estar capacitados para extirpar este tipo de pólipos, si no están localizados en zonas de excesiva complejidad",c,"Los pólipos de colon derecho, de este tamaño, aunque tengan aspecto benigno, deben ser enviados para resección por los endoscopistas más expertos de la unidad.",negated,22,AD_NAVARRA_2022__EXAM__040_exam_preguntas-test-examen-digestivo-definitivo-ope-2022-estabili.pdf,AD_NAVARRA_2022__ANSWER_KEY__041_answer-key_respuestas-digestivo-ope-2022-estabilizacion.pdf,retained318,a00fb12836a607745d040d1203cad00d3398c63d44c266ba2ff47688bf31e1b2,dc10b806cb9a6b76079c19935d8734ed8cdea3da69f6a6f61b44e409f45a877f
b174,navarra|2022|caso-clinico-2|99,Navarra,2022,aparato-digestivo,caso-clinico-2,174,"Una mañana en la sala de endoscopias en la agenda de cribado de cáncer colorrectal (CCR):

En otra colonoscopia de cribado nos encontramos un pólipo plano granular homogéneo de 4 cm en el colon derecho que se decide derivar para resección posterior. Señala la respuesta VERDADERA","El informe describe que el pólipo se encontraba a 90cm del ano. Incluir en este informe la distancia en cm a la cual hemos encontrado el pólipo es muy útil, ya que será de gran ayuda para el endoscopista que realice la resección",La morfología del pólipo indica alto poder de invasión submucosa e implica técnicas de resección en bloque como la disección endoscópica submucosa,"Como el endoscopista que realiza la exploración se considera competente en realizar la resección, decide realizar una resección bajo el agua, ya que la probabilidad de resecar esta lesión en bloque con esta técnica se acerca al 95%.",El endoscopista considera adecuado indicar una resección fragmentada que se podría haber realizado en la primera colonoscopia o de forma diferida según la experiencia del mismo.,d,El endoscopista considera adecuado indicar una resección fragmentada que se podría haber realizado en la primera colonoscopia o de forma diferida según la experiencia del mismo.,,22,AD_NAVARRA_2022__EXAM__040_exam_preguntas-test-examen-digestivo-definitivo-ope-2022-estabili.pdf,AD_NAVARRA_2022__ANSWER_KEY__041_answer-key_respuestas-digestivo-ope-2022-estabilizacion.pdf,retained318,bece7dd362a3ad2656f5215dada655732454bbd47dab6c628742187fac23bde4,bfef79101f1d15afea4ad24de2ca1804a20b404816f09362d3af192e006b61b8
b175,navarra|2022|caso-clinico-2|100,Navarra,2022,aparato-digestivo,caso-clinico-2,175,"Una mañana en la sala de endoscopias en la agenda de cribado de cáncer colorrectal (CCR):

Según las clasificaciones morfológicas de los pólipos: la clasificación de París y sobre todo la clasificación LST (laterally spreading tumors). Señala la VERDADERA","Se sabe que los pólipos con nódulos menores de 1cm y de tamaño similar, se llaman granulares mixtos",Los pólipos planos elevados tienen un porcentaje estimado de invasividad menor del 5%,Los pólipos no granulares se dividen en planos elevados y en pseudodeprimidos,Los pólipos pseudodeprimidos tienen un porcentaje de invasividad del 10%,c,Los pólipos no granulares se dividen en planos elevados y en pseudodeprimidos,,23,AD_NAVARRA_2022__EXAM__040_exam_preguntas-test-examen-digestivo-definitivo-ope-2022-estabili.pdf,AD_NAVARRA_2022__ANSWER_KEY__041_answer-key_respuestas-digestivo-ope-2022-estabilizacion.pdf,retained318,14b170d92fbf34a2f1388d50b433f4c772dd8320fef8799bb08999513262d09e,f5cd613d042704061471774366602055bfe59045019060869a5e24c1071fe527
b176,navarra|2022|caso-clinico-2|101,Navarra,2022,aparato-digestivo,caso-clinico-2,176,"Una mañana en la sala de endoscopias en la agenda de cribado de cáncer colorrectal (CCR):

En la siguiente colonoscopia nos encontramos un pólipo plano de 5 cm situado en el colon transverso. Describe la actitud CORRECTA","Cogemos múltiples biopsias del pólipo, ya que tiene un patrón NICE II que nos indica invasividad",Realizamos un tatuaje proximal y distal ya que tiene un patrón JNET IIa y probablemente necesite cirugía,Presenta una zona central con patrón JNET IIb e indicamos una resección diferida en bloque,"Tiene un claro patrón JNET III, lo que es clara indicación de disección endoscópica submucosa",c,Presenta una zona central con patrón JNET IIb e indicamos una resección diferida en bloque,,23,AD_NAVARRA_2022__EXAM__040_exam_preguntas-test-examen-digestivo-definitivo-ope-2022-estabili.pdf,AD_NAVARRA_2022__ANSWER_KEY__041_answer-key_respuestas-digestivo-ope-2022-estabilizacion.pdf,retained318,1fa68be9b36cc43e67b33565ab3b77568724983e775b1ffe13b3dfa7787618f9,78e4b456ecbb73b1cca922a2a43fb3483da4739230820fc068cd2680a38ce36e
b177,navarra|2022|caso-clinico-2|102,Navarra,2022,aparato-digestivo,caso-clinico-2,177,"Una mañana en la sala de endoscopias en la agenda de cribado de cáncer colorrectal (CCR):

En la última colonoscopia de la mañana, vemos un pólipo de recto medio de unos 6 cm con un gran nódulo central de aproximadamente de 3 cm, señale la respuesta CORRECTA:",Siempre hay que hacer RMN y TC en este tipo de pólipos independientemente de su patrón óptico mucoso y de su morfología,"En el nódulo central podría existir un “covert cancer” o cáncer oculto, en un porcentaje significativo","El patrón mucoso es de benignidad, lo que indica que puede realizar resección fragmentada e inclusión de todos los fragmentos en un solo bote de anatomía patológica.","El patrón mucoso es un NICE I, lo que indica que con alta probabilidad se trate de un adenoma",b,"En el nódulo central podría existir un “covert cancer” o cáncer oculto, en un porcentaje significativo",,23,AD_NAVARRA_2022__EXAM__040_exam_preguntas-test-examen-digestivo-definitivo-ope-2022-estabili.pdf,AD_NAVARRA_2022__ANSWER_KEY__041_answer-key_respuestas-digestivo-ope-2022-estabilizacion.pdf,retained318,fdaa7f8906b9856389482804306a3b315c3475bb2177dfef6202d4e83562f714,cd31a9e64b97bbe2556c544d8ecbeb93b8c0aaf76e298e5b701b296857b04c87
b179,navarra|2022|caso-clinico-3|104,Navarra,2022,aparato-digestivo,caso-clinico-3,179,"Varón de 65 años con antecedente de cirrosis hepática por VHC genotipo 3 (nunca tratado), sin otras comorbilidades, que ingresa por hematemesis. Se realiza gastroscopia visualizándose varices esofágicas grandes, una de ellas con sangrado activo y dos de ellas con extensión a curvadura menor gástrica. El paciente no presenta ascitis ni fiebre y desde el punto de vista hemodinámico tiene TA 100/60 mmHg, FC 75lpm, SatO2 94% FiO2 21%.
Analítica: Hemoglobina 8,5 g/dL, plaquetas 78 x 109/L, actividad de protrombina 52%. Creatinina 0,98 mg/dL, Sodio 129 mmol/L, bilirrubina total 3,1 mg/dL, albúmina 32 g/L. AST 125 U/L, ALT 101 U/L.
Serologías: IgM e IgG VHA negativo, HBsAg negativo, anti-HBs positivo, HBcAc total positivo, VIH negativo.
Ecografía abdominal: Hígado con contornos nodulares y aumento de la ecogenicidad hepática con aspecto granular, sugestivo de hepatopatía crónica. No se objetivan lesiones focales. Vena porta de calibre normal con flujo hepatópeto. Esplenomegalia homogénea de 17,5 cm. Circulación colateral en espacio esplenorrenal. No líquido libre intraabdominal

NO se considera una contraindicación para la colocación de un TIPS (transjugular intrahepatic portosystemic shunt):",Presión arterial pulmonar media 50 mmHg,Insuficiencia tricuspídea grave,Infección sistémica activa o sepsis,Insuficiencia renal estadio 2,d,Insuficiencia renal estadio 2,negated,24,AD_NAVARRA_2022__EXAM__040_exam_preguntas-test-examen-digestivo-definitivo-ope-2022-estabili.pdf,AD_NAVARRA_2022__ANSWER_KEY__041_answer-key_respuestas-digestivo-ope-2022-estabilizacion.pdf,retained318,c70e15d9a9eaee678a4f914b417fc83dc2aa75ff44dba0895388fc4b9ce6e6e1,efa21452f1384b9666e769396b9dbfab76ecac90a227dac94c515ef0770f5013
b180,navarra|2022|caso-clinico-3|105,Navarra,2022,aparato-digestivo,caso-clinico-3,180,"Varón de 65 años con antecedente de cirrosis hepática por VHC genotipo 3 (nunca tratado), sin otras comorbilidades, que ingresa por hematemesis. Se realiza gastroscopia visualizándose varices esofágicas grandes, una de ellas con sangrado activo y dos de ellas con extensión a curvadura menor gástrica. El paciente no presenta ascitis ni fiebre y desde el punto de vista hemodinámico tiene TA 100/60 mmHg, FC 75lpm, SatO2 94% FiO2 21%.
Analítica: Hemoglobina 8,5 g/dL, plaquetas 78 x 109/L, actividad de protrombina 52%. Creatinina 0,98 mg/dL, Sodio 129 mmol/L, bilirrubina total 3,1 mg/dL, albúmina 32 g/L. AST 125 U/L, ALT 101 U/L.
Serologías: IgM e IgG VHA negativo, HBsAg negativo, anti-HBs positivo, HBcAc total positivo, VIH negativo.
Ecografía abdominal: Hígado con contornos nodulares y aumento de la ecogenicidad hepática con aspecto granular, sugestivo de hepatopatía crónica. No se objetivan lesiones focales. Vena porta de calibre normal con flujo hepatópeto. Esplenomegalia homogénea de 17,5 cm. Circulación colateral en espacio esplenorrenal. No líquido libre intraabdominal

Teniendo en cuenta el seguimiento ambulatorio de este paciente, una vez dado de alta del ingreso inicial. ¿Cuál de las siguientes recomendaciones respecto a la prevención secundaria de la hemorragia varicosa es CORRECTA?",Ligadura endoscópica con bandas y bisoprolol,Ligadura endoscópica con bandas y carvedilol,Inyección de cianoacrilato y bisoprolol,Inyección de cianoacrilato y carvedilol,b,Ligadura endoscópica con bandas y carvedilol,,24,AD_NAVARRA_2022__EXAM__040_exam_preguntas-test-examen-digestivo-definitivo-ope-2022-estabili.pdf,AD_NAVARRA_2022__ANSWER_KEY__041_answer-key_respuestas-digestivo-ope-2022-estabilizacion.pdf,retained318,f1aea7ece479b6c3eb724ba5883600b2422f7c1bdbbd1f1d6a46645dc15d5067,ba230632f285f08a5d6b20bf634bff505a931adef7298b91cc28ccefc2971eb8
b181,navarra|2022|caso-clinico-3|106,Navarra,2022,aparato-digestivo,caso-clinico-3,181,"Varón de 65 años con antecedente de cirrosis hepática por VHC genotipo 3 (nunca tratado), sin otras comorbilidades, que ingresa por hematemesis. Se realiza gastroscopia visualizándose varices esofágicas grandes, una de ellas con sangrado activo y dos de ellas con extensión a curvadura menor gástrica. El paciente no presenta ascitis ni fiebre y desde el punto de vista hemodinámico tiene TA 100/60 mmHg, FC 75lpm, SatO2 94% FiO2 21%.
Analítica: Hemoglobina 8,5 g/dL, plaquetas 78 x 109/L, actividad de protrombina 52%. Creatinina 0,98 mg/dL, Sodio 129 mmol/L, bilirrubina total 3,1 mg/dL, albúmina 32 g/L. AST 125 U/L, ALT 101 U/L.
Serologías: IgM e IgG VHA negativo, HBsAg negativo, anti-HBs positivo, HBcAc total positivo, VIH negativo.
Ecografía abdominal: Hígado con contornos nodulares y aumento de la ecogenicidad hepática con aspecto granular, sugestivo de hepatopatía crónica. No se objetivan lesiones focales. Vena porta de calibre normal con flujo hepatópeto. Esplenomegalia homogénea de 17,5 cm. Circulación colateral en espacio esplenorrenal. No líquido libre intraabdominal

A los dos meses del ingreso es valorado en consulta encontrándose el paciente asintomático, sin ascitis, edemas ni encefalopatía. En la analítica de control presenta: bilirrubina 1,2 mg/dL, albúmina 4,1 g/dL e INR 1,2, RNA-VHC 2600000 UI/ml. ¿Qué opción de tratamiento sería la más adecuada para la infección crónica por VHC?",Sofosbuvir+velpatasvir+ribavirina 24 semanas,Sofosbuvir+velpatasvir 12 semanas,Glecaprevir+pibrentasvir 16 semanas,Grazoprevir+elbasvir 16 semanas,b,Sofosbuvir+velpatasvir 12 semanas,,25,AD_NAVARRA_2022__EXAM__040_exam_preguntas-test-examen-digestivo-definitivo-ope-2022-estabili.pdf,AD_NAVARRA_2022__ANSWER_KEY__041_answer-key_respuestas-digestivo-ope-2022-estabilizacion.pdf,retained318,1d5ad93e705a7668533a8784c8875c95c4fdfb5ecacb12bbe385109703a6ebd4,5b473c33940f5130ae55edcb93e948fdbe7f8b51d34f140174fe0ca967f77936
b182,navarra|2022|caso-clinico-3|107,Navarra,2022,aparato-digestivo,caso-clinico-3,182,"Varón de 65 años con antecedente de cirrosis hepática por VHC genotipo 3 (nunca tratado), sin otras comorbilidades, que ingresa por hematemesis. Se realiza gastroscopia visualizándose varices esofágicas grandes, una de ellas con sangrado activo y dos de ellas con extensión a curvadura menor gástrica. El paciente no presenta ascitis ni fiebre y desde el punto de vista hemodinámico tiene TA 100/60 mmHg, FC 75lpm, SatO2 94% FiO2 21%.
Analítica: Hemoglobina 8,5 g/dL, plaquetas 78 x 109/L, actividad de protrombina 52%. Creatinina 0,98 mg/dL, Sodio 129 mmol/L, bilirrubina total 3,1 mg/dL, albúmina 32 g/L. AST 125 U/L, ALT 101 U/L.
Serologías: IgM e IgG VHA negativo, HBsAg negativo, anti-HBs positivo, HBcAc total positivo, VIH negativo.
Ecografía abdominal: Hígado con contornos nodulares y aumento de la ecogenicidad hepática con aspecto granular, sugestivo de hepatopatía crónica. No se objetivan lesiones focales. Vena porta de calibre normal con flujo hepatópeto. Esplenomegalia homogénea de 17,5 cm. Circulación colateral en espacio esplenorrenal. No líquido libre intraabdominal

En la ecografía de screening semestral se objetiva trombosis reciente que ocupa el 60% de la vena porta principal. Según las últimas recomendaciones de la AASLD (American Association Study Liver Diseases 2020), señale la FALSA:",Realizar prueba de imagen con contraste,Iniciar anticoagulación,Realizar estudio exhaustivo de trombofilia,La aparición de isquemia intestinal es menos frecuente que en los pacientes que no presentan cirrosis,c,Realizar estudio exhaustivo de trombofilia,negated,25,AD_NAVARRA_2022__EXAM__040_exam_preguntas-test-examen-digestivo-definitivo-ope-2022-estabili.pdf,AD_NAVARRA_2022__ANSWER_KEY__041_answer-key_respuestas-digestivo-ope-2022-estabilizacion.pdf,retained318,49b5a44ee822b69568f91b8e66348fc4033d146288f04f5327195500d481fd59,2f204543d2bb0bfd3c1773847a4b640fc3fd012d0e267603fac6f29167f4e1ed
b183,navarra|2022|caso-clinico-3|108,Navarra,2022,aparato-digestivo,caso-clinico-3,183,"Varón de 65 años con antecedente de cirrosis hepática por VHC genotipo 3 (nunca tratado), sin otras comorbilidades, que ingresa por hematemesis. Se realiza gastroscopia visualizándose varices esofágicas grandes, una de ellas con sangrado activo y dos de ellas con extensión a curvadura menor gástrica. El paciente no presenta ascitis ni fiebre y desde el punto de vista hemodinámico tiene TA 100/60 mmHg, FC 75lpm, SatO2 94% FiO2 21%.
Analítica: Hemoglobina 8,5 g/dL, plaquetas 78 x 109/L, actividad de protrombina 52%. Creatinina 0,98 mg/dL, Sodio 129 mmol/L, bilirrubina total 3,1 mg/dL, albúmina 32 g/L. AST 125 U/L, ALT 101 U/L.
Serologías: IgM e IgG VHA negativo, HBsAg negativo, anti-HBs positivo, HBcAc total positivo, VIH negativo.
Ecografía abdominal: Hígado con contornos nodulares y aumento de la ecogenicidad hepática con aspecto granular, sugestivo de hepatopatía crónica. No se objetivan lesiones focales. Vena porta de calibre normal con flujo hepatópeto. Esplenomegalia homogénea de 17,5 cm. Circulación colateral en espacio esplenorrenal. No líquido libre intraabdominal

A los dos años de seguimiento se confirma en un TAC hepático dinámico 3 lesiones hepáticas de 2cm cada una, compatibles con hepatocarcinoma. No se visualiza trombosis portal ni afectación extrahepática. El paciente tiene buen estado clínico (Performance Status O) con función hepática conservada Child-Pugh A. ¿Qué tratamiento indicaría?",Quimiembolización transarterial,Sorafenib,Trasplante hepático,Atezolizumab + bevacizumab,c,Trasplante hepático,,25,AD_NAVARRA_2022__EXAM__040_exam_preguntas-test-examen-digestivo-definitivo-ope-2022-estabili.pdf,AD_NAVARRA_2022__ANSWER_KEY__041_answer-key_respuestas-digestivo-ope-2022-estabilizacion.pdf,retained318,fdd3e0c50be19bb89735f9193c60620b51e05bd1fbb2ed5f6d0cc277b0bfc13b,c1f883c80635b10208a51643486863af7dd680793a2696d72a469e81640452a5
b184,navarra|2022|reserva-casos-clinicos|109,Navarra,2022,aparato-digestivo,reserva-casos-clinicos,184,"Estás de guardia y te avisan desde Urgencias donde están valorando a una mujer de 67 años que ha acudido por presentar, en las últimas 3 horas, 2 deposiciones de características melénicas. Son las 22:45h.
En la analítica presenta: Hemoglobina 7.8 g/dL, urea 69 y Creatinina 0.9mg/dL. El resto de parámetros están dentro de la normalidad.
Rehistoriada la paciente refiere ingesta de ibuprofeno en los 3 días previos por un dolor en un molar. No tiene antecedentes médicos de interés salvo una dislipemia bien controlada con estatinas y es alérgica a las quinolonas. Fuma unos 15 cigarrillos cada día.
En la exploración física la TA es de 118/65 mmHg y la FC de 86 lpm. La paciente está eupneica y algo pálida. La auscultación cardio-pulmonar es normal y en la exploración abdominal refiere molestias a la palpación profunda en región epigástrica

Pregunta de reserva Caso Clínico numero 1: Cuál de las siguientes afirmaciones es INCORRECTA en relación a la prevención de las úlceras por AINEs:","Misoprostol reduce el riesgo de úlcera asociada a AINEs, independientemente de la dosis",Más del 30% de los pacientes que toman misoprostol lo suspenden por efectos secundarios,La prevención de las complicaciones ulcerosas sólo se consigue dosis más altas de misoprostol,Los antiH2 a dosis estándar son eficaces en la prevención de las úlceras secundaria a AINES,d,Los antiH2 a dosis estándar son eficaces en la prevención de las úlceras secundaria a AINES,negated,26,AD_NAVARRA_2022__EXAM__040_exam_preguntas-test-examen-digestivo-definitivo-ope-2022-estabili.pdf,AD_NAVARRA_2022__ANSWER_KEY__041_answer-key_respuestas-digestivo-ope-2022-estabilizacion.pdf,retained318,d6512385adf15cf2c4aef1ae29d323ad80b236491563a6030e03f3a08b7d07c3,544d4bc27bbf2b4f4d5d648ce6d75ea6a79fd94a92921ef1a9839206578e039d
b185,navarra|2022|reserva-casos-clinicos|110,Navarra,2022,aparato-digestivo,reserva-casos-clinicos,185,"Una mañana en la sala de endoscopias en la agenda de cribado de cáncer colorrectal (CCR):

Pregunta de reserva Caso Clínico número 2: Transcurridos 15 días recibimos el informe histológico de uno de los pólipos resecados, con resultado de adenocarcinoma. ¿Cuál de los siguientes es un criterio de mal pronóstico histológico?",Ausencia de budding (nidos tumorales),Infiltración submucosa mayor de 2000 µ (2 mm),Ausencia de invasión linfática o vascular,Pólipo pediculado con invasión Haggitt 2,b,Infiltración submucosa mayor de 2000 µ (2 mm),,26,AD_NAVARRA_2022__EXAM__040_exam_preguntas-test-examen-digestivo-definitivo-ope-2022-estabili.pdf,AD_NAVARRA_2022__ANSWER_KEY__041_answer-key_respuestas-digestivo-ope-2022-estabilizacion.pdf,retained318,66a585d58cf740e1be95c2894027c44e8440d4884b3b53044dd6fdb775c3ebe6,8d273bb4e0ffaac303e1e1c11aab2e163bc8adaf01c768c17f115fbd1047af90
b186,navarra|2022|reserva-casos-clinicos|111,Navarra,2022,aparato-digestivo,reserva-casos-clinicos,186,"Varón de 65 años con antecedente de cirrosis hepática por VHC genotipo 3 (nunca tratado), sin otras comorbilidades, que ingresa por hematemesis. Se realiza gastroscopia visualizándose varices esofágicas grandes, una de ellas con sangrado activo y dos de ellas con extensión a curvadura menor gástrica. El paciente no presenta ascitis ni fiebre y desde el punto de vista hemodinámico tiene TA 100/60 mmHg, FC 75lpm, SatO2 94% FiO2 21%.
Analítica: Hemoglobina 8,5 g/dL, plaquetas 78 x 109/L, actividad de protrombina 52%. Creatinina 0,98 mg/dL, Sodio 129 mmol/L, bilirrubina total 3,1 mg/dL, albúmina 32 g/L. AST 125 U/L, ALT 101 U/L.
Serologías: IgM e IgG VHA negativo, HBsAg negativo, anti-HBs positivo, HBcAc total positivo, VIH negativo.
Ecografía abdominal: Hígado con contornos nodulares y aumento de la ecogenicidad hepática con aspecto granular, sugestivo de hepatopatía crónica. No se objetivan lesiones focales. Vena porta de calibre normal con flujo hepatópeto. Esplenomegalia homogénea de 17,5 cm. Circulación colateral en espacio esplenorrenal. No líquido libre intraabdominal

Pregunta de reserva Caso Clínico número 3: A las 72 horas de la gastroscopia inicial el paciente presenta nuevo episodio de hematemesis atribuible a sangrado variceal. Analíticamente destaca hemoglobina de 7,5g/dL, plaquetas 50 x 109/L, INR 2, actividad de protrombina 33%, fibrinógeno 200mg/dL, creatinina 1 mg/dL, bilirrubina total 2,8 mg/dL, ¿cuál de las siguientes actuaciones sería INCORRECTA?:",Segundo intento de hemostasia endoscópica,Trasfusión de 1 gramo de fibrinógeno,Sería candidato a un TIPS de rescate,El resangrado variceal tras un tratamiento endoscópico inicial puede ocurrir en el 10 -20% de los pacientes,b,Trasfusión de 1 gramo de fibrinógeno,negated,26,AD_NAVARRA_2022__EXAM__040_exam_preguntas-test-examen-digestivo-definitivo-ope-2022-estabili.pdf,AD_NAVARRA_2022__ANSWER_KEY__041_answer-key_respuestas-digestivo-ope-2022-estabilizacion.pdf,retained318,1e520e8539e16a5ca31991584bf4c1b7e2cebcdd11d7e62648d4b99136cb957d,ec56c4b7fc3b7ea1e7a365ed20271f53ad4bb255198df82558314d27273bc0a7
b190,comunidad-de-madrid|2021|main|112,Comunidad de Madrid,2021,aparato-digestivo,main,190,Señala cual NO es un efecto secundario de tacrolimus,Insuficiencia renal,Cefalea,Convulsiones,Pancreatitis aguda,d,Pancreatitis aguda,negated,21,AD_COMUNIDAD_DE_MADRID_2021__EXAM__017_exam_cuestionario-de-examen-f-e-en-aparato-digestivo-sermas-2021.pdf,AD_COMUNIDAD_DE_MADRID_2021__ANSWER_KEY__018_answer-key_plantilla-correctora-f-e-aparato-digestivo-2021.pdf,retained318,9afca0acdb7e175f516bb5170d8902239085665dfc681a5fafc2355a405d559e,948879c7434cc66022284894e9bd3b3565a34631dc3623681569adeee3b2c2f5
b192,navarra|2022|teorico-practica|75,Navarra,2022,aparato-digestivo,teorico-practica,192,"Varón de 58 años que acude a urgencias por dolor agudo y constante en hipocondrio derecho, con náuseas, vómitos y fiebre de 38º. A la exploración presente ictericia e hipersensibilidad a la palpación en hipocondrio derecho. Se solicita una ecografía abdominal observando colelitiasis múltiple y dilatación de vía intrahepática sin poder valorar colédoco ni región pancreática por interposición de gas. Se completa con un TC observando litiasis en conducto cístico de 15 mm, dilatación de conducto hepático común y vía biliar intrahepática, estando el colédoco distal normal. ¿Cuál de los siguientes es el diagnóstico MÁS probable?",Colangiocarcinoma tipo Klatskin,Quiste de colédoco,Síndrome de Mirizzi,Colangiocarcinoma proximal,c,Síndrome de Mirizzi,clinical_case,16,AD_NAVARRA_2022__EXAM__040_exam_preguntas-test-examen-digestivo-definitivo-ope-2022-estabili.pdf,AD_NAVARRA_2022__ANSWER_KEY__041_answer-key_respuestas-digestivo-ope-2022-estabilizacion.pdf,retained318,27fef1ce294c33e0165bb2a02cbe2895ef37fa3619aedd62b1b0038f9017d6ec,92693c80965608f5f468224c7788686d22bdd2ccc861eefbd2daf9806fb6f417
b193,andalucia|2021|cuestionario-practico|126,Andalucía,2021,aparato-digestivo,cuestionario-practico,193,"Una mujer de 62 años acude para realización de colonoscopia por test de sangre oculta en heces positivo en el contexto del programa de cribado poblacional de cáncer colorrectal de Andalucía. Se encontraba asintomática y no tenía comorbilidades ni antecedentes personales ni familiares de cáncer colorrectal. Se realiza colonoscopia hasta ciego, bajo sedación profunda, con un tiempo de retirada de 18 minutos. Se encontró un pólipo 0-Ip de 14mm en sigma, que se extirpa de forma completa y en bloque, informado por el patólogo como adenoma tubulovelloso con displasia de bajo grado. No se encontraron
otras lesiones. La puntuación de la escala de Boston fue 5 (2 en colon izquierdo, 1 en colon transverso y 1 en ciego-colon ascendente).

Realizado árbol genealógico familiar, no hay historia familiar de cáncer y el estudio inmunohistoquímico muestra tinción positiva (expresión) de las cuatro proteínas MMR (MLH1, MSH2, MSH6, PMS2). ¿Cuál sería la actitud preventiva más adecuada a seguir con su hijo de 35 años, siguiendo las recomendaciones más recientes de las guías de práctica clínica europea y española?","Iniciar ya colonoscopias, con una periodicidad cada 10 años.",Participar en el programa de cribado poblacional de cáncer colorrectal de Andalucía cuando se le invite.,Iniciar colonoscopias a partir de los 40 años con una periodicidad cada 5 años.,Iniciar colonoscopias a partir de los 50 años con una periodicidad cada 5 años.,b,Participar en el programa de cribado poblacional de cáncer colorrectal de Andalucía cuando se le invite.,,33,AD_ANDALUCIA_2021_22_LIBRE__EXAM__07__9122-aparato-digestivo-pdf.pdf,AD_ANDALUCIA_2021_22_LIBRE__CORRECTION__09__9122-plantilla-respuestas-def-digestivo-pdf.pdf,retained318,feb18c80930f4fd42a5ab858b98832734ae37d51d7daf473d6cb02bf9a92af2e,fc59559bc184c857c9559724de8ec9cf26dad36bf740827e1d63cab70cac90e7
b194,comunitat-valenciana|2022|main-47-80|56,Comunitat Valenciana,2022,aparato-digestivo,main-47-80,194,"Paciente con hepatitis crónica B con ALT 35 UI, DNA-VHB 9800 UI y Fibroscan 9,5 Kpa debe tratarse con:",Interferon pegilado indefinido.,Glecaprevir.,Tenofovir indefinido.,No tiene indicación de tratamiento.,c,Tenofovir indefinido.,clinical_case,18,AD_COMUNITAT_VALENCIANA_2022__EXAM__25__25-comunidad-valenciana-2022-exam-pdf.pdf,AD_COMUNITAT_VALENCIANA_2022__CORRECTION__27__27-comunidad-valenciana-2022-answer-key-definitive-pdf.pdf,retained318,f5bdb54a4b1334d4a89f0c7dee9f40d5ac86a56a01b4c2ee5b34b260f01ba1fc,9ef864a444694b109ac2d88be9dee64af93faffc7f8f3b2e35213fa6240eea3d
b196,comunidad-de-madrid|2021|main|135,Comunidad de Madrid,2021,aparato-digestivo,main,196,En el contexto de un paciente con colangitis biliar primaria ¿qué hallazgo histológico es característico y se considera diagnóstico cuando se observa en la biopsia hepática?,Cuerpos de Councilman,Infiltrado linfocítico periportal con destrucción de los ductos biliares,Fibrosis en puentes,Granulomas no caseificantes,b,Infiltrado linfocítico periportal con destrucción de los ductos biliares,,24,AD_COMUNIDAD_DE_MADRID_2021__EXAM__017_exam_cuestionario-de-examen-f-e-en-aparato-digestivo-sermas-2021.pdf,AD_COMUNIDAD_DE_MADRID_2021__ANSWER_KEY__018_answer-key_plantilla-correctora-f-e-aparato-digestivo-2021.pdf,retained318,daef912619d7020bb153fd0e2e7ede33bfb1fcbd754754b5c73ac80c1d6d87c9,a8d9f74311cc4d38227895e9e5eabade433d45ec1f7da81f025467c3c951d824
b198,castilla-la-mancha|2017|reserva-especifica|102,Castilla-La Mancha,2017,aparato-digestivo,reserva-especifica,198,"En los gráficos de cajas (box-plot, box and whisker plot), ¿Qué representa la línea horizontal que está dentro de la caja?",La moda,Cuartil 2,El rango,Desviación estándar,b,Cuartil 2,,18,AD_CASTILLA_LA_MANCHA_2017_2018__EXAM__exam__cuestionario-fea-aparato-digestivo.pdf,AD_CASTILLA_LA_MANCHA_2017_2018__CORRECTION__correction__plantilla-correctora-definitiva-fea-aparato-digestivo.pdf,retained318,d605b2dd8e4868aa5c1a69831abe646ae2a712d8ba4407c84269577859767b7e,7c568fc28f6e4deb81b98ccb9c3f68bae43226add5ba0020555a510ab9f6c9d0
b200,la-rioja|2021|reserva|109,La Rioja,2021,aparato-digestivo,reserva,200,El tratamiento indicado en la Enfermedad de Caroli limitada a un solo lóbulo es:,Ácido Ursodesoxicólico.,Trasplante Hepático.,Resección quirúrgica del lóbulo afectado.,Litotricia extracorpórea.,c,Resección quirúrgica del lóbulo afectado.,,39,AD_LA_RIOJA_2020_2021__EXAM__exam__fea-aparato-digestivo-2021.pdf,AD_LA_RIOJA_2020_2021__CORRECTION__correction__plantilla-respuestas-modificada-fea-aparato-digestivo-2021.pdf,retained318,68876b38ac9a83ea1e7ff2c77cff08a66ccca578af6f86d4b3cd08419d81d5b7,e6fe7701ad2466717df87e2fa1ee99fb76439c6e16c8efe94fa32095c2ccc505
b201,region-de-murcia|2019|main|16,Región de Murcia,2019,aparato-digestivo,main,201,"En el tratamiento del cáncer de esófago, señale la opción FALSA:",En pacientes con adenocarcinoma esofágico en estadio T1a N0 M0 la terapéutica endoscópica es de elección.,"La esofagectomía radical y transtorácica (procedimiento de Ivor-Lewis) es la técnica quirúrgica de elección en el cáncer de esófago localizado, más allá de las etapas muy tempranas (T1b-T2 N0 M0).","En los pacientes con adenocarcinoma de esófago con enfermedad localmente avanzada (T3-T4 N1-3 M0), después de una respuesta tumoral completa a la quimio radioterapia, nunca es preciso realizar cirugía.","En pacientes con enfermedad metastásica (M1) de adenocarcinoma esofágico y buen estado general, está indicada la quimioterapia como tratamiento paliativo.",c,"En los pacientes con adenocarcinoma de esófago con enfermedad localmente avanzada (T3-T4 N1-3 M0), después de una respuesta tumoral completa a la quimio radioterapia, nunca es preciso realizar cirugía.",negated,3,AD_REGION_DE_MURCIA_2019__EXAM__021_exam_apa-dig-lb-a-examen-turno-libre-modelo-a.pdf,AD_REGION_DE_MURCIA_2019__ANSWER_KEY__022_answer-key_apa-dig-plantilla-respuestas-corregida-turno-libre-modelo-a.pdf,retained318,c7aef7628d744a5d9baebfca0ab88c29bb6003a1c996cf39e6649bf327cf2de1,214586c0ff51b36abc543253659d54fb9275f89634c3c4e451e6437b55293e70
b203,aragon|2017|reserva-especifica|109,Aragón,2017,aparato-digestivo,reserva-especifica,203,Entre los datos siguientes uno NO es típico del síndrome hepatorenal tipo I?,Sodio en sangre 115.,Creatinina en sangre 5 mg/dl.,Excreción de sodio en orina 50%.,Proteinuria indetectable.,c,Excreción de sodio en orina 50%.,negated,39,AD_ARAGON_2017__EXAM__exam__cuadernillo-del-examen-de-la-categoria-de-aparato-digestivo-que-fue-realizado-el.pdf,AD_ARAGON_2017__ANSWER_KEY__answer-key__plantilla-de-respuestas-del-examen-de-la-categoria-de-aparato-digestivo-que-fue-.pdf,retained318,3ba4cef4f9ba4efa40760cb2a06d9201079f3ef8ad3d2b3ff193f12d48d41b1f,6a4d82ba2eccb65bd56cf064c7dff443b78dec39f812a4901208f715bf8a179b
b206,castilla-la-mancha|2017|main|53,Castilla-La Mancha,2017,aparato-digestivo,main,206,Señale cuál de los siguientes fármacos NO se ha relacionado con pancreatitis aguda,Azatioprina,Ácido valproico,Tamsulosina,IECA,c,Tamsulosina,negated,10,AD_CASTILLA_LA_MANCHA_2017_2018__EXAM__exam__cuestionario-fea-aparato-digestivo.pdf,AD_CASTILLA_LA_MANCHA_2017_2018__CORRECTION__correction__plantilla-correctora-definitiva-fea-aparato-digestivo.pdf,retained318,f899b637d1a7711b15d17fad60206debe84231d9827192706128181f92b226fb,1ed6e2f85118e8956704b42d2ff3de5294e1f1f7a1dea95dc0dc3c68ce73ad3b
b207,region-de-murcia|2019|main|99,Región de Murcia,2019,aparato-digestivo,main,207,"Con respecto al tratamiento farmacológico de la pancreatitis crónica, señale la opción cierta:",No existen datos que apoyen el uso de omeprazol asociado al tratamiento sustitutivo enzimático.,En la diabetes mellitus secundaria a pancreatitis crónica está indicado el tratamiento inicial con antidiabéticos orales.,El tratamiento sustitutivo enzimático se debe controlar siempre mediante test de funcionalismo pancreático.,La dosis de tratamiento sustitutivo enzimático correcta es de 40000-50000 unidades con las comidas principales y 20000-25000 con los snacks.,d,La dosis de tratamiento sustitutivo enzimático correcta es de 40000-50000 unidades con las comidas principales y 20000-25000 con los snacks.,,17,AD_REGION_DE_MURCIA_2019__EXAM__021_exam_apa-dig-lb-a-examen-turno-libre-modelo-a.pdf,AD_REGION_DE_MURCIA_2019__ANSWER_KEY__022_answer-key_apa-dig-plantilla-respuestas-corregida-turno-libre-modelo-a.pdf,retained318,77ad12c9903ecd9b905462e435710176d9a74daa5217554830ee660bd492752e,6c0d8b193c3db963a16b7848133e0302656362916754b92bdb9d3eade69e1f4a
b208,la-rioja|2021|reserva|103,La Rioja,2021,aparato-digestivo,reserva,208,Cuál de los siguientes no es un criterio de definición de donante marginal para trasplante hepático:,Edad del donante mayor de 65 años.,Un IMC mayor de 30.,Esteatosis hepática mayor del 60%.,Bilirrubina en suero mayor de 3 mg/dL.,c,Esteatosis hepática mayor del 60%.,,37,AD_LA_RIOJA_2020_2021__EXAM__exam__fea-aparato-digestivo-2021.pdf,AD_LA_RIOJA_2020_2021__CORRECTION__correction__plantilla-respuestas-modificada-fea-aparato-digestivo-2021.pdf,retained318,dcc3177a0a337d7f68d6d9385a823b3c3a26e4489d54ed320eeca0d204c6e9cc,84c10b5a25f1c7c53235b88919361c57681f41d0f8bcef5df38450b2fb5764d6
b209,castilla-la-mancha|2022|main|17,Castilla-La Mancha,2022,aparato-digestivo,main,209,Paciente con cáncer gástrico precoz bien diferenciado sin signos endoscópicos sugestivos de invasión submucosa en el que se plantea realizar una resección endoscópica. Señale la respuesta falsa,Las técnicas de cromoendoscopia pueden ser útiles para determinar los límites de la lesión.,La ecoendoscopia puede ser útil para evaluar la profundidad de la lesión.,Se debería suprimir el tratamiento con inhibidores de la bomba de protones pues aumentan las complicaciones tras la resección.,La resección endoscópica podría realizarse en lesiones menores o iguales a 2 centímetros no ulceradas.,c,Se debería suprimir el tratamiento con inhibidores de la bomba de protones pues aumentan las complicaciones tras la resección.,"clinical_case,negated",4,AD_CASTILLA_LA_MANCHA_2022__EXAM__exam__cuestionario-fea-digestivo.pdf,AD_CASTILLA_LA_MANCHA_2022__CORRECTION__correction__plantilla-correctora-definitiva-fea-aparato-digestivo.pdf,retained318,6870739e13a6da99a5088abe334f4fd429a3ca32c6e36c963d6b18fddd950bda,1326ea77b4ee37a77186790e5aa4a2a58af137a1004686007236acb0a20778b7
b210,comunitat-valenciana|2022|main-47-80|77,Comunitat Valenciana,2022,aparato-digestivo,main-47-80,210,Según la European Society of Gastrointestinal Endoscopy (ESGE) señale cuál de las siguientes afirmaciones en el tratamiento de la estenosis biliar secundaria a pancreatitis crónica no es cierta:,La elevación asintomática de la fosfatasa alcalina tres veces los limites altos de la normalidad con elevación de la bilirrubina durante 1 mes se acepta como indicación para el drenaje de la vía biliar,Se debe considerar la cirugía cuando hay fracaso del tratamiento endoscópico después de 1 año.,Se recomienda la utilización de prótesis metálicas autoexpandibles no cubiertas.,La ictericia se puede resolver espontáneamente en el plazo de 1 mes en el 20-50% de los casos.,c,Se recomienda la utilización de prótesis metálicas autoexpandibles no cubiertas.,,22,AD_COMUNITAT_VALENCIANA_2022__EXAM__25__25-comunidad-valenciana-2022-exam-pdf.pdf,AD_COMUNITAT_VALENCIANA_2022__CORRECTION__27__27-comunidad-valenciana-2022-answer-key-definitive-pdf.pdf,retained318,a1a9fb3f8d2470ce8532072baf4a08158d3d4ea27be87bf98d5a7e30048cda7a,401d2dd9339098c387b42bb0a92395c6fc739c2f43fbd2e59b67515557935025
b211,galicia|2016|reserva-especifica|108,Galicia,2016,aparato-digestivo,reserva-especifica,211,"En relación con la enfermedad celíaca en el adulto, señale la opción incorrecta:","En un porcentaje significativo de los adultos que siguen la dieta sin gluten, las biopsias solo muestran una mejoría parcial, recuperándose más rápidamente el íleon que el duodeno",Se recomienda repetir la biopsia duodenal al año de iniciar la dieta sin gluten a todos los pacientes adultos celíacos.,Se recomienda realizar una densitometría ósea al año del diagnóstico a todos los pacientes adultos celíacos.,"Además de la dieta sin gluten, algunos pacientes celíacos precisan suplementos de hierro, vitamina D, vitamina B12, ácido fólico o vitamina K.",b,Se recomienda repetir la biopsia duodenal al año de iniciar la dieta sin gluten a todos los pacientes adultos celíacos.,negated,25,AD_GALICIA_OPE_2016__EXAM__gal-02__aparato-digestivo-cas-20171029192531-cas-pdf.pdf,AD_GALICIA_OPE_2016__CORRECTION__gal-03__aparello-dixestivo-20180201084525-cas-pdf.pdf,retained318,35edcf95759c180d033b4d8a9177d8846bd03902fa6ef888a407be46d7c4721e,837fd5ac9164453e2da1d21af73ffefe73063db579c270a6b3997353ca45d63d
b212,comunitat-valenciana|2022|main-47-80|73,Comunitat Valenciana,2022,aparato-digestivo,main-47-80,212,Respecto a la patología benigna que afecta a la vesícula biliar y a los cálculos biliares (señale la respuesta incorrecta):,El síndrome de Bouveret hace referencia a la obstrucción al vaciamiento gástrico por impactación de una litiasis vesicular en el duodeno,"El síndrome de Mirizzi se presenta en la mayoría de casos con dolor, fiebre e ictericia",La diabetes mellitus es un factor predisponente para la colecistitis enfisematosa.,La colelitiasis son principalmente cálculos de bilirrubinato cálcico.,d,La colelitiasis son principalmente cálculos de bilirrubinato cálcico.,negated,21,AD_COMUNITAT_VALENCIANA_2022__EXAM__25__25-comunidad-valenciana-2022-exam-pdf.pdf,AD_COMUNITAT_VALENCIANA_2022__CORRECTION__27__27-comunidad-valenciana-2022-answer-key-definitive-pdf.pdf,retained318,274f8635e81d11a440aaa5837dfeff4f07b5836e6a1ce73564e08767d0abcaa3,740cd2d1bdd6ad35a48e67e8bbbd5f95bee5bc52abcfb738dce73893e6b46915
b215,comunidad-de-madrid|2021|reserva-especifica|159,Comunidad de Madrid,2021,aparato-digestivo,reserva-especifica,215,Usted sabe que el tratamiento de la encefalopatía hepática ha de incluir recomendaciones nutricionales. Señale por favor cuál de las siguientes es INCORRECTA,Se debe evaluar la presencia de sarcopenia y el estatus nutricional de todos los pacientes con encefalopatía hepática,La ingesta calórica y proteica no debe ser diferente de la recomendada para cualquier paciente con cirrosis,La nutrición enteral es recomendable en los pacientes con encefalopatía grado II,Las proteinas vegetales y las procedentes de la leche son preferibles a las proteinas animales en pacientes con encefalopatía hepática,c,La nutrición enteral es recomendable en los pacientes con encefalopatía grado II,negated,28,AD_COMUNIDAD_DE_MADRID_2021__EXAM__017_exam_cuestionario-de-examen-f-e-en-aparato-digestivo-sermas-2021.pdf,AD_COMUNIDAD_DE_MADRID_2021__ANSWER_KEY__018_answer-key_plantilla-correctora-f-e-aparato-digestivo-2021.pdf,retained318,bbbeefdd690a7f745666246f97aeb20d6a6f439ce7b4c7b3f27f045dd7cd6da7,fc075699559c401fa4d78611576f4e6a6e2d48d5e1f8b1e0f6a28e1507740496
b217,andalucia|2022|cuestionario-practico|115,Andalucía,2022,aparato-digestivo,cuestionario-practico,217,"Un varón de 39 años de edad, con enfermedad de Crohn, acude a su consulta para una revisión periódica. El paciente, con enfermedad ileocólica, está bien controlado con Infliximab, actualmente sin dolor abdominal y con dos deposiciones pastosas al día. A la exploración física el paciente está consciente, orientado, con abdomen blando y depresible, no doloroso a la palpación. La exploración anal demuestra la presencia de un orificio fístuloso perianal. Una rectoscopia observó mucosa rectal normal y un orificio fistuloso interno. Una resonancia magnética observa una fístula perianal simple, sin
abscesos.

Indique cuál es el tratamiento adecuado en este caso.",Debemos iniciar tratamiento antibiótico con ciprofloxacino o metronidazol.,"Además del antibiótico se debe intensificar el infliximab, o pasar adalimumab para controlar la enfermedad rectal.",Debemos solicitar una ecografía endoanal previa a cualquier opción terapéutica.,"Al ser asintomática, basta realizar un seguimiento del paciente, no siendo preciso un tratamiento específico de la fístula.",d,"Al ser asintomática, basta realizar un seguimiento del paciente, no siendo preciso un tratamiento específico de la fístula.",,31,AD_ANDALUCIA_2022_EXTRAORDINARIA_LIBRE__EXAM__12__revisado-56007-fea-aparato-digestivo-final-pdf.pdf,AD_ANDALUCIA_2022_EXTRAORDINARIA_LIBRE__CORRECTION__14__def-feaapdigestivo-sas-2023-pdf.pdf,retained318,c344c950a7baa64e2412f3282fa58ed6220514e7ffc58ccd9a29d7b615ebcaf1,88aec66875e15090c36f04b15c989b034d484feb4b824ed780b4c7aa644a3f2f
b218,la-rioja|2021|main|62,La Rioja,2021,aparato-digestivo,main,218,"Según los criterios de Roma IV, se define el síndrome de intestino irritable como:","Dolor abdominal recurrente al menos 1 día a la semana durante los últimos seis meses que se asocia a dos o más de los siguientes: se relaciona con la defecación, se asocia a un cambio en la frecuencia de las deposiciones, se asocia a un cambio en la forma (consistencia) de las deposiciones.","Disconfort abdominal recurrente al menos 3 días al mes durante los tres últimos meses que se asocia a dos o más de los siguientes: Se relaciona con la defecación, se asocia a un cambio en la frecuencia de las deposiciones, se asocia a un cambio en la forma (consistencia) de las deposiciones.","Disconfort abdominal recurrente al menos 1 día a la semana durante los últimos tres meses que se asocia a dos o más de los siguientes: Se relaciona con la defecación, se asocia a un cambio en la frecuencia de las deposiciones, se asocia a un cambio en la forma (consistencia) de las deposiciones.","Dolor abdominal recurrente al menos 1 día a la semana durante los últimos tres meses que se asocia a dos o más de los siguientes: Se relaciona con la defecación, se asocia a un cambio en la frecuencia de las deposiciones, se asocia a un cambio en la forma (consistencia) de las deposiciones.",d,"Dolor abdominal recurrente al menos 1 día a la semana durante los últimos tres meses que se asocia a dos o más de los siguientes: Se relaciona con la defecación, se asocia a un cambio en la frecuencia de las deposiciones, se asocia a un cambio en la forma (consistencia) de las deposiciones.",,24,AD_LA_RIOJA_2020_2021__EXAM__exam__fea-aparato-digestivo-2021.pdf,AD_LA_RIOJA_2020_2021__CORRECTION__correction__plantilla-respuestas-modificada-fea-aparato-digestivo-2021.pdf,retained318,ca3ec5e073967b34e004e87ab20a357a9b37258885ca36652e0465a793136568,159fa36042ce49a62d023dfadb89ce52712691678910d401354d77119226bb46
b221,castilla-la-mancha|2017|main|87,Castilla-La Mancha,2017,aparato-digestivo,main,221,"Atendiendo a las guías de Práctica Clínica Americanas de enfermedades vasculares hepáticas de 2020 de la Asociación Americana para el Estudio de las Enfermedades Hepáticas (AASLD), ¿Cuál de los siguientes enunciados es FALSO acerca del Síndrome de Budd-Chiari (SBC)?",El cribado de varices esofágicas en el paciente con SBC crónico es igual que el del paciente cirrótico.,Todos los pacientes con SBC deben recibir tratamiento anticoagulante.,Si no hay respuesta al tratamiento médico debe de realizarse un tratamiento quirúrgico para la hipertensión portal.,El trasplante hepático es útil en pacientes con fallo hepático agudo secundario a SBC y en pacientes con fracaso de otras terapias.,c,Si no hay respuesta al tratamiento médico debe de realizarse un tratamiento quirúrgico para la hipertensión portal.,negated,16,AD_CASTILLA_LA_MANCHA_2017_2018__EXAM__exam__cuestionario-fea-aparato-digestivo.pdf,AD_CASTILLA_LA_MANCHA_2017_2018__CORRECTION__correction__plantilla-correctora-definitiva-fea-aparato-digestivo.pdf,retained318,73f3787d9e9d78368c2ae641114534199ded2304b86b3f8dfa57fe4d03a13be4,4bc54ad8e5a6b3870bed6f14e8f741ca64da45f63de1c8e922d469fc03cb84dd
b222,castilla-la-mancha|2022|main|23,Castilla-La Mancha,2022,aparato-digestivo,main,222,"Una paciente de 86 años acude a urgencias por dolor en epigastrio y vómitos con restos alimentarios. La paciente presenta mal estado general y deshidratación. A la exploración presenta dolor leve en epigastrio con timpanismo. Analíticamente destaca hemoglobina 16.3 g/dl, urea 133 mg/dl, creatinina 3.20 mg/dl, y PCR 189.6 mg/l. En la radiografía simple de abdomen se observa una gran dilatación de la cámara gástrica y aerobilia. También dos niveles hidroaéreos en el hipocondrio derecho. Cuál es el diagnóstico más probable",Vólvulo gástrico,Síndrome de Bouveret,Bezoar gástrico,Síndrome de la pinza aorto-mesentérica,b,Síndrome de Bouveret,clinical_case,5,AD_CASTILLA_LA_MANCHA_2022__EXAM__exam__cuestionario-fea-digestivo.pdf,AD_CASTILLA_LA_MANCHA_2022__CORRECTION__correction__plantilla-correctora-definitiva-fea-aparato-digestivo.pdf,retained318,7156d27eaece3b9983eed7a8119307bc8835abf39074c4123ba3a2397d8b11c9,d92c1eb6a816c848ed97884f761de6cbbdd253a2e980404c800760c7aa7c571e
b223,aragon|2020|reserva-especifica|102,Aragón,2020,aparato-digestivo,reserva-especifica,223,"En relación con la biopsia hepática, ¿cuál de estas afirmaciones es INCORRECTA?:","Los estudios controlados no demuestran que la biopsia con control ecográfico ~~reduzca~~ la mortalidad, pero sí la incidencia de complicaciones graves.",La indicación fundamental de la biopsia transyugular (BTY) es la presencia de una alteración grave de la coagulación.,"La eficacia diagnóstica de la BTY es muy elevada, lo que permite obtener un diagnóstico histológico correcto en cerca del 80% de los pacientes.",La hemorragia peritoneal significativa es una complicación frecuente en la BTY.,d,La hemorragia peritoneal significativa es una complicación frecuente en la BTY.,negated,20,AD_ARAGON_2020__EXAM__exam__cuadernillo-de-examen-y-respuestas-provisionales-2021-f.e.a-aparato-digestivo.pdf,AD_ARAGON_2020__ANSWER_KEY__answer-key__plantilla-provisional-de-respuestas-2021-f.e.a-aparato-digestivo.pdf,retained318,3bd308c437cc6aa518d365fab97f24b424277568f16bb9f00d0e7fd3731e1540,70f5dbed566e0d9cc6742fd4fb45c18f4f243d27ad46b7e5efcc1fd6d263298c
b224,comunitat-valenciana|2022|main|24,Comunitat Valenciana,2022,aparato-digestivo,main,224,Según las recomendaciones de la European Society of Gastrointestinal Endoscopy (ESGE) sobre la ecoendoscopia terapéutica ¿Cuál es el tiempo óptimo que debe transcurrir antes de realizar una CPRE transgástrica dirigida por ecoendoscopia después de la colocación de una prótesis de aposición luminal?,Al menos 2 días.,Al menos 5 días.,Al menos 7 días.,Al menos 10 días.,c,Al menos 7 días.,,9,AD_COMUNITAT_VALENCIANA_2022__EXAM__25__25-comunidad-valenciana-2022-exam-pdf.pdf,AD_COMUNITAT_VALENCIANA_2022__CORRECTION__27__27-comunidad-valenciana-2022-answer-key-definitive-pdf.pdf,retained318,8e98e5c8b3800c36a6c4df0b5fadaacef5d92c084c83271fa8827039b11dc440,b889aa5a9a813e072ed6879aa38c6b47172d02336a1b8622a1f25fad023a99f0
b226,castilla-la-mancha|2017|main|14,Castilla-La Mancha,2017,aparato-digestivo,main,226,Señale la complicación más frecuente de la úlcera péptica,Perforación.,Hemorragia.,Obstrucción.,Penetración.,b,Hemorragia.,,4,AD_CASTILLA_LA_MANCHA_2017_2018__EXAM__exam__cuestionario-fea-aparato-digestivo.pdf,AD_CASTILLA_LA_MANCHA_2017_2018__CORRECTION__correction__plantilla-correctora-definitiva-fea-aparato-digestivo.pdf,retained318,c2e3b4875f8c1d42bb6c1359f6cde6bb77e5fb0c2a3a9f6dda5197cdb66ad370,159b8d42272461c5177283b9154ccdcb580938dda9785a597f1e8556866a456c
b227,region-de-murcia|2019|main|71,Región de Murcia,2019,aparato-digestivo,main,227,En estreñimiento funcional se recomiendan las siguientes medidas dietéticas menos una:,Ingesta de 25-30 g de fibra soluble con la dieta al día.,"Ingesta adecuada de líquido (1,5-2 l al día).",Patrón regular de comidas.,Dieta sin gluten.,d,Dieta sin gluten.,,13,AD_REGION_DE_MURCIA_2019__EXAM__021_exam_apa-dig-lb-a-examen-turno-libre-modelo-a.pdf,AD_REGION_DE_MURCIA_2019__ANSWER_KEY__022_answer-key_apa-dig-plantilla-respuestas-corregida-turno-libre-modelo-a.pdf,retained318,d385dd7cc8436bf9549b45d30fe58753e600f14e22ccbf60b3f87393b77145d7,38021730119f5d5c95432cdfeaaf026a41661f2980fa484ca5181b236396516a
b229,comunitat-valenciana|2022|main-47-80|58,Comunitat Valenciana,2022,aparato-digestivo,main-47-80,229,El dato clínico para establecer el diagnóstico de insuficiencia hepática aguda en un adulto es:,Subictericia.,Ascitis.,Encefalopatía.,Cualquiera de ellas.,c,Encefalopatía.,,18,AD_COMUNITAT_VALENCIANA_2022__EXAM__25__25-comunidad-valenciana-2022-exam-pdf.pdf,AD_COMUNITAT_VALENCIANA_2022__CORRECTION__27__27-comunidad-valenciana-2022-answer-key-definitive-pdf.pdf,retained318,ce51b1d46560636219402867349d6c4743ce05a1289fdf9860257c3088d74836,8d85bcd795769dd44a005812b22b759dcd49e7b917df38fc9352b86337dc7fad
b232,aragon|2017|main|83,Aragón,2017,aparato-digestivo,main,232,Una de las siguientes medidas terapéuticas NO ha demostrado ser de utilidad alguna en el tratamiento de la enfermedad de Ménétrier,Anticuerpos monoclonales frente al factor de crecimiento transformante alfa (TGF-alfa).,Erradicar la infección por H. pylori,Anticolinérgicos.,Infliximab,d,Infliximab,negated,29,AD_ARAGON_2017__EXAM__exam__cuadernillo-del-examen-de-la-categoria-de-aparato-digestivo-que-fue-realizado-el.pdf,AD_ARAGON_2017__ANSWER_KEY__answer-key__plantilla-de-respuestas-del-examen-de-la-categoria-de-aparato-digestivo-que-fue-.pdf,retained318,e47f4fe4dadb163159a78e2d6d8b5d393d4ae6a39212fd71d6eb936a0d14ad0c,a8ba76eb97606c07a7f32376e017600cb44e8c7c143e4f501e1298bcce34c47d
b233,comunidad-de-madrid|2021|reserva-especifica|151,Comunidad de Madrid,2021,aparato-digestivo,reserva-especifica,233,¿Cual de las siguientes es correcta en relacion con el tratamiento con ácido ursodesoxicolico en la colangitis biliar primaria?,La dosis recomendada es de 5 mg/kg/día,La respuesta se valora por la normalización de la GGT,La respuesta al tratamiento tiene valor pronóstico,No debe iniciarse hasta que la bilirrubina supere los 2 mg/dl,c,La respuesta al tratamiento tiene valor pronóstico,,27,AD_COMUNIDAD_DE_MADRID_2021__EXAM__017_exam_cuestionario-de-examen-f-e-en-aparato-digestivo-sermas-2021.pdf,AD_COMUNIDAD_DE_MADRID_2021__ANSWER_KEY__018_answer-key_plantilla-correctora-f-e-aparato-digestivo-2021.pdf,retained318,975c348ad91e0a82155af21662c6eaa2c6d6faf42929491fbafd3464cf9c5da2,9be416ca708c59689b3b34eec0695f199951f2a39dc0c6a62ae5d6cc3c339639
b234,region-de-murcia|2019|main|43,Región de Murcia,2019,aparato-digestivo,main,234,La bondad de la FIBRA en la dieta es consecuencia de los siguientes efectos beneficiosos (señale la opción FALSA):,Disminución del pH fecal mediante transformación a ácidos grasos de cadena corta.,Disminución fecal de los ácidos biliares secundarios y mutágenos.,Disminución del volumen fecal.,Aumento del volumen fecal.,c,Disminución del volumen fecal.,negated,8,AD_REGION_DE_MURCIA_2019__EXAM__021_exam_apa-dig-lb-a-examen-turno-libre-modelo-a.pdf,AD_REGION_DE_MURCIA_2019__ANSWER_KEY__022_answer-key_apa-dig-plantilla-respuestas-corregida-turno-libre-modelo-a.pdf,retained318,9e59be9c9ee5f52a964af8dab735282e0129428ed53140350a19388900d2f50e,69c63e634f9f7f1e345a77a2ffd54147e611263106c422b60543d9f9e477144d
b235,castilla-la-mancha|2022|reserva-especifica|102,Castilla-La Mancha,2022,aparato-digestivo,reserva-especifica,235,El síndrome de Stauffer es un cuadro de colestasis intrahepática de origen paraneoplásico descrito inicialmente asociado a,Cáncer pulmonar microcítico.,Carcinoma hepatocelular.,Carcinoma de células renales.,Adenocarcinoma de páncreas.,c,Carcinoma de células renales.,,18,AD_CASTILLA_LA_MANCHA_2022__EXAM__exam__cuestionario-fea-digestivo.pdf,AD_CASTILLA_LA_MANCHA_2022__CORRECTION__correction__plantilla-correctora-definitiva-fea-aparato-digestivo.pdf,retained318,22d397dbd2d418176effebe56bbdd2ea52620438bc8e1413383d619cd5424ed6,b3263ecf5fc5ae10109fb95b7e3a558d658fe724fa63e608926a13c402ac2705
b237,castilla-y-leon|2019|reserva-especifica|159,Castilla y León,2019,aparato-digestivo,reserva-especifica,237,La paracentesis evacuadora en paciente con Cirrosis Hepática y descompensación hidrópica puede realizarse:,Sólo si hay fracaso a tratamiento con diuréticos,Sólo si la ascitis es a tensión,En cualquier circunstancia en que no esté contraindicada,Solo si el paciente presenta datos concomitantes de encefalopatía hepática,c,En cualquier circunstancia en que no esté contraindicada,,36,AD_CASTILLA_Y_LEON_2019__EXAM__044_exam_examen-le-aparato-digestivo-orden-san-139-2020.pdf,AD_CASTILLA_Y_LEON_2019__ANSWER_KEY__045_answer-key_plantilla-respuestas-correctas-l-e-aparato-digestivo-orden-s.pdf,retained318,bb7f713df4fbb28539ce6c048d59365f9f74012fadcc45b91bf2b332e6f43906,18aaf33972e1634a17034022fbfe16b223e58a0c6d08469b050700d5c940b327
b240,andalucia|2022|cuestionario-practico|133,Andalucía,2022,aparato-digestivo,cuestionario-practico,240,"Una niña de 15 años de edad es remitida a su consulta por ictericia recurrente y episodios de colangitis. La paciente ha necesitado drenajes percutáneos en cuatro ocasiones durante los pasados 5 años. En la exploración física se observa ictericia escleral y hepatomegalia. Analíticamente tiene 4 mg/dl de bilirrubina. Se realiza una colangiografía por RNM, que demuestra dilataciones saculares de la vía biliar en ambos lóbulos.

¿Cuál es la actitud más adecuada?",Acido Ursodesoxicólico a dosis elevadas.,Hepatectomía de los segmentos afectos.,Iniciar protocolo pretrasplante hepático.,CPRE con colangioscopia y drenaje biliar selectivo de las zonas afectas.,c,Iniciar protocolo pretrasplante hepático.,,36,AD_ANDALUCIA_2022_EXTRAORDINARIA_LIBRE__EXAM__12__revisado-56007-fea-aparato-digestivo-final-pdf.pdf,AD_ANDALUCIA_2022_EXTRAORDINARIA_LIBRE__CORRECTION__14__def-feaapdigestivo-sas-2023-pdf.pdf,retained318,4e93c66bf7c0f517335ac23f6db74f7db6dc5eb8924059b4c847363760b2e162,261657ec3c001f3a787e5f957ce223b9f4f70806f01ec2b535a905ec1c4019d2
b243,comunidad-de-madrid|2021|main|147,Comunidad de Madrid,2021,aparato-digestivo,main,243,La primera línea de tratamiento farmacológico para la colangitis biliar primaria es:,Metotrexato,Ácido ursodesoxicólico (UDCA),Azatioprina,Ciclosporina,b,Ácido ursodesoxicólico (UDCA),,26,AD_COMUNIDAD_DE_MADRID_2021__EXAM__017_exam_cuestionario-de-examen-f-e-en-aparato-digestivo-sermas-2021.pdf,AD_COMUNIDAD_DE_MADRID_2021__ANSWER_KEY__018_answer-key_plantilla-correctora-f-e-aparato-digestivo-2021.pdf,retained318,3f5a8640d211e7f656fc68d4047a493395a013db3e5e82c118043b84232e112e,915ab83ab604106a5f77c58d3f6b83bd5addca6ff7b0879b85b08d1eb9ecb94b
b244,aragon|2020|reserva-especifica|108,Aragón,2020,aparato-digestivo,reserva-especifica,244,En el tratamiento del fallo hepático agudo sobre crónico con fallo renal agudo (AKI: acute kidney injury) son ciertas las siguientes afirmaciones EXCEPTO:,Se deben retirar los diuréticos.,En la reanimación hemodinámica están contraindicados los preparados a base de coloides de almidón.,En caso de shock persistente el vasopresor indicado es norepinefrina.,La diálisis de albúmina mediante el Sistema Recirculante de Absorción Molecular (MARS) mejora la supervivencia a corto plazo (28 días).,d,La diálisis de albúmina mediante el Sistema Recirculante de Absorción Molecular (MARS) mejora la supervivencia a corto plazo (28 días).,negated,21,AD_ARAGON_2020__EXAM__exam__cuadernillo-de-examen-y-respuestas-provisionales-2021-f.e.a-aparato-digestivo.pdf,AD_ARAGON_2020__ANSWER_KEY__answer-key__plantilla-provisional-de-respuestas-2021-f.e.a-aparato-digestivo.pdf,retained318,c3a50c19c5541470376f4c04af670f9b12250a7c9ad248c4420ed6d7296d7072,4d74e459342a76c033821e684b418ef0b26f8a3ddf1e6cfae5f6d0a81e89be27
b246,galicia|2019|reserva-especifica|109,Galicia,2019,aparato-digestivo,reserva-especifica,246,¿Cuál de las siguientes entidades se asocia con más frecuencia a la colangitis esclerosante primaria?,Lupus eritematoso sistémico.,Esclerodermia.,Enfermedad celíaca.,Colitis ulcerosa.,d,Colitis ulcerosa.,,21,AD_GALICIA_OPE_2019__EXAM__gal-05__cas-especifico-digestivo-20210925132858-cas-pdf.pdf,AD_GALICIA_OPE_2019__CORRECTION__gal-07__fea-aparello-dixestivo-20211214124928-cas-pdf.pdf,retained318,48287cce283460787b0da111f95865f27b8dcae10f64eea84cd7dd04ae0e9f22,1240e1283f967f1a6fb8d865a1599cdefe12e33aec3c728243033e295a7de1a7
b247,comunidad-de-madrid|2021|reserva-especifica|156,Comunidad de Madrid,2021,aparato-digestivo,reserva-especifica,247,Farmacoterapia y sedación en endoscopia. ¿Cuál de las siguientes asociaciones entre fármaco y objetivo terapéutico es FALSA?,Propofol- Sedación profunda.,Fentanilo- Analgesia.,Naloxona- Antagonista benzodiacepinico.,Midazolam- Sedación superficial.,c,Naloxona- Antagonista benzodiacepinico.,negated,28,AD_COMUNIDAD_DE_MADRID_2021__EXAM__017_exam_cuestionario-de-examen-f-e-en-aparato-digestivo-sermas-2021.pdf,AD_COMUNIDAD_DE_MADRID_2021__ANSWER_KEY__018_answer-key_plantilla-correctora-f-e-aparato-digestivo-2021.pdf,retained318,1b7c663e28c2705147a8e415487ca540b6d68a7ac5643bca34352d6e32b6561b,0e62c76a7ab6d1d7aa1b00141335078f26e8d743a3cb79a1006c38055d22e5df
b250,aragon|2020|reserva-especifica|106,Aragón,2020,aparato-digestivo,reserva-especifica,250,La clasificación de Chicago se refiere a:,Una clasificación de la candidiasis esofágica.,Una clasificación de los trastornos motores esofágicos basada en manometría de alta resolución.,Una clasificación de la esofagitis por cáusticos.,Una clasificación del tipo de estenosis esofágica.,b,Una clasificación de los trastornos motores esofágicos basada en manometría de alta resolución.,,20,AD_ARAGON_2020__EXAM__exam__cuadernillo-de-examen-y-respuestas-provisionales-2021-f.e.a-aparato-digestivo.pdf,AD_ARAGON_2020__ANSWER_KEY__answer-key__plantilla-provisional-de-respuestas-2021-f.e.a-aparato-digestivo.pdf,retained318,ced788d07a35a36acc1225aa8c6e4ec4e73014daf936722e0500a11bff829471,a13074af2a03ff9e31f7a6f2220a14e360ce7a627be3736dd1a851d9f7d2d80c
b252,aragon|2017|main|53,Aragón,2017,aparato-digestivo,main,252,Señale cuál de estas afirmaciones NO es cierta respecto al uso de propofol en exploraciones endoscópicas:,El uso de propofol por personal de enfermería entrenado es equiparable en seguridad a los sedantes tradicionales si se hace en las condiciones de monitorización y vigilancia adecuadas,La utilización de propofol por personal de endoscopias en pacientes ASA III es posible y segura cuando se realiza en unidades de endoscopia con experiencia en el uso del mismo,La dosificación del propofol debe individualizarse de acuerdo a la respuesta y condiciones basales del paciente,"La administración de midazolam previa al propofol permite reducir sus dosis y disminuir los efectos adversos, especialmente la hipotensión en cardiópatas o en situaciones de hipovolemia, porque disminuye el tiempo de recuperación",d,"La administración de midazolam previa al propofol permite reducir sus dosis y disminuir los efectos adversos, especialmente la hipotensión en cardiópatas o en situaciones de hipovolemia, porque disminuye el tiempo de recuperación",negated,21,AD_ARAGON_2017__EXAM__exam__cuadernillo-del-examen-de-la-categoria-de-aparato-digestivo-que-fue-realizado-el.pdf,AD_ARAGON_2017__ANSWER_KEY__answer-key__plantilla-de-respuestas-del-examen-de-la-categoria-de-aparato-digestivo-que-fue-.pdf,retained318,b32753ff98f44c2b16a9574c3d0eb62a81052ce96bb50ae0e4883143110703f5,fc060ba32c8576c2367c6fb06433d79df5d09079cac60a5ebe5b51eed2e2e48b
b254,galicia|2019|reserva-especifica|104,Galicia,2019,aparato-digestivo,reserva-especifica,254,"En cuanto a la diarrea secretora, es VERDADERO:",Una causa es el déficit adquirido de la lactasa.,Se puede producir por consumo excesivo de sorbitol.,Continúa a pesar del ayuno.,Es el mecanismo de acción de la lactulosa.,c,Continúa a pesar del ayuno.,,20,AD_GALICIA_OPE_2019__EXAM__gal-05__cas-especifico-digestivo-20210925132858-cas-pdf.pdf,AD_GALICIA_OPE_2019__CORRECTION__gal-07__fea-aparello-dixestivo-20211214124928-cas-pdf.pdf,retained318,ef80de7708d4d8481732e414a5327747aa5276318c76273694f4b66deaa6a5e5,3b11c13c86dcc67055e8085b3886c6fe0d650b1bf946f626cae232d00c582945
b256,andalucia|2021|cuestionario-teorico|40,Andalucía,2021,aparato-digestivo,cuestionario-teorico,256,"De las siguientes acciones se recomienda en una primera visita de diarrea crónica acuosa sin sangre, de características funcionales. Señale cual es la apropiada:",Solicitaría un Tc abdominal con contraste endovenoso.,Solicitaría serologías de Yersinia enterocolítica.,Revisaría si hay algún fármaco potencialmente asociado a la diarrea.,Dado que se trata de una diarrea de características funcionales no precisa realizar exploración física.,c,Revisaría si hay algún fármaco potencialmente asociado a la diarrea.,,12,AD_ANDALUCIA_2021_22_LIBRE__EXAM__07__9122-aparato-digestivo-pdf.pdf,AD_ANDALUCIA_2021_22_LIBRE__CORRECTION__09__9122-plantilla-respuestas-def-digestivo-pdf.pdf,retained318,5773d8c2c6c494fb382c18dc8fe946311fd0c05b0762ea9ad79efedb58d4b7f0,4ad6410842c41202da41d6c59eb07140d7fb37aceb0e1f5af2461cf7c77c898e
b261,andalucia|2021|cuestionario-teorico|50,Andalucía,2021,aparato-digestivo,cuestionario-teorico,261,"El virus de la hepatitis B tiene varias mutaciones, la más importante es la mutación pre-C o pre-core, que es la más frecuente en nuestro medio. Indique lo que considere falso:","Es una variante mas agresiva, con peor pronóstico",Se caracteriza por no detectarse el Ag HBe,Nunca coexiste con la variante no mutada,La mutación mas frecuente es la sustitución de una única base,c,Nunca coexiste con la variante no mutada,negated,13,AD_ANDALUCIA_2021_22_LIBRE__EXAM__07__9122-aparato-digestivo-pdf.pdf,AD_ANDALUCIA_2021_22_LIBRE__CORRECTION__09__9122-plantilla-respuestas-def-digestivo-pdf.pdf,retained318,0f62611f2a10eb340caa649d3d7b4d5802abe4f9d36b2b5df93fc130ce26d43d,10e38915e08830240382d59a666cd5a56a39490507181b30cbc50255d64dcb2a
b262,galicia|2022|reserva-especifica|108,Galicia,2022,aparato-digestivo,reserva-especifica,262,"En cuanto al cáncer colo-rectal, señale la respuesta INCORRECTA:",Es el más frecuente en España globalmente.,La forma hereditaria más frecuente es el Síndrome de Lynch.,La obesidad es un factor de riesgo.,Se recomienda administrar suplementos de vitamina D en poblaciones de riesgo de cáncer de colon.,d,Se recomienda administrar suplementos de vitamina D en poblaciones de riesgo de cáncer de colon.,negated,22,AD_GALICIA_OPE_2022__EXAM__gal-09__especifico-cast-aparello-dx-20240316193007-cas-pdf.pdf,AD_GALICIA_OPE_2022__CORRECTION__gal-11__fea-aparello-dixestivo-20240514082015-cas-pdf.pdf,retained318,fe9aadc4307fc42457346bd0f9c204a00a582a56d9034c1ddc87f97f66fdd03d,501d9589b6d79cdc659545d90a4b6d5115460135e866b7495b56b33538f26562
b264,galicia|2022|reserva-especifica|101,Galicia,2022,aparato-digestivo,reserva-especifica,264,"En los cánceres ductales de cabeza de páncreas, ¿cuál de los siguientes criterios NO se corresponde con un tumor resecable ""borderline""?",Contacto con la arteria mesentérica superior menos de 180 grados.,Invasión de la pared duodenal.,Contacto con la vena cava inferior.,Contacto con la vena mesentérica superior más de 180 grados.,b,Invasión de la pared duodenal.,negated,20,AD_GALICIA_OPE_2022__EXAM__gal-09__especifico-cast-aparello-dx-20240316193007-cas-pdf.pdf,AD_GALICIA_OPE_2022__CORRECTION__gal-11__fea-aparello-dixestivo-20240514082015-cas-pdf.pdf,retained318,582802772f64c93f9ddaf1e90804188f8d78ac3af4bef51008705edba70ba07c,ca0297911a5ecb5b1ab10c35aeb00450e7470a99f012cebe1897254221a6d9fc
b265,galicia|2022|reserva-especifica|105,Galicia,2022,aparato-digestivo,reserva-especifica,265,"Varón, 63 años, sin antecedentes personales de interés. Es diagnosticado en 2018 de cirrosis hepática por alcohol tras una primera descompensación en forma de hemorragia digestiva por varices esofágicas. Abstinente desde entonces, con función hepática normal, A5 de Child–Pugh, PS 0. En TC abdominal se observa un nódulo de 31 mm con comportamiento dinámico diagnóstico de hepatocarcinoma. Según criterio BCLC la primera opción terapéutica a considerar sería:",Resección.,Ablación.,Trasplante hepático.,Quimioembolización transarterial.,c,Trasplante hepático.,clinical_case,21,AD_GALICIA_OPE_2022__EXAM__gal-09__especifico-cast-aparello-dx-20240316193007-cas-pdf.pdf,AD_GALICIA_OPE_2022__CORRECTION__gal-11__fea-aparello-dixestivo-20240514082015-cas-pdf.pdf,retained318,46bde085e912c52d790daae9eb484795e607883690dbde82f9027e4b71d1f1b4,cb78eeb2dde4d8921a934d196ebcb7c4092ab53e483a1667f57fc9f7bd90de01
b266,aragon|2017|reserva-especifica|106,Aragón,2017,aparato-digestivo,reserva-especifica,266,"Respecto al tratamiento del estreñimiento crónico idiopático, ¿Cuál de las siguientes afirmaciones NO es cierta?",Se recomienda un consumo de fibra dietética de 20 a 35 gr al día,El psyllium es un laxante formador de volumen,La prucaloprida actúa activando los canales de cloro,La linaclotida es un agonista de la guanilato-ciclasa,c,La prucaloprida actúa activando los canales de cloro,negated,37,AD_ARAGON_2017__EXAM__exam__cuadernillo-del-examen-de-la-categoria-de-aparato-digestivo-que-fue-realizado-el.pdf,AD_ARAGON_2017__ANSWER_KEY__answer-key__plantilla-de-respuestas-del-examen-de-la-categoria-de-aparato-digestivo-que-fue-.pdf,retained318,972ef27bdba15e0361f0dac392f30b1b89c219c1b8930c4a0fe9281f4234656b,dd05e61d70aff47bb9e96db78cf18dab7d3b2f2b1a28d494a212b29743c2a525
b267,la-rioja|2021|main|77,La Rioja,2021,aparato-digestivo,main,267,Indique la respuesta falsa respecto a la litotricia mecánica biliar.,Fue descrita por primera vez en la década de 1980.,Es imprescindible la visión directa de la litiasis mediante colangioscopia para poder practicarla.,La mayoría de los dispositivos son rígidos y de cierta dificultad de manejo.,Es la modalidad de litotricia más económica.,b,Es imprescindible la visión directa de la litiasis mediante colangioscopia para poder practicarla.,negated,28,AD_LA_RIOJA_2020_2021__EXAM__exam__fea-aparato-digestivo-2021.pdf,AD_LA_RIOJA_2020_2021__CORRECTION__correction__plantilla-respuestas-modificada-fea-aparato-digestivo-2021.pdf,retained318,ef3def074b1000129748cd212c74ff54eb57131c63f58a298e661ed5a654876f,8b2cea100605560774751b776dbe1c4d9f6b53a80bc1abbaadfbb1bc86235ebf
b268,castilla-la-mancha|2017|main|51,Castilla-La Mancha,2017,aparato-digestivo,main,268,Uno de los siguientes Criterios del Síndrome de Lynch no se incluye en los Criterios de Ámsterdam II,"Tres o más individuos afectados de CCR o neoplasia relacionada (endometrio, intestino delgado, uréter o pelvis renal), uno de ellos familiar de primer grado de los otros dos.",Afectación de 2 generaciones consecutivas.,Como mínimo un caso diagnosticado antes de los 40 años.,Exclusión del diagnóstico de poliposis adenomatosa familiar.,c,Como mínimo un caso diagnosticado antes de los 40 años.,,10,AD_CASTILLA_LA_MANCHA_2017_2018__EXAM__exam__cuestionario-fea-aparato-digestivo.pdf,AD_CASTILLA_LA_MANCHA_2017_2018__CORRECTION__correction__plantilla-correctora-definitiva-fea-aparato-digestivo.pdf,retained318,10a43d7a78c925a4c7e773552be6a245a79f4cb2151cb7173949591b35c3f2a7,1fc37dcfeed4a8ce77a27dd7202a67658fcd4289e3341048c8cdf9111ed97f97
b270,comunitat-valenciana|2022|main-47-80|78,Comunitat Valenciana,2022,aparato-digestivo,main-47-80,270,"Según la Guía Europea de Gastroenterología basada en la evidencia para el diagnóstico y tratamiento de la pancreatitis crónica (HaPanEU), ante un paciente diagnosticado de pancreatitis crónica con insuficiencia pancreática exocrina, una de las siguientes aseveraciones no es cierta:",No se precisan de forma sistemática pruebas de función pancreática exocrina para controlar eficacia del tratamiento enzimático.,La presencia de insuficiencia pancreática exocrina debe evaluarse anualmente en pacientes con pancreatitis crónica.,Todo paciente con nuevo diagnóstico de pancreatitis crónica debe realizarse pruebas de detección de insuficiencia exocrina pancreática.,Mayores niveles de elastasa fecal reflejan mayor grado de insuficiencia pancreática.,d,Mayores niveles de elastasa fecal reflejan mayor grado de insuficiencia pancreática.,,23,AD_COMUNITAT_VALENCIANA_2022__EXAM__25__25-comunidad-valenciana-2022-exam-pdf.pdf,AD_COMUNITAT_VALENCIANA_2022__CORRECTION__27__27-comunidad-valenciana-2022-answer-key-definitive-pdf.pdf,retained318,bbd0919d391c8500292cbce2da38969eabe9a421df20809dfb1e88d0e3709d99,7245dd3bef6a5dd5a32da9ccc0f1f3f78112119259c54af4c2e60af2a4d33b20
b271,andalucia|2022|cuestionario-practico|132,Andalucía,2022,aparato-digestivo,cuestionario-practico,271,"Un varón de 61 años de edad, acude a su consulta con ictericia y heces acólicas de 3 meses de evolución. Niega la presencia de dolor abdominal, náuseas o vómitos. Su historia previa destaca por la presencia de hipertensión arterial, diabetes y osteoatritis. Por lo demás, el paciente está sano y laboralmente activo. A la exploración física el paciente está afebril, sin dolor abdominal ni hepatomegalia. Analíticamente destaca: leucocitos 6.300/mm³, hemoglobina 13,1 g/dl, fosfatasa alcalina 805 U/L, AST 30 U/L, ALT 60 U/L, bilirrubina total 6,9 mg/dl, bilirrubina directa 4,2 mg/dl, creatinina 1,1
mg/dl, INR 1,0. Una RMN demuestra una dilatación de vía intra y extrahepática con obstáculo en la papila, y conducto pancreático también dilatado. No se observan masas ni adenopatías regionales. La CPRE demuestra una mucosa irregular en papila, con estenosis en la misma, que se observa tras ser canulada. Se realiza esfinterotomía y se inserta una prótesis biliar plástica. Las biopsias de la mucosa ampular revelan la presencia de un adenocarcinoma.

¿Cuál es el paso más adecuado en el tratamiento subsiguiente de este paciente?",Ampulectomía endoscópica dependiendo de su tamaño y extensión intraductal.,Ampulectomía quirúrgica dependiendo de su tamaño y extensión intraductal.,Duodenopancreatectomía cefálica.,Tratamiento neoadyuvante.,c,Duodenopancreatectomía cefálica.,,36,AD_ANDALUCIA_2022_EXTRAORDINARIA_LIBRE__EXAM__12__revisado-56007-fea-aparato-digestivo-final-pdf.pdf,AD_ANDALUCIA_2022_EXTRAORDINARIA_LIBRE__CORRECTION__14__def-feaapdigestivo-sas-2023-pdf.pdf,retained318,57ad53517f9d492f68b51f57888494494e21df83466ea61b629e05bf876a04e1,74eb6f81cd34d92342d103b36db9be79ff5a3d5897df1d4502d3e6f48564fd26
b272,galicia|2022|reserva-especifica|103,Galicia,2022,aparato-digestivo,reserva-especifica,272,NO se asocia a uso crónico de IBP (Inhibidores de la Bomba de protones):,Aumento de riesgo de infección por Clostridium Difficile.,Déficit de vitamina B12.,Hipomagnesemia.,Hipogastrinemia.,d,Hipogastrinemia.,negated,21,AD_GALICIA_OPE_2022__EXAM__gal-09__especifico-cast-aparello-dx-20240316193007-cas-pdf.pdf,AD_GALICIA_OPE_2022__CORRECTION__gal-11__fea-aparello-dixestivo-20240514082015-cas-pdf.pdf,retained318,2c6839146449abf1e3f46c82caa62cc7d0c0c2dba7e61dbf1080c940373d1b89,ef85403ac305e0e90fe49f391d3a7354106b96ecceec939bdccea746d856a4be
b273,andalucia|2022|cuestionario-teorico|10,Andalucía,2022,aparato-digestivo,cuestionario-teorico,273,"Usted está leyendo un artículo que publica los resultados de un gran ensayo clínico aleatorizado y doble ciego, de gran interés en su ámbito profesional. En concreto le llama la atención el resultado que muestra este estudio sobre la mortalidad global al comparar un nuevo tratamiento experimental con la terapia estándar hasta este momento, en una población de pacientes que tienen un perfil muy similar a los que se tratan en su Unidad. Este resultado publicado es: RR = 0.71 (IC95% 0.98-0.59, p=0.046). ¿Cuál de las siguientes afirmaciones es correcta?",El valor p asociado al contraste no es significativo estadísticamente.,"La reducción relativa del riesgo (RRR) para la variable ""mortalidad global"" es aproximadamente del 29%.",El NNT (número de pacientes que necesitaría tratarse con el nuevo tratamiento en vez del estándar para reducir un resultado de muerte por cualquier causa) sería 71.,La probabilidad de que estos resultados se deban al error del muestreo es del 95%.,b,"La reducción relativa del riesgo (RRR) para la variable ""mortalidad global"" es aproximadamente del 29%.",,4,AD_ANDALUCIA_2022_EXTRAORDINARIA_LIBRE__EXAM__12__revisado-56007-fea-aparato-digestivo-final-pdf.pdf,AD_ANDALUCIA_2022_EXTRAORDINARIA_LIBRE__CORRECTION__14__def-feaapdigestivo-sas-2023-pdf.pdf,retained318,d77c5b952ac520e78f90c368e5dece65a2188d6b84e8bbd586fd724ef47dd387,6eaeb3a6da8a3b80a68734ae6fcd36a35583182bfe6204c712fef3fbe98027d9
b274,galicia|2022|reserva-especifica|110,Galicia,2022,aparato-digestivo,reserva-especifica,274,Señale la afirmación INCORRECTA:,Los AINEs se asocian a un aumento del riesgo de complicaciones en todo el tracto digestivo.,"El daño gastrointestinal mediado por AINEs se debe en su mayoría, a la inhibición sistémica de la COX-1.",Los IBP reducen la incidencia de úlcera péptica en pacientes con factores de riesgo para el desarrollo de complicaciones gastrointestinales asociadas al uso de AINEs.,"El uso de COXIB, frente a AINEs clásicos, se asocia a una mayor tasa de úlcera péptica, complicaciones y síntomas gastrointestinales.",d,"El uso de COXIB, frente a AINEs clásicos, se asocia a una mayor tasa de úlcera péptica, complicaciones y síntomas gastrointestinales.",negated,22,AD_GALICIA_OPE_2022__EXAM__gal-09__especifico-cast-aparello-dx-20240316193007-cas-pdf.pdf,AD_GALICIA_OPE_2022__CORRECTION__gal-11__fea-aparello-dixestivo-20240514082015-cas-pdf.pdf,retained318,ef55b69f97c8220ca22937835296994f26b06fc250950008a7ae2fec6b451c39,e42c41c547183ef35f66abc695cdd91279e636b25f2665c1f20cb5e5008dbc0d
b276,la-rioja|2021|reserva|106,La Rioja,2021,aparato-digestivo,reserva,276,"En relación a la enfermedad hepática inducida por fármacos (DILI), señale la respuesta incorrecta:",La edad avanzada es un factor de riesgo de hepatotoxicidad por isoniazida y predominantemente el tipo de lesión es hepatocelular.,"La ingesta regular de alcohol es un factor que contribuye a DILI asociado con fármacos específicos como la isoniazida, el metotrexato y el halotano.",La edad avanzada parece ser un factor de riesgo para DILI inducido por ácido valproico.,"Se ha observado una mayor susceptibilidad del sexo femenino a agentes causales específicos, como la minociclina y la nitrofurantoína.",c,La edad avanzada parece ser un factor de riesgo para DILI inducido por ácido valproico.,negated,38,AD_LA_RIOJA_2020_2021__EXAM__exam__fea-aparato-digestivo-2021.pdf,AD_LA_RIOJA_2020_2021__CORRECTION__correction__plantilla-respuestas-modificada-fea-aparato-digestivo-2021.pdf,retained318,8fda5f376d56d85c27a532b1d6ed59a1724fc4be5201c4cb76b9015473423b59,e471fd5e549ce426d7dae6b4b5fe179e237be032ef015807ac57c394d76b5f0c
b277,castilla-la-mancha|2022|main|24,Castilla-La Mancha,2022,aparato-digestivo,main,277,"En cuanto a los datos de alarma en un cuadro de diarrea, señale la respuesta incorrecta",Sangrado rectal,Edad menor de 50 años.,Pérdida de peso no explicada,Anemia,b,Edad menor de 50 años.,negated,6,AD_CASTILLA_LA_MANCHA_2022__EXAM__exam__cuestionario-fea-digestivo.pdf,AD_CASTILLA_LA_MANCHA_2022__CORRECTION__correction__plantilla-correctora-definitiva-fea-aparato-digestivo.pdf,retained318,02bfff891423681cd38724c0d1e081f8c26948d44c47e0f5191bfa27e0a5309b,b0fc6c8683e9f0c90623e9c273550422b066f19ea5e6039263163a463e8b6204
b279,la-rioja|2021|main|74,La Rioja,2021,aparato-digestivo,main,279,"Respecto a la posición del paciente para una CPRE, indique cuál respuesta es falsa:",La posición en decúbito prono puede dificultar la ventilación en pacientes obesos.,Colocar al paciente en decúbito lateral izquierdo puede facilitar atravesar el píloro.,En pacientes intubados se puede realizar la exploración en decúbito supino.,La visión óptima de la vía biliar se consigue con el paciente en decúbito lateral izquierdo.,d,La visión óptima de la vía biliar se consigue con el paciente en decúbito lateral izquierdo.,negated,27,AD_LA_RIOJA_2020_2021__EXAM__exam__fea-aparato-digestivo-2021.pdf,AD_LA_RIOJA_2020_2021__CORRECTION__correction__plantilla-respuestas-modificada-fea-aparato-digestivo-2021.pdf,retained318,932f5d0737df097cb73378a8a0d3714a457e87f9797a01e318520d383f596517,c17664c5e765daa815333a37b3c9f93e69fc03ba1f5aee47cfeb84bd035532d7
b281,region-de-murcia|2019|main|87,Región de Murcia,2019,aparato-digestivo,main,281,En el diagnóstico de una isquemia mesentérica aguda (IMA) es falso que:,"El dímero D >0,9 mg/L puede guiar el diagnóstico, aunque no es específico.","Ante un dolor abdominal grave sin una exploración reveladora, es obligado descartar una IMA en primera instancia.","La historia clínica ayuda a diferenciar entre los diferentes tipos de IMA (trombosis o embolia arterial, trombosis venosa o isquemia no oclusiva).",La angiografía percutánea es la técnica inicial indicada para realizar el diagnóstico precoz de IMA.,d,La angiografía percutánea es la técnica inicial indicada para realizar el diagnóstico precoz de IMA.,negated,15,AD_REGION_DE_MURCIA_2019__EXAM__021_exam_apa-dig-lb-a-examen-turno-libre-modelo-a.pdf,AD_REGION_DE_MURCIA_2019__ANSWER_KEY__022_answer-key_apa-dig-plantilla-respuestas-corregida-turno-libre-modelo-a.pdf,retained318,b8a6a6eb0e21c460758b087a85dea79a88ca214ff6ed9d0fd55dd00c880057a6,22c4585deb87c5027cf510c846262c99ce6fddc4765f974ed942963518a8f6c3
b282,la-rioja|2021|reserva|107,La Rioja,2021,aparato-digestivo,reserva,282,Una fístula transesfinteriana con trayecto secundario en la fosa isquiorrectal corresponde según la clasificación de Saint James a un grado:,I,II,III,IV,d,IV,,38,AD_LA_RIOJA_2020_2021__EXAM__exam__fea-aparato-digestivo-2021.pdf,AD_LA_RIOJA_2020_2021__CORRECTION__correction__plantilla-respuestas-modificada-fea-aparato-digestivo-2021.pdf,retained318,a15076efb6582d1415c2ef96c844a2a0ca76536b642ff468081fa06dae487460,64cf5d1af6375f551781de99cf3bb3705e3cfb1079ccfb3357b964e5c55fb7f1
b283,navarra|2022|teorico-practica|79,Navarra,2022,aparato-digestivo,teorico-practica,283,Señale la respuesta INCORRECTA sobre la pancreatitis autoinmune:,La tasa de recaídas tras la suspensión del tratamiento con corticoides es significativamente mayo en la tipo I respecto a la tipo II,Clínicamente suele manifestarse en forma de ictericia obstructiva por masa pancreática,La pancreatitis autoinmune tipo I rara vez presenta flebitis obliterativa,La pancreatitis autoinmune tipo II se asocia con más frecuencia a la enfermedad inflamatoria intestinal,c,La pancreatitis autoinmune tipo I rara vez presenta flebitis obliterativa,negated,17,AD_NAVARRA_2022__EXAM__040_exam_preguntas-test-examen-digestivo-definitivo-ope-2022-estabili.pdf,AD_NAVARRA_2022__ANSWER_KEY__041_answer-key_respuestas-digestivo-ope-2022-estabilizacion.pdf,retained318,af6da7801a10d1998930b0e40968549d63e12dd7ea295902d6bf60007afa082d,0831feba3b01609a2cf9d6e1f581f5141a3ff8ee46dda23fdb2bdbe86e612818
b284,castilla-y-leon|2019|reserva-especifica|158,Castilla y León,2019,aparato-digestivo,reserva-especifica,284,"En relación con la extracción endoscópica de cuerpos extraños, una de las siguientes recomendaciones es falsa según la Guía Clínica de la European Society of Gastrointestinal Endoscopy (ESGE):","Se recomienda endoscopia urgente, dentro de las primeras 24 horas, para cuerpos extraños esofágicos sin obstrucción completa.",ESGE no recomienda el estudio con bario.,Se recomienda la evaluación radiológica para pacientes con impactación de bolo alimenticio sin presencia de hueso y sin complicaciones.,Se recomienda endoscopia no urgente (dentro de las 72 horas) para cuerpos extraños romos de tamaño mediano localizados en el estómago.,c,Se recomienda la evaluación radiológica para pacientes con impactación de bolo alimenticio sin presencia de hueso y sin complicaciones.,negated,35,AD_CASTILLA_Y_LEON_2019__EXAM__044_exam_examen-le-aparato-digestivo-orden-san-139-2020.pdf,AD_CASTILLA_Y_LEON_2019__ANSWER_KEY__045_answer-key_plantilla-respuestas-correctas-l-e-aparato-digestivo-orden-s.pdf,retained318,b6b3fd165718516c97086164dcc2655d2516bf799893cc01960536288702011e,410849de13c8ab86543b08cd450d1b5f754f932b430e79eec89c694c2d171ee6
b285,la-rioja|2024|main|81,La Rioja,2024,aparato-digestivo,main,285,Señale en cuál de los siguientes pacientes indicaría un TIPS precoz:,"Hepatopatía Crónica en estadío de Cirrosis por alcohol con consumo activo y antecedente hace 5 días de hemorragia por varices esofágicas. Presenta nuevo episodio de hematemesis y encefalopatía hepática grado II. Shock hipovolémico. Bil. 17; Crea. 2,2; Alb. 2,3; INR 1,39. Endoscopia: Sangrado agudo incontrolable que requiere la colocación de prótesis de Dannis.","Primer episodio de hematemesis en paciente sin enfermedad hepática conocida hasta la fecha. Inestabilidad hemodinámica. Endoscopia: hemorragia incoercible, se coloca balón de Sengstaken. Bil. 1,1; Crea. 0,75; Alb. 4,3; INR 1,1.","Cirrosis por alcohol previamente descompensado por ascitis respondedora a diuréticos. Varices grandes en endoscopia previa en profilaxis primaria con Propranolol. Había desarrollado encefalopatía cuando bebía alcohol. Ingresa por hematemesis sin inestabilidad hemodinámica. Endoscopia: Varices grandes con pezón con fibrina sobre una de ellas, se efectúa ligadura con 5 bandas. Análisis: Bil. 3,67; Crea. 1,2; Alb. 2,1; INR 1,77.","Paciente trasladado de otro centro para valorar trasplante por fallo agudo sobre crónico. Bil. 35; Crea. 3,15; Alb 1,9; INR 2,87. Intubado en UCI por distrés respiratorio. Encefalopatía hepática III-IV. Ascitis moderada. Presenta hematemesis con inestabilidad hemodinámica. Endoscopia: Sangrado activo procedente de variz esofágica. Se coloca prótesis de Danis.",c,"Cirrosis por alcohol previamente descompensado por ascitis respondedora a diuréticos. Varices grandes en endoscopia previa en profilaxis primaria con Propranolol. Había desarrollado encefalopatía cuando bebía alcohol. Ingresa por hematemesis sin inestabilidad hemodinámica. Endoscopia: Varices grandes con pezón con fibrina sobre una de ellas, se efectúa ligadura con 5 bandas. Análisis: Bil. 3,67; Crea. 1,2; Alb. 2,1; INR 1,77.",,21,AD_LA_RIOJA_2023_2024__EXAM__exam__fea-aparato-digestivo-2025.pdf,AD_LA_RIOJA_2023_2024__CORRECTION__correction__plantilla-respuestas-modificada-fea-aparato-digestivo-2025.pdf,retained318,b0bb1045e5c8768762f3b32fbb38f9b55773a05f209ee2ae2f2d2bf5920a56e1,46002ec250ff53a7e889de76625cb07d2c1ee324bd42a0a1e7b672273520b788
b286,aragon|2017|reserva-especifica|107,Aragón,2017,aparato-digestivo,reserva-especifica,286,La dosis de entecavir y tenofovir en el tratamiento de la hepatitis crónica B debe ajustarse a la función renal. ¿Cuál es el dintel de filtrado glomerular estimado por debajo del cual debe reducirse la dosis de los mismos?,60 ml/min,50 ml/min,40 ml/min,30 ml/min,b,50 ml/min,,37,AD_ARAGON_2017__EXAM__exam__cuadernillo-del-examen-de-la-categoria-de-aparato-digestivo-que-fue-realizado-el.pdf,AD_ARAGON_2017__ANSWER_KEY__answer-key__plantilla-de-respuestas-del-examen-de-la-categoria-de-aparato-digestivo-que-fue-.pdf,retained318,32b3312ed06626aab469e055a3d5512620f88efd7614f2cb8a534b2d7320ed03,13912a0708135db0bee839a02b0c512480fd8645c8147a391a71e48db6ddbe72
b287,castilla-la-mancha|2022|main|31,Castilla-La Mancha,2022,aparato-digestivo,main,287,Entre las enfermedades que cursan con estreñimiento no se encuentra,Diabetes Mellitus,Hipertiroidismo,Enfermedad de Parkinson,Enfermedad de Hirschsprung,b,Hipertiroidismo,,7,AD_CASTILLA_LA_MANCHA_2022__EXAM__exam__cuestionario-fea-digestivo.pdf,AD_CASTILLA_LA_MANCHA_2022__CORRECTION__correction__plantilla-correctora-definitiva-fea-aparato-digestivo.pdf,retained318,df8e3b39e489fcd0382f12f54e17f243bd7a2adf92d535dfd1d15a66506b42b9,081127cf28227591bdb06f11a61e50223bd8321bc845b0a5927f113fd8df0bee
b294,region-de-murcia|2019|main|131,Región de Murcia,2019,aparato-digestivo,main,294,"Considerando la afectación multiorgánica que se produce en el fracaso hepático fulminante, señale cuál de estas situaciones no es característica de la misma:",Hiponatremia.,Hipertensión intracraneal.,Infecciones bacterianas.,Hiperglucemia.,d,Hiperglucemia.,,22,AD_REGION_DE_MURCIA_2019__EXAM__021_exam_apa-dig-lb-a-examen-turno-libre-modelo-a.pdf,AD_REGION_DE_MURCIA_2019__ANSWER_KEY__022_answer-key_apa-dig-plantilla-respuestas-corregida-turno-libre-modelo-a.pdf,retained318,57fb621ddb42ef7b58cd1979c0c9f64abec4a4c02bf577ec27c397c2468df872,f7cf52332a28e28a24fe41afe2e8c922f279b425b6a9256c2189116430a5c7f7
b295,comunidad-de-madrid|2021|main|149,Comunidad de Madrid,2021,aparato-digestivo,main,295,"Usted conoce que los pacientes con cirrosis descompensada desarrollan con frecuencia sarcopenia, Señale por favor cuál de los siguientes mecanismos NO está implicado en el desarrollo de esta complicación",Descenso de testosterona y de hormona de crecimiento,Incremento de la concentración de amonio plasmático,Presencia de endotoxinemia y de disfunción mitocondrial,Aumento de la concentración sérica de aminoácidos ramificados,d,Aumento de la concentración sérica de aminoácidos ramificados,negated,26,AD_COMUNIDAD_DE_MADRID_2021__EXAM__017_exam_cuestionario-de-examen-f-e-en-aparato-digestivo-sermas-2021.pdf,AD_COMUNIDAD_DE_MADRID_2021__ANSWER_KEY__018_answer-key_plantilla-correctora-f-e-aparato-digestivo-2021.pdf,retained318,b43de87490e0a68d9d0afc4af3bdbd80cb47a6369a7a2e270481a9752777973b,44b650c8ca64a4fc50b27e039f6400cfadd871d4246eac036aa628cbeb3fbde8
b296,galicia|2016|reserva-especifica|107,Galicia,2016,aparato-digestivo,reserva-especifica,296,"En referencia al esófago de Barrett, señale el enunciado falso:",El riesgo de desarrollo de adenocarcinoma sobre esófago de Barrett sin displasia es de un 0.3 por ciento por año.,Para el tratamiento endoscópico del adenocarcinoma temprano se prefiere la disección submucosa endoscópica sobre la resección mucosa endoscópica por su menor tasa de recidiva.,Los pacientes con extensión de esófago de Barrett mayor de 10 cm. tienen el mismo riesgo de progresión que los pacientes con displasia de bajo grado.,La resección endoscópica de lesiones visibles sobre el epitelio metaplásico mediante la técnica de ligadura con bandas tiene una eficacia mayor del 85 por ciento.,b,Para el tratamiento endoscópico del adenocarcinoma temprano se prefiere la disección submucosa endoscópica sobre la resección mucosa endoscópica por su menor tasa de recidiva.,negated,25,AD_GALICIA_OPE_2016__EXAM__gal-02__aparato-digestivo-cas-20171029192531-cas-pdf.pdf,AD_GALICIA_OPE_2016__CORRECTION__gal-03__aparello-dixestivo-20180201084525-cas-pdf.pdf,retained318,a29ac1aec909df618d386e1ad12f0927a5537e157cff7a5bbb719dfbbcf8e943,238c63f86cd62d969dc822adeff08159156a50d1bdf05a7818866ffd58fe98ac
b297,galicia|2019|main|100,Galicia,2019,aparato-digestivo,main,297,"En un paciente diagnosticado de hemocromatosis, homocigoto C282Y, el objetivo del tratamiento con sangrías sería:",Disminuir la saturación de transferrina por debajo del 45%.,Mantener la hemoglobina entre 12 y 13 g/dL.,Conseguir unas cifras de ferritina sérica por debajo de 50 ng/mL.,Conseguir cifras de hierro sérico por debajo de 100 microgramos por decilitro.,c,Conseguir unas cifras de ferritina sérica por debajo de 50 ng/mL.,,19,AD_GALICIA_OPE_2019__EXAM__gal-05__cas-especifico-digestivo-20210925132858-cas-pdf.pdf,AD_GALICIA_OPE_2019__CORRECTION__gal-07__fea-aparello-dixestivo-20211214124928-cas-pdf.pdf,retained318,79158bbecd2e7299d3339d6a610957a10813a0f83b73d7dde254446bffdb7b34,994c433ae04f260757f900477eff6f561dab98ca74f9d86225ad0e1ee21cb6b3
b299,galicia|2022|main|9,Galicia,2022,aparato-digestivo,main,299,"Paciente varón de 50 años. Se realiza gastroscopia por pirosis, sin respuesta a tratamiento con IBP. La endoscopia muestra la presencia de Esófago de Barrett C1M5 de la Clasificación de Praga. Los resultados histológicos confirman la existencia de metaplasia sin displasia. Siguiendo las últimas Guías ESGE de diagnóstico y manejo de Esófago de Barrett, ¿en cuánto tiempo le corresponde el siguiente control endoscópico?",1 año.,3 años.,5 años.,No precisa más controles endoscópicos.,b,3 años.,clinical_case,3,AD_GALICIA_OPE_2022__EXAM__gal-09__especifico-cast-aparello-dx-20240316193007-cas-pdf.pdf,AD_GALICIA_OPE_2022__CORRECTION__gal-11__fea-aparello-dixestivo-20240514082015-cas-pdf.pdf,retained318,7ec641799ac7126d2673b79058da93cc90bcfb0b6eb3af711ecc8441d1717240,7044a964c4f6759c0aad56ac4404bc46600ee7104f9233748f0476ce00ef76ec
b300,region-de-murcia|2019|main|111,Región de Murcia,2019,aparato-digestivo,main,300,Una de las siguientes opciones es falsa con relación a la inducción de la inmunosupresión (IS) en el trasplante hepático (TH):,Si hay insuficiencia renal se deben evitar los inhibidores de la calcineurina.,Los corticoides son la base de la IS en el TH.,"En pacientes de riesgo inmunológico (hepatitis autoinmune, cirrosis biliar primaria y colangitis esclerosante primaria) es recomendable hacer una inducción más potente.",El everólimus es un fármaco útil en los pacientes trasplantados por carcinoma hepatocelular por su función antitumoral.,b,Los corticoides son la base de la IS en el TH.,negated,18,AD_REGION_DE_MURCIA_2019__EXAM__021_exam_apa-dig-lb-a-examen-turno-libre-modelo-a.pdf,AD_REGION_DE_MURCIA_2019__ANSWER_KEY__022_answer-key_apa-dig-plantilla-respuestas-corregida-turno-libre-modelo-a.pdf,retained318,eb46396e39e091cc7123930e69fe34b8f5fae42acb329b3fe45bbba2eeeb5499,6f5826ad233cd3fdcc5e84839d3eee81ab270e0aa809b569a2a6ea708d5f2cf1
b301,aragon|2017|reserva-especifica|104,Aragón,2017,aparato-digestivo,reserva-especifica,301,Respecto a las indicaciones de vacunación preexposición de la hepatitis A vigentes en España (2017) señale lo correcto:,Convivientes con pacientes con Hepatitis aguda por virus A.,"Viaje a un país endémico, iniciando la pauta 1 semana antes del viaje.",Trabajadores con primates.,"Antecedente de haber consumido drogas por vía parenteral, sin consumo actual.",c,Trabajadores con primates.,,37,AD_ARAGON_2017__EXAM__exam__cuadernillo-del-examen-de-la-categoria-de-aparato-digestivo-que-fue-realizado-el.pdf,AD_ARAGON_2017__ANSWER_KEY__answer-key__plantilla-de-respuestas-del-examen-de-la-categoria-de-aparato-digestivo-que-fue-.pdf,retained318,f254a6780db70c06625d93b5d13edf7b03ecd0f5e91aac3a9253f118a7908624,51440db82a083ddf062736e0e11f570ee77b32142f0513738cf3c931049790a8
b304,navarra|2022|teorico-practica|72,Navarra,2022,aparato-digestivo,teorico-practica,304,Varón de 85 años ingresado hace 12 horas por pancreatitis aguda biliar. El paciente está consciente y orientado. Tensión arterial: 120/70mmHg; Frecuencia cardiaca 100 lpm. Eupneico y afebril. En la exploración presenta dolor epigástrico a la palpación sin peritonismo. En los análisis presenta 18.000 leucocitos/mm3 (normal: 4000-11000/mm3) y Proteína C Reactiva de 100 mg/dL (normal: 0-10) y BUN de 20mg/dl. En la radiografía de tórax del ingreso presenta derrame pleural izquierdo. ¿Cuántos puntos presenta el paciente según la clasificación BISAP?:,4,3,2,1,b,3,clinical_case,15,AD_NAVARRA_2022__EXAM__040_exam_preguntas-test-examen-digestivo-definitivo-ope-2022-estabili.pdf,AD_NAVARRA_2022__ANSWER_KEY__041_answer-key_respuestas-digestivo-ope-2022-estabilizacion.pdf,retained318,9a4de7ce1c8beaaa859200788bdfc6bc67acc518a17d3c2426ff9f09b469ebbc,b206e4a1079fa471c39182bb7ca1090f9478272e13af41e39e825622091f3390
b306,castilla-la-mancha|2022|reserva-especifica|103,Castilla-La Mancha,2022,aparato-digestivo,reserva-especifica,306,"¿Dónde se proponen como principios éticos en investigación la beneficencia, el respeto a la dignidad humana y la justicia?",Declaración de Helsinki,Código de Nuremberg,Informe Belmont,Estudio Tuskegee,c,Informe Belmont,,18,AD_CASTILLA_LA_MANCHA_2022__EXAM__exam__cuestionario-fea-digestivo.pdf,AD_CASTILLA_LA_MANCHA_2022__CORRECTION__correction__plantilla-correctora-definitiva-fea-aparato-digestivo.pdf,retained318,81a07c3e6ac62834fd4ba8b20374bdf7fa9700712da3491f7fb9c571cf828895,a13fd2e4241b150eee5742fe22dbbfedb423388a0cf90a8318501ed2730bd3b2
b307,castilla-la-mancha|2022|main|1,Castilla-La Mancha,2022,aparato-digestivo,main,307,La clasificación de la ERGE (enf. por reflujo) basada en criterios endoscópicos más aplicada en la actualidad es la de Los Ángeles. Señale la respuesta correcta,"El grado A se define como la presencia de al menos una lesión mucosa de > 5mms, sin continuidad entre la pared más prominente de 2 pliegues mucosos.",En el grado B se aprecia una o varias lesiones < 5mms.,El grado C se caracteriza por la presencia de una o varias lesiones < 5mms.,El grado D se caracteriza por una afectación circunferencial de la mucosa.,d,El grado D se caracteriza por una afectación circunferencial de la mucosa.,,2,AD_CASTILLA_LA_MANCHA_2022__EXAM__exam__cuestionario-fea-digestivo.pdf,AD_CASTILLA_LA_MANCHA_2022__CORRECTION__correction__plantilla-correctora-definitiva-fea-aparato-digestivo.pdf,retained318,1c7bc03c7d20d3fb01db6b98908568ce656ee5fa818bff53048f3f5c4e717e13,2ed42a012753c557eed88e2fb48896561351304513edf677510293fb70ab7404
b309,aragon|2020|reserva-especifica|107,Aragón,2020,aparato-digestivo,reserva-especifica,309,Ante un paciente con fallo hepático agudo señale la respuesta INCORRECTA:,La existencia de ascitis masiva orienta a un síndrome de Budd-Chiari agudo.,Anemia hemolítica Coombs negativa y una relación bilirrubina/fosfatasa alcalina elevada sugieren enfermedad de Wilson.,En una paciente embarazada en tercer trimestre con hígado graso agudo del embarazo la actitud correcta es administrar corticosteroides hasta el parto.,En una paciente con hepatitis autoinmune que no responde tras siete días de tratamiento correcto debe plantearse trasplante hepático.,c,En una paciente embarazada en tercer trimestre con hígado graso agudo del embarazo la actitud correcta es administrar corticosteroides hasta el parto.,negated,21,AD_ARAGON_2020__EXAM__exam__cuadernillo-de-examen-y-respuestas-provisionales-2021-f.e.a-aparato-digestivo.pdf,AD_ARAGON_2020__ANSWER_KEY__answer-key__plantilla-provisional-de-respuestas-2021-f.e.a-aparato-digestivo.pdf,retained318,78658765b80cf00cb80b964980d21067368a8c965d88002c125a45a9848ed258,ace1cc5ab4148a7bb98abbfe53e5b2ab1da4d790650c6d7a69da605e874ae8f6
b310,castilla-la-mancha|2017|main|62,Castilla-La Mancha,2017,aparato-digestivo,main,310,Es falso respecto al diagnóstico citohistológico de confirmación en cáncer de páncreas,No se requiere confirmación diagnóstica en tumoración pancreática sospechosa resecable,"Se debe realizar en paciente con masa pancreática resecable con sospecha de otra enfermedad, tumor borderline previo a neoadyuvancia y en tumor irresecable en el que se plante tratamiento activo",La ultrasonografía endoscópica con punción de la lesión es la técnica de elección para obtención de tejido pancreático siendo la biopsia percutánea de preferencia en paciente con metástasis hepáticas,La sensibilidad de la punción por ecoendoscopia es muy alta por lo que una citología negativa descarta malignidad,d,La sensibilidad de la punción por ecoendoscopia es muy alta por lo que una citología negativa descarta malignidad,negated,11,AD_CASTILLA_LA_MANCHA_2017_2018__EXAM__exam__cuestionario-fea-aparato-digestivo.pdf,AD_CASTILLA_LA_MANCHA_2017_2018__CORRECTION__correction__plantilla-correctora-definitiva-fea-aparato-digestivo.pdf,retained318,224601a0174b698472be5f8fe67a03ae4c340d8386da969b09a4f608d39d9c0d,fceca64d64e42a4b696375f14331f4cf8f88bd08a2b630343842707d8c56ce16
b311,comunidad-de-madrid|2021|main|77,Comunidad de Madrid,2021,aparato-digestivo,main,311,"Un cuadro de diarrea aguda con inicio de síntomas en menos de 6 horas tras la exposición al alimento causal, acompañado de náuseas y vómitos, es típico de:",E coli enterotóxico,Estafilococo aureus,Shigella,Salmonella,b,Estafilococo aureus,,15,AD_COMUNIDAD_DE_MADRID_2021__EXAM__017_exam_cuestionario-de-examen-f-e-en-aparato-digestivo-sermas-2021.pdf,AD_COMUNIDAD_DE_MADRID_2021__ANSWER_KEY__018_answer-key_plantilla-correctora-f-e-aparato-digestivo-2021.pdf,retained318,5c5548d80e3932f8c4f580152b0cf2a25252781a647f8101505b91714134574f,d95a8edd2e2384eb4bf4634af0badf19014fd3fb3e4ff78fd29a830c052abd40
b313,region-de-murcia|2019|main|51,Región de Murcia,2019,aparato-digestivo,main,313,Se consideran factores de elevado riesgo para desarrollar cáncer colorrectal asociado a enfermedad inflamatoria intestinal todos excepto:,Colitis extensa con actividad grave.,Presencia de estenosis o displasia en los últimos 5 años.,Colangitis esclerosante primaria concomitante.,Historia familiar de CCR > 50 años.,d,Historia familiar de CCR > 50 años.,negated,10,AD_REGION_DE_MURCIA_2019__EXAM__021_exam_apa-dig-lb-a-examen-turno-libre-modelo-a.pdf,AD_REGION_DE_MURCIA_2019__ANSWER_KEY__022_answer-key_apa-dig-plantilla-respuestas-corregida-turno-libre-modelo-a.pdf,retained318,69033103c2266e097cf5a4a231c3a484e01e6bcb298325406b62b04c8b3cf58b,89372e6e49808ce085f75eff5e04a79b64b3742b502c96e58ac3f8a3965a3ff1
b314,comunidad-de-madrid|2021|reserva-especifica|158,Comunidad de Madrid,2021,aparato-digestivo,reserva-especifica,314,¿Cuál de los siguientes NO es un factor de riesgo para desarrollar infecciones por bacterias multirresistentes en pacientes con cirrosis descompensada?,Ingreso hospitalario reciente,Presencia en el exudado rectal de bacterias multirresistentes,Uso de betalactámicos dentro de los tres meses previos,Infección adquirida en la comunidad,d,Infección adquirida en la comunidad,negated,28,AD_COMUNIDAD_DE_MADRID_2021__EXAM__017_exam_cuestionario-de-examen-f-e-en-aparato-digestivo-sermas-2021.pdf,AD_COMUNIDAD_DE_MADRID_2021__ANSWER_KEY__018_answer-key_plantilla-correctora-f-e-aparato-digestivo-2021.pdf,retained318,04fb3aa49f19abbb4e0f35a1a605b7a0207a33d067d6586bd89af5c2c62227c7,aa3ce505ad8d07f4cd06b2007e11c145ca641ad199a6cee39d7fe17bff4fb0dd
b317,comunidad-de-madrid|2021|main|44,Comunidad de Madrid,2021,aparato-digestivo,main,317,"Usted sabe que el prurito es un síntoma frecuente en las enfermedades colestásicas crónicas y que genera gran disconfort en los pacientes. En relación con su tratamiento, señale cuál de las siguientes afirmaciones es FALSA",Es importante mantener una adecuada hidratación de la piel,La colestiramina y el colestipol actúan aumentando la excreción fecal de sustancias pruritógenas,El uso de sertralina puede resultar beneficioso en pacientes con prurito refractario,Los antihistamínicos tienen un claro mecanismo de acción en el prurito de la colestasis y son el tratamiento de primera línea,d,Los antihistamínicos tienen un claro mecanismo de acción en el prurito de la colestasis y son el tratamiento de primera línea,negated,9,AD_COMUNIDAD_DE_MADRID_2021__EXAM__017_exam_cuestionario-de-examen-f-e-en-aparato-digestivo-sermas-2021.pdf,AD_COMUNIDAD_DE_MADRID_2021__ANSWER_KEY__018_answer-key_plantilla-correctora-f-e-aparato-digestivo-2021.pdf,retained318,1f8611221a0fecc507f11a304872b8b9a6f06fdb51ec6f574f696b78e96e3596,0a5de314413e9d54da73c493e74db30f8355195ed463a6106bc293c4e315f09e
b318,castilla-la-mancha|2022|reserva-especifica|101,Castilla-La Mancha,2022,aparato-digestivo,reserva-especifica,318,"Según la guía clínica ACG 2020, entre las recomendaciones de tratamiento en un paciente con acalasia esofágica no se incluye",Miotomía endoscópica (POEM) o miotomía de Heller laparoscópica en la acalasia tipo III.,"POEM, miotomía de Heller laparoscópica o dilatación neumática en la acalasia tipo I y II.",Asociar una funduplicatura completa (Nissen) durante la miotomía de Heller laparoscópica.,Toxina botulínica en pacientes añosos con riesgo quirúrgico.,c,Asociar una funduplicatura completa (Nissen) durante la miotomía de Heller laparoscópica.,,18,AD_CASTILLA_LA_MANCHA_2022__EXAM__exam__cuestionario-fea-digestivo.pdf,AD_CASTILLA_LA_MANCHA_2022__CORRECTION__correction__plantilla-correctora-definitiva-fea-aparato-digestivo.pdf,retained318,2f498fb7d4f447db0ae638b26e90917af12ec546e7e0254f1d03afb6062fe991,933ee5425e8e4a7547e106582dcf5495ac2ba1f2808de510768c2abfc82f3354
b319,comunidad-de-madrid|2021|main|52,Comunidad de Madrid,2021,aparato-digestivo,main,319,Seleccione la opción INCORRECTA en relación con la gastritis crónica tipo B,La densidad de la infección por H Pylori disminuye al avanzar hacia la gastritis atrófica multifocal y atrofia gástrica.,Los hallazgos histológicos nunca mejoran después de erradicar H. pylori.,Es de predominio antral.,El desarrollo de Metaplasia intestinal aumenta el riesgo de adenocarcinoma gástrico.,b,Los hallazgos histológicos nunca mejoran después de erradicar H. pylori.,negated,11,AD_COMUNIDAD_DE_MADRID_2021__EXAM__017_exam_cuestionario-de-examen-f-e-en-aparato-digestivo-sermas-2021.pdf,AD_COMUNIDAD_DE_MADRID_2021__ANSWER_KEY__018_answer-key_plantilla-correctora-f-e-aparato-digestivo-2021.pdf,retained318,f48fd1786aedea5cffab89b6323746903c7b3c935dfeb4981742afd2bde710fb,d20b23aae6297b2cfd66fef0bc08ea6e6a65219e41a0a5c7b1c5a7b39a3a8290
b321,galicia|2022|reserva-especifica|104,Galicia,2022,aparato-digestivo,reserva-especifica,321,"Paciente de 63 años con Esófago de Barrett C1M2 de la Clasificación de Praga. Asintomático con omeprazol 20 mg cada 24 horas. En la última revisión, las biopsias constatan la presencia de metaplasia sin displasia. Siguiendo las últimas Guías ESGE para el diagnóstico y manejo de Esófago de Barrett, ¿para cuándo programaría la siguiente revisión endoscópica?",6 meses.,1 año.,3 años.,5 años.,d,5 años.,clinical_case,21,AD_GALICIA_OPE_2022__EXAM__gal-09__especifico-cast-aparello-dx-20240316193007-cas-pdf.pdf,AD_GALICIA_OPE_2022__CORRECTION__gal-11__fea-aparello-dixestivo-20240514082015-cas-pdf.pdf,retained318,d950c6c96e0463f51ef8532d746f50c0c9cd78755beca147825b8a76fab2ca22,12e2056a383ab0f9c5b6259d9faba80923f344980616db2b7ba2bd553febe37b
b322,comunidad-de-madrid|2021|main|42,Comunidad de Madrid,2021,aparato-digestivo,main,322,Un paciente con Insuficiencia Hépatica Aguda Grave NO suele tener:,Descenso del factor V,Hiperglucemia,Hipoalbuminemia,Aumento de la presion intracraneal,b,Hiperglucemia,"clinical_case,negated",9,AD_COMUNIDAD_DE_MADRID_2021__EXAM__017_exam_cuestionario-de-examen-f-e-en-aparato-digestivo-sermas-2021.pdf,AD_COMUNIDAD_DE_MADRID_2021__ANSWER_KEY__018_answer-key_plantilla-correctora-f-e-aparato-digestivo-2021.pdf,retained318,0a7895d91b6534a53936caadec820e284193683fbbc130e760f3d1e2ade99a17,1910ec869a5b4ac6c52c97637ec365c33b4b2de308c22c4377f27941a99dd5ee
b323,andalucia|2021|cuestionario-teorico|59,Andalucía,2021,aparato-digestivo,cuestionario-teorico,323,"Sobre la colitis microscópica, señale la afirmación INCORRECTA:",El uso concomitante de IBP y AINE aumenta el riesgo de presentar colitis microscópica.,"La colitis microscópica se ha asociado a enfermedades autoinmunes como la tiroiditis autoinmune, diabetes mellitus tipo 1 y artritis oligoarticular no erosiva.",Se recomienda tomar al menos 3 biopsias de ascendente y 3 de descendente para el diagnóstico anatomopatológico de CM y la diferenciación entre colitis colágena y colitis linfocítica.,Los cambios histológicos detectados en la colitis colágena son más marcados en colon izquierdo (descendente y rectosigma).,d,Los cambios histológicos detectados en la colitis colágena son más marcados en colon izquierdo (descendente y rectosigma).,negated,15,AD_ANDALUCIA_2021_22_LIBRE__EXAM__07__9122-aparato-digestivo-pdf.pdf,AD_ANDALUCIA_2021_22_LIBRE__CORRECTION__09__9122-plantilla-respuestas-def-digestivo-pdf.pdf,retained318,b743721141bdd193116b7706335f58f45a548c6661084759bee96349fe3dce71,1958e9e8912ddadfe99f2fc7483db72907e9cdbd70db118d2bbddb1b10e487a2
b325,comunitat-valenciana|2022|main-47-80|61,Comunitat Valenciana,2022,aparato-digestivo,main-47-80,325,La lesión hepática más frecuentemente producida por azatioprina es:,Ductopenia.,Granulomas.,Lesión vascular.,Esteatohepatitis.,c,Lesión vascular.,,19,AD_COMUNITAT_VALENCIANA_2022__EXAM__25__25-comunidad-valenciana-2022-exam-pdf.pdf,AD_COMUNITAT_VALENCIANA_2022__CORRECTION__27__27-comunidad-valenciana-2022-answer-key-definitive-pdf.pdf,retained318,0840ed3123abefcdf084219079d0bd56f9e712826a52648d9e13364a240f3726,59f2f4e2ef2781e0f09c1a2533accba2acdf254cb9c817ed45b3d41d5243a053
b326,andalucia|2021|cuestionario-teorico|31,Andalucía,2021,aparato-digestivo,cuestionario-teorico,326,¿Cuál de los siguientes hallazgos (aisladamente) permitiría establecer con mas seguridad el diagnóstico de síndrome de hipertensión portal secundario a hepatopatía crónica?,Ascitis en ecografía.,Varices esofágicas en endoscopia alta.,Una medición de 45 kPa en elastometría transitoria.,Un flujo portal hepatópeto inferior a 20 cm/seg en ecografía doppler.,c,Una medición de 45 kPa en elastometría transitoria.,,9,AD_ANDALUCIA_2021_22_LIBRE__EXAM__07__9122-aparato-digestivo-pdf.pdf,AD_ANDALUCIA_2021_22_LIBRE__CORRECTION__09__9122-plantilla-respuestas-def-digestivo-pdf.pdf,retained318,bf49ecd79dabc7952325f899af645a26af11b2bc660f81c318fc5005e6730294,0f3c61b5e093bd31ef3585e1fcf312ae6594ea2f9f0360a88f993635951079c8
b327,andalucia|2021|cuestionario-practico|112,Andalucía,2021,aparato-digestivo,cuestionario-practico,327,"Un varón de 48 años de edad acude a Urgencias por dolor epigástrico irradiado a espalda. Entre sus antecedentes destaca una dislipemia familiar leve que trata con medidas higiénico-dietéticas y una hipertensión arterial de reciente comienzo. No es fumador, aunque sí un bebedor social escaso de fin de semana. El dolor se inicia de forma progresiva, tres horas antes, mientras realizaba ejercicio físico. Lo describe como epigástrico, de irradiación a espalda, de gran intensidad, asociado a náuseas con vómitos alimentarios de la última comida y sensación de mareo. La exploración física muestra un
paciente con sobrepeso leve, temperatura de 37,2ºC, pulso 110 lpm, y frecuencia respiratoria de 21 resp/min, con abdomen a mayor nivel que tórax, blando y depresible, doloroso a la palpación en epigastrio, sin claro peritonismo, sin masas ni visceromegalias. No tiene edemas en miembros inferiores y los pulsos pedios son simétricos. Analíticamente destaca Hb 16 g/dl, leucocitos 16.000/mm3, plaquetas 386.000/mm3, urea 80 mg/dl, creatinina 1,1 mg/dl; GOT 185 U/L, GPT 199 U/L, LDH 450 U/L, amilasa 1.002 U/L, lipasa 980 U/L.

A las 72 horas del ingreso se realiza un TAC de abdomen. Se observa una gran colección necrótica que prácticamente sustituye cuerpo y cola de páncreas, sin gas en su interior. La situación del paciente es similar a días previos, con elevación de bilirrubina hasta 5 mg/dl, y patrón de colestasis similar. Tras hidratación la función renal ha mejorado, con urea de 40 mg/dl. ¿Qué debemos hacer en este momento?","La ausencia de gas en la colección necrótica descarta prácticamente la infección, por lo que no debemos administrar antibióticos.","La infección es altamente probable, por lo que es preceptivo iniciar el tratamiento antibiótico.","Con una necrosis tan extensa es importante plantear un desbridamiento de la celda pancreática, siendo en este momento la cirugía el mejor método por la precocidad del problema.","Ante esta situación se debe mantener el tratamiento conservador, sin drenar la colección ni tratar con antibióticos, pues no hay evidencia suficiente que apoye el tratamiento profiláctico con estos.",d,"Ante esta situación se debe mantener el tratamiento conservador, sin drenar la colección ni tratar con antibióticos, pues no hay evidencia suficiente que apoye el tratamiento profiláctico con estos.",,28,AD_ANDALUCIA_2021_22_LIBRE__EXAM__07__9122-aparato-digestivo-pdf.pdf,AD_ANDALUCIA_2021_22_LIBRE__CORRECTION__09__9122-plantilla-respuestas-def-digestivo-pdf.pdf,retained318,1ad16c3a7c03f0c42a736006dc9ae8e3f1e466936df8b184c81ca66b6b40e729,97d9edb1c19aadccae8d5b7784e5fe538c1b6b3a86ed61300a622e05acd4aa67
b329,andalucia|2022|cuestionario-practico|135,Andalucía,2022,aparato-digestivo,cuestionario-practico,329,"Un varón de 54 años, albañil de profesión, sin hábitos tóxicos, y con el antecedente de una parálisis facial bilateral 7 años antes, atribuida a un síndrome de Guillain-Barré completamente resuelto, acude a urgencias por dolor abdominal y diarrea. El paciente había comenzado con diarrea desde aproximadamente 1 mes antes, inicialmente con 3 deposiciones líquidas cada día, que había ido incrementándose en frecuencia hasta unas 6-8, algunas de ellas mezcladas con sangre roja. Además, describía dolor abdominal cólico y pérdida ponderal de unos 5-6 kg de peso en ese plazo, Durante la evolución
comenzó con dolor abdominal postprandial, que se aliviaba parcialmente con la defecación, pero que finalmente se hizo continuo. Durante las últimas semanas ni las deposiciones ni el dolor respetaban el descanso nocturno, y acude finalmente por empeoramiento de la clínica e imposibilidad para la ingesta oral. Exploración: Consciente y orientado, con afectación de su estado general. Temperatura 37,8 ºC, pulso 102 lpm, TA 98/60 mm Hg. IMC: 22 kg/m². Abdomen blando y depresible, doloroso a la palpación profunda en hemiabdomen izquierdo, más intensamente en cuadrante inferior izquierdo, sin masas
ni visceromegalias. No defensa ni signos de irritación peritoneal. Blumberg negativo. Ruidos intestinales normales. ANALÍTICA: Hemoglobina 14,3 g/dl, leucocitos 14.900/mm³, plaquetas 499.000/mm³; urea 17 mg/dl, creatinina 0,72 mg/dl, LDH: 302 UI/L, PCR 74,7 mg/L. Una determinación de toxina de Clostridium difficile y una determinación de parásitos y cultivo de heces resultaron negativos. La Rx de abdomen fue normal. Al día siguiente de su ingreso empeora el dolor, se realiza una rectoscopia en la que se exploran los últimos 15 cm de colon apreciando desde margen anal una mucosa con áreas
parcheadas de eritema, con pérdida del patrón vascular y úlceras milimétricas, con otras áreas de mucosa sana respetada. Se toman biopsias para cultivo de virus y para estudio histológico. Tras discreta mejoría con tratamiento con corticoides, se realiza una colonoscopia que describe desde recto hasta ciego existe una afectación circunferencial continua con amplias zonas ulceradas de aspecto geográfico. Válvula ileocecal e íleon normales.

¿Qué afirmación le parece correcta con respecto a este paciente?","Se trata de una forma de megacolon toxico, probablemente asociado a una enfermedad inflamatoria intestinal.","La colonoscopia completa era prescindible, y comporta riesgo de dilatación de colon y perforación.",El episodio de desmielinización previa por el síndrome de Guillain-Barré es una contraindicación para el tratamiento biológico.,"El paciente debe tratarse con fluidoterapia, dieta absoluta, corticoides y mesalazina oral.",b,"La colonoscopia completa era prescindible, y comporta riesgo de dilatación de colon y perforación.",,38,AD_ANDALUCIA_2022_EXTRAORDINARIA_LIBRE__EXAM__12__revisado-56007-fea-aparato-digestivo-final-pdf.pdf,AD_ANDALUCIA_2022_EXTRAORDINARIA_LIBRE__CORRECTION__14__def-feaapdigestivo-sas-2023-pdf.pdf,retained318,4c59ec0a6c077a1382a87eccc835c9f101907f8a3f56fa06fc4611a952e8289f,00f293291b18c5d360384c135a3052443966a140cb965742fe367491f4808fd4
b330,castilla-la-mancha|2022|reserva-especifica|104,Castilla-La Mancha,2022,aparato-digestivo,reserva-especifica,330,Señale que elementos de los siguientes se asocian con Mejor Pronóstico en un paciente con Fallo Hepático Fulminante,"Un INR > 3,5","pH arterial < 7,3.",Bilirrubina elevada en casos de fallo no causado por paracetamol,Hipofosfatemia,d,Hipofosfatemia,,18,AD_CASTILLA_LA_MANCHA_2022__EXAM__exam__cuestionario-fea-digestivo.pdf,AD_CASTILLA_LA_MANCHA_2022__CORRECTION__correction__plantilla-correctora-definitiva-fea-aparato-digestivo.pdf,retained318,c111b22e5dce69b4e31fc1b0d672e3c5c02aca3a584fe8b8dc73af21fad8824c,80f0c5de2a3a92950c0a2038e70106b4f3f24fa0012367104e1ef2900e27b112
b332,galicia|2019|reserva-especifica|110,Galicia,2019,aparato-digestivo,reserva-especifica,332,Señale la respuesta FALSA con respecto al fallo hepático fulminante:,Se recomienda hacer profilaxis de la úlcera de estrés.,Existe riesgo de sepsis severa.,Es frecuente la aparición de hipoglucemia e hiponatremia.,La aparición de daño renal agudo (AKI) es excepcional.,d,La aparición de daño renal agudo (AKI) es excepcional.,negated,21,AD_GALICIA_OPE_2019__EXAM__gal-05__cas-especifico-digestivo-20210925132858-cas-pdf.pdf,AD_GALICIA_OPE_2019__CORRECTION__gal-07__fea-aparello-dixestivo-20211214124928-cas-pdf.pdf,retained318,a81942a5b827d49c13a0cddf55aefeeba849e8a942eab5fa45fad5a4e8ea90e4,a5f5763664ca213133caa2195361af54c892b72cc114f32aa824bd0cadbc14d6
b333,region-de-murcia|2019|main|55,Región de Murcia,2019,aparato-digestivo,main,333,¿Cuál de los siguientes NO es un factor de riesgo potencialmente relacionado con la recurrencia postquirúrgica?:,Granulomas en la pieza de resección.,Gravedad de la plexitis mientérica en la pieza de resección.,La técnica quirúrgica empleada.,Enfermedad perianal.,c,La técnica quirúrgica empleada.,negated,10,AD_REGION_DE_MURCIA_2019__EXAM__021_exam_apa-dig-lb-a-examen-turno-libre-modelo-a.pdf,AD_REGION_DE_MURCIA_2019__ANSWER_KEY__022_answer-key_apa-dig-plantilla-respuestas-corregida-turno-libre-modelo-a.pdf,retained318,07d532b8ff107841dd5ff7614547ecd80491dfb5eaf51dfce46c8c9061ca68cd,236002ff54105621a62623f999af8de215da8ab7d08bd303155a59d2fd151ad8
b334,galicia|2016|reserva-especifica|105,Galicia,2016,aparato-digestivo,reserva-especifica,334,Indique cuál de las siguientes es la causa más frecuente de hematoquecia significativa:,Colitis.,Hemorroides.,Cáncer y pólipos de colon.,Diverticulosis de colon.,d,Diverticulosis de colon.,,24,AD_GALICIA_OPE_2016__EXAM__gal-02__aparato-digestivo-cas-20171029192531-cas-pdf.pdf,AD_GALICIA_OPE_2016__CORRECTION__gal-03__aparello-dixestivo-20180201084525-cas-pdf.pdf,retained318,f03fb30efe2fa5771086931e861ccc587f80b4085a4d32898a87bb26ff914ce6,cf8609460ea63051f8fe5bd2c223dc2c2a4b8205a9ff81064d94c4b419c2522b
b335,andalucia|2021|cuestionario-practico|119,Andalucía,2021,aparato-digestivo,cuestionario-practico,335,"Varón de 25 años que acude al área de urgencias del hospital por cuadro de dolor abdominal intenso y progresivo que se inició a las 2 horas postingesta acompañado de distensión abdominal que no cede con la analgesia habitual y vómitos. No refiere tener enfermedades previas. Fumador habitual. No toma ninguna medicación. Desde hace años tiene episodios frecuentes de diarrea no estudiada. En la exploración se aprecia dolor a la palpación en la fosa ilíaca derecha e hipogastrio con signo de Blumberg positivo. En la analítica urgente existe una leucocitosis moderada con desviación a la izquierda y
PCR de 100 mg/l. Se realizó TAC observando un engrosamiento parietal y concéntrico del íleon terminal con estenosis de 15 cm de longitud, signos inflamatorios, pequeñas burbujas de gas extraluminales adyacentes e infiltración de la grasa pericecal. Ante la sospecha de perforación se realiza cirugía urgente practicándose resección ileocecal y anastomosis ileocólica. El estudio anatomopatológico de la pieza quirúrgica confirma la existencia de una enfermedad de Crohn. Tras la intervención quirúrgica el paciente evoluciona de forma favorable y previamente al alta se consulta con digestivo.

¿Cuál es la actitud más adecuada a seguir en este paciente?",Abandono del tabaquismo y revisión en la consulta de digestivo con control analítico 6 meses después de la cirugía.,"Abandono del tabaquismo, iniciar tratamiento con mesalazina oral y revisión en la consulta de digestivo con control analítico 6 meses después de la cirugía.","Abandono del tabaquismo, iniciar tratamiento con metronidazol oral a dosis de 15-20 mg/Kg/día durante 3 meses y revisión en la consulta de digestivo con control analítico 6 meses después de la cirugía.","Abandono del tabaquismo, iniciar tratamiento con metronidazol oral a dosis de 15-20 mg/Kg/día durante 3 meses + azatioprina a dosis de 2-2.5 mg/Kg/día y revisión en la consulta de digestivo con control analítico 6 meses después de la cirugía.",d,"Abandono del tabaquismo, iniciar tratamiento con metronidazol oral a dosis de 15-20 mg/Kg/día durante 3 meses + azatioprina a dosis de 2-2.5 mg/Kg/día y revisión en la consulta de digestivo con control analítico 6 meses después de la cirugía.",,31,AD_ANDALUCIA_2021_22_LIBRE__EXAM__07__9122-aparato-digestivo-pdf.pdf,AD_ANDALUCIA_2021_22_LIBRE__CORRECTION__09__9122-plantilla-respuestas-def-digestivo-pdf.pdf,retained318,df5879f0c7ca0e877f605e67c335c417fc13441b34311a4b7eba9193d008de2e,591764f94dea4cfd80c1f71e524f5b5edd690893e35dbe84a915eb00ce9c354a
b336,region-de-murcia|2019|main|62,Región de Murcia,2019,aparato-digestivo,main,336,"Con respecto al Síndrome de Ogilvie, señale la respuesta falsa:","Cursa con síntomas, signos y alteraciones radiológicas compatibles con una obstrucción aguda del colon, pero sin evidencia de causa mecánica que la justifique.",La dilatación afecta característicamente al colon transverso y descendente.,"Los traumatismos, la administración de opiáceos y la presencia de alteraciones hidroelectrolíticas pueden desencadenar el cuadro.",Las complicaciones más graves son la isquemia y la perforación del colon.,b,La dilatación afecta característicamente al colon transverso y descendente.,negated,11,AD_REGION_DE_MURCIA_2019__EXAM__021_exam_apa-dig-lb-a-examen-turno-libre-modelo-a.pdf,AD_REGION_DE_MURCIA_2019__ANSWER_KEY__022_answer-key_apa-dig-plantilla-respuestas-corregida-turno-libre-modelo-a.pdf,retained318,4b661022c604fadc307385fd089ecba1a011af9bec66ecd964ea793b0def1201,dc2dfdf089612b854d62b6b2ce9b335c2bd18e54b821b6bf599862d10f55e371
b338,galicia|2019|reserva-especifica|107,Galicia,2019,aparato-digestivo,reserva-especifica,338,"La fase de infección crónica del virus hepatitis B con antígeno e positivo (HBeAg) (antes denominada fase de inmunotolerancia), presenta todas las siguientes características, EXCEPTO:",Niveles muy elevados del DNA de la hepatitis B.,Valores normales de ALT.,La tasa de seroconversión espontánea en esta fase es muy baja.,Actividad necroinflamatoria severa en la biopsia hepática.,d,Actividad necroinflamatoria severa en la biopsia hepática.,negated,21,AD_GALICIA_OPE_2019__EXAM__gal-05__cas-especifico-digestivo-20210925132858-cas-pdf.pdf,AD_GALICIA_OPE_2019__CORRECTION__gal-07__fea-aparello-dixestivo-20211214124928-cas-pdf.pdf,retained318,277cd5e45b970ac97ce8d06cd905509a54667c662c05b04756bb774724fba2eb,9cb10d1f15277727f34fccf8d26f123267945781ce698ce84e983ad3549a1cc3
b339,region-de-murcia|2019|main|28,Región de Murcia,2019,aparato-digestivo,main,339,"En relación con el diagnóstico de la infección por Helicobacter Pylori (Hp), señale la opción FALSA:",El test de aliento es el método no invasivo más investigado y recomendado en el contexto de una estrategia de test-and-treat.,El test de antígeno fecal para Hp no está recomendado para el contexto de una estrategia de test-and-treat.,Los IBP deben suspenderse al menos dos semanas antes de las pruebas para la infección por Hp.,El test de ureasa rápido no se recomienda como prueba para la evaluación de la erradicación de Hp después del tratamiento. El test de aliento es la mejor opción para confirmar la erradicación de Hp y el test de antígeno fecal es una alternativa.,b,El test de antígeno fecal para Hp no está recomendado para el contexto de una estrategia de test-and-treat.,negated,6,AD_REGION_DE_MURCIA_2019__EXAM__021_exam_apa-dig-lb-a-examen-turno-libre-modelo-a.pdf,AD_REGION_DE_MURCIA_2019__ANSWER_KEY__022_answer-key_apa-dig-plantilla-respuestas-corregida-turno-libre-modelo-a.pdf,retained318,c956260521e97c316e02e8bd1d8f2bce0d6f5d3c3d09d71836cfd7834ae52ed5,84fc989dde49cd3dfb238efe1647e1c99127efecb66464ee9b3fdf24c60260a9
b344,andalucia|2021|cuestionario-teorico|9,Andalucía,2021,aparato-digestivo,cuestionario-teorico,344,"El diagrama de cajas (box-plot) es una forma de representación gráfica bastante usada, sobre todo cuando se quieren comparar dos o más mediciones de una misma variable, por ejemplo en varios grupos de sujetos o en los mismos sujetos en distintos momentos del tiempo. Todas las afirmaciones siguientes sobre este modelo son ciertas, excepto:","La caja está determinada por los percentiles 25 y 75, por lo que su amplitud es el rango intercuartílico",La mediana es un valor que caerá siempre dentro de la caja,"Los ""bigotes"" o líneas que salen desde la caja en direcciones opuestas, se extienden hasta los valores máximo y mínimo de la serie (valores ordenados de la variable)",En la caja se encuentran la mitad de las observaciones o valores,c,"Los ""bigotes"" o líneas que salen desde la caja en direcciones opuestas, se extienden hasta los valores máximo y mínimo de la serie (valores ordenados de la variable)",negated,5,AD_ANDALUCIA_2021_22_LIBRE__EXAM__07__9122-aparato-digestivo-pdf.pdf,AD_ANDALUCIA_2021_22_LIBRE__CORRECTION__09__9122-plantilla-respuestas-def-digestivo-pdf.pdf,retained318,9c309a0a7b973c9287ff06e551e5249318655877f0670747a62cb1f02d04ba0f,1cb392b83336271393c41342e3761c5e23485e11297b248978c173ad5d2760d6
b345,navarra|2022|teorico-practica|61,Navarra,2022,aparato-digestivo,teorico-practica,345,¿Cuál de las siguientes anomalías NO suele producirse en la hemostasia de los pacientes cirróticos?,Trombopenia,Disminución de la síntesis de Factor V,Disminución de los niveles del Factor von Willebrand,Disminución de los niveles de la proteína C y proteína S,c,Disminución de los niveles del Factor von Willebrand,negated,13,AD_NAVARRA_2022__EXAM__040_exam_preguntas-test-examen-digestivo-definitivo-ope-2022-estabili.pdf,AD_NAVARRA_2022__ANSWER_KEY__041_answer-key_respuestas-digestivo-ope-2022-estabilizacion.pdf,retained318,935c7c2d9789f8a9e3f47a442033d8eae67044ea2d320069117b7954e03c92d8,dbaf94e6ecb94955f277bfb0c6e746b91a7bf69edae5ca940be9352d6d92e4fd
b346,aragon|2020|main|12,Aragón,2020,aparato-digestivo,main,346,"¿Cual de los siguientes factores, NO es un factor de riesgo para el desarrollo de hepatocarcinoma?",La obesidad.,El sexo masculino.,La ingesta de alcohol.,La ingesta de café.,d,La ingesta de café.,negated,5,AD_ARAGON_2020__EXAM__exam__cuadernillo-de-examen-y-respuestas-provisionales-2021-f.e.a-aparato-digestivo.pdf,AD_ARAGON_2020__ANSWER_KEY__answer-key__plantilla-provisional-de-respuestas-2021-f.e.a-aparato-digestivo.pdf,retained318,4339f6a422e1edc8b0a55731fe6d0a9f60a198f9e3298a133588c3ee03c4532a,8bc0bd4eb55019d3b117d0c15c719cac413f29d47a204b92f6e087870783fb54
b348,comunidad-de-madrid|2021|main|146,Comunidad de Madrid,2021,aparato-digestivo,main,348,Señala la respuesta correcta con respecto a la hepatitis E en el embarazo,Su incidencia ha disminuido en los ultimos años,Su curso es potencialmente mas grave,No se transmite de madre a feto,Se debe tratar con interferon,b,Su curso es potencialmente mas grave,,26,AD_COMUNIDAD_DE_MADRID_2021__EXAM__017_exam_cuestionario-de-examen-f-e-en-aparato-digestivo-sermas-2021.pdf,AD_COMUNIDAD_DE_MADRID_2021__ANSWER_KEY__018_answer-key_plantilla-correctora-f-e-aparato-digestivo-2021.pdf,retained318,fe276721d1e0b63570e2dc0c82f891b78616d7f802989c892eb979c76dba3c8a,3d79df15fd7fbeadeb6a307ac967ad436f5ecab3947483c367c2068272ba5222
b349,comunitat-valenciana|2022|main-47-80|66,Comunitat Valenciana,2022,aparato-digestivo,main-47-80,349,Uno de los siguientes ítems no es criterio de trasplante hepático según King´s College en el fallo hepático agudo por paracetamol:,"INR > 6,5.","pH arterial >7,25 pasadas 24 tras la ingesta del fármaco.","Creatinina > 3,4 mg.",Encefalopatia grado 3-4,b,"pH arterial >7,25 pasadas 24 tras la ingesta del fármaco.",,20,AD_COMUNITAT_VALENCIANA_2022__EXAM__25__25-comunidad-valenciana-2022-exam-pdf.pdf,AD_COMUNITAT_VALENCIANA_2022__CORRECTION__27__27-comunidad-valenciana-2022-answer-key-definitive-pdf.pdf,retained318,7b16169e83bc16fa53c72e3d36bde0b1fdf2fefacfa15470a7d3412aa61d371b,3c7af4893166542b9e3489515686594c11fb3ad7f5abe82fc1cb7416c8d8a8ab
b353,galicia|2016|reserva-especifica|102,Galicia,2016,aparato-digestivo,reserva-especifica,353,"Paciente al que se extirpa un pólipo pediculado. El patólogo informa de la existencia de un adenocarcinoma bien diferenciado sobre un adenoma tubulovelloso que invade la submucosa y afecta al cuello del pólipo, no afectando al margen de resección el cual se encuentra a más de 2 milímetros. Señale la opción correcta:",Se trata de un adenocarcinoma no invasivo y el riesgo de diseminación es bajo.,Se trata de un nivel 3 de Haggitt y lo recomendado es vigilancia endoscópica.,El paciente no tiene ningún riesgo de metástasis en ganglios linfáticos regionales.,Se trata de un nivel 2 de Haggitt con un riesgo de metástasis bajo.,d,Se trata de un nivel 2 de Haggitt con un riesgo de metástasis bajo.,clinical_case,24,AD_GALICIA_OPE_2016__EXAM__gal-02__aparato-digestivo-cas-20171029192531-cas-pdf.pdf,AD_GALICIA_OPE_2016__CORRECTION__gal-03__aparello-dixestivo-20180201084525-cas-pdf.pdf,retained318,9ceab6449efe542626e97efc798ef24a92648b11f094fbe9be9c3046201e18fd,bed3f86501c4640cb3ca35962dd73cd1547ac3d96ce4c5d967927cee30bf457d
b354,region-de-murcia|2019|main|110,Región de Murcia,2019,aparato-digestivo,main,354,"Una de los siguientes no es una indicación para trasplante hepático en carcinoma hepatocelular (CHC), según los criterios de Milán:",Nódulo único menor de 5 cm.,Menos de 3 nódulos menores de 3 cm.,CHC sin cirrosis asociada.,No microinvasión vascular.,c,CHC sin cirrosis asociada.,,18,AD_REGION_DE_MURCIA_2019__EXAM__021_exam_apa-dig-lb-a-examen-turno-libre-modelo-a.pdf,AD_REGION_DE_MURCIA_2019__ANSWER_KEY__022_answer-key_apa-dig-plantilla-respuestas-corregida-turno-libre-modelo-a.pdf,retained318,a559bd85ab5fb4f453bb874a831631510774ea10193b7a3e3875fa9b54278626,44f29f97190c32770719eb40a2e70c480ff781422c1bcbb61f8078b0b3d4b3a6
b355,la-rioja|2021|main|37,La Rioja,2021,aparato-digestivo,main,355,"En relación al carcinoma hepatocelular, señale la respuesta falsa:",La determinación de AFP no es útil para el diagnóstico del carcinoma hepatocelular.,Respecto a la radioembolización transarterial (TARE) no existe evidencia científica para recomendar esta opción terapéutica en pacientes con carcinoma hepatocelular avanzado.,En los estudios publicados se ha mostrado que la RM con contraste órgano-específica no ofreció mayor sensibilidad ni precisión diagnóstica respecto a la RM con contraste extracelular.,"En el tratamiento de segunda línea del carcinoma hepatocelular, ramucirumab mejora la supervivencia en pacientes que presentan un valor de AFP mayor o igual 200ng/mL.",d,"En el tratamiento de segunda línea del carcinoma hepatocelular, ramucirumab mejora la supervivencia en pacientes que presentan un valor de AFP mayor o igual 200ng/mL.",negated,15,AD_LA_RIOJA_2020_2021__EXAM__exam__fea-aparato-digestivo-2021.pdf,AD_LA_RIOJA_2020_2021__CORRECTION__correction__plantilla-respuestas-modificada-fea-aparato-digestivo-2021.pdf,retained318,3b6a8ac9553958ed20551f0925b36cdd5c957d2a41fbc5107be8bde3eb7ea9f8,054ebc181a9551434e8df3c32c1c1b5be1970ae6a02b33780681315d7b72bafe
b357,andalucia|2022|cuestionario-teorico|100,Andalucía,2022,aparato-digestivo,cuestionario-teorico,357,"Un varón de 52 años de edad, con leucemia linfoblástica aguda, recibe un trasplante de médula ósea alogénico. El día 22º postrasplante desarrolla un rash cutáneo difuso, dolor abdominal y diarrea. Se le consulta la posibilidad de realizar endoscopia para el diagnóstico. ¿De dónde es más rentable tomar las biopsias para el diagnóstico de una enfermedad injerto contra huésped?","Esófago, siendo el punto de elección para la toma de biopsias por ser el procedimiento menos invasivo.",Duodeno.,En el colon se llega a un diagnostico histológico en un porcentaje ligeramente superior a otras localizaciones.,"Unión gastroesofágica, con una sensibilidad muy superior a las otras localizaciones.",c,En el colon se llega a un diagnostico histológico en un porcentaje ligeramente superior a otras localizaciones.,clinical_case,26,AD_ANDALUCIA_2022_EXTRAORDINARIA_LIBRE__EXAM__12__revisado-56007-fea-aparato-digestivo-final-pdf.pdf,AD_ANDALUCIA_2022_EXTRAORDINARIA_LIBRE__CORRECTION__14__def-feaapdigestivo-sas-2023-pdf.pdf,retained318,b65d359932d73fa8a2d1dd0451cde2a400f17ab01c5140792c53524285187cce,10b3ac8d2cab6ee5e8c60aa8da8bc5a90dead6080ffa953f4f4e10b65a403e2d
b358,castilla-y-leon|2019|reserva-especifica|153,Castilla y León,2019,aparato-digestivo,reserva-especifica,358,"Ante un paciente con disfagia bucofaríngea, ¿qué estudio se aconseja realizar en primer lugar?:",Pruebas de motilidad esofágica.,Estudio de deglución con video.,Endoscopia Digestiva Alta.,Radiografía de cuello y tórax.,b,Estudio de deglución con video.,,34,AD_CASTILLA_Y_LEON_2019__EXAM__044_exam_examen-le-aparato-digestivo-orden-san-139-2020.pdf,AD_CASTILLA_Y_LEON_2019__ANSWER_KEY__045_answer-key_plantilla-respuestas-correctas-l-e-aparato-digestivo-orden-s.pdf,retained318,3c76547fcf2f20f1372c9acc9f0ebd465efc55ac51fe0e8630ff6b072e64afc8,bdaea7fbea0696e5b0448420131536c9eec6b5da09db0e279a58253c7b2bbdf1
b359,galicia|2016|reserva-especifica|109,Galicia,2016,aparato-digestivo,reserva-especifica,359,La ligadura endoscópica con bandas se considera el tratamiento de elección tanto en los episodios de hemorragia aguda por varices esofágicas como en la profilaxis secundaria de la misma. En relación con las complicaciones asociadas al procedimiento endoscópico señala la afirmación FALSA:,Tras la realización del procedimiento se observa aparición de úlceras esofágicas en la zona de colocación de bandas en un 5-15% de los pacientes y es una de sus principales complicaciones.,"La incidencia de aparición de úlceras esofágicas post-ligadura de varices esofágicas es más frecuente tras el tratamiento del episodio agudo de hemorragia por varices, que en las ligaduras programadas como profilaxis secundaria.","Tras la obliteración de las varices esofágicas después de las sesiones de bandas necesarias, se recomienda vigilancia endoscópica cada 3-6 meses dada la posibilidad de recurrencia.",La estenosis esofágica post-ligadura es una complicación muy frecuente tras el desarrollo de úlceras esofágicas post-ligadura relacionada con su cicatrización. El tratamiento profiláctico con omeprazol disminuye su frecuencia de aparición.,d,La estenosis esofágica post-ligadura es una complicación muy frecuente tras el desarrollo de úlceras esofágicas post-ligadura relacionada con su cicatrización. El tratamiento profiláctico con omeprazol disminuye su frecuencia de aparición.,negated,25,AD_GALICIA_OPE_2016__EXAM__gal-02__aparato-digestivo-cas-20171029192531-cas-pdf.pdf,AD_GALICIA_OPE_2016__CORRECTION__gal-03__aparello-dixestivo-20180201084525-cas-pdf.pdf,retained318,ffcfae5740c528f2fc9c0e79e044bf2f63abd4a84793eb37413665c55739db20,d6710a324f97659e59389a3b71c44953564e663fcff574033c649a8193c2afad
b360,aragon|2017|main|92,Aragón,2017,aparato-digestivo,main,360,En un paciente con infección crónica por virus C que ha alcanzado respuesta viral sostenida (RVS). ¿Cuál de la siguientes afirmaciones es INCORRECTA? :,El grado de fibrosis hepática regresa con el tiempo en pacientes con F0-F1-F2.,"El riesgo de desarrollar carcinoma hepatocelular en pacientes con F3 y F4 disminuye, pero no se elimina totalmente por lo que se aconseja realizar ecografía abdominal cada 6 meses.",El riesgo de desarrollar varices de novo en pacientes con cirrosis hepática es similar al de los pacientes que no han alcanzado RVS.,"La reinfección puede ocurrir en determinados grupos de pacientes, por ejemplo hombres que tienen sexo con hombres.",c,El riesgo de desarrollar varices de novo en pacientes con cirrosis hepática es similar al de los pacientes que no han alcanzado RVS.,negated,33,AD_ARAGON_2017__EXAM__exam__cuadernillo-del-examen-de-la-categoria-de-aparato-digestivo-que-fue-realizado-el.pdf,AD_ARAGON_2017__ANSWER_KEY__answer-key__plantilla-de-respuestas-del-examen-de-la-categoria-de-aparato-digestivo-que-fue-.pdf,retained318,b2df256d6eb118aef80fa0d55d50125665f2dec5f7c19bb5f927d75bf98aa17e,5cf87f211353fb43c455eb1dac87b6bc2063431584d63b8e1514eb0f62cdf7e3
b362,comunidad-de-madrid|2021|main|38,Comunidad de Madrid,2021,aparato-digestivo,main,362,¿Cuál de las afirmaciones siguientes es FALSA en relación con el tratamiento de la infección por H pylori?,"Se recomienda que la duración del tratamiento cuádruple concomitante sin bismuto (IBP, claritromicina, amoxicilina y metronidazol) sea de 14 días.",Se recomienda que un tratamiento erradicador sea considerado efectivo cuando sea capaz de curar la infección por H. pylori en un porcentaje próximo o preferiblemente superior al 70% de los pacientes,"Se recomienda que la duración de la terapia cuádruple con bismuto (IBP, bismuto, tetraciclina y metronidazol) sea de 10 días como mínimo","Tras el fracaso de un primer tratamiento con una terapia cuádruple con bismuto (IBP, bismuto, tetraciclinay metronidazol), se recomienda una pauta cuádruple con levofloxacino (IBP, amoxicilina, levofloxacino y bismuto).",b,Se recomienda que un tratamiento erradicador sea considerado efectivo cuando sea capaz de curar la infección por H. pylori en un porcentaje próximo o preferiblemente superior al 70% de los pacientes,negated,8,AD_COMUNIDAD_DE_MADRID_2021__EXAM__017_exam_cuestionario-de-examen-f-e-en-aparato-digestivo-sermas-2021.pdf,AD_COMUNIDAD_DE_MADRID_2021__ANSWER_KEY__018_answer-key_plantilla-correctora-f-e-aparato-digestivo-2021.pdf,retained318,b3c4e97f8da2a20ee550b5b59b99ebae4f7acfd202c354f9cd4b8151fc1cf460,9805dae63e3cc24188617cff267c5189f7fbf328a1556e9893a86ad082aad379
b363,region-de-murcia|2019|main|61,Región de Murcia,2019,aparato-digestivo,main,363,¿Cuál de las siguientes no es causa de íleo paralítico?:,Hipopotasemia.,Hiponatremia.,Hemorragia retroperitoneal.,Pancreatitis crónica.,d,Pancreatitis crónica.,,11,AD_REGION_DE_MURCIA_2019__EXAM__021_exam_apa-dig-lb-a-examen-turno-libre-modelo-a.pdf,AD_REGION_DE_MURCIA_2019__ANSWER_KEY__022_answer-key_apa-dig-plantilla-respuestas-corregida-turno-libre-modelo-a.pdf,retained318,22cce999cb311b0f79aab54830b50ca45426ab8295113df23b79b484902518c0,4e2335b8efdade2fec9ad8acc10098976288a1b4aff01fd8a2dcba8cddc88a98
b364,comunitat-valenciana|2022|main|35,Comunitat Valenciana,2022,aparato-digestivo,main,364,En relación a la enfermedad de Whipple:,"La respuesta inicial al tratamiento con antibióticos suele ser rápida, aunque la diarrea suele ser el síntoma que más tarda en resolverse.",Sólo los humanos y los cerdos parecen verse afectados por esta enfermedad.,"Una característica común es la hiperpigmentación cutánea, que se ha encontrado entre el 17% y el 66% de los pacientes.",Doxicilina 100 mg dos veces al día es una buena alternativa de tratamiento debido a su buena penetración a nivel del sistema nervioso central.,c,"Una característica común es la hiperpigmentación cutánea, que se ha encontrado entre el 17% y el 66% de los pacientes.",,12,AD_COMUNITAT_VALENCIANA_2022__EXAM__25__25-comunidad-valenciana-2022-exam-pdf.pdf,AD_COMUNITAT_VALENCIANA_2022__CORRECTION__27__27-comunidad-valenciana-2022-answer-key-definitive-pdf.pdf,retained318,52e2c0905cb0d217a0f6f4f25336b93cac695bdc3c5b11d8376b56ce10e58666,dbdccd544785e23d907f78331612cfba8203b1c282a9e9fa82317aeac3dcb5e7
b366,la-rioja|2024|main|9,La Rioja,2024,aparato-digestivo,main,366,Paciente de 62 años con dolor abdominal crónico. Entero-RM: masa de 5 cm en yeyuno hipercaptante Biopsia: positivo para CD117 y DOG1. ¿Cuál es el diagnóstico?:,Adenocarcinoma yeyunal.,GIST yeyunal.,Linfoma intestinal.,NET intestinal.,b,GIST yeyunal.,clinical_case,5,AD_LA_RIOJA_2023_2024__EXAM__exam__fea-aparato-digestivo-2025.pdf,AD_LA_RIOJA_2023_2024__CORRECTION__correction__plantilla-respuestas-modificada-fea-aparato-digestivo-2025.pdf,retained318,a343d03fce511e8a022f57dcaeff9c474524f168422761edbf3696effd70fe3f,829f5957682100cd9c2f2761649a8191af7584b676371f37a53bee2700ee4851
b367,navarra|2022|teorico-practica|12,Navarra,2022,aparato-digestivo,teorico-practica,367,¿Cuál de las siguientes opciones es la CORRECTA respecto al tratamiento farmacológico de la Dispepsia Funcional?,Los IBP solo tienen beneficio en dosis altas,"Es importante no retirar de forma precoz (<6 meses) el tratamiento antidepresivo, si ha sido eficaz y no ha producido efectos secundarios importantes, ya que puede producir recidivas tempranas","El tratamiento siempre se debe prescribir en función del síndrome predominante (síndrome de distress postprandial, síndrome de dolor epigástrico)",El efecto beneficioso de Amitriptilina siempre se hace presente al día siguiente de haberse iniciado,b,"Es importante no retirar de forma precoz (<6 meses) el tratamiento antidepresivo, si ha sido eficaz y no ha producido efectos secundarios importantes, ya que puede producir recidivas tempranas",,4,AD_NAVARRA_2022__EXAM__040_exam_preguntas-test-examen-digestivo-definitivo-ope-2022-estabili.pdf,AD_NAVARRA_2022__ANSWER_KEY__041_answer-key_respuestas-digestivo-ope-2022-estabilizacion.pdf,retained318,84710cd7bece6c6b5b67d8adfb6ab1a94b7c325397a9126bb307956fb618109a,1a397aa89c7cb8b5980d7c8ec3dced029eb41d62c8c9a67daf5f5383c168b901
b368,castilla-y-leon|2019|reserva-especifica|162,Castilla y León,2019,aparato-digestivo,reserva-especifica,368,En relación con el diagnóstico de las neoplasias quísticas mucinosas de páncreas una de las siguientes aseveraciones es falsa,Presentan estroma de tipo ovárico en su interior.,Presentan niveles elevados de amilasa en su interior.,Se localizan en cuerpo y cola del páncreas en el 95% de los casos.,Son más frecuentes en mujeres.,b,Presentan niveles elevados de amilasa en su interior.,negated,36,AD_CASTILLA_Y_LEON_2019__EXAM__044_exam_examen-le-aparato-digestivo-orden-san-139-2020.pdf,AD_CASTILLA_Y_LEON_2019__ANSWER_KEY__045_answer-key_plantilla-respuestas-correctas-l-e-aparato-digestivo-orden-s.pdf,retained318,306739b13f4a7829dc289bf737c48fce2075a469ced229aee11fce56a460022c,5ec0819eed975f8c67146822b0ade5dde211b3e212b23e8892220a115c5659ff
b370,castilla-la-mancha|2017|main|84,Castilla-La Mancha,2017,aparato-digestivo,main,370,Una de las siguientes afirmaciones no es correcta en relación con la hemocromatosis hereditaria,El mejor predictor de fibrosis en la Hemocromatosis hereditaria es el nivel de ferritina en sangre.,Los pacientes únicamente heterocigotos en la mutación C282Y tienen riesgo de sobrecarga férrica.,La prueba de cribado de elección es la saturación de transferrina en sangre.,El fibroscán ® no está validado en el diagnóstico de fibrosis hepática en esta enfermedad.,b,Los pacientes únicamente heterocigotos en la mutación C282Y tienen riesgo de sobrecarga férrica.,,15,AD_CASTILLA_LA_MANCHA_2017_2018__EXAM__exam__cuestionario-fea-aparato-digestivo.pdf,AD_CASTILLA_LA_MANCHA_2017_2018__CORRECTION__correction__plantilla-correctora-definitiva-fea-aparato-digestivo.pdf,retained318,24f8e67afe0030c3af128acc8c879536b692152497f9b80042fb332ffeb33fc0,c3fc95dcc740f9f43c654f20f70dbec5bd7977072b7b9be799e88cce6bb38d50
b371,comunitat-valenciana|2022|main|19,Comunitat Valenciana,2022,aparato-digestivo,main,371,Señale la respuesta incorrecta con respecto a la Linaclotida:,Es un péptido de 14 aminoácidos de absorción mínima.,Está contraindicada en niños menores de 6 años.,"Inhibe el receptor de guanilato ciclasa C en la superficie luminal del epitelio intestinal, lo que disminuye los niveles de monofosfato de guanosina cíclico aumentando la secreción de cloruro y bicarbonato en la luz intestinal.",La diarrea es el evento adverso más común de este fármaco.,c,"Inhibe el receptor de guanilato ciclasa C en la superficie luminal del epitelio intestinal, lo que disminuye los niveles de monofosfato de guanosina cíclico aumentando la secreción de cloruro y bicarbonato en la luz intestinal.",negated,8,AD_COMUNITAT_VALENCIANA_2022__EXAM__25__25-comunidad-valenciana-2022-exam-pdf.pdf,AD_COMUNITAT_VALENCIANA_2022__CORRECTION__27__27-comunidad-valenciana-2022-answer-key-definitive-pdf.pdf,retained318,0a5caab669056f1d06635077fc663ef66a0028dfe3c288f865e9294d1098a8b4,9a3ba4dfcf505340237ce231d2da46668d1ab481d177b41507fc75b11b9bd9ba
b372,aragon|2020|main|78,Aragón,2020,aparato-digestivo,main,372,"De los siguientes gases intestinales, ¿Cuál es el principal responsable del olor pútrido de la expulsión de gases intestinales?",Amonio.,Metano.,Sulfuro de hidrógeno.,Dimetilsulfuro.,c,Sulfuro de hidrógeno.,,16,AD_ARAGON_2020__EXAM__exam__cuadernillo-de-examen-y-respuestas-provisionales-2021-f.e.a-aparato-digestivo.pdf,AD_ARAGON_2020__ANSWER_KEY__answer-key__plantilla-provisional-de-respuestas-2021-f.e.a-aparato-digestivo.pdf,retained318,4745916deda3745badfbab4546e6039da6fdf97ebac0c8e37e3a0d60a75d6b44,0ed2b9e36a296704601a9df92eda014dcc41cf8e533f861ae7af53b58ef826b3
b373,andalucia|2021|cuestionario-teorico|47,Andalucía,2021,aparato-digestivo,cuestionario-teorico,373,La toma de biopsias aleatorias en la colonoscopia de cribado de cáncer de colon en pacientes con colitis ulcerosa NO esta recomendada en caso de:,Mala preparación.,Inflamación moderada o severa.,Abundantes pólipos inflamatorios o pseudopólipos.,En los casos de proctitis.,d,En los casos de proctitis.,negated,13,AD_ANDALUCIA_2021_22_LIBRE__EXAM__07__9122-aparato-digestivo-pdf.pdf,AD_ANDALUCIA_2021_22_LIBRE__CORRECTION__09__9122-plantilla-respuestas-def-digestivo-pdf.pdf,retained318,83bada94b0009c42aecb0afad6c365d1ee272b8361a569df3946747f79fe0a6b,485e11e9689a94b37cd839884f3a25ce4161f0297680301e87f4b6bf0aa95d4d
b374,castilla-la-mancha|2017|main|71,Castilla-La Mancha,2017,aparato-digestivo,main,374,"En un paciente infectado por el genotipo 3 del VHC y con un índice de fibrosis ≤ 2, ¿Qué tratamiento antiviral no estaría indicado?",Sofosvubir / velpatasvir / voxilaprevir.,Glecaprevir / pibrentasvir.,Sofosvubir / velpatasvir.,Grazoprevir/elbasvir.,d,Grazoprevir/elbasvir.,,13,AD_CASTILLA_LA_MANCHA_2017_2018__EXAM__exam__cuestionario-fea-aparato-digestivo.pdf,AD_CASTILLA_LA_MANCHA_2017_2018__CORRECTION__correction__plantilla-correctora-definitiva-fea-aparato-digestivo.pdf,retained318,2a1583af7726f2327c0abbae65f3cd4836ad36a2c0875629eedbbc1eb1be8aff,207884048d60c96556fdf0e086bb30bb39b1307113a946dc5adf711713e18afd
b375,galicia|2019|reserva-especifica|101,Galicia,2019,aparato-digestivo,reserva-especifica,375,"En un paciente con colelitiasis y clínica de dolor abdominal en hipocondrio derecho, con fosfatasa alcalina de 350 mg/dl, GGT de 153 mg/dl, colédoco de 8 mm en ecografía abdominal, y sin datos de colangitis, ¿por cuál de las siguientes estrategias optaría de acuerdo con la guía de la Sociedad Europea de Endoscopia Digestiva (ESGE) de 2019?:",Realizar una CPRF.,Derivar para colecistectomía.,Realizar ecoendoscopia o colangioRMN.,Colecistostomia percutánea.,c,Realizar ecoendoscopia o colangioRMN.,,20,AD_GALICIA_OPE_2019__EXAM__gal-05__cas-especifico-digestivo-20210925132858-cas-pdf.pdf,AD_GALICIA_OPE_2019__CORRECTION__gal-07__fea-aparello-dixestivo-20211214124928-cas-pdf.pdf,retained318,bb49161a02efe785723c0f01ba80c99f1ffebc6b86736ed7e12d143626a1e611,288a4af7777d7e84f47515e1bec9fec7aa1054ba38b6e97180382c3be2124fc8
b376,comunidad-de-madrid|2021|main|113,Comunidad de Madrid,2021,aparato-digestivo,main,376,¿Cuál es la frecuencia recomendada de seguimiento para pacientes con gastritis crónica atrófica en estadios OLGA/OLGIM III/IV asociada a metaplasia incompleta?,Cada año,Cada 3 años,Cada 5 años,Solo si hay síntomas,b,Cada 3 años,,21,AD_COMUNIDAD_DE_MADRID_2021__EXAM__017_exam_cuestionario-de-examen-f-e-en-aparato-digestivo-sermas-2021.pdf,AD_COMUNIDAD_DE_MADRID_2021__ANSWER_KEY__018_answer-key_plantilla-correctora-f-e-aparato-digestivo-2021.pdf,retained318,267f174121e060fb154594179b04c53b37a46806aab92ce58e2600a49c80a081,06f4fc7842a072886d2a9c20068e2b5dd679e4761fce696c0dfe111e1ab3ef9f
b379,andalucia|2021|cuestionario-practico|124,Andalucía,2021,aparato-digestivo,cuestionario-practico,379,"Una mujer de 62 años acude para realización de colonoscopia por test de sangre oculta en heces positivo en el contexto del programa de cribado poblacional de cáncer colorrectal de Andalucía. Se encontraba asintomática y no tenía comorbilidades ni antecedentes personales ni familiares de cáncer colorrectal. Se realiza colonoscopia hasta ciego, bajo sedación profunda, con un tiempo de retirada de 18 minutos. Se encontró un pólipo 0-Ip de 14mm en sigma, que se extirpa de forma completa y en bloque, informado por el patólogo como adenoma tubulovelloso con displasia de bajo grado. No se encontraron
otras lesiones. La puntuación de la escala de Boston fue 5 (2 en colon izquierdo, 1 en colon transverso y 1 en ciego-colon ascendente).

En la siguiente colonoscopia practicada, se encuentra una lesión de extensión lateral ligeramente elevada 0-IIa, con patrón nodular mixto no homogéneo (LST-G), de 25mm en colon ascendente, realizándose resección mucosa completa y en bloque. El patólogo informa de la existencia de un adenocarcinoma bien diferenciado sobre adenoma velloso que invade la submucosa, con una profundidad máxima de 4mm, sin evidencia de invasión vascular ni linfática, sin budding, y con distancia al margen de resección de 0,5mm. Señale la interpretación CORRECTA de los hallazgos:","Se trata de una neoplasia no invasiva de alto grado (Tis), sin riesgo de diseminación ganglionar.",Se trata de un adenocarcinoma invasor sobre pólipo (pT1) con criterios insuficientes de buen pronóstico y riesgo alto de diseminación ganglionar.,"Se trata de un adenocarcinoma invasor sobre pólipo (pT1), con criterios histológicos de buen pronóstico y bajo riesgo de diseminación ganglionar.",Se trata de un adenocarcinoma T2N0M0.,b,Se trata de un adenocarcinoma invasor sobre pólipo (pT1) con criterios insuficientes de buen pronóstico y riesgo alto de diseminación ganglionar.,,33,AD_ANDALUCIA_2021_22_LIBRE__EXAM__07__9122-aparato-digestivo-pdf.pdf,AD_ANDALUCIA_2021_22_LIBRE__CORRECTION__09__9122-plantilla-respuestas-def-digestivo-pdf.pdf,retained318,8cd0a9db93c9ff13d813cd30dae40341ad9ed1f4bcb665ce2e68ee4a000589ee,6b13a44f341b6f4cc3011f059453de713e1790bb4a21fe584ec41febc5e5e58c
b381,region-de-murcia|2019|main|144,Región de Murcia,2019,aparato-digestivo,main,381,"En relación a la historia natural del Virus de la Hepatitis B, en la fase infección crónica con Hbe Ag -(fase 3), es falso que:",Esta fase equivale al término de portador asintomático.,Los niveles de transaminasas están muy elevados con valores que habitualmente exceden 5 veces los valores de la normalidad.,Se caracteriza por la presencia de anti- Hbe.,Habitualmente la carga viral está por debajo de 2000 UI/ml.,b,Los niveles de transaminasas están muy elevados con valores que habitualmente exceden 5 veces los valores de la normalidad.,negated,23,AD_REGION_DE_MURCIA_2019__EXAM__021_exam_apa-dig-lb-a-examen-turno-libre-modelo-a.pdf,AD_REGION_DE_MURCIA_2019__ANSWER_KEY__022_answer-key_apa-dig-plantilla-respuestas-corregida-turno-libre-modelo-a.pdf,retained318,9d39b6d1ea6250cb7e2570811116b74220bb80790224da2ed504c035e4fe20fc,58ec17c8e7fa9db328d107d2920613c5bbd817b9eaa33b7173ef702b59d077fe
b383,comunitat-valenciana|2022|main|39,Comunitat Valenciana,2022,aparato-digestivo,main,383,Según la guía ECCO señala la respuesta falsa respecto al grado de inmunosupresión de los diferentes agentes terapéuticos:,"La BUDESONIDA oral produce inmunosupresión sistémica en las dosis de 6 y 9 mg, pero no en la de 3 mg.",VEDOLIZUMAB produce inmunosupresión sistémica.,Las dosis bajas de AZATIOPRINA (por ejemplo 1 mg/kg/día) pueden considerarse baja inmunosupresión.,Los AMINOSALICILATOS no producen inmunosupresión sistémica.,b,VEDOLIZUMAB produce inmunosupresión sistémica.,negated,13,AD_COMUNITAT_VALENCIANA_2022__EXAM__25__25-comunidad-valenciana-2022-exam-pdf.pdf,AD_COMUNITAT_VALENCIANA_2022__CORRECTION__27__27-comunidad-valenciana-2022-answer-key-definitive-pdf.pdf,retained318,aaa08224fddb669b99a45fb4dec6d9bb573b4caf947efbf80bab77d21044bcb9,594e05d59b6e4bda6a494b982402802bab0cefb1ac7107e80aa11ccc25f566d0
b384,comunidad-de-madrid|2021|reserva-especifica|153,Comunidad de Madrid,2021,aparato-digestivo,reserva-especifica,384,En relación a la sensibilidad al gluten no celiaca es correcto:,Los síntomas mejoran tras la retirada del glutén de la dieta durante 6 meses y no suelen recurrir tras la reintroducción,Hay que excluir la alergia a la avena.,Los síntomas siempre aparecen inmediatamente tras la ingesta.,Puede presentarse con síntomas similares al síndrome de intestino irritable o síntomas extraintestinales.,d,Puede presentarse con síntomas similares al síndrome de intestino irritable o síntomas extraintestinales.,,27,AD_COMUNIDAD_DE_MADRID_2021__EXAM__017_exam_cuestionario-de-examen-f-e-en-aparato-digestivo-sermas-2021.pdf,AD_COMUNIDAD_DE_MADRID_2021__ANSWER_KEY__018_answer-key_plantilla-correctora-f-e-aparato-digestivo-2021.pdf,retained318,aa6ae775dc759f37ce223ddc9dfe22746ca4dbd456f397452aab84fd63465a83,f613bc58bc1867e425f3013bf36f0d39a606a386ed8bf0babe897dd906214c93
b386,la-rioja|2024|main|78,La Rioja,2024,aparato-digestivo,main,386,"Las relajaciones transitorias del esfínter esofágico inferior son un mecanismo importante en la patogenia de la enfermedad por reflujo gastroesofágico, pueden distinguirse de la relajación inducida por la deglución de varias formas. Indica la respuesta FALSA:",Las relajaciones transitorias del esfínter esofágico inferior son prolongadas (más de 10 segundos).,"Las relajaciones transitorias del esfínter esofágico e asocian con la relajación del músculo longitudinal esofágico distal, que causa acortamiento esofágico.",Las relajaciones transitorias del esfínter esofágico no tienen un peristaltismo esofágico sincronizado.,Las relajaciones transitorias del esfínter esofágico se asocian con la inhibición del diafragma crural.,b,"Las relajaciones transitorias del esfínter esofágico e asocian con la relajación del músculo longitudinal esofágico distal, que causa acortamiento esofágico.",negated,20,AD_LA_RIOJA_2023_2024__EXAM__exam__fea-aparato-digestivo-2025.pdf,AD_LA_RIOJA_2023_2024__CORRECTION__correction__plantilla-respuestas-modificada-fea-aparato-digestivo-2025.pdf,retained318,5fdae4b99e05e291ec5288adece340540e6f348fcfbdb3ed499e96729904c647,11b6db202ff8e3ed37f1e06c94ec99d74841670206d71ba264ef7fa0b9a3a8e1
b387,andalucia|2022|cuestionario-teorico|56,Andalucía,2022,aparato-digestivo,cuestionario-teorico,387,"Un varón de 56 años de edad, sin historia familiar de cáncer de colon se realiza una colonoscopia de cribado. En la exploración se identifica un pólipo de unos 8 mm de diámetro, pediculado, en colon sigmoide, que se reseca por completo. La anatomía patológica muestra que es un adenoma serrado con displasia. ¿Cuándo debe repetirse la colonoscopia?",2-6 meses.,1 año.,3 años.,5 años.,c,3 años.,clinical_case,15,AD_ANDALUCIA_2022_EXTRAORDINARIA_LIBRE__EXAM__12__revisado-56007-fea-aparato-digestivo-final-pdf.pdf,AD_ANDALUCIA_2022_EXTRAORDINARIA_LIBRE__CORRECTION__14__def-feaapdigestivo-sas-2023-pdf.pdf,retained318,46186f2b6c52f4b4b80751ced1cbdb721e35239b328daea24428d6e5f1ac683a,fa0641ddd6d06e2d4bee981348cdf9151c7283d153cb79fb404036253c2d87ab
b388,castilla-y-leon|2019|reserva-especifica|157,Castilla y León,2019,aparato-digestivo,reserva-especifica,388,Acerca de la enfermedad de injerto contra huésped intestinal ¿Qué es falso?,Puede cursar con ictericia,Puede cursar con diarrea,Las biopsias intestinales pueden confirmar el diagnóstico,La clínica digestiva de este proceso es muy específica,d,La clínica digestiva de este proceso es muy específica,negated,35,AD_CASTILLA_Y_LEON_2019__EXAM__044_exam_examen-le-aparato-digestivo-orden-san-139-2020.pdf,AD_CASTILLA_Y_LEON_2019__ANSWER_KEY__045_answer-key_plantilla-respuestas-correctas-l-e-aparato-digestivo-orden-s.pdf,retained318,d76577fa74b2aecf78755d861f2b133d8bc5519fe571975589bcc8945fb73e62,2319420c4a8c802a143e24f8660f8f999a593e1c6bf5e995c5e04fc9c9de2aeb
b390,la-rioja|2021|reserva|110,La Rioja,2021,aparato-digestivo,reserva,390,La realización de una CPRE (colangiopancreatografia retrograda endosocópica) puede estar indicada en el curso de una colangitis esclerosante primaria en los siguientes casos excepto uno:,Ictericia.,Dilatación progresiva de los conductos biliares intra o extrahepáticos.,Empeoramiento del prurito.,Elevación del marcador Ca 19.9.,d,Elevación del marcador Ca 19.9.,negated,39,AD_LA_RIOJA_2020_2021__EXAM__exam__fea-aparato-digestivo-2021.pdf,AD_LA_RIOJA_2020_2021__CORRECTION__correction__plantilla-respuestas-modificada-fea-aparato-digestivo-2021.pdf,retained318,83522b297d6356ddc58644199b5c68c02dbf1c242ca66a93a3d61988769fe0ab,14a1c033fda040ff8fdf2b5f626d93813792bd6739499a366595b71af5d5df15
b392,navarra|2022|teorico-practica|63,Navarra,2022,aparato-digestivo,teorico-practica,392,Mujer de 32 años gestante de 27 semanas que presenta infección crónica por VHB con viremia de 250.000 UI/ml y transaminasas normales. ¿Cuál de las siguientes recomendaciones sería FALSA?:,Iniciar tratamiento antiviral con tenofovir,La lactancia materna estaría contraindicada,Inmunoprofilaxis combinada con vacuna y gammaglobulina específica en el recién nacido,El interferón pegilado estaría contraindicado,b,La lactancia materna estaría contraindicada,"clinical_case,negated",14,AD_NAVARRA_2022__EXAM__040_exam_preguntas-test-examen-digestivo-definitivo-ope-2022-estabili.pdf,AD_NAVARRA_2022__ANSWER_KEY__041_answer-key_respuestas-digestivo-ope-2022-estabilizacion.pdf,retained318,f5088a15a0a1fbd6dc2cd2a27b0b178d91bd05e94dba6e0d97796ad8b74d8244,90efb60f8c4da7c35b5c080a7fe8d783fe96d3e4624271c6d94181631b7ea1cd
b393,comunitat-valenciana|2022|main-47-80|65,Comunitat Valenciana,2022,aparato-digestivo,main-47-80,393,¿A partir de qué valor de MELD nos planteamos valorar a un paciente con cirrosis descompensada para transplante en ausencia de hepatocarcinoma?,10,8,15,22,c,15,,20,AD_COMUNITAT_VALENCIANA_2022__EXAM__25__25-comunidad-valenciana-2022-exam-pdf.pdf,AD_COMUNITAT_VALENCIANA_2022__CORRECTION__27__27-comunidad-valenciana-2022-answer-key-definitive-pdf.pdf,retained318,4a0c25cee4c80c1aec84af37e0efdeadba508eaba40817e4fc4aef00bf93e28c,565a8937e281a83fa0716b7dd39b2814198bedd73e2bc3ad4321dd751d3ae8e4
b395,region-de-murcia|2019|main|65,Región de Murcia,2019,aparato-digestivo,main,395,"Respecto a las manifestaciones clínicas fundamentales del síndrome de intestino irritable, señale la respuesta falsa:",Dolor abdominal.,Distensión abdominal.,Síntomas nocturnos.,Alteraciones del ritmo deposicional.,c,Síntomas nocturnos.,negated,12,AD_REGION_DE_MURCIA_2019__EXAM__021_exam_apa-dig-lb-a-examen-turno-libre-modelo-a.pdf,AD_REGION_DE_MURCIA_2019__ANSWER_KEY__022_answer-key_apa-dig-plantilla-respuestas-corregida-turno-libre-modelo-a.pdf,retained318,02e9f6245beb39e59e0cedd9f35d5c0ac19d4dc904ba81f78d68d372639a7ea3,029ac1df81e5f2912227017fc76f520d91fe2ac58138decff6966d10e6e0b674
b400,la-rioja|2024|main|74,La Rioja,2024,aparato-digestivo,main,400,"Mujer de 34 años, con mutación STK11. ¿Cuál es el síndrome más probable?:",Poliposis adenomatosa familiar.,Gardner.,Peutz-Jeghers.,Cowden.,c,Peutz-Jeghers.,clinical_case,19,AD_LA_RIOJA_2023_2024__EXAM__exam__fea-aparato-digestivo-2025.pdf,AD_LA_RIOJA_2023_2024__CORRECTION__correction__plantilla-respuestas-modificada-fea-aparato-digestivo-2025.pdf,retained318,f93e675b77288bfa0d69962e44e8c5f4a06743e008b11893d1b5d20f070136a6,312213b963c38632e110a00cfa6114f37470fc302c0587c4983b24cd086587b6
b403,comunidad-de-madrid|2021|main|85,Comunidad de Madrid,2021,aparato-digestivo,main,403,Cuál es la causa más frecuente de Síndrome de Budd-Chiari,Deficit de antitrombina,Neoplasias mieloproliferativas,Déficit de proteina C,Carcinoma renal,b,Neoplasias mieloproliferativas,,16,AD_COMUNIDAD_DE_MADRID_2021__EXAM__017_exam_cuestionario-de-examen-f-e-en-aparato-digestivo-sermas-2021.pdf,AD_COMUNIDAD_DE_MADRID_2021__ANSWER_KEY__018_answer-key_plantilla-correctora-f-e-aparato-digestivo-2021.pdf,retained318,fe1997215f3aa42d0ccc5e6fc7d7f7bd9ffa958b514148d7059c3516657c6934,31614f271e33c6d2a67f759b1165f3f1b43e59e2f86004772811f778817fc3a5
b405,andalucia|2022|cuestionario-teorico|99,Andalucía,2022,aparato-digestivo,cuestionario-teorico,405,"Sobre el baremo MELD (Model for End Stage Liver Disease) y sus variantes en la gestión de la lista de espera de trasplante hepático, es cierto que:",Establece el riesgo de mortalidad a los 6 meses de su inclusión en lista activa.,El punto de corte para acceder a la lista de espera activa es de 18.,La puntuación MELD-Na mejora la precisión en la elección del momento de inclusión en lista de espera en pacientes con encefalopatía hepática.,La cifra de creatinina sérica puede infraestimar la puntuación MELD en pacientes cirróticos con sarcopenia.,d,La cifra de creatinina sérica puede infraestimar la puntuación MELD en pacientes cirróticos con sarcopenia.,,26,AD_ANDALUCIA_2022_EXTRAORDINARIA_LIBRE__EXAM__12__revisado-56007-fea-aparato-digestivo-final-pdf.pdf,AD_ANDALUCIA_2022_EXTRAORDINARIA_LIBRE__CORRECTION__14__def-feaapdigestivo-sas-2023-pdf.pdf,retained318,be14947a14d018c9fb29294ea1b3c258f2b37cb0af1b2f7a0ada84fa93a356c4,0a9cc51d6c0208a6b1db2bc96df90e034812438e4f6a2dc3078c109f1cd6ebf7
b411,la-rioja|2021|main|11,La Rioja,2021,aparato-digestivo,main,411,"En el tratamiento de la enfermedad perianal en enfermedad de Crohn, según las guías de la ECCO (European Crohn's and Colitis Organisation) no hay suficiente evidencia para recomendar en práctica clínica:",Ciprofloxacino.,Azatioprina.,Metotrexate.,Adalimumab.,c,Metotrexate.,,6,AD_LA_RIOJA_2020_2021__EXAM__exam__fea-aparato-digestivo-2021.pdf,AD_LA_RIOJA_2020_2021__CORRECTION__correction__plantilla-respuestas-modificada-fea-aparato-digestivo-2021.pdf,retained318,4ce6fc7fc2645c9e77c1fdd09c721642d3db3dac248ee4a850dc3157468664e7,cec76db819e055980f9af25360f10002e6645fd5bea80a69b8ae6ee19b4930ba
b413,comunidad-de-madrid|2021|main|123,Comunidad de Madrid,2021,aparato-digestivo,main,413,En cuál de las siguientes circunstancias NO está indicado el tratamiento con rifaximina,Tratamiento de la encefalopatía hepática aguda,Prevención de la recurrencia de la encefalopatía,Prevención de la encefalopatía post-TIPS,Tratamiento de la encefalopatía hepática mínima,d,Tratamiento de la encefalopatía hepática mínima,negated,22,AD_COMUNIDAD_DE_MADRID_2021__EXAM__017_exam_cuestionario-de-examen-f-e-en-aparato-digestivo-sermas-2021.pdf,AD_COMUNIDAD_DE_MADRID_2021__ANSWER_KEY__018_answer-key_plantilla-correctora-f-e-aparato-digestivo-2021.pdf,retained318,ad3704414654ae77c71b8690d811836c802b61dac167d9457c5eb9445fd03b6d,c2358ae76ebb6125d9829e47c2445aa06074783a4a190d0e99e604efc02501f9
b414,navarra|2022|teorico-practica|36,Navarra,2022,aparato-digestivo,teorico-practica,414,Se estima que el 30% de los pacientes que se someten a una colonoscopia de cribado poblacional van a ser diagnosticados de diverticulosis colónica. Señale la afirmación FALSA en dicha patología:,El escenario más frecuente es el de la diverticulosis asintomática,La probabilidad de complicación aumenta progresivamente con los sucesivos episodios de diverticulitis aguda,La clasificación de Hinchey permite estadificar la gravedad de la diverticulitis aguda,"En pacientes con hemorragia diverticular, realizar la colonoscopia en las primeras 24h tras el inicio del sangrado no incrementa la detección de estigmas de sangrado",b,La probabilidad de complicación aumenta progresivamente con los sucesivos episodios de diverticulitis aguda,negated,9,AD_NAVARRA_2022__EXAM__040_exam_preguntas-test-examen-digestivo-definitivo-ope-2022-estabili.pdf,AD_NAVARRA_2022__ANSWER_KEY__041_answer-key_respuestas-digestivo-ope-2022-estabilizacion.pdf,retained318,821a49841a39c2eefdbf7dda0db88123e622ae6e547271e682b8b9fcd3b3bd9b,886a0c224e0a19ca7d684461c5ab71dfd3d2353f820e6e55d9712ea1f37d002d
b415,galicia|2016|main|18,Galicia,2016,aparato-digestivo,main,415,Según las guías ESGE/EASL .¿Cúal es la técnica de elección para diagnósticar una colangitis esclerosante primaria?.,Ecoendoscopia.,Colangioresonancia.,CPRE.,Eco-Doppler.,b,Colangioresonancia.,,6,AD_GALICIA_OPE_2016__EXAM__gal-02__aparato-digestivo-cas-20171029192531-cas-pdf.pdf,AD_GALICIA_OPE_2016__CORRECTION__gal-03__aparello-dixestivo-20180201084525-cas-pdf.pdf,retained318,ac59c9df3c6d6d1afd7683783af829ac871a4643665d403003b5ccefc07c8565,9a5c6838cef5173e438586ee5ad01ed08653e80ce37833c0608f2495a80aff5e
b416,castilla-y-leon|2019|reserva-especifica|151,Castilla y León,2019,aparato-digestivo,reserva-especifica,416,"Ante un paciente que inicia tratamiento con Ritubsimab, deberíamos plantear tratamiento preventivo de reactivación del VBH:",Solo en los pacientes con HBsAg POSITIVO,Solo en los pacientes con HBcAc POSITIVO,Tanto en los pacientes HBsAg POSITIVO como en los HBcAc POSITIVO,En ninguno de ellos,c,Tanto en los pacientes HBsAg POSITIVO como en los HBcAc POSITIVO,,34,AD_CASTILLA_Y_LEON_2019__EXAM__044_exam_examen-le-aparato-digestivo-orden-san-139-2020.pdf,AD_CASTILLA_Y_LEON_2019__ANSWER_KEY__045_answer-key_plantilla-respuestas-correctas-l-e-aparato-digestivo-orden-s.pdf,retained318,781ad50a98bf01ecee0c1065e2174514887f71329b3bd72eb63c35269dad22fa,9e33811ef27ce9b97378251dea9e1669e1fb6eba83bb8f526edcde1cc97892a4
b417,comunitat-valenciana|2022|main|15,Comunitat Valenciana,2022,aparato-digestivo,main,417,"Si un paciente acude a urgencias por presentar un sangrado bajo autolimitado y sin características clínicas adversas, se recomienda que podría ser dado de alta con manejo ambulatorio posterior, cuando la puntuación Oakland sea:",≥ 10 puntos.,≤ 8 puntos.,≤ 9 puntos.,≤ 10 puntos.,b,≤ 8 puntos.,,7,AD_COMUNITAT_VALENCIANA_2022__EXAM__25__25-comunidad-valenciana-2022-exam-pdf.pdf,AD_COMUNITAT_VALENCIANA_2022__CORRECTION__27__27-comunidad-valenciana-2022-answer-key-definitive-pdf.pdf,retained318,9041a57bdab3fe3a0710e2921992ebe5aac26675bc307b94906dc8f8682a700c,b4c9d48990b1cf1d6aea2772134402c48892e0ca555de2408c9a3daa41a682ad
b418,andalucia|2021|cuestionario-teorico|80,Andalucía,2021,aparato-digestivo,cuestionario-teorico,418,"Para el diagnóstico de una pancreatitis crónica disponemos de técnicas morfológicas y técnicas de función pancreática, señale la respuesta correcta:",La colangiopancreatografía retrógrada endoscópica (CPRE) es la técnica morfológica de elección por su alta sensibilidad.,La disminución de la elastasa fecal es un marcador muy precoz de pancreatitis crónica.,La ecoendoscopia es la técnica más sensible para el diagnóstico precoz.,La cuantificación de grasa fecal en heces de 72 horas es muy útil por su fácil realización y por no existir alternativas a la misma.,c,La ecoendoscopia es la técnica más sensible para el diagnóstico precoz.,,19,AD_ANDALUCIA_2021_22_LIBRE__EXAM__07__9122-aparato-digestivo-pdf.pdf,AD_ANDALUCIA_2021_22_LIBRE__CORRECTION__09__9122-plantilla-respuestas-def-digestivo-pdf.pdf,retained318,cf65d5043e9a8cda99099f554b92b2e37312d68e8ae6b01354a73bfa29c0d09a,a2483ed9dbd2bd6474f61aa958d583d900e56c13d59b10fd7ced5aeb41283c31
b421,castilla-la-mancha|2022|main|21,Castilla-La Mancha,2022,aparato-digestivo,main,421,"La descripción por visión ecoendoscópica de una lesión hiperecoica, homogénea con márgenes regulares que surge de la submucosa (tercera capa del tracto gastrointestinal) se corresponde con toda probabilidad a un",Quiste de duplicación,Lipoma,Tumor carcinoide,Tumor del estroma gastrointestinal,b,Lipoma,,5,AD_CASTILLA_LA_MANCHA_2022__EXAM__exam__cuestionario-fea-digestivo.pdf,AD_CASTILLA_LA_MANCHA_2022__CORRECTION__correction__plantilla-correctora-definitiva-fea-aparato-digestivo.pdf,retained318,38614485e2044036d6469caa46b3937d2d3315c8f729410278c5b8addcb97afe,869f182f61ca862e35872f7f8dfa1e16de8829adb8374d9198438bd159ac921e
b422,la-rioja|2021|main|84,La Rioja,2021,aparato-digestivo,main,422,¿Cuál no pertenece a la clasificación TIGAR-O de la etiología de la pancreatitis crónica?,Idiopática.,Autoinmune.,Hipocalcemia.,Insuficiencia renal crónica.,c,Hipocalcemia.,,30,AD_LA_RIOJA_2020_2021__EXAM__exam__fea-aparato-digestivo-2021.pdf,AD_LA_RIOJA_2020_2021__CORRECTION__correction__plantilla-respuestas-modificada-fea-aparato-digestivo-2021.pdf,retained318,8a97878bb3d5a732197402b1144e90bc137e9874f079423ee9b2b5a17962c76f,0e5dd4324500c28c33146ee2d755f164ec9757c7c9bf081be6ad0f3d6977327d
b423,aragon|2020|reserva-especifica|104,Aragón,2020,aparato-digestivo,reserva-especifica,423,¿Cuál de estos criterios NO se incluye entre los definidos por la OMS para el diagnóstico del síndrome de la poliposis serrada?,5 o más pólipos serrados proximales al colon sigmoide y dos de ellos mayores de 10 mm. de diámetro.,Cualquier número de pólipos serrados proximales al sigma en individuo con antecedentes familiares de primer grado de poliposis serrada.,"Más de 20 pólipos serrados de cualquier tamaño, distribuidos a lo largo del colon.","Cualquier número de pólipos serrados siempre que se den en colon ascendente y ciego, uno de ellos mayor o igual a 10 mm.",d,"Cualquier número de pólipos serrados siempre que se den en colon ascendente y ciego, uno de ellos mayor o igual a 10 mm.",negated,20,AD_ARAGON_2020__EXAM__exam__cuadernillo-de-examen-y-respuestas-provisionales-2021-f.e.a-aparato-digestivo.pdf,AD_ARAGON_2020__ANSWER_KEY__answer-key__plantilla-provisional-de-respuestas-2021-f.e.a-aparato-digestivo.pdf,retained318,713467b430776c0b3bc3bb5ac84fec0c0d2cd06187a5333414f50257a2db1ab1,46e150ac5dcf3b1d1a53392a297feb93980aef6e29c0b77e8e74858b8899c150
b425,aragon|2017|reserva-especifica|102,Aragón,2017,aparato-digestivo,reserva-especifica,425,¿Cuál es el tratamiento de rescate recomendado en pacientes con hepatitis crónica B que han desarrollado resistencia a lamivudina?,Combinación de lamivudina y tenofovir.,Combinación de lamivudina y entecavir.,Monoterapia con tenofovir.,Monoterapia con entecavir.,c,Monoterapia con tenofovir.,,37,AD_ARAGON_2017__EXAM__exam__cuadernillo-del-examen-de-la-categoria-de-aparato-digestivo-que-fue-realizado-el.pdf,AD_ARAGON_2017__ANSWER_KEY__answer-key__plantilla-de-respuestas-del-examen-de-la-categoria-de-aparato-digestivo-que-fue-.pdf,retained318,bfed4d89a3b3df48a4e34aab4b1e70223a483da433aab6b09e7f9fed1e770002,1c8ba77a1d2bc5e7682ad7404b5304a18a20d685b3828d6c16a14d5424ad9bb8
b427,navarra|2022|reserva-teorico-practica|88,Navarra,2022,aparato-digestivo,reserva-teorico-practica,427,Cuál de los siguientes fármacos ha demostrado recientemente superioridad frente a placebo en el tratamiento de la reservoritis:,Adalimumab,Ustekinumab,Upadacitinib,Vedolizumab,d,Vedolizumab,,19,AD_NAVARRA_2022__EXAM__040_exam_preguntas-test-examen-digestivo-definitivo-ope-2022-estabili.pdf,AD_NAVARRA_2022__ANSWER_KEY__041_answer-key_respuestas-digestivo-ope-2022-estabilizacion.pdf,retained318,f90afac29e0480d61c3190a731503044c52d291898321e359093040907f8c365,741570538b563411432ae24ea40ae427bcc93fe4df89ea22e19a52f25484e0bc
b431,navarra|2022|teorico-practica|59,Navarra,2022,aparato-digestivo,teorico-practica,431,"De las siguientes afirmaciones según la guía EASL 2022 (European Association for the Study of the Liver) sobre el manejo de la colangitis esclerosante primaria, ¿qué factor se considera de mal pronóstico?:",Sexo femenino,Enfermedad de ducto pequeño,Ictericia,Edad más joven al diagnóstico,c,Ictericia,,13,AD_NAVARRA_2022__EXAM__040_exam_preguntas-test-examen-digestivo-definitivo-ope-2022-estabili.pdf,AD_NAVARRA_2022__ANSWER_KEY__041_answer-key_respuestas-digestivo-ope-2022-estabilizacion.pdf,retained318,16cb8d4440e34ce52c4a4777d36c3b249fac7f793ee2c4adb6e2ee1508850a94,852a42cdcdeac73ee521d5343d6c0b80d287bc81400b44a14b0c5a3175b17509
b432,andalucia|2021|cuestionario-practico|123,Andalucía,2021,aparato-digestivo,cuestionario-practico,432,"Una mujer de 62 años acude para realización de colonoscopia por test de sangre oculta en heces positivo en el contexto del programa de cribado poblacional de cáncer colorrectal de Andalucía. Se encontraba asintomática y no tenía comorbilidades ni antecedentes personales ni familiares de cáncer colorrectal. Se realiza colonoscopia hasta ciego, bajo sedación profunda, con un tiempo de retirada de 18 minutos. Se encontró un pólipo 0-Ip de 14mm en sigma, que se extirpa de forma completa y en bloque, informado por el patólogo como adenoma tubulovelloso con displasia de bajo grado. No se encontraron
otras lesiones. La puntuación de la escala de Boston fue 5 (2 en colon izquierdo, 1 en colon transverso y 1 en ciego-colon ascendente).

¿Cuál es la actitud más correcta que se debe seguir a continuación?","Debe completarse el estudio con TAC colonografía/colonoscopia virtual o enema opaco, según disponibilidad.","Debe realizarse un nuevo test de sangre oculta en heces tres meses tras la polipectomía y, si es positivo, repetir la colonoscopia.","Se debe solicitar una nueva colonoscopia, optimizando la limpieza colónica.","Se debe individualizar la pauta de seguimiento endoscópico, con intervalos más estrechos que los recomendados por las guías de práctica clínica.",c,"Se debe solicitar una nueva colonoscopia, optimizando la limpieza colónica.",,32,AD_ANDALUCIA_2021_22_LIBRE__EXAM__07__9122-aparato-digestivo-pdf.pdf,AD_ANDALUCIA_2021_22_LIBRE__CORRECTION__09__9122-plantilla-respuestas-def-digestivo-pdf.pdf,retained318,b9f3417960d11177bd4fc19208d77c1a9553b3b4ef8b23962690de50d01cc490,7dba0393c057dd243c5d5153602217bc9e88dbab4a8213ffa082ed1afb1b40fc
b434,comunidad-de-madrid|2021|main|96,Comunidad de Madrid,2021,aparato-digestivo,main,434,¿Qué tratamiento NO se recomienda para el mantenimiento de pacientes con colitis ulcerosa moderada a grave que no responden a tratamientos convencionales?,Adalimumab,Ustekinumab,Ciclosporina,Mirikizumab,c,Ciclosporina,negated,18,AD_COMUNIDAD_DE_MADRID_2021__EXAM__017_exam_cuestionario-de-examen-f-e-en-aparato-digestivo-sermas-2021.pdf,AD_COMUNIDAD_DE_MADRID_2021__ANSWER_KEY__018_answer-key_plantilla-correctora-f-e-aparato-digestivo-2021.pdf,retained318,c12dece377d857cd92580f21b4d88c9e7c35534b98e5c76bf7af35f19799490c,ab62cf82bbf63d195ec2d8869ed56acd5d4d2c9738c005169313b7216158559a
b435,castilla-la-mancha|2017|main|92,Castilla-La Mancha,2017,aparato-digestivo,main,435,"Con respecto al diagnóstico y manejo de la colestasis gravídica, señale la opción incorrecta","La principal manifestación clínica es el prurito palmo – plantar, de predominio nocturno",En el 90% de los casos las pacientes terminan presentando ictericia,El objetivo del tratamiento es disminuir los ácidos biliares en sangre hasta conseguir la madurez pulmonar fetal,El tratamiento con acido ursodeoxicolico (10-16 mg/kg/día) es seguro en mujeres con colestasis intrahepatica del embarazo,b,En el 90% de los casos las pacientes terminan presentando ictericia,negated,16,AD_CASTILLA_LA_MANCHA_2017_2018__EXAM__exam__cuestionario-fea-aparato-digestivo.pdf,AD_CASTILLA_LA_MANCHA_2017_2018__CORRECTION__correction__plantilla-correctora-definitiva-fea-aparato-digestivo.pdf,retained318,c4c40b4327e4b75cbd08c6640cc8b77897591ce170c6cebaa1469bb4e7a55657,e35bb6ebcf4f1aeeb34c4558f3f7601f18ef86bce1acfd12ca0005785fa8a342
b440,castilla-la-mancha|2022|main|28,Castilla-La Mancha,2022,aparato-digestivo,main,440,"Según la guía clínica AGA 2022 para el manejo de la enf celiaca refractaria, con respecto a su definición, uno de los siguientes criterios no es necesario. Señale cual",Síntomas y/o signos de malabsorción persistentes o recurrentes,Persistencia de anticuerpos de enfermedad celíaca (antitransglutaminasa y/o antiendomisio),Atrofia de vellosidades del intestino delgado,Evidencia de un cumplimiento estricto de una dieta sin gluten durante al menos 12 meses,b,Persistencia de anticuerpos de enfermedad celíaca (antitransglutaminasa y/o antiendomisio),,6,AD_CASTILLA_LA_MANCHA_2022__EXAM__exam__cuestionario-fea-digestivo.pdf,AD_CASTILLA_LA_MANCHA_2022__CORRECTION__correction__plantilla-correctora-definitiva-fea-aparato-digestivo.pdf,retained318,7ce7770f2e94205f59c9e53e02d2da2ded482d60dfc92520ba35d6abe3a8d5dc,7f5457d86d75870e37d5384bae7e84baf09b6071f83651c18bb0fdd694ff278b
b441,aragon|2020|reserva-especifica|105,Aragón,2020,aparato-digestivo,reserva-especifica,441,Señale la respuesta INCORRECTA:,Se recomienda la colocación temporal de un stent de metal autoexpandible biliar completamente cubierto para hemorragias post-esfinterotomía refractaria a las modalidades hemostáticas estándar.,En pacientes con pancreatitis biliar leve se recomienda realizar en el mismo ingreso colecistectomía.,"Para pacientes con síndrome de Mirizzi, el tratamiento con colangioscopia puede ser una alternativa al tratamiento quirúrgico, y evitar la colecistectomía en más de la mitad de los casos.","Para hepatolitiasis se aconseja un enfoque multidisciplinario que incluye endoscopia, radiología intervencionista y cirugía.",c,"Para pacientes con síndrome de Mirizzi, el tratamiento con colangioscopia puede ser una alternativa al tratamiento quirúrgico, y evitar la colecistectomía en más de la mitad de los casos.",negated,20,AD_ARAGON_2020__EXAM__exam__cuadernillo-de-examen-y-respuestas-provisionales-2021-f.e.a-aparato-digestivo.pdf,AD_ARAGON_2020__ANSWER_KEY__answer-key__plantilla-provisional-de-respuestas-2021-f.e.a-aparato-digestivo.pdf,retained318,ab18a7baf07eac06492aaf40075e042bc851f4823db77bd6ac028df9d1d03993,9411e6f3744127e502882a25f54077e3474bcd41233824e908416f2c19c8cca4
b442,la-rioja|2024|main|99,La Rioja,2024,aparato-digestivo,main,442,¿Cuál de los siguientes fármacos tiene “recomendación en contra” de su uso como tratamiento de la esofagitis eosinofilica según la última guía de la Asociación Americana de Gastroenteterología 2025?:,Benralizumab.,Dupilumab.,Omalizumab.,Mepolizumab.,c,Omalizumab.,,25,AD_LA_RIOJA_2023_2024__EXAM__exam__fea-aparato-digestivo-2025.pdf,AD_LA_RIOJA_2023_2024__CORRECTION__correction__plantilla-respuestas-modificada-fea-aparato-digestivo-2025.pdf,retained318,9f34f417904b6db52f8fc458a1b345255aeac0781ff5e293b299e20ff5323c03,dfce9e6a7cd5554960e72ef116ac4ccc5822cda0c38f648bca847d4f8c897c98
b443,andalucia|2022|cuestionario-teorico|81,Andalucía,2022,aparato-digestivo,cuestionario-teorico,443,"Una paciente de 23 años, con antecedentes de síndrome depresivo, es conducida a Urgencias con clínica de malestar general, náuseas, y leve tinte ictérico de piel y mucosas. En la exploración física se objetiva una leve bradipsiquia. En análisis destacan valores de AST y ALT de 4.200 UI/L y 3.690 UI/L, respectivamente. La bilirrubina total es de 3 mg/dl, la creatinina de 2.5 mg/dl, y la actividad de protrombina de 20%. ¿Cuál de las siguientes actuaciones NO consideraría una prioridad en las primeras 12 horas tras su ingreso?","Solicitar panel de marcadores para establecer la etiología del proceso, incluyendo niveles de Paracetamol en suero.",Realizar una biopsia transyugular para evaluar el grado de necrosis y establecer un pronóstico.,Iniciar tratamiento empírico con N-Acetil-Cisteína en perfusión i.v.,Contactar con un centro con programa activo de trasplante hepático.,b,Realizar una biopsia transyugular para evaluar el grado de necrosis y establecer un pronóstico.,"clinical_case,negated",22,AD_ANDALUCIA_2022_EXTRAORDINARIA_LIBRE__EXAM__12__revisado-56007-fea-aparato-digestivo-final-pdf.pdf,AD_ANDALUCIA_2022_EXTRAORDINARIA_LIBRE__CORRECTION__14__def-feaapdigestivo-sas-2023-pdf.pdf,retained318,e69d15440da7f0d027b2daa112eb5d41ba46934671ab19af03845b6d2ed4ba7c,73ef7bcb1f43c75f2fffb1646829add132883ea1f80c41d328671365df77d714
b444,castilla-la-mancha|2017|main|57,Castilla-La Mancha,2017,aparato-digestivo,main,444,"En el estudio de la función exocrina en el contexto de la pancreatitis crónica, señale la respuesta incorrecta",El coeficiente de absorción grasa (CFA) está aceptado como el gold standard para la evaluación de la función exocrina pero no se aplica en la práctica clínica diaria.,La determinación de C13-triglicéridos en aire espirado es una alternativa al CFA pero su uso en la práctica clínica diaria está limitado.,Cualquier paciente con diagnóstico reciente de pancreatitis crónica debería ser evaluado con test de función pancreática aunque los hallazgos morfológicos no sean relevantes.,La determinación de Elastasa fecal-1 es ampliamente utilizada. Valores muy bajos descartan una insuficiencia exocrina.,d,La determinación de Elastasa fecal-1 es ampliamente utilizada. Valores muy bajos descartan una insuficiencia exocrina.,negated,11,AD_CASTILLA_LA_MANCHA_2017_2018__EXAM__exam__cuestionario-fea-aparato-digestivo.pdf,AD_CASTILLA_LA_MANCHA_2017_2018__CORRECTION__correction__plantilla-correctora-definitiva-fea-aparato-digestivo.pdf,retained318,e3b9692721604f228dafa3b207d0cf7784d0b29561f54a454c37b2f683860bb1,977152a0f0aba97c173852e1b35e7d1450f904c4ae752c962e3f012edf076fb3
b446,navarra|2022|teorico-practica|1,Navarra,2022,aparato-digestivo,teorico-practica,446,¿Qué parámetros incluye la escala de Rockall?,"Edad, frecuencia cardiaca, hemoglobina, comorbilidad, diagnóstico, estigmas endoscópicos de hemorragia reciente","Edad, frecuencia cardiaca, presión arterial sistólica, comorbilidad, diagnóstico, estigmas endoscópicos de hemorragia reciente","Edad, hemoglobina, urea, presión arterial sistólica, comorbilidad, diagnóstico, estigmas endoscópicos de hemorragia reciente","Edad, presión arterial media, comorbilidad, forma de presentación, estigmas endoscópicos de hemorragia reciente",b,"Edad, frecuencia cardiaca, presión arterial sistólica, comorbilidad, diagnóstico, estigmas endoscópicos de hemorragia reciente",,2,AD_NAVARRA_2022__EXAM__040_exam_preguntas-test-examen-digestivo-definitivo-ope-2022-estabili.pdf,AD_NAVARRA_2022__ANSWER_KEY__041_answer-key_respuestas-digestivo-ope-2022-estabilizacion.pdf,retained318,ece45e106aca69022a8a9ebd8b2bec2aabca43520e324a7366194eb66b69fe5c,c8516609e51616f5ca028b880fbf59abb61f71490dee158a1bbab5b8175d125c
b447,castilla-y-leon|2019|reserva-especifica|154,Castilla y León,2019,aparato-digestivo,reserva-especifica,447,"Ante un paciente que acude al Servicio de Urgencias con la sospecha de ingestión aguda accidental de un cáustico, la primera medida a realizar será:",Endoscopia digestiva alta.,Radiografía simple de tórax y abdomen.,Estudio analítico que incluya hemograma y bioquímica general.,Control de la vía respiratoria y estado hemodinámico.,d,Control de la vía respiratoria y estado hemodinámico.,,35,AD_CASTILLA_Y_LEON_2019__EXAM__044_exam_examen-le-aparato-digestivo-orden-san-139-2020.pdf,AD_CASTILLA_Y_LEON_2019__ANSWER_KEY__045_answer-key_plantilla-respuestas-correctas-l-e-aparato-digestivo-orden-s.pdf,retained318,ded2e20a6bc4cdd6126bf43a43eaf43d9dc313c907537712ab970ac334f85b74,b054594a8cf5ac3973337c554c58b23b042612f0d9478bc268ce6dc45c2f7806
b449,la-rioja|2024|main|22,La Rioja,2024,aparato-digestivo,main,449,¿Cuál de las siguientes afirmaciones sobre el uso de radioterapia en cáncer de páncreas es CORRECTA según la guía ESMO (Sociedad Europea de Oncología Médica)?:,La radioterapia adyuvante tras cirugía R0 es standard y mejora la supervivencia.,"En el cáncer de páncreas localmente avanzado, la quimiorradioterapia después de la quimioterapia no mejora la supervivencia global, pero retrasa la progresión local.",La radioterapia estereotáctica tiene un papel establecido como tratamiento inicial en el cáncer de páncreas bordeline resecable.,La radioterapia debe aplicarse de forma rutinaria en pacientes con tumores resecables.,b,"En el cáncer de páncreas localmente avanzado, la quimiorradioterapia después de la quimioterapia no mejora la supervivencia global, pero retrasa la progresión local.",,7,AD_LA_RIOJA_2023_2024__EXAM__exam__fea-aparato-digestivo-2025.pdf,AD_LA_RIOJA_2023_2024__CORRECTION__correction__plantilla-respuestas-modificada-fea-aparato-digestivo-2025.pdf,retained318,a8ca9f360122c22465d7aa55ef7718e24846508f07035f1c8b32792b990c0888,723e87572ceeb48c1064aec471ebf7750df595620b80df8839e8d0a0c47d1468
b450,comunidad-de-madrid|2021|main|101,Comunidad de Madrid,2021,aparato-digestivo,main,450,Usted asiste a un paciente de 38 años con inmunodeficiencia común variable que consulta por un hallazgo de varices esofágicas de gran tamaño; en una ecografía doppler se aprecia permeabilidad del eje esplenoportal. El perfil hepático es normal ¿Cuál debe ser el primer diagnóstico de sospecha?,Cirrosis criptogenética,Síndrome de Budd-Chiari,Enfermedad vascular portosinusoidal,Esquistosomiasis,c,Enfermedad vascular portosinusoidal,,19,AD_COMUNIDAD_DE_MADRID_2021__EXAM__017_exam_cuestionario-de-examen-f-e-en-aparato-digestivo-sermas-2021.pdf,AD_COMUNIDAD_DE_MADRID_2021__ANSWER_KEY__018_answer-key_plantilla-correctora-f-e-aparato-digestivo-2021.pdf,retained318,bc97c40b045e942c1234b5e8bb180084e8bd026b0953caeef7f1d2ef7c3fa344,27d178334f4eb26c4e070661b376236ea48f4065fba179d41d80360aed4848e9
b455,aragon|2017|main|79,Aragón,2017,aparato-digestivo,main,455,¿Con qué infección vírica es mayor el riesgo de insuficiencia hepática aguda grave?,Virus A,Virus B,Virus C,Virus D,d,Virus D,,29,AD_ARAGON_2017__EXAM__exam__cuadernillo-del-examen-de-la-categoria-de-aparato-digestivo-que-fue-realizado-el.pdf,AD_ARAGON_2017__ANSWER_KEY__answer-key__plantilla-de-respuestas-del-examen-de-la-categoria-de-aparato-digestivo-que-fue-.pdf,retained318,3d403608fc8d7a15ed6004b8a774b703d98c018b9055465075ae45d90fe05fd3,38cb30b80ee619497714010ac233e2d28af56950446804c30dbb556030fdc6b3
b456,comunitat-valenciana|2022|main|14,Comunitat Valenciana,2022,aparato-digestivo,main,456,"En la Escala de Alvarado, (sistema de puntuación clínica usado en el diagnóstico de apendicitis aguda), indica a cuál de los siguientes factores se le asignan dos puntos:",Fiebre.,Leucocitosis,Náuseas/vómitos.,Dolor migratorio a fosa ilíaca derecha.,b,Leucocitosis,,7,AD_COMUNITAT_VALENCIANA_2022__EXAM__25__25-comunidad-valenciana-2022-exam-pdf.pdf,AD_COMUNITAT_VALENCIANA_2022__CORRECTION__27__27-comunidad-valenciana-2022-answer-key-definitive-pdf.pdf,retained318,4744465efa49e036a31da2a19397f66287cef95de98314e178fc4396a780eaed,1473935a858535e52f3c56becde2f63797bbe81672ae2eae8066b29ed5281a13
b457,comunidad-de-madrid|2021|main|22,Comunidad de Madrid,2021,aparato-digestivo,main,457,¿Cuál de los siguientes no es un factor de riesgo de malignidad de un pólipo vesicular?,Edad superior a 60 años.,Sexo femenino.,Colangitis esclerosante primaria.,Etnia india.,b,Sexo femenino.,,5,AD_COMUNIDAD_DE_MADRID_2021__EXAM__017_exam_cuestionario-de-examen-f-e-en-aparato-digestivo-sermas-2021.pdf,AD_COMUNIDAD_DE_MADRID_2021__ANSWER_KEY__018_answer-key_plantilla-correctora-f-e-aparato-digestivo-2021.pdf,retained318,a6bf8ca207e5e82b594acf8d933940d9b03f8f330039faf9ed8cb80740031fff,6e1689bcfe28aa2efdca3076da07406d588eaa20da2f0d276fbcba3fa426043e
b459,galicia|2022|reserva-especifica|102,Galicia,2022,aparato-digestivo,reserva-especifica,459,Señale la respuesta FALSA en relación al seguimiento de colangitis esclerosante primaria:,En pacientes sin enfermedad inflamatoria conocida debe realizarse ileocolonoscopia tras el diagnóstico de CEP.,Se recomienda colangiografía por RM anual para despistaje de neoplasia biliar.,La CPRE con toma de biopsias y cepillado está indicada ante estenosis dominantes progresivas o de nueva aparición.,No existe evidencia del beneficio de la elastografía transitoria en la evaluación de la CEP.,d,No existe evidencia del beneficio de la elastografía transitoria en la evaluación de la CEP.,negated,21,AD_GALICIA_OPE_2022__EXAM__gal-09__especifico-cast-aparello-dx-20240316193007-cas-pdf.pdf,AD_GALICIA_OPE_2022__CORRECTION__gal-11__fea-aparello-dixestivo-20240514082015-cas-pdf.pdf,retained318,2c5aa6224d974412c80696b571b4bfba0706756984d18d5c736df4d0075271b3,ebe71dc0c2bf1693be12e331cc97586c0a230a0a86096c918c4f26f89b6ab855
b460,la-rioja|2021|reserva|104,La Rioja,2021,aparato-digestivo,reserva,460,"Mujer de 37 años con colitis ulcerosa extensa corticodependiente, intolerante a azatioprina y con pérdida de respuesta a infliximab y vedolizumab. Actualmente en tratamiento con tofacitinib. Ha recibido tratamiento con los siguientes mecanismos de acción excepto uno:",Anti-TNF.,Anti-interleukinas.,Inhibidores de JAK.,Anti-integrinas.,b,Anti-interleukinas.,"clinical_case,negated",37,AD_LA_RIOJA_2020_2021__EXAM__exam__fea-aparato-digestivo-2021.pdf,AD_LA_RIOJA_2020_2021__CORRECTION__correction__plantilla-respuestas-modificada-fea-aparato-digestivo-2021.pdf,retained318,4812d18fcc09302604c660e737e6f95ea528b18f6354feb3b7f067c711b60e66,c76797fd26cf3522ac93d0c63317fc10caf13485cd6dca87510a26a16b3e6078
b462,galicia|2022|reserva-especifica|109,Galicia,2022,aparato-digestivo,reserva-especifica,462,"Paciente de 52 años con ingesta de bolo de carne (sin hueso), que señala como impactado en esófago distal. Presenta intensa sialorrea. ¿Cuál es la actitud a seguir con este paciente?:",Administrar glucagón por vía intravenosa y endoscopia para extracción de cuerpo extraño si no hay mejoría en 48 horas.,Administrar glucagón por vía intravenosa y endoscopia para extracción de cuerpo extraño si no hay mejoría en 24 horas.,Administrar glucagón por vía intravenosa y endoscopia para extracción de cuerpo extraño si no hay mejoría en 12 horas.,Endoscopia precoz dentro de las primeras 6 horas.,d,Endoscopia precoz dentro de las primeras 6 horas.,clinical_case,22,AD_GALICIA_OPE_2022__EXAM__gal-09__especifico-cast-aparello-dx-20240316193007-cas-pdf.pdf,AD_GALICIA_OPE_2022__CORRECTION__gal-11__fea-aparello-dixestivo-20240514082015-cas-pdf.pdf,retained318,46872a7fd9e0928fde9595d1e475877216404a61ee7d0020dd379e763aa10fa0,1df269863f93ba16954a95ddf3a7602412ae7859cd1b99ec9591639e564aefa9
b464,region-de-murcia|2019|main|32,Región de Murcia,2019,aparato-digestivo,main,464,"En relación con las lesiones GI (gastrointestinales) en pacientes que toman AINE (antiinflamatorios no esteroideos), señale la opción FALSA:","La presencia de antecedentes de úlcera péptica gastroduodenal, complicada o no complicada, es factor de riesgo para el desarrollo de complicaciones GI en pacientes que toman AINE.",No se recomienda el uso de antagonistas H2 para la prevención de las complicaciones GI de los AINE.,"El uso de IBP asociado a un AINE no selectivo es una estrategia válida para la prevención de las complicaciones GI altas de los AINE, en pacientes de riesgo.",El uso de un COXIB no reduce las complicaciones en el tracto GI alto.,d,El uso de un COXIB no reduce las complicaciones en el tracto GI alto.,negated,6,AD_REGION_DE_MURCIA_2019__EXAM__021_exam_apa-dig-lb-a-examen-turno-libre-modelo-a.pdf,AD_REGION_DE_MURCIA_2019__ANSWER_KEY__022_answer-key_apa-dig-plantilla-respuestas-corregida-turno-libre-modelo-a.pdf,retained318,839696599ec104cfc31138e4ab4fc456817d18cc218ea114c120f01a39d91707,73fa76de6678f76d371fe4117d14dd0c070ef7061286422270573ac6ab384700
b467,aragon|2017|main|80,Aragón,2017,aparato-digestivo,main,467,¿Cuál de estas variables se incluye en el Sistema de puntuación de Rockall para la hemorragia digestiva alta?,Presión arterial diastólica.,Sexo.,Frecuencia cardíaca.,Hematocrito.,c,Frecuencia cardíaca.,,29,AD_ARAGON_2017__EXAM__exam__cuadernillo-del-examen-de-la-categoria-de-aparato-digestivo-que-fue-realizado-el.pdf,AD_ARAGON_2017__ANSWER_KEY__answer-key__plantilla-de-respuestas-del-examen-de-la-categoria-de-aparato-digestivo-que-fue-.pdf,retained318,58f946bf57722d1330c418c679d762b99fb68ee0f0feaf6252297538ab0aa3c0,ceee96172bdba71e11e7bbd2f0cc9ae46bd30a77ee6fcfd77061110bcfc4a80e
b469,aragon|2017|reserva-especifica|103,Aragón,2017,aparato-digestivo,reserva-especifica,469,"De acuerdo a la guía de la European Society of Gastrointestinal Endoscopy (ESGE) y respecto del seguimiento tras polipectomía, ¿cuál de estas afirmaciones NO es cierta?:","En caso de resección en fragmentos (piecemeal) de una adenoma mayor de 10 mm, el seguimiento endoscópico debe hacerse a los 6 meses antes de hacer ninguna otra recomendación","La ESGE no recomienda el uso de test de sangre oculta en heces tras polipectomía como método de seguimiento, pero en caso de realizarse de manera no planificada y si es positivo, la decisión debe basarse en el buen juicio clínico","Los pacientes con extirpación de pólipos serrados de menos de 10 mm sin displasia deben clasificarse como de bajo riesgo, mientras que aquellos que tengan pólipos serrados de más de 10 mm con displasia serán clasificados como de alto riesgo",Los criterios para considerar a un paciente como de alto riesgo tras polipectomía exigen la presencia de displasia de alto grado en algunos de los pólipos extirpados o bien la presencia de 3 o más adenomas siempre que tengan componente velloso,d,Los criterios para considerar a un paciente como de alto riesgo tras polipectomía exigen la presencia de displasia de alto grado en algunos de los pólipos extirpados o bien la presencia de 3 o más adenomas siempre que tengan componente velloso,negated,37,AD_ARAGON_2017__EXAM__exam__cuadernillo-del-examen-de-la-categoria-de-aparato-digestivo-que-fue-realizado-el.pdf,AD_ARAGON_2017__ANSWER_KEY__answer-key__plantilla-de-respuestas-del-examen-de-la-categoria-de-aparato-digestivo-que-fue-.pdf,retained318,4a9c635e26d2d38735e7ce21029d54dd55ad5838be56372eae67571237e19c00,0e90b7af108679fe0025bb9ac27061349dc6fe15009640e94a35e99cdf903955
b470,aragon|2017|reserva-especifica|108,Aragón,2017,aparato-digestivo,reserva-especifica,470,"Paciente de 64 años, cirrosis alcohólica, creatinina de 3 mg/dl, ascitis, y no mejoría tras expansión plasmática; sin proteinuria ni hematuria, con ecografía renal normal, y baja eliminación de sodio. Describa como será su situación hemodinámica.",Resistencia vascular sistémica aumentada con gasto cardíaco disminuido y filtrado glomerular alto.,"Resistencia vascular disminuida, gasto cardíaco bajo y filtrado glomerular disminuido.","Resistencia sistémica aumentada, gasto cardíaco alto y filtrado glomerular disminuido.","Resistencia vascular baja, gasto cardíaco alto y filtrado glomerular disminuido.",b,"Resistencia vascular disminuida, gasto cardíaco bajo y filtrado glomerular disminuido.",clinical_case,39,AD_ARAGON_2017__EXAM__exam__cuadernillo-del-examen-de-la-categoria-de-aparato-digestivo-que-fue-realizado-el.pdf,AD_ARAGON_2017__ANSWER_KEY__answer-key__plantilla-de-respuestas-del-examen-de-la-categoria-de-aparato-digestivo-que-fue-.pdf,retained318,aea7fb390460df2a056601dd65444eb52370a0042a5fe4005d0bd7fd4f0dc6bf,80fc43bebf803761c3812d76f89ffd3ea0469665935aeb10b91a545e58ac9ad4
b471,comunidad-de-madrid|2021|main|37,Comunidad de Madrid,2021,aparato-digestivo,main,471,En una de las siguientes situaciones clínicas NO se recomienda iniciar tratamiento antiviral para la hepatitis B:,Paciente trasplantado renal con HBsAg (+) y carga del VHB indetectable.,Paciente con cirrosis hepática con HBsAg (+) y carga del VHB indetectable.,"Mujer embarazada en el tercer trimestre de gestación, HBsAg (+) y ADN-VHB > 200.000 UI/mL.",Paciente trasplantado hepático con anti-HBs (-) y donante anti-HBc.,b,Paciente con cirrosis hepática con HBsAg (+) y carga del VHB indetectable.,negated,8,AD_COMUNIDAD_DE_MADRID_2021__EXAM__017_exam_cuestionario-de-examen-f-e-en-aparato-digestivo-sermas-2021.pdf,AD_COMUNIDAD_DE_MADRID_2021__ANSWER_KEY__018_answer-key_plantilla-correctora-f-e-aparato-digestivo-2021.pdf,retained318,e8a6a944ac1318324825d463322d132d1aece0e15b584119a5aa4ca44304fcb0,2650cfb326cd2941c4aaaf58d5376d9de307d5592ab2b66935e08334f626638d
b472,galicia|2019|reserva-especifica|103,Galicia,2019,aparato-digestivo,reserva-especifica,472,"En el estudio ampliado de diarrea crónica para descartar causas neuroendocrinas, se deben solicitar todas las siguientes determinaciones, EXCEPTO:",Cromogranina A.,Calcitonina.,Gastrina.,Insulina.,d,Insulina.,negated,20,AD_GALICIA_OPE_2019__EXAM__gal-05__cas-especifico-digestivo-20210925132858-cas-pdf.pdf,AD_GALICIA_OPE_2019__CORRECTION__gal-07__fea-aparello-dixestivo-20211214124928-cas-pdf.pdf,retained318,0cbe64f25c5d1e04445df23e5e44ce6812b719ca2721ce7e620fd694092e1e34,7027b6d1757aa63db51dd200a243a7960c8e8fdb73de9c9ab7cf8c5b565d5509
b473,andalucia|2022|cuestionario-practico|102,Andalucía,2022,aparato-digestivo,cuestionario-practico,473,"Paciente varón de 69 años, diagnosticado de cirrosis hepática de causa etílica. Dos años antes había ingresado por un primer episodio de ascitis que fue bien controlado, favorecido por un periodo subsiguiente de abstinencia alcohólica. En sus antecedentes se incluye diabetes de tipo 2 que trataba con hipoglucemiantes orales y broncopatía crónica en relación con su condición de fumador activo de 2 paquetes diarios hasta hacía 6 meses. Acude a Urgencias por distensión abdominal intensa por acumulación de ascitis, reconociendo una clara recaída del consumo abusivo de alcohol. Tiene aceptable
estado general, se observa pérdida notable de masa muscular, la TA era de 110/60 mmHg y no tenía fiebre. En el examen físico se apreció ictericia leve de piel, estigmas cutáneos de cirrosis y una discreta bradipsiquia. En análisis destacan los siguientes datos: Hb 8.7 gr/dl, VCM 112, leucocitos 2.700/mm³, plaquetas 70.000/mm³. Glucemia 131 mg/dl, sodio sérico de 129 mEq/L, creatinina 1.8 mg/dl, bilirrubina total 3.5 mg/dl, albúmina 2.6 gr/dl, actividad de protrombina de 45%, AST 80 UI/L, ALT 30 UI/L, GGT 567 UI/L, FA 152 IU/L. HBsAg negativo, Ac-HBc positivos, Ac-VHC negativos.

Durante las primeras 24 horas de ingreso se comprueba una escasa diuresis (550 cc), la función renal se deteriora (creatinina 2.8 mg/dl) y se agrava la hiponatremia (122 mEq/L). Se recibe resultado del líquido ascítico y se constata un recuento de polimorfonucleares de 914/mm³. ¿Cuál de las siguientes afirmaciones es correcta?",Ante el empeoramiento de la hiponatremia es recomendable iniciar una perfusión con altas dosis de furosemida para forzar un balance negativo de líquidos.,En ausencia de fiebre debería retrasarse el tratamiento antibiótico hasta disponer de resultados de cultivo del líquido ascítico.,Debe realizarse una paracentesis de un volumen no superior a 5 litros con reposición de albúmina.,El deterioro de la función renal justificaría la consideración de una biopsia renal para descartar una nefropatía IgA asociada.,c,Debe realizarse una paracentesis de un volumen no superior a 5 litros con reposición de albúmina.,,27,AD_ANDALUCIA_2022_EXTRAORDINARIA_LIBRE__EXAM__12__revisado-56007-fea-aparato-digestivo-final-pdf.pdf,AD_ANDALUCIA_2022_EXTRAORDINARIA_LIBRE__CORRECTION__14__def-feaapdigestivo-sas-2023-pdf.pdf,retained318,6fc9f2370de10eacd0a300b0f484c56c9254cb012f95d0317da7d1aaed4b7870,76b3ce674f71f167a78cab5c6c6ab52356e88ae2311ef6e098be7e6c91bfc40d
b474,la-rioja|2021|reserva|105,La Rioja,2021,aparato-digestivo,reserva,474,¿Cuál de los siguientes está descrito como factor de riesgo en enfermedad de Crohn y protector en colitis ulcerosa?,Infección por H.pylori.,Apendicectomía.,Lactancia materna.,Todos los anteriores.,b,Apendicectomía.,,38,AD_LA_RIOJA_2020_2021__EXAM__exam__fea-aparato-digestivo-2021.pdf,AD_LA_RIOJA_2020_2021__CORRECTION__correction__plantilla-respuestas-modificada-fea-aparato-digestivo-2021.pdf,retained318,1ae1bb7beae2e204d89824c39d30d802e2b7242ca5c01b18671d88c01d2e1d96,fe55acce632a787a7ad6143ff44692000b846df8636ad6f35634792aa17c80ad
b475,castilla-y-leon|2019|reserva-especifica|161,Castilla y León,2019,aparato-digestivo,reserva-especifica,475,Señale la respuesta INCORRECTA con respecto al uso de azatioprina en la enfermedad inflamatoria intestinal:,"Se ha relacionado con tumores de piel no melanocíticos, de tracto urinario y linfomas.","La determinación previa de la actividad de la tiopurina metiltransferasa (TPMT) no es imprescindible, pero permite mayor seguridad inicial.",En caso de pacientes HBsAg positivos con carga viral VHB indetectable se recomienda seguimiento estrecho sin necesidad de tratamiento antiviral.,Se recomienda evitar su uso en pacientes con serología negativa para virus Epstein Barr (VEB,c,En caso de pacientes HBsAg positivos con carga viral VHB indetectable se recomienda seguimiento estrecho sin necesidad de tratamiento antiviral.,negated,36,AD_CASTILLA_Y_LEON_2019__EXAM__044_exam_examen-le-aparato-digestivo-orden-san-139-2020.pdf,AD_CASTILLA_Y_LEON_2019__ANSWER_KEY__045_answer-key_plantilla-respuestas-correctas-l-e-aparato-digestivo-orden-s.pdf,retained318,a320d1a5a890e98e60a652b7d92a56df687e0a6664f84bef458c83b6bfdd59cc,41c155260c5827e65ffc0559ba744e4483693dfea3f92fbc32e67da32321eba6
b478,la-rioja|2021|reserva|102,La Rioja,2021,aparato-digestivo,reserva,478,Dentro de las modificaciones en la actual Clasificación de Chicago versión 4.0 (CCv4.0) es falso:,Se requiere una evaluación manométrica y no manométrica adicional para llegar a un diagnóstico concluyente y procesable de obstrucción al flujo de salida de la unión esófago-gástrica (EGJOO).,El espasmo esofágico distal y esófago hipercontráctil son tres patrones manométricos que deben ir acompañados de síntomas esofágicos obstructivos de disfagia y / o dolor torácico no cardíaco para que se consideren clínicamente relevantes.,"El protocolo manométrico estandarizado idealmente incluye posición supina no considerando necesarios estudios en posición erguida, y sí se considera necesario realizar maniobras manométricas adicionales como las degluciones múltiples rápidas habitual y de sobrecarga.",La definición de motilidad esofágica ineficaz es más estricta y ahora abarca la perístasis fragmentada.,c,"El protocolo manométrico estandarizado idealmente incluye posición supina no considerando necesarios estudios en posición erguida, y sí se considera necesario realizar maniobras manométricas adicionales como las degluciones múltiples rápidas habitual y de sobrecarga.",negated,37,AD_LA_RIOJA_2020_2021__EXAM__exam__fea-aparato-digestivo-2021.pdf,AD_LA_RIOJA_2020_2021__CORRECTION__correction__plantilla-respuestas-modificada-fea-aparato-digestivo-2021.pdf,retained318,1ed9ffeeb41da57a6331f6b325045d302818c93f61d5dd4a80cd1a40b7118b07,e54e262b57c8e900096a75bce188b764622c8f1ee4076123e079fa49c4b48d7f
b479,castilla-la-mancha|2017|main|88,Castilla-La Mancha,2017,aparato-digestivo,main,479,"En relación con la hepatitis alcohólica aguda, señale la errónea","Los pacientes suelen haber presentado un consumo excesivo de alcohol un mínimo de 6 meses, con un período de abstinencia inferior a 2 meses antes del diagnóstico de hepatitis alcohólica aguda.","Los hallazgos analíticos habituales ofrecen una Bilirrubina total > 3 mg/dl, AST/ALT > 1.5 y cifras de AST y ALT inferiores a 400 UI/ml.","No es preciso descartar el cuadro de ""acute on chronic liver failure"" dada su escasa incidencia en este tipo de pacientes.","Siempre en preciso descartar patología biliar, hepatitis virales, autoinmunes y E. Wilson mediante los test habituales diagnósticos.",c,"No es preciso descartar el cuadro de ""acute on chronic liver failure"" dada su escasa incidencia en este tipo de pacientes.",,16,AD_CASTILLA_LA_MANCHA_2017_2018__EXAM__exam__cuestionario-fea-aparato-digestivo.pdf,AD_CASTILLA_LA_MANCHA_2017_2018__CORRECTION__correction__plantilla-correctora-definitiva-fea-aparato-digestivo.pdf,retained318,eb405013f97b498f0f4be2c997fa7a3ff0ad78c54810e5e76fcdf2416600d143,293ef0cd7da374a67dc652a3478fef9c9eb3d21a77aa16bbddf7fee03bf26018
b480,castilla-y-leon|2019|main|66,Castilla y León,2019,aparato-digestivo,main,480,¿Cuál es el tratamiento de elección en un paciente con carcinoma hepatocelular en estadio inicial(A) de la BCLC con función hepática conservada con tres nódulos menores de 3 cms y con enfermedades crónicas asociadas?,Resección quirúrgica,Ablación,Quimioembolización transarterial,Tratamiento sistémico,b,Ablación,,15,AD_CASTILLA_Y_LEON_2019__EXAM__044_exam_examen-le-aparato-digestivo-orden-san-139-2020.pdf,AD_CASTILLA_Y_LEON_2019__ANSWER_KEY__045_answer-key_plantilla-respuestas-correctas-l-e-aparato-digestivo-orden-s.pdf,retained318,24a82aa2f7df568f2ea2cfb30e69d4c2479dec13a88cb6efa6a36e282ee718e1,8e494e8b41af0b2e74490790ba75b11c436cd7ecf51641286f7ef23a5f436b17
b481,galicia|2016|reserva-especifica|101,Galicia,2016,aparato-digestivo,reserva-especifica,481,"La hemorragia por varices esofago-gástricas es una de las principales complicaciones de la cirrosis con hipertensión portal. Se recomienda en pacientes cirróticos la realización de gastroscopia de cribado para detección de varices y valoración de profilaxis primaria. Tras la realización de gastroscopia de cribado, ¿en qué situación no contemplarías la profilaxis primaria?",Cirrosis con varices esofágicas grandes.,Cirrosis grado C 12 de Child-Pugh con presencia de varices esofágicas pequeñas.,Cirrosis sin varices esofágicas con varices gástricas.,Paciente EPOC con cirrosis grado A de Child-Pugh y varices pequeñas.,d,Paciente EPOC con cirrosis grado A de Child-Pugh y varices pequeñas.,,24,AD_GALICIA_OPE_2016__EXAM__gal-02__aparato-digestivo-cas-20171029192531-cas-pdf.pdf,AD_GALICIA_OPE_2016__CORRECTION__gal-03__aparello-dixestivo-20180201084525-cas-pdf.pdf,retained318,f337a8f2d2e21e657a764eaeab15259bf9059381b19f91959d164ae331e38d29,75f08593cc7827da6e5d98e1adbf938c39a0093f78a1435689a5ca856534a131
b483,castilla-la-mancha|2017|main|96,Castilla-La Mancha,2017,aparato-digestivo,main,483,El cociente que resulta de dividir un número de acontecimientos sucedidos durante un periodo de tiempo por la población media existente durante ese periodo de tiempo es la definición de,Proporción,Razón,Tasa,Hazard ratio,c,Tasa,,17,AD_CASTILLA_LA_MANCHA_2017_2018__EXAM__exam__cuestionario-fea-aparato-digestivo.pdf,AD_CASTILLA_LA_MANCHA_2017_2018__CORRECTION__correction__plantilla-correctora-definitiva-fea-aparato-digestivo.pdf,retained318,d1e58c57b55d1ac4e887da88c409372fa70805988fdc211ab2785d4fea09c168,0ea5b899409ddb3b5eefef7bb92e97ae859f267ca87ada59c048a9eb0b95c34c
b484,andalucia|2022|cuestionario-practico|150,Andalucía,2022,aparato-digestivo,cuestionario-practico,484,"Varón de 26 años con cuadro diarreico de tres meses de evolución y cansancio fácil. Aporta una analítica realizada por su médico de atención primaria con una hemoglobina de 9,5 g/dl, con una ferritina de 10 mcg/dl y un índice de saturación de la transferrina del 5%. El test de sangre oculta en heces resultó negativo.

A los 10 años, el paciente acude a consulta refiriendo haber estado asintomático realizando dieta sin gluten estricta, y con estudios serológicos repetidos negativos, hasta que hace unos 6 meses reaparece la diarrea, ahora con episodios de dolor abdominal, habiendo perdido unos 7 kg de peso. Se repite la endoscopia que encontró atrofia vellositaria con úlceras fibrinadas en el duodeno con distorsión de los pliegues; se tomaron biopsias que son informadas como ""infiltración intraepitelial por linfocitos en más de 50 linfocitos por cada 100 enterocitos, con un fenotipo mostrando reordenamientos monoclonales del gen TCRγ. En la TC se apreció dilatación de asas intestinales con engrosamiento de la pared, con gran edema mucoso y submucoso. Su sospecha diagnóstica sería:",Se trata de forma inequívoca de un Linfoma de Células T asociado a enteropatía.,Podría tratarse de un Linfoma B difuso de intestino.,No se puede descartar una enteropatía tipo Yeyunoileítis Ulcerativa.,Podría tratarse de una Celiaquía Refractaria tipo I.,c,No se puede descartar una enteropatía tipo Yeyunoileítis Ulcerativa.,,42,AD_ANDALUCIA_2022_EXTRAORDINARIA_LIBRE__EXAM__12__revisado-56007-fea-aparato-digestivo-final-pdf.pdf,AD_ANDALUCIA_2022_EXTRAORDINARIA_LIBRE__CORRECTION__14__def-feaapdigestivo-sas-2023-pdf.pdf,retained318,f7158add7fb0b4a758588cf6079373b4b1b9aed32d2acfc19a15f928a0d4f222,c81d4b3397a95a6c6203aa8287359114fc9604103424a0c5d391dd116f2a6fe3
b485,castilla-la-mancha|2017|main|5,Castilla-La Mancha,2017,aparato-digestivo,main,485,"Según la Clasificación de Chicago, la acalasia esofágica se divide en tres subgrupos. Señale la respuesta correcta","En la acalasia tipo III o espástica, a la falta de relajación adecuada de la UGE (mediana de IRP >15 mmHg) se asocia peristalsis anormal con contracciones prematuras (espásticas) con DCI > 400 mmHg/s/cm en ≥ 30% de las degluciones.","La acalasia tipo I se caracteriza por una mediana de IRP elevada (> 15 mmHg), 100% peristalsis fallida y presurización panesofágica ≥ 20% de las degluciones.",La acalasia tipo I se caracteriza por una mediana de IRP elevada (> 15 mmHg) y un 100% de contracciones con una integral contráctil distal (DCI) < 100 mmHg/s/cm.,La acalasia tipo II es aquella que asocia una IRP>15 mm de Hg con peristalsis anormal y contracciones prematuras (espásticas) con DCI > 450 mmHg/s/cm en ≥ 30% de las degluciones.,c,La acalasia tipo I se caracteriza por una mediana de IRP elevada (> 15 mmHg) y un 100% de contracciones con una integral contráctil distal (DCI) < 100 mmHg/s/cm.,,2,AD_CASTILLA_LA_MANCHA_2017_2018__EXAM__exam__cuestionario-fea-aparato-digestivo.pdf,AD_CASTILLA_LA_MANCHA_2017_2018__CORRECTION__correction__plantilla-correctora-definitiva-fea-aparato-digestivo.pdf,retained318,b4e875f7327e22407a4c46822ab588c405fc74e34bfb07297f764c84855b9299,28524ad1b8a291ce85fe4f96d4df342a6eb7f03d13ff5884e7efe658ce3624b2
b486,galicia|2016|reserva-especifica|104,Galicia,2016,aparato-digestivo,reserva-especifica,486,Señala cuál de los factores descritos puede incrementar la posibilidad de progresión de la hepatopátia alcohólica y del desarrollo de hepatocarcinoma.,La deficiencia de Zinc y vitaminas del complejo B.,Co-infección por VHC.,La desnutrición asociada al alcoholismo.,A y B son ciertas.,b,Co-infección por VHC.,,24,AD_GALICIA_OPE_2016__EXAM__gal-02__aparato-digestivo-cas-20171029192531-cas-pdf.pdf,AD_GALICIA_OPE_2016__CORRECTION__gal-03__aparello-dixestivo-20180201084525-cas-pdf.pdf,retained318,81ae6d1559a4bbe48b73cb51a3a6794f614d58737b9eb9418233768274a8e768,a79a67311660573139ee6dc3fe215dbd38fdd2073447a79519e68bc544855a9e
b487,aragon|2017|reserva-especifica|110,Aragón,2017,aparato-digestivo,reserva-especifica,487,"En la Esclerosis Sistémica Progresiva, es cierto que:",Menos del 10% de los pacientes presentan afectación del tubo digestivo,La biopsia esofágica endoscópica establece el diagnóstico,Cuando hay alteración esofágica se afecta principalmente el músculo liso en los tercios medio e inferior esofágicos.,No hay afectación de intestino delgado y colon,c,Cuando hay alteración esofágica se afecta principalmente el músculo liso en los tercios medio e inferior esofágicos.,,39,AD_ARAGON_2017__EXAM__exam__cuadernillo-del-examen-de-la-categoria-de-aparato-digestivo-que-fue-realizado-el.pdf,AD_ARAGON_2017__ANSWER_KEY__answer-key__plantilla-de-respuestas-del-examen-de-la-categoria-de-aparato-digestivo-que-fue-.pdf,retained318,544b88c4dc3eab1d3390e1f190008ef1aba474b84ae02a974b5c4a15f5d7b8ba,4f5442606886aec8e7091cc856a456a9faedf4f37669805f34d342cda6d0d6ff
b489,aragon|2017|reserva-especifica|101,Aragón,2017,aparato-digestivo,reserva-especifica,489,En lo que respecta al espectro patogénico y las vías hasta ahora definidas en el desarrollo del cáncer de colon es cierto que:,"La vía convencional más frecuente en el cáncer esporádico es la de la inestabilidad de microsatélites, mientras que la menos frecuente es la de inestabilidad cromosómica.",En la vía de la inestabilidad de microsatélites la mutación más conocida es la del gen APC.,Existe una tercera vía denominada vía serrada que frecuentemente se inicia por mutación del gen BRAF o KRAS.,Las mutaciones genéticas en síndromes hereditarios son esencialmente de tipo somático y secuenciales en cadena.,c,Existe una tercera vía denominada vía serrada que frecuentemente se inicia por mutación del gen BRAF o KRAS.,,35,AD_ARAGON_2017__EXAM__exam__cuadernillo-del-examen-de-la-categoria-de-aparato-digestivo-que-fue-realizado-el.pdf,AD_ARAGON_2017__ANSWER_KEY__answer-key__plantilla-de-respuestas-del-examen-de-la-categoria-de-aparato-digestivo-que-fue-.pdf,retained318,1a1578bbc1f07bef966f214de9908f851a251a2df7ff89eb3ea24e4cc4fec982,f2fa7c5c36291f5d80d5dcbe3bb5d837bb7ee40d83ebbcf2696792a48be4801d
b490,aragon|2020|main|90,Aragón,2020,aparato-digestivo,main,490,"En un paciente no colecistectomizado con disfunción del esfínter de Oddi tipo III, ¿cómo están los enzimas hepáticos y el conducto biliar común?",Enzimas hepáticos alterados y conducto biliar normal.,Enzimas hepáticos normales y conducto biliar dilatado.,Enzimas hepáticos normales y conducto biliar normal.,Enzimas hepáticos alterados y conducto biliar dilatado.,c,Enzimas hepáticos normales y conducto biliar normal.,,18,AD_ARAGON_2020__EXAM__exam__cuadernillo-de-examen-y-respuestas-provisionales-2021-f.e.a-aparato-digestivo.pdf,AD_ARAGON_2020__ANSWER_KEY__answer-key__plantilla-provisional-de-respuestas-2021-f.e.a-aparato-digestivo.pdf,retained318,8084731df31c37f9922f7b957f84e0b5b503f678da044030142a57a55880b048,055f6fdfc385e77b92c5ca2d229aebe2249f6bcef967c9f99ab059778b36fecd
b493,aragon|2020|reserva-especifica|110,Aragón,2020,aparato-digestivo,reserva-especifica,493,Indique una dosis oral diaria de mesalazina para iniciar el tratamiento de un brote moderado de Colitis Ulcerosa:,1 gramo.,2 gramos.,4 gramos.,12 gramos.,c,4 gramos.,,21,AD_ARAGON_2020__EXAM__exam__cuadernillo-de-examen-y-respuestas-provisionales-2021-f.e.a-aparato-digestivo.pdf,AD_ARAGON_2020__ANSWER_KEY__answer-key__plantilla-provisional-de-respuestas-2021-f.e.a-aparato-digestivo.pdf,retained318,9972007ab263efdb3aa8b0f67ec2c8de5b8559095059440f46e6e0637c0ed21f,6fa179d5b61e849cdc287453f41eec21f8fd44ad3ed8803db964b731c16b9c52
b494,andalucia|2021|cuestionario-practico|144,Andalucía,2021,aparato-digestivo,cuestionario-practico,494,"Paciente varón de 64 años de edad con antecedentes de cirrosis hepática compensada con hipertensión portal, que acude a la consulta externa de Aparato Digestivo por dispepsia de 3 meses de evolución. Ante esta situación, se realiza una gastroscopia que revela una lesión sobre-elevada de 25 mm en cara anterior del cuerpo gástrico proximal con depresión central, no ulcerada. El estudio histopatológico de las biopsias revela un adenocarcinoma gástrico bien diferenciado.

En la ultrasonografía endoscópica realizada, se describe una lesión de 25 mm en la cara posterior del cuerpo gástrico alto que produce un engrosamiento de la 1a y 2a capa ecográficas con un área puntual milimétrica de posible invasión en la 3a capa. ¿Cuál sería el tratamiento mas adecuado para este paciente?:",Gastrectomía total abierta,Mucosectomía en fragmentos,Disección endoscópica submucosa,Gastrectomía total laparoscópica,c,Disección endoscópica submucosa,,39,AD_ANDALUCIA_2021_22_LIBRE__EXAM__07__9122-aparato-digestivo-pdf.pdf,AD_ANDALUCIA_2021_22_LIBRE__CORRECTION__09__9122-plantilla-respuestas-def-digestivo-pdf.pdf,retained318,fcdcffb675432bb04ec7fd7b8de6b5f35e678a9ae94fbdabc2306792a1ab82c6,be798aa884e84bc6160016544011e7314e90554f2e4c6c85e900f0e3b0f3b562
b498,castilla-la-mancha|2022|main|82,Castilla-La Mancha,2022,aparato-digestivo,main,498,"Atendiendo a las últimas guías españolas de diagnóstico y tratamiento del carcinoma hepatocelular (CHC) publicadas en 2021, ¿Cuál de los siguientes enunciados es falso?",Ningún tratamiento adyuvante ha demostrado eficacia en la prevención de la recurrencia tras la cirugía del CHC.,La resección quirúrgica está contraindicada en tumores mayores de 5 cm.,La alfa fetoproteína elevada es un predictor de invasión microvascular y pobre diferenciación tumoral.,Criterios como up to seven se consideran como referencia para expandir los criterios de trasplante hepático.,b,La resección quirúrgica está contraindicada en tumores mayores de 5 cm.,negated,14,AD_CASTILLA_LA_MANCHA_2022__EXAM__exam__cuestionario-fea-digestivo.pdf,AD_CASTILLA_LA_MANCHA_2022__CORRECTION__correction__plantilla-correctora-definitiva-fea-aparato-digestivo.pdf,retained318,00839531e90ed170d307795d6606d4436a9fd963a9b9c9bcd2583ff5bb1f9cea,e2df98f660056e3b6c722876d33788f5b445955293eaf1c7835dd3d53d2d1d46
b499,aragon|2020|reserva-especifica|103,Aragón,2020,aparato-digestivo,reserva-especifica,499,"Respecto a la profilaxis de la infección por citomegalovirus en el receptor de trasplante hepático, señale la respuesta INCORRECTA:",Se suele realizar con valganciclovir oral.,La duración de la misma es de un año tras el trasplante hepático.,Es una estrategia recomendable en los pacientes de alto riesgo (receptores no inmunizados que reciben el injerto de un donante seropositivo).,La profilaxis es eficaz en prevenir tanto los efectos directos como los efectos indirectos del citomegalovirus.,b,La duración de la misma es de un año tras el trasplante hepático.,negated,20,AD_ARAGON_2020__EXAM__exam__cuadernillo-de-examen-y-respuestas-provisionales-2021-f.e.a-aparato-digestivo.pdf,AD_ARAGON_2020__ANSWER_KEY__answer-key__plantilla-provisional-de-respuestas-2021-f.e.a-aparato-digestivo.pdf,retained318,e15ff105f162d8b6dbe0063b6a1fac2de40daaeb80228cd6797adcd8c7c8f983,582d5a588aa816462a6cbe2e790b3fd4d6507780b39aa917dbd6ab92307839e8
n001,la-rioja|2024|main|89,La Rioja,2024,aparato-digestivo,main,89,En relación con la colitis microscópica señale cuál de las siguientes afirmaciones es CORRECTA:,Se ha descrito una asociación genética con los alelos HLA A1*05 y DQ B1.,"Se ha observado asociación con la enfermedad celíaca, y se considera que el gluten actúa como antígeno desencadenante de la inflamación en la mucosa colónica.","Desde el punto de vista histológico, se observan infiltrados inflamatorios de linfocitos y células plasmáticas en la lámina propia, acompañados de aumento del número de linfocitos intraepiteliales.",La capacidad absortiva del agua en el colon guarda una relación inversa con el grado de celularidad en la lámina propia y con el engrosamiento de la banda subepitelial de colágeno.,c,"Desde el punto de vista histológico, se observan infiltrados inflamatorios de linfocitos y células plasmáticas en la lámina propia, acompañados de aumento del número de linfocitos intraepiteliales.",,23,AD_LA_RIOJA_2023_2024__EXAM__exam__fea-aparato-digestivo-2025.pdf,AD_LA_RIOJA_2023_2024__CORRECTION__correction__plantilla-respuestas-modificada-fea-aparato-digestivo-2025.pdf,new182,8df077f5b0f391ed903d5b109e5049c7628e6ae555f240d97eaeab6dbc1cb527,8df077f5b0f391ed903d5b109e5049c7628e6ae555f240d97eaeab6dbc1cb527
n002,andalucia|2021|cuestionario-teorico|58,Andalucía,2021,aparato-digestivo,cuestionario-teorico,58,"Mujer de 45 años que es diagnosticada de tumor del estroma gastrointestinal (GIST) gástrico de 3 cm, sin enfermedad metastásica a distancia, tras realización de ecoendoscopia con biopsia, y estudio de extensión con resonancia magnética con gadolinio. ¿Cuál de estos es el tratamiento más adecuado?",Imatinib hasta obtener remisión completa.,Gastrectomía total con linfadenectomía D2.,Resección local del tumor con márgenes libres.,Vigilancia dada la benignidad de este tumor.,c,Resección local del tumor con márgenes libres.,,15,AD_ANDALUCIA_2021_22_LIBRE__EXAM__07__9122-aparato-digestivo-pdf.pdf,AD_ANDALUCIA_2021_22_LIBRE__CORRECTION__09__9122-plantilla-respuestas-def-digestivo-pdf.pdf,new182,8874aac0fdca2442626b06ff2470279a479451075a6e74f946c2946b045be0e8,8874aac0fdca2442626b06ff2470279a479451075a6e74f946c2946b045be0e8
n003,galicia|2022|main|25,Galicia,2022,aparato-digestivo,main,25,"Un paciente de 65 años ingresa por pancreatitis aguda biliar. Al ingreso presenta hipotensión, taquicardia y oliguria, que se resuelve en 36 horas tras tratamiento con sueroterapia. Se realiza un TAC al cuarto día que muestra una colección líquida y necrótica a nivel de tejido extrapancreático no encapsulada y mal definida. Señale la respuesta CORRECTA:",El paciente tiene una pancreatitis aguda grave según los criterios de Atlanta revisados.,Se trata de una colección aguda necrótica.,En las primeras horas la reposición de volumen se recomienda que se haga con coloides.,La nutrición enteral por sonda naso-yeyunal es superior a la naso-gástrica.,b,Se trata de una colección aguda necrótica.,,6,AD_GALICIA_OPE_2022__EXAM__gal-09__especifico-cast-aparello-dx-20240316193007-cas-pdf.pdf,AD_GALICIA_OPE_2022__CORRECTION__gal-11__fea-aparello-dixestivo-20240514082015-cas-pdf.pdf,new182,7c1be9c7c2d109fc525c892842113d9ff812ba2fdbfb00264a306ac4a7362ab6,7c1be9c7c2d109fc525c892842113d9ff812ba2fdbfb00264a306ac4a7362ab6
n004,galicia|2022|main|99,Galicia,2022,aparato-digestivo,main,99,La técnica POEM (Miotomía Peroral Endoscópica) está especialmente indicada en los pacientes que presentan:,Acalasia tipo I.,Acalasia tipo II.,Acalasia tipo III.,Espasmo Esofágico Distal.,c,Acalasia tipo III.,,20,AD_GALICIA_OPE_2022__EXAM__gal-09__especifico-cast-aparello-dx-20240316193007-cas-pdf.pdf,AD_GALICIA_OPE_2022__CORRECTION__gal-11__fea-aparello-dixestivo-20240514082015-cas-pdf.pdf,new182,978b507322b56134356879445e8b8813d148cc60bbe213d145d0974649422ce7,978b507322b56134356879445e8b8813d148cc60bbe213d145d0974649422ce7
n005,andalucia|2021|cuestionario-practico|138,Andalucía,2021,aparato-digestivo,cuestionario-practico,138,"Dicha lesión, en la prueba de imagen realizada, presenta una pared bien definida, sin componente sólido, sin comunicación con los conductos pancreáticos, y con una configuración de múltiples tabiques, que le dan el aspecto de un panal de abeja con una cicatriz central. Según estos hallazgos, ¿Cuál es su principal sospecha diagnóstica? :",Un quiste simple verdadero,Un cistoadenoma seroso microquístico.,Un tumor mucinoso papilar intraductal.,Un cistoadenoma mucinoso,b,Un cistoadenoma seroso microquístico.,,38,AD_ANDALUCIA_2021_22_LIBRE__EXAM__07__9122-aparato-digestivo-pdf.pdf,AD_ANDALUCIA_2021_22_LIBRE__CORRECTION__09__9122-plantilla-respuestas-def-digestivo-pdf.pdf,new182,99be509d3d1f5c61abe73e1eaef9da3b5305342429034499c964822a7dd164e5,99be509d3d1f5c61abe73e1eaef9da3b5305342429034499c964822a7dd164e5
n006,andalucia|2021|cuestionario-practico|103,Andalucía,2021,aparato-digestivo,cuestionario-practico,103,El estudio en heces detectó presencia de C. difficile. Se realizó colonoscopia total e ileoscopia sin encontrar lesiones mucosas. Se tomaron biopsias de colon que mostraron un incremento de linfocitos intraepiteliales (>20 LIE/100 cl epiteliales) en epitelio superficial y criptas pero con patrón arquitectural normal. Su sospecha diagnóstica será:,Colitis pseudomembranosa,Infección por C. difficile,Colitis linfocítica,Enfermedad celíaca del colon,c,Colitis linfocítica,,24,AD_ANDALUCIA_2021_22_LIBRE__EXAM__07__9122-aparato-digestivo-pdf.pdf,AD_ANDALUCIA_2021_22_LIBRE__CORRECTION__09__9122-plantilla-respuestas-def-digestivo-pdf.pdf,new182,661bc248829ca8c9357a95e2b64ec487fffce5cfb9b3527b07adf14adf9326db,661bc248829ca8c9357a95e2b64ec487fffce5cfb9b3527b07adf14adf9326db
n007,andalucia|2021|reserva|153,Andalucía,2021,aparato-digestivo,reserva,153,"Una mujer de 29 años acude a urgencias con dolor abdominal, náuseas y vómitos. Ella reconoce haber tomado una cantidad indeterminada de paracetamol aproximadamente 12 horas antes de la admisión. ¿Cuál de las siguientes opciones implica el peor pronóstico?",GOT 6000 UI/l.,"Ph arterial 7,21.",INR 3.,Encefalopatía hepática grado 2.,b,"Ph arterial 7,21.",,42,AD_ANDALUCIA_2021_22_LIBRE__EXAM__07__9122-aparato-digestivo-pdf.pdf,AD_ANDALUCIA_2021_22_LIBRE__CORRECTION__09__9122-plantilla-respuestas-def-digestivo-pdf.pdf,new182,a962a3820002136c6add6c9ab55a4c5c57cc9ff484fe0a900c917660029c3663,a962a3820002136c6add6c9ab55a4c5c57cc9ff484fe0a900c917660029c3663
n008,la-rioja|2024|main|36,La Rioja,2024,aparato-digestivo,main,36,"Ante un paciente con enfermedad de Behçet y oclusión aguda de las venas suprahepáticas que acude a urgencias con ascitis grave, coagulopatía (INR 2,5) e hiperbilirrubinemia (Bilirrubina 12,5 mg/dL), señale la opción CORRECTA:",La anticoagulación con heparina sódica es muy eficaz y en pocas horas resolverá el cuadro.,"Se debe plantear la realización de TIPS urgente y, en caso de fracaso, contemplar la realización de un trasplante urgente.",El síndrome de Budd-Chiari contraindica la realización de un trasplante.,La fibrinólisis intravenosa es el tratamiento más eficaz en este caso.,b,"Se debe plantear la realización de TIPS urgente y, en caso de fracaso, contemplar la realización de un trasplante urgente.",,10,AD_LA_RIOJA_2023_2024__EXAM__exam__fea-aparato-digestivo-2025.pdf,AD_LA_RIOJA_2023_2024__CORRECTION__correction__plantilla-respuestas-modificada-fea-aparato-digestivo-2025.pdf,new182,6fe1c36209ab32a1e67552e0131b1d7f4b4fb011ef009dc6f7571ae10940bb5c,6fe1c36209ab32a1e67552e0131b1d7f4b4fb011ef009dc6f7571ae10940bb5c
n009,galicia|2022|main|87,Galicia,2022,aparato-digestivo,main,87,"Mujer de 51 años con antecedentes personales de hipotiroidismo autoinmune que presenta en analítica de control en Atención Primaria: AST 21 UI/ml ALT 36 UI/ml GGT 128 UI/ml F Alcalina 382 UI/ml, bilirrubina total 0,5 mg/dl. En el estudio etiológico de alteración de la bioquímica hepática presenta ANAs 1/40, AMAs 1/320, antiM2 positivo con el resto de estudio de autoinmunidad negativo. IgG 1185 mg/dl, IGM 415 mg/dl. La ecografía abdominal no muestra alteraciones significativas. La elastografía transitoria muestra una rigidez mediana de 4,6 KPa. Con respecto al caso, señale la afirmación VERDADERA:",Está indicada biopsia hepática para el diagnóstico definitivo.,No está indicado el tratamiento con ácido ursodeoxicólico en pacientes asintomáticos.,Una mediana de rigidez hepática menor 10 KPa es indicativa de ausencia de fibrosis severa.,La ausencia inicial de síntomas indica un pronóstico excelente.,c,Una mediana de rigidez hepática menor 10 KPa es indicativa de ausencia de fibrosis severa.,,18,AD_GALICIA_OPE_2022__EXAM__gal-09__especifico-cast-aparello-dx-20240316193007-cas-pdf.pdf,AD_GALICIA_OPE_2022__CORRECTION__gal-11__fea-aparello-dixestivo-20240514082015-cas-pdf.pdf,new182,ace6bbcbcd72af691af6aec98fb16eafffdb52079b51b11229b6a94b54dc525b,ace6bbcbcd72af691af6aec98fb16eafffdb52079b51b11229b6a94b54dc525b
n010,comunidad-de-madrid|2021|main|129,Comunidad de Madrid,2021,aparato-digestivo,main,129,El principal factor de riesgo de desarrollo de carcinoma epidermoide de esófago es:,Metaplasia de Barrett,Reflujo gastroesofágico,Obesidad,Hábitos tóxicos (tabaco y/o alcohol),d,Hábitos tóxicos (tabaco y/o alcohol),,23,AD_COMUNIDAD_DE_MADRID_2021__EXAM__017_exam_cuestionario-de-examen-f-e-en-aparato-digestivo-sermas-2021.pdf,AD_COMUNIDAD_DE_MADRID_2021__ANSWER_KEY__018_answer-key_plantilla-correctora-f-e-aparato-digestivo-2021.pdf,new182,a2a914e2b531c68208c8f754ddc5ced047bc62e54ff8cea5c7a877731ea63855,a2a914e2b531c68208c8f754ddc5ced047bc62e54ff8cea5c7a877731ea63855
n011,galicia|2016|main|12,Galicia,2016,aparato-digestivo,main,12,"En el registro de manometría de alta resolución de un paciente en estudio por disfagia y regurgitación, se objetiva una presión integrada de relajación >15mm Hg y una ausencia de peristaltismo en todas las degluciones. Según los criterios de la Clasificación de Chicago, ¿cual es el diagnóstico más probable?",Obstrucción funcional de la unión gastro-esofágica.,Acalasia.,Espasmo esofágico difuso.,Esófago en cascanueces.,b,Acalasia.,,5,AD_GALICIA_OPE_2016__EXAM__gal-02__aparato-digestivo-cas-20171029192531-cas-pdf.pdf,AD_GALICIA_OPE_2016__CORRECTION__gal-03__aparello-dixestivo-20180201084525-cas-pdf.pdf,new182,1e4b355cd6e22573a72b9ce8f724a1c2b3e917758d29a5d98f9a2b13fc457cfa,1e4b355cd6e22573a72b9ce8f724a1c2b3e917758d29a5d98f9a2b13fc457cfa
n012,andalucia|2021|cuestionario-practico|117,Andalucía,2021,aparato-digestivo,cuestionario-practico,117,Que tipo de colección tenía en el segunda ingreso:,Colección peripancreatica aguda.,Pseudoquiste pancreático.,Necrosis pancreática aguda.,Necrosis encapsulada.,b,Pseudoquiste pancreático.,,30,AD_ANDALUCIA_2021_22_LIBRE__EXAM__07__9122-aparato-digestivo-pdf.pdf,AD_ANDALUCIA_2021_22_LIBRE__CORRECTION__09__9122-plantilla-respuestas-def-digestivo-pdf.pdf,new182,e897f188d7610d6341a2ef19eb0c1fd1132c3eb6963ba82baedba0725f634a4e,e897f188d7610d6341a2ef19eb0c1fd1132c3eb6963ba82baedba0725f634a4e
n013,la-rioja|2024|main|91,La Rioja,2024,aparato-digestivo,main,91,"En el estudio de laboratorio de una anemia ferropénica, diversos parámetros férricos permiten apoyar dicho origen. En relación con estos parámetros, señale cuál de las siguientes afirmaciones es CORRECTA:",La saturación de transferrina se encuentra elevada.,El nivel sérico del receptor soluble de transferrina se encuentra disminuido.,La concentración de eritropoyetina (EPO) plasmática se encuentra reducida.,El cociente entre el receptor soluble de transferrina y el logaritmo de la ferritina es mayor de 2.,d,El cociente entre el receptor soluble de transferrina y el logaritmo de la ferritina es mayor de 2.,,24,AD_LA_RIOJA_2023_2024__EXAM__exam__fea-aparato-digestivo-2025.pdf,AD_LA_RIOJA_2023_2024__CORRECTION__correction__plantilla-respuestas-modificada-fea-aparato-digestivo-2025.pdf,new182,2584e63452ff88e52873e88512cd11ed60703beb9997f751d4fed256ac49a6e7,2584e63452ff88e52873e88512cd11ed60703beb9997f751d4fed256ac49a6e7
n014,galicia|2022|main|2,Galicia,2022,aparato-digestivo,main,2,Según las recomendaciones de la V Conferencia Española de Consenso para el tratamiento de la infección por Helicobacter Pylori:,Un tratamiento erradicador se considera efectivo cuando logra la curación de la infección en un porcentaje próximo o preferiblemente mayor al 70 por ciento.,Se recomienda el uso de probióticos para reducir el riesgo de diarrea secundaria a tratamiento antibiótico.,"Tras el fracaso de una tercera línea de tratamiento se sugiere reevaluar cuidadosamente la necesidad de erradicación, y en su caso, plantear una cuarta línea con Rifabutina.","En pacientes alérgicos a penicilina, se recomienda como primera línea terapéutica triple terapia con IBP, Tetraciclina y Metronidazol.",c,"Tras el fracaso de una tercera línea de tratamiento se sugiere reevaluar cuidadosamente la necesidad de erradicación, y en su caso, plantear una cuarta línea con Rifabutina.",,2,AD_GALICIA_OPE_2022__EXAM__gal-09__especifico-cast-aparello-dx-20240316193007-cas-pdf.pdf,AD_GALICIA_OPE_2022__CORRECTION__gal-11__fea-aparello-dixestivo-20240514082015-cas-pdf.pdf,new182,2428e9040121a93207b1db388261c63feac15dbfadab31d8ea0395da70adf70d,2428e9040121a93207b1db388261c63feac15dbfadab31d8ea0395da70adf70d
n015,andalucia|2021|cuestionario-teorico|26,Andalucía,2021,aparato-digestivo,cuestionario-teorico,26,"Basándonos en la clasificación de Atlanta revisada, ¿Cuál de estos parámetros define mejor una pancreatitis aguda grave?",Hematocrito superior al 44%.,Fallo orgánico persistente.,Necrosis de más del 50% de la glándula.,Colecciones múltiples en torno al páncreas.,b,Fallo orgánico persistente.,,8,AD_ANDALUCIA_2021_22_LIBRE__EXAM__07__9122-aparato-digestivo-pdf.pdf,AD_ANDALUCIA_2021_22_LIBRE__CORRECTION__09__9122-plantilla-respuestas-def-digestivo-pdf.pdf,new182,bf27348750e618cb93c43507a9b3d174ac63e8aa9f41d0b6f372e96133d273b6,bf27348750e618cb93c43507a9b3d174ac63e8aa9f41d0b6f372e96133d273b6
n016,castilla-y-leon|2019|main|72,Castilla y León,2019,aparato-digestivo,main,72,"En una mujer de 32 años diagnosticada de síndrome de Lynch, señale el tumor más frecuente tras el colorrectal:",Estómago.,Endometrio.,Ovario.,Cuello uterino.,b,Endometrio.,,16,AD_CASTILLA_Y_LEON_2019__EXAM__044_exam_examen-le-aparato-digestivo-orden-san-139-2020.pdf,AD_CASTILLA_Y_LEON_2019__ANSWER_KEY__045_answer-key_plantilla-respuestas-correctas-l-e-aparato-digestivo-orden-s.pdf,new182,eaea122eaa9358303afc21c84db7457ed73ba6037dd60e50698e339b2598bee5,eaea122eaa9358303afc21c84db7457ed73ba6037dd60e50698e339b2598bee5
n017,la-rioja|2024|main|34,La Rioja,2024,aparato-digestivo,main,34,¿Cuál es el factor subrogado más importante en un paciente cirrótico en cuanto al pronóstico?:,Grado de fibrosis por biopsia hepática.,Encefalopatía hepática.,Gradiente de presión venosa portal.,Niveles de bilirrubina.,c,Gradiente de presión venosa portal.,,9,AD_LA_RIOJA_2023_2024__EXAM__exam__fea-aparato-digestivo-2025.pdf,AD_LA_RIOJA_2023_2024__CORRECTION__correction__plantilla-respuestas-modificada-fea-aparato-digestivo-2025.pdf,new182,3836f804896f3e7a195175f2d52f07a922b2732245424b25d2c5cdbfbc0e2596,3836f804896f3e7a195175f2d52f07a922b2732245424b25d2c5cdbfbc0e2596
n018,castilla-y-leon|2019|main|48,Castilla y León,2019,aparato-digestivo,main,48,"De las siguientes, ¿cuál es la causa más frecuente de malabsorción de vitamina B<sub>12</sub>?","Enfermedad de Crohn, con afectación de íleon terminal.",Insuficiencia Pancreática.,Gastrectomía.,Gastritis Atrófica Autoinmune de la Anemia Perniciosa.,d,Gastritis Atrófica Autoinmune de la Anemia Perniciosa.,,11,AD_CASTILLA_Y_LEON_2019__EXAM__044_exam_examen-le-aparato-digestivo-orden-san-139-2020.pdf,AD_CASTILLA_Y_LEON_2019__ANSWER_KEY__045_answer-key_plantilla-respuestas-correctas-l-e-aparato-digestivo-orden-s.pdf,new182,1b43a98b3301344143c69e7d9a2c0a481d80840b90d0fd334308d4a4ba2f50ab,1b43a98b3301344143c69e7d9a2c0a481d80840b90d0fd334308d4a4ba2f50ab
n019,andalucia|2021|cuestionario-teorico|91,Andalucía,2021,aparato-digestivo,cuestionario-teorico,91,"¿Cuál de las siguientes vacunas recomienda el grupo español de trabajo de Enfermedad de Crohn y Colitis Ulcerosa (GETECCU) en pacientes inmunocomprometidos, pero no en inmunocompetentes?",Varicela.,Tétanos-difteria.,Haemophilus influenza tipo B (Polisacáridos).,Pneumococo Polisacáridos (23-valente).,c,Haemophilus influenza tipo B (Polisacáridos).,,21,AD_ANDALUCIA_2021_22_LIBRE__EXAM__07__9122-aparato-digestivo-pdf.pdf,AD_ANDALUCIA_2021_22_LIBRE__CORRECTION__09__9122-plantilla-respuestas-def-digestivo-pdf.pdf,new182,638326f954af16c259bec472981e1f974e441e4e25ccc26591aead41a594654c,638326f954af16c259bec472981e1f974e441e4e25ccc26591aead41a594654c
n020,andalucia|2022|cuestionario-practico|148,Andalucía,2022,aparato-digestivo,cuestionario-practico,148,"Se realizó endoscopia oral que no detectó alteraciones dignas de mención, y se tomaron biopsias de duodeno (4) y bulbo (2) que fueron informadas como ""presencia de atrofia vellositaria con hiperplasia críptica e infiltrado de linfocitos T intraepiteliales por encima de 30 linfocitos por cada 100 enterocitos"". Los anticuerpos antitransglutaminasa-2-IgA fueron negativos. Señale la respuesta más acertada sobre el diagnóstico del paciente:",Podría tratarse de una celiaquía con MARSH-2.,Podría tratarse de una celiaquía con MARSH-3.,Podría tratarse de una enfermedad celíaca MARSH-1,Podría tratarse un esprue refractario.,b,Podría tratarse de una celiaquía con MARSH-3.,,42,AD_ANDALUCIA_2022_EXTRAORDINARIA_LIBRE__EXAM__12__revisado-56007-fea-aparato-digestivo-final-pdf.pdf,AD_ANDALUCIA_2022_EXTRAORDINARIA_LIBRE__CORRECTION__14__def-feaapdigestivo-sas-2023-pdf.pdf,new182,ffe6e4a3b714d1dbd32934d340208b8a4f4b53cdd1f7dc16f57a4f9067724073,ffe6e4a3b714d1dbd32934d340208b8a4f4b53cdd1f7dc16f57a4f9067724073
n021,castilla-la-mancha|2017|main|75,Castilla-La Mancha,2017,aparato-digestivo,main,75,Señale la RESPUESTA VERDADERA en relación con el manejo de un paciente con Ascitis secundaria a Cirrosis Hepática,El estudio de Amilasa en el líquido debe realizarse de forma rutinaria y seriada.,No es necesario realizar seguimiento clínico ni analítico de los pacientes en tratamiento diurético pues son excepcionales las complicaciones o efectos secundarios.,Cualquier grado de hiponatremia debe ser tratado con restricción hídrica y suero salino intravenoso.,El uso de suero Salino Hipertónico en pacientes con ascitis debe reservarse para casos raros que comprometen la vida del enfermo.,d,El uso de suero Salino Hipertónico en pacientes con ascitis debe reservarse para casos raros que comprometen la vida del enfermo.,,14,AD_CASTILLA_LA_MANCHA_2017_2018__EXAM__exam__cuestionario-fea-aparato-digestivo.pdf,AD_CASTILLA_LA_MANCHA_2017_2018__CORRECTION__correction__plantilla-correctora-definitiva-fea-aparato-digestivo.pdf,new182,0d6d6e9c738484c87e61e3577163fcbc6f3b58cdad90247e1ece953947a666b8,0d6d6e9c738484c87e61e3577163fcbc6f3b58cdad90247e1ece953947a666b8
n022,aragon|2017|main|49,Aragón,2017,aparato-digestivo,main,49,"Al tercer año postrasplante de una cirrosis por esteatohepatitis, se evalúa una paciente con obesidad (48 BMI), con alteraciones analíticas, ecografía con esteatosis sin compromiso de la vía biliar, y en la biopsia esteatosis muy intensa, con infiltrado inflamatorio y fibrosis. ¿Cuál es la causa más probable?",Estenosis de la vía biliar principal.,Hepatitis autoinmune,Esteatohepatitis,Rechazo crónico,c,Esteatohepatitis,,19,AD_ARAGON_2017__EXAM__exam__cuadernillo-del-examen-de-la-categoria-de-aparato-digestivo-que-fue-realizado-el.pdf,AD_ARAGON_2017__ANSWER_KEY__answer-key__plantilla-de-respuestas-del-examen-de-la-categoria-de-aparato-digestivo-que-fue-.pdf,new182,91d2e9e06e20e24e51e81cf2cc5314e3243d7dba92931a2e79b34d49449e6cbf,91d2e9e06e20e24e51e81cf2cc5314e3243d7dba92931a2e79b34d49449e6cbf
n023,la-rioja|2024|main|6,La Rioja,2024,aparato-digestivo,main,6,La clasificación de la organización mundial de la salud (WHO) de adenocarcinoma gástrico incluye:,Difuso e intestinal.,Escamoso y adenoescamoso.,Exofítico e infiltrativo.,"Tubular, papilar, pobremente cohesivo, mucinoso y mixto.",d,"Tubular, papilar, pobremente cohesivo, mucinoso y mixto.",,4,AD_LA_RIOJA_2023_2024__EXAM__exam__fea-aparato-digestivo-2025.pdf,AD_LA_RIOJA_2023_2024__CORRECTION__correction__plantilla-respuestas-modificada-fea-aparato-digestivo-2025.pdf,new182,ebd2924600073ab3657bb521311ef7ddf146bb1f188b40d16e114097e59713e1,ebd2924600073ab3657bb521311ef7ddf146bb1f188b40d16e114097e59713e1
n024,castilla-y-leon|2019|main|139,Castilla y León,2019,aparato-digestivo,main,139,Paciente de 54 años con linfoma MALT estadio T1 que presenta en endoscopia de control a los 6 meses persistencia de lesión eritematosa con Anatomía patológica de pequeños focos de linfoma. La determinación de Helicobacter pylori es negativa. ¿Cuál es la actitud a seguir más correcta?,Remitir al paciente para tratamiento con quimioterapia.,Realizar un nuevo ciclo de tratamiento erradicador.,Control endoscópico en 3-6 meses con nuevas biopsias.,Gastrectomía total con linfadenectomía.,c,Control endoscópico en 3-6 meses con nuevas biopsias.,,32,AD_CASTILLA_Y_LEON_2019__EXAM__044_exam_examen-le-aparato-digestivo-orden-san-139-2020.pdf,AD_CASTILLA_Y_LEON_2019__ANSWER_KEY__045_answer-key_plantilla-respuestas-correctas-l-e-aparato-digestivo-orden-s.pdf,new182,5a7f31db3523afabcb178048763b496657eb12158601b02a9f7f7f2853c7fe57,5a7f31db3523afabcb178048763b496657eb12158601b02a9f7f7f2853c7fe57
n025,andalucia|2021|cuestionario-practico|133,Andalucía,2021,aparato-digestivo,cuestionario-practico,133,"A partir de la exposición clínica, ¿Cuál sería el diagnóstico sindrómico inicial más probable?",Colitis infecciosa,Colitis isquémica,Patología neoplásica,Enfermedad Inflamatoria intestinal,b,Colitis isquémica,,36,AD_ANDALUCIA_2021_22_LIBRE__EXAM__07__9122-aparato-digestivo-pdf.pdf,AD_ANDALUCIA_2021_22_LIBRE__CORRECTION__09__9122-plantilla-respuestas-def-digestivo-pdf.pdf,new182,423d336be4a10fc6975196db8b019f636049ba83c0f5a5c04c6197277935cce7,423d336be4a10fc6975196db8b019f636049ba83c0f5a5c04c6197277935cce7
n026,la-rioja|2021|main|33,La Rioja,2021,aparato-digestivo,main,33,¿Cuál de estas enfermedades está más frecuentemente asociada a la infección por VHC?,Síndrome de Fanconi.,Glomerulonefritis membranoproliferativa.,Glomeruloesclerosis focal y segmentaria.,Glomerulonefritis por depósitos de IgA.,b,Glomerulonefritis membranoproliferativa.,,14,AD_LA_RIOJA_2020_2021__EXAM__exam__fea-aparato-digestivo-2021.pdf,AD_LA_RIOJA_2020_2021__CORRECTION__correction__plantilla-respuestas-modificada-fea-aparato-digestivo-2021.pdf,new182,5b99c47a15c8df98a6f4b9f8f64ad295e3cf503276821b61869e91f9ca2e48d9,5b99c47a15c8df98a6f4b9f8f64ad295e3cf503276821b61869e91f9ca2e48d9
n027,region-de-murcia|2019|main|137,Región de Murcia,2019,aparato-digestivo,main,137,"En relación a la encefalopatía hepática, señale la respuesta verdadera:",El estreñimiento constituye el factor precipitante más frecuente en la encefalopatía hepática.,La sobredosis de diuréticos constituye el factor precipitante más frecuente en la encefalopatía hepática.,"De acuerdo con la enfermedad de base, la encefalopatía hepática Tipo A es consecuencia de la cirrosis.",El patrón oro para el diagnóstico clínico lo constituye la clasificación de West-Haven.,d,El patrón oro para el diagnóstico clínico lo constituye la clasificación de West-Haven.,,22,AD_REGION_DE_MURCIA_2019__EXAM__021_exam_apa-dig-lb-a-examen-turno-libre-modelo-a.pdf,AD_REGION_DE_MURCIA_2019__ANSWER_KEY__022_answer-key_apa-dig-plantilla-respuestas-corregida-turno-libre-modelo-a.pdf,new182,bbedf4d119ea3f793ce634be73d70e4add8d0c3c36b6c84a8c6f4063c2c0c638,bbedf4d119ea3f793ce634be73d70e4add8d0c3c36b6c84a8c6f4063c2c0c638
n028,castilla-la-mancha|2017|main|76,Castilla-La Mancha,2017,aparato-digestivo,main,76,En el procedimiento diagnóstico de la medición del Gradiente de Presión Venosa Hepática (GPVH) (señale la cierta),Se requiere fluoroscopia sólo cuando no es posible acceder de forma correcta al territorio venoso.,Un GPVH por encima de 5 mmHg se considera hipertensión portal clínicamente significativa con aparición de V. Esofágicas y ascitis.,La utilidad de monitorizar la medición del GPVH como profilaxis primaria de sangrado por varices esofagogástricas es clara.,La disminución del GPVH por debajo de 12 mmHg mediante tratamiento farmacológico disminuye notablemente el riesgo de hemorragia por varices esofagogástricas.,d,La disminución del GPVH por debajo de 12 mmHg mediante tratamiento farmacológico disminuye notablemente el riesgo de hemorragia por varices esofagogástricas.,,14,AD_CASTILLA_LA_MANCHA_2017_2018__EXAM__exam__cuestionario-fea-aparato-digestivo.pdf,AD_CASTILLA_LA_MANCHA_2017_2018__CORRECTION__correction__plantilla-correctora-definitiva-fea-aparato-digestivo.pdf,new182,290aa8abc377ebd2a96b1c9fc9d437084652684515bc84e3206f9d4cd7d14c2d,290aa8abc377ebd2a96b1c9fc9d437084652684515bc84e3206f9d4cd7d14c2d
n029,galicia|2022|main|37,Galicia,2022,aparato-digestivo,main,37,"Llaman al busca de digestivo por una mujer de 33 años con enfermedad de Crohn fenotipo de Montreal A2L2B1 corticodependiente, en tratamiento actual con azatioprina, que acude a urgencias por dolor y bulto en región perianal, que se confirma a la exploración física. ¿Qué debemos indicarles?:","Retirar azatioprina, puesto que tiene una infección activa.",Antibioterapia con ciprofloxacino y metronidazol.,TC pélvico urgente.,Evaluación por cirugía para que valoren drenaje simple y antibioterapia con ciprofloxacino y metronidazol.,d,Evaluación por cirugía para que valoren drenaje simple y antibioterapia con ciprofloxacino y metronidazol.,,9,AD_GALICIA_OPE_2022__EXAM__gal-09__especifico-cast-aparello-dx-20240316193007-cas-pdf.pdf,AD_GALICIA_OPE_2022__CORRECTION__gal-11__fea-aparello-dixestivo-20240514082015-cas-pdf.pdf,new182,596f893502269cc9ea7fe832e39c6eac1b0c209fa7404ccbe7424b05519f34af,596f893502269cc9ea7fe832e39c6eac1b0c209fa7404ccbe7424b05519f34af
n030,galicia|2022|main|74,Galicia,2022,aparato-digestivo,main,74,"Mujer de 71 años diagnosticada de enfermedad hepática grasa metabólica hace un año. Ingresa por primera descompensación en forma de ascitis. Con respecto a su manejo, ¿cuál es la opción CORRECTA?:","Ante la aparición de ascitis en una cirrosis conocida, la paracentesis está indicada únicamente ante sospecha de infección.",Un recuento de PMN en líquido ascítico mayor o igual a 250 células/mm3 es diagnóstico de peritonitis bacteriana espontánea.,Un gradiente de albúmina en suero-ascitis mayor de 3 g/dl es indicativo de trasudado.,La furosemida en dosis de 40 mg/día es el tratamiento inicial de elección.,b,Un recuento de PMN en líquido ascítico mayor o igual a 250 células/mm3 es diagnóstico de peritonitis bacteriana espontánea.,,16,AD_GALICIA_OPE_2022__EXAM__gal-09__especifico-cast-aparello-dx-20240316193007-cas-pdf.pdf,AD_GALICIA_OPE_2022__CORRECTION__gal-11__fea-aparello-dixestivo-20240514082015-cas-pdf.pdf,new182,78c96395d4a3514fc3020217b11b3136a900d8d682f70c2bd9bb70c7f0125058,78c96395d4a3514fc3020217b11b3136a900d8d682f70c2bd9bb70c7f0125058
n032,galicia|2016|main|7,Galicia,2016,aparato-digestivo,main,7,"La insuficiencia o fallo hepático agudo sobre crónico es una complicación frecuente en pacientes con cirrosis hepática y de alta mortalidad a corto plazo, en relación con el establecimiento de una situación de fallo multiorgánico. La identificación precoz del síndrome y el tratamiento de soporte es importante dada su progresión rápida y sus consecuencias pronósticas. Se han establecido una serie de índices pronósticos para la estratificación del riesgo y ayuda a la toma de decisiones. ¿Qué aseveración es correcta?",La insuficiencia hepática aguda sobre crónica se clasifica en 3 estadíos de gravedad en función del número y tipo de fallo de órganos observados. El estadío al diagnóstico se considera el mayor factor determinante de mortalidad a corto plazo y los estadíos grado 3 (>3 fallos de órgano) en el momento del diagnóstico se consideran irreversibles.,"Diferentes factores precipitantes favorecen el desarrollo de insuficiencia hepática aguda sobre crónica, tales como infecciones activas, alcoholismo activo o reactivación del VHB. Identificar y tratar el factor precipitante juega un papel clave en el pronóstico del cuadro, los casos en los que no se identifica el factor precipitante se asocian a mayor mortalidad.","El índice más utilizado para la evaluación del síndrome de insuficiencia hepática aguda sobre crónica, CLIF-C Organ Failure score (CLIF-C OF) es una versión simplificada y adaptada para cirrosis del índice de evaluación de fallo de órganos en pacientes críticos. Es útil tanto para el diagnóstico como para el pronóstico. Su evaluación a los 3-7días del diagnóstico permite predecir el pronóstico y valorar la posibilidad de evaluación de trasplante hepático.","La insuficiencia hepática aguda sobre crónica puede aparecer tanto en cirroticos compensados, representando el primer episodio de descompensación, como en cirróticos con descompensación previa. En estos casos de cirrosis descompensada previamente con episodios previos de ascitis, encefalopatía o HDA, el síndrome presenta peor pronóstico y mayor mortalidad.",c,"El índice más utilizado para la evaluación del síndrome de insuficiencia hepática aguda sobre crónica, CLIF-C Organ Failure score (CLIF-C OF) es una versión simplificada y adaptada para cirrosis del índice de evaluación de fallo de órganos en pacientes críticos. Es útil tanto para el diagnóstico como para el pronóstico. Su evaluación a los 3-7días del diagnóstico permite predecir el pronóstico y valorar la posibilidad de evaluación de trasplante hepático.",,4,AD_GALICIA_OPE_2016__EXAM__gal-02__aparato-digestivo-cas-20171029192531-cas-pdf.pdf,AD_GALICIA_OPE_2016__CORRECTION__gal-03__aparello-dixestivo-20180201084525-cas-pdf.pdf,new182,12b32ba9f2b1baa5fd54ace8139051a4bb5eae7ec8ecfef9b438ae3082f1a3e8,12b32ba9f2b1baa5fd54ace8139051a4bb5eae7ec8ecfef9b438ae3082f1a3e8
n033,region-de-murcia|2019|main|31,Región de Murcia,2019,aparato-digestivo,main,31,"En una paciente de 35 años con DISPEPSIA NO INVESTIGADA SIN SÍNTOMAS DE ALARMA, la actitud inicial a seguir debe ser:",Realizar una esofagogastroduodenoscopia.,Iniciar tratamiento con Domperidona.,"Realizar pauta test-and-treat para identificar y tratar H. Pylori, si procede.",Iniciar tratamiento con Antidepresivos tricíclicos.,c,"Realizar pauta test-and-treat para identificar y tratar H. Pylori, si procede.",,6,AD_REGION_DE_MURCIA_2019__EXAM__021_exam_apa-dig-lb-a-examen-turno-libre-modelo-a.pdf,AD_REGION_DE_MURCIA_2019__ANSWER_KEY__022_answer-key_apa-dig-plantilla-respuestas-corregida-turno-libre-modelo-a.pdf,new182,48dcfcd023656fd4afbb118c73f4f8340206c478808d7f3176d1f5a4b58a39f7,48dcfcd023656fd4afbb118c73f4f8340206c478808d7f3176d1f5a4b58a39f7
n034,la-rioja|2021|main|20,La Rioja,2021,aparato-digestivo,main,20,¿Cuál es el tratamiento con mayor evidencia (grado de recomendación 1B) para el tratamiento de la colitis microscópica?,Mesalazina.,Colestiramina.,Budesonida.,Subsalicilato de bismuto.,c,Budesonida.,,10,AD_LA_RIOJA_2020_2021__EXAM__exam__fea-aparato-digestivo-2021.pdf,AD_LA_RIOJA_2020_2021__CORRECTION__correction__plantilla-respuestas-modificada-fea-aparato-digestivo-2021.pdf,new182,54d2b12728bb7525c8e9886846e579f436282882ba7cacda5e80549edcd03fac,54d2b12728bb7525c8e9886846e579f436282882ba7cacda5e80549edcd03fac
n035,la-rioja|2021|main|66,La Rioja,2021,aparato-digestivo,main,66,¿Cuál de estas características nos hará sospechar que no estamos ante un linfoma primario intestinal?,Ausencia de ganglios palpables.,Ausencia de linfadenopatía mediastínica.,Hígado y bazo afectados.,Afectación ganglionar regional en la laparotomía.,c,Hígado y bazo afectados.,,25,AD_LA_RIOJA_2020_2021__EXAM__exam__fea-aparato-digestivo-2021.pdf,AD_LA_RIOJA_2020_2021__CORRECTION__correction__plantilla-respuestas-modificada-fea-aparato-digestivo-2021.pdf,new182,d7d483d2ccc63df2e9605c867dbf6b454acbfa1b8cd5b8666791c6eb49f82137,d7d483d2ccc63df2e9605c867dbf6b454acbfa1b8cd5b8666791c6eb49f82137
n036,andalucia|2021|cuestionario-practico|140,Andalucía,2021,aparato-digestivo,cuestionario-practico,140,"Según las últimas recomendaciones, ¿cómo se denomina la situación de la infección crónica por la hepatitis B en la que se encuentra el paciente?",Hepatitis crónica por VHB HBe Ag negativo.,Infección crónica por VHB HBe Ag negativo.,Hepatitis crónica por VHB en situación de inmunotoleracia.,Hepatitis crónica por VHB en situación de portador inactivo.,b,Infección crónica por VHB HBe Ag negativo.,,38,AD_ANDALUCIA_2021_22_LIBRE__EXAM__07__9122-aparato-digestivo-pdf.pdf,AD_ANDALUCIA_2021_22_LIBRE__CORRECTION__09__9122-plantilla-respuestas-def-digestivo-pdf.pdf,new182,9238ad70dbe7810ea692a2c0d686a39dada6dcc6aa21c0e1fb9648f3cfa846cc,9238ad70dbe7810ea692a2c0d686a39dada6dcc6aa21c0e1fb9648f3cfa846cc
n037,la-rioja|2024|main|77,La Rioja,2024,aparato-digestivo,main,77,"En relación al síndrome de intestino corto, señale la respuesta CORRECTA:",Se toleran peor las resecciones de yeyuno que de íleon.,"La disfunción absortiva es grave, con alta probabilidad de necesidad de nutrición parenteral, si el remanente intestinal es menos de 150cm.",Los cálculos renales por oxalato cálcico son más frecuentes en pacientes con resección de íleon y colon.,Las resinas quelantes de sales biliares no son útiles en pacientes con resecciones amplias de íleon (>100cm).,d,Las resinas quelantes de sales biliares no son útiles en pacientes con resecciones amplias de íleon (>100cm).,,19,AD_LA_RIOJA_2023_2024__EXAM__exam__fea-aparato-digestivo-2025.pdf,AD_LA_RIOJA_2023_2024__CORRECTION__correction__plantilla-respuestas-modificada-fea-aparato-digestivo-2025.pdf,new182,2ec6e9cde4cd7ecb288d1479eeb196d48df37df6fdcf592632a656452e05ddaa,2ec6e9cde4cd7ecb288d1479eeb196d48df37df6fdcf592632a656452e05ddaa
n038,andalucia|2021|cuestionario-teorico|66,Andalucía,2021,aparato-digestivo,cuestionario-teorico,66,"Un varón de 49 años sin antecedentes de pancreatitis tiene una TC que muestra un quiste pancreático de 1,8 cm compatible con neoplasia papilar mucinosa intraductal, sin nódulos murales y con un conducto pancreático principal de calibre normal. ¿Qué actitud considera la mejor opción a seguir?",Realización de ecoendoscopia ahora.,Realización de colangiopancreatografía por resonancia magnética en 1 año.,Realización de colangiopancreatografía por resonancia magnética en 2 años.,Remisión del paciente a cirugía para resección quirúrgica.,b,Realización de colangiopancreatografía por resonancia magnética en 1 año.,,16,AD_ANDALUCIA_2021_22_LIBRE__EXAM__07__9122-aparato-digestivo-pdf.pdf,AD_ANDALUCIA_2021_22_LIBRE__CORRECTION__09__9122-plantilla-respuestas-def-digestivo-pdf.pdf,new182,10f196add86daaa3e477ca66131d7c1fa77c436558e41df57548be9ea9631928,10f196add86daaa3e477ca66131d7c1fa77c436558e41df57548be9ea9631928
n039,andalucia|2021|cuestionario-practico|113,Andalucía,2021,aparato-digestivo,cuestionario-practico,113,"Finalmente, el paciente tuvo que ser ingresado en UCI por fracaso respiratorio, donde necesita intubación. Pasadas cuatro semanas de su ingreso en UCI se realiza un nuevo TAC de abdomen en el que se describe una gran colección encapsulada compuesta de material sólido y quístico, situada en posición retrogástrica, de unos 12 cm de diámetro mayor. ¿Qué puede decir de la colección en cuestión?",Que por su tamaño y el previsible compromiso de órganos adyacentes necesita ser drenada mediante ecoendoscopia.,Que por su tamaño y el corto tiempo de evolución que lleva necesita drenaje quirúrgico.,"Que no necesita ser drenada si no hay clínica, compromiso de órganos vecinos o incremento de tamaño.",Que por su tamaño y el previsible compromiso de órganos vecinos necesita ser drenada de forma percutánea por radiología.,c,"Que no necesita ser drenada si no hay clínica, compromiso de órganos vecinos o incremento de tamaño.",,28,AD_ANDALUCIA_2021_22_LIBRE__EXAM__07__9122-aparato-digestivo-pdf.pdf,AD_ANDALUCIA_2021_22_LIBRE__CORRECTION__09__9122-plantilla-respuestas-def-digestivo-pdf.pdf,new182,cb92206f75d8905c2face83b7e7edadea46ed5013e577725b2c38d61f5ba2a02,cb92206f75d8905c2face83b7e7edadea46ed5013e577725b2c38d61f5ba2a02
n040,galicia|2022|main|3,Galicia,2022,aparato-digestivo,main,3,"Según la guía de la Sociedad Europea de Endoscopia Digestiva (ESGE) de 2019, ¿qué es CORRECTO respecto a los pacientes con coledocolitiasis?:",Si están asintomáticos no se recomienda la extracción.,No es necesario realizar esfinterotomía o dilatación de la papila para su extracción.,En caso de colocación de prótesis plástica puede disminuir el número y tamaño de los cálculos.,En la extracción de litiasis de gran tamaño la combinación de esfinterotomía y esfinteroplastia no disminuye la necesidad de litotricia.,c,En caso de colocación de prótesis plástica puede disminuir el número y tamaño de los cálculos.,,2,AD_GALICIA_OPE_2022__EXAM__gal-09__especifico-cast-aparello-dx-20240316193007-cas-pdf.pdf,AD_GALICIA_OPE_2022__CORRECTION__gal-11__fea-aparello-dixestivo-20240514082015-cas-pdf.pdf,new182,65ecc3bed0b674704a7ba98767c5a73ec0e36cef4d601f84f349bfb9d405e853,65ecc3bed0b674704a7ba98767c5a73ec0e36cef4d601f84f349bfb9d405e853
n041,galicia|2022|main|23,Galicia,2022,aparato-digestivo,main,23,Paciente de 32 años que ingiere sustancia cáustica con fines autolíticos. La endoscopia muestra presencia de úlceras profundas y hemorragia con afectación circunferencial. Señale la Clasificación Zargar que corresponde a estos hallazgos endoscópicos:,Zargar IIa.,Zargar IIb.,Zargar IIIa.,Zargar IIIb.,b,Zargar IIb.,,6,AD_GALICIA_OPE_2022__EXAM__gal-09__especifico-cast-aparello-dx-20240316193007-cas-pdf.pdf,AD_GALICIA_OPE_2022__CORRECTION__gal-11__fea-aparello-dixestivo-20240514082015-cas-pdf.pdf,new182,498d5ffa14ed45fd77d6281294f541a4d8ae67eba138f311d6959aa93fb9f3f6,498d5ffa14ed45fd77d6281294f541a4d8ae67eba138f311d6959aa93fb9f3f6
n042,andalucia|2021|cuestionario-teorico|86,Andalucía,2021,aparato-digestivo,cuestionario-teorico,86,¿Cuál de los siguientes fármacos ha demostrado mejorar el dolor frente al placebo en la dispepsia funcional subtipo dolor epigástrico (SDE)?,Fluoxetina,Cinitaprida,Amitriptilina,Sucralfato,c,Amitriptilina,,20,AD_ANDALUCIA_2021_22_LIBRE__EXAM__07__9122-aparato-digestivo-pdf.pdf,AD_ANDALUCIA_2021_22_LIBRE__CORRECTION__09__9122-plantilla-respuestas-def-digestivo-pdf.pdf,new182,7ce6a6bb9d26537fa7f88f9142fb104309d01e1dca1cd89b766fa7c7f28ef821,7ce6a6bb9d26537fa7f88f9142fb104309d01e1dca1cd89b766fa7c7f28ef821
n043,galicia|2022|main|61,Galicia,2022,aparato-digestivo,main,61,En el tratamiento de la ERGE (enfermedad por reflujo gastroesofágico):,Los antisecretores son menos eficaces que los procinéticos.,Los Anti-H2 son más eficaces que los IBP.,Baclofeno constituye una alternativa para el tratamiento de la ERGE refractaria por reflujo no ácido.,Los cambios en el estilo de vida y alimentación no han demostrado mejorar los síntomas de ERGE.,c,Baclofeno constituye una alternativa para el tratamiento de la ERGE refractaria por reflujo no ácido.,,13,AD_GALICIA_OPE_2022__EXAM__gal-09__especifico-cast-aparello-dx-20240316193007-cas-pdf.pdf,AD_GALICIA_OPE_2022__CORRECTION__gal-11__fea-aparello-dixestivo-20240514082015-cas-pdf.pdf,new182,007aa61c27ad654403027c9865b9820bd61d7afe14299627d59171a247b408ef,007aa61c27ad654403027c9865b9820bd61d7afe14299627d59171a247b408ef
n044,andalucia|2022|cuestionario-teorico|51,Andalucía,2022,aparato-digestivo,cuestionario-teorico,51,"Con respecto a la patología diverticular del colon, señale la afirmación correcta:","El sexo femenino, el estreñimiento y la dieta pobre en fibra, son factores de riesgo de aparición de la enfermedad diverticular del colon.",Los AINE son un factor de riesgo reconocido para la hemorragia diverticular.,Actividad física y obesidad carecen de impacto sobre la aparición de diverticulitis aguda.,"El tratamiento crónico con corticoides parece constituir, por su efecto antiinflamatorio, un factor protector para la aparición de diverticulitis.",b,Los AINE son un factor de riesgo reconocido para la hemorragia diverticular.,,14,AD_ANDALUCIA_2022_EXTRAORDINARIA_LIBRE__EXAM__12__revisado-56007-fea-aparato-digestivo-final-pdf.pdf,AD_ANDALUCIA_2022_EXTRAORDINARIA_LIBRE__CORRECTION__14__def-feaapdigestivo-sas-2023-pdf.pdf,new182,4079b6ef6fc5c30aaec189f783a340c1c6932b217d39d21c6dfba9cd4e3c1df4,4079b6ef6fc5c30aaec189f783a340c1c6932b217d39d21c6dfba9cd4e3c1df4
n045,galicia|2016|main|53,Galicia,2016,aparato-digestivo,main,53,"Varón, 55 años, bebedor habitual durante más de 10 años que ingresa por ictericia y ascitis. No refiere otros antecedentes de interés ni episodios previos similares. Analítica: Aumento del VCM sin anemia, GOT 240UI/L; GPT 90 UI/L; GGT 820 UI/L; Bilirrubina 18mg/dl; Albúmina 3.2 gr/dl; Creatinina 1.1 mg/dl; Alargamiento del tiempo de protrombina TP 19s (normal 11-13s). Serologías hepatitis y VIH negativas. Con los valores de bilirrubina y TP se calcula el índice de Maddrey: 45.6 (compatible con hepatitis alcohólica grave). Punción de líquido ascítico descarta infección (leucocitos <250/mm³). Ecografía abdominal: Hepatomegalia e infiltración grasa. Ascitis moderada. Esplenomegalia leve con aumento de calibre de la vena porta. Biopsia hepática transyugular: Esteatosis, hepatocitos balonizados e infiltrado inflamatorio de PMN. ¿Qué actitud terapéutica aconsejarías?","Se trata de un primer episodio de hepatitis alcohólica en un varón joven sin datos de encefalopatía ni alteración de la función renal. Abstinencia alcohólica, soporte nutricional y seguimiento.","Se trata de un primer episodio de hepatitis alcohólica en un varón joven sin datos de encefalopatía ni alteración de la función renal. La ascitis y la insuficiencia hepática que presenta el paciente favorece la aparición de síndrome hepato-renal, instauraría tratamiento iv con Albúmina como prevención de su aparición, abstinencia alcohólica, soporte nutricional y tratamiento con N-acetilcisteína 100mg/kg.",Se trata de una hepatitis alcohólica aguda grave y el paciente no presenta contraindicación para el tratamiento con corticoides. Iniciaría tratamiento con prednisolona 40mg/día y valoraría la respuesta a los 7 días de tratamiento.,Se trata de una hepatitis alcohólica aguda grave subsidiaria de tratamiento con pentoxifilina 400mg/8h. La pentoxifilina tiene la misma eficacia que los esteroides con un mejor perfil de seguridad considerándose de primera elección en estos casos y reservando los esteroides para pacientes refractarios.,c,Se trata de una hepatitis alcohólica aguda grave y el paciente no presenta contraindicación para el tratamiento con corticoides. Iniciaría tratamiento con prednisolona 40mg/día y valoraría la respuesta a los 7 días de tratamiento.,,13,AD_GALICIA_OPE_2016__EXAM__gal-02__aparato-digestivo-cas-20171029192531-cas-pdf.pdf,AD_GALICIA_OPE_2016__CORRECTION__gal-03__aparello-dixestivo-20180201084525-cas-pdf.pdf,new182,a4ce45b0bc47147d8fbba8c25578f0648fd87439e189070042e8ce117b6f085d,a4ce45b0bc47147d8fbba8c25578f0648fd87439e189070042e8ce117b6f085d
n046,comunidad-de-madrid|2021|main|61,Comunidad de Madrid,2021,aparato-digestivo,main,61,¿Cuál de los siguientes es un criterio diagnóstico de colangitis biliar primaria?,Aumento de IgM,Aumento de GGT,ANA>1:80,Histología hepática característica,d,Histología hepática característica,,12,AD_COMUNIDAD_DE_MADRID_2021__EXAM__017_exam_cuestionario-de-examen-f-e-en-aparato-digestivo-sermas-2021.pdf,AD_COMUNIDAD_DE_MADRID_2021__ANSWER_KEY__018_answer-key_plantilla-correctora-f-e-aparato-digestivo-2021.pdf,new182,74fb9da16e6db437069afc71e3499b0d8a1dc8b545158d3ecdf53365d891702f,74fb9da16e6db437069afc71e3499b0d8a1dc8b545158d3ecdf53365d891702f
n047,andalucia|2021|cuestionario-practico|148,Andalucía,2021,aparato-digestivo,cuestionario-practico,148,"Durante el ingreso hospitalario se realizan distintos estudios para filiar la hepatitis aguda que presenta con: • Serologías virus A,B,C,D y E: negativa • VIH, VEB, CMV, adenovirus, VHS negativos. • Autoinmunidad hepática completa: negativa. • Inmunoglobulinas: IgG límite superior 1830. IgM e IgA normales. • Ceruloplasmia y cupruria: normal. Alfa-1AT normal. • Estudio férrico: normal (ferritina, transferrina, hierro sérico e IST). • AngioTAC abdominal: Normal. Pero la paciente en el cuarto día de ingreso en su analítica de seguimiento comienza a mostrar un empeoramiento del INR 2.45 y del TP en segundos, aunque la Bilirrubina total se mantiene en rangos similares al primer control A la exploración sigue destacando la ictericia mucocutánea y la paciente aunque colaboradora, se despista un poco con las respuestas. En este momento cree que lo indicado es:",Realizar una biopsia hepática percutánea,Iniciar tratamiento con fitomenadiona y repetir el control analítico,Traslado a hospital donde se disponga de Unidad de Transplante Hepático,Traslado a UCI para monitorización y realización de biopsia hepática percutanea,c,Traslado a hospital donde se disponga de Unidad de Transplante Hepático,,41,AD_ANDALUCIA_2021_22_LIBRE__EXAM__07__9122-aparato-digestivo-pdf.pdf,AD_ANDALUCIA_2021_22_LIBRE__CORRECTION__09__9122-plantilla-respuestas-def-digestivo-pdf.pdf,new182,02e97f4379cb72980c2231da4ac9df20294c13a26112bbc65d4b66096d5026fd,02e97f4379cb72980c2231da4ac9df20294c13a26112bbc65d4b66096d5026fd
n048,comunidad-de-madrid|2021|main|68,Comunidad de Madrid,2021,aparato-digestivo,main,68,¿Cuál de las siguientes opciones es CORRECTA en relación con la pancreatitis aguda?,Se debe recomendar ayuno durante al menos 48 horas para favorecer el reposo pancreático,En un paciente con pancreatitis aguda que requiera nutrición enteral se recomienda emplear una sonda nasoyeyunal.,El Ringer Lactato ha demostrado reducir la mortalidad frente al suero salino fisiológico,La alimentación oral se puede iniciar con dieta blanda.,d,La alimentación oral se puede iniciar con dieta blanda.,,13,AD_COMUNIDAD_DE_MADRID_2021__EXAM__017_exam_cuestionario-de-examen-f-e-en-aparato-digestivo-sermas-2021.pdf,AD_COMUNIDAD_DE_MADRID_2021__ANSWER_KEY__018_answer-key_plantilla-correctora-f-e-aparato-digestivo-2021.pdf,new182,37aa34a15e2a4aa8c17202b01118af105f52ddf5cfeb91b1d182b8452514033a,37aa34a15e2a4aa8c17202b01118af105f52ddf5cfeb91b1d182b8452514033a
n049,castilla-la-mancha|2022|main|90,Castilla-La Mancha,2022,aparato-digestivo,main,90,¿Cuál de estos parámetros está incluido en el cálculo de la función discriminante de Maddrey para la valoración de la gravedad de la hepatitis alcohólica?,AST,Bilirubina.,GGT,Creatinina,b,Bilirubina.,,16,AD_CASTILLA_LA_MANCHA_2022__EXAM__exam__cuestionario-fea-digestivo.pdf,AD_CASTILLA_LA_MANCHA_2022__CORRECTION__correction__plantilla-correctora-definitiva-fea-aparato-digestivo.pdf,new182,7cf84289489a12a80ed97aca7256de87f0b0fb646fefe60726e7c3210a2eedfa,7cf84289489a12a80ed97aca7256de87f0b0fb646fefe60726e7c3210a2eedfa
n050,galicia|2022|main|98,Galicia,2022,aparato-digestivo,main,98,"Paciente de 73 años, con síntomas dispépticos acompañados de vómitos varios días a la semana. A esta clínica se añade pérdida de peso no intencionada. Exploración física sin hallazgos significativos, salvo IMC bajo. Analítica con anemia ferropénica (no presente hace un año). ¿Qué prueba complementaria está indicada a continuación?:",Ecografía abdominal.,Gastroscopia.,TC tóraco-abdominal.,Manometría esofágica.,b,Gastroscopia.,,20,AD_GALICIA_OPE_2022__EXAM__gal-09__especifico-cast-aparello-dx-20240316193007-cas-pdf.pdf,AD_GALICIA_OPE_2022__CORRECTION__gal-11__fea-aparello-dixestivo-20240514082015-cas-pdf.pdf,new182,55e11ab1a61217594cec673feaa28a92a8a4eaead2ffaeeff243ecb52671a0ed,55e11ab1a61217594cec673feaa28a92a8a4eaead2ffaeeff243ecb52671a0ed
n051,castilla-la-mancha|2022|main|12,Castilla-La Mancha,2022,aparato-digestivo,main,12,Señale la VERDADERA con respecto a la infección por Helicobacter pylori,"Es la infección crónica más prevalente en humanos, afectando aproximadamente al 90% de la población mundial.","Se recomienda que la duración de la terapia cuádruple concomitante sin bismuto (IBP, claritromicina, amoxicilina y metronidazol) sea de 14 días.",Las tasas de resistencia a claritromicina y metronidazol no son importantes para elegir el tratamiento.,"En pacientes con hemorragia digestiva por úlcera péptica y una vez confirmada la erradicación de la infección, se recomienda continuar con tratamiento antisecretor de mantenimiento aunque el paciente no tome fármacos antiinflamatorios.",b,"Se recomienda que la duración de la terapia cuádruple concomitante sin bismuto (IBP, claritromicina, amoxicilina y metronidazol) sea de 14 días.",,3,AD_CASTILLA_LA_MANCHA_2022__EXAM__exam__cuestionario-fea-digestivo.pdf,AD_CASTILLA_LA_MANCHA_2022__CORRECTION__correction__plantilla-correctora-definitiva-fea-aparato-digestivo.pdf,new182,5c06bcb8b23e73880c73773d5fd0d1650954c1b39a26c61d6a6101c8df6783fc,5c06bcb8b23e73880c73773d5fd0d1650954c1b39a26c61d6a6101c8df6783fc
n052,galicia|2019|main|53,Galicia,2019,aparato-digestivo,main,53,"Mujer de 36 años a la que, en una analítica rutinaria, se encuentra elevación de GGT y FA en sangre 5 veces por encima del valor normal. El resto del perfil bioquímico es normal. En el estudio inmunológico se detectan anticuerpos antimitocondriales (AMA) tipo M2 positivos. ¿Cuál es el tratamiento más adecuado?",Metilprednisolona.,Penicilamina.,No requiere tratamiento actualmente con esos valores.,Ácido ursodesoxicólico.,d,Ácido ursodesoxicólico.,,11,AD_GALICIA_OPE_2019__EXAM__gal-05__cas-especifico-digestivo-20210925132858-cas-pdf.pdf,AD_GALICIA_OPE_2019__CORRECTION__gal-07__fea-aparello-dixestivo-20211214124928-cas-pdf.pdf,new182,4b29106d34402ced96ebd9a850a799556ca69b25f9ff642179e261a6e65e0582,4b29106d34402ced96ebd9a850a799556ca69b25f9ff642179e261a6e65e0582
n053,castilla-la-mancha|2022|main|83,Castilla-La Mancha,2022,aparato-digestivo,main,83,En relación con el Hemangioma Hepático señale la afirmación verdadera,"La ecografía convencional no permite realizar el diagnóstico en la práctica clínica, siendo necesario el uso de RNM en la mayoría de los casos.",El embarazo no está contraindicado de forma absoluta.,En todos los casos de hemangiomas se debe realizar un seguimiento ecográfico semestral.,No presentan un patrón característico en las técnicas de imagen dinámicas con contraste.,b,El embarazo no está contraindicado de forma absoluta.,,15,AD_CASTILLA_LA_MANCHA_2022__EXAM__exam__cuestionario-fea-digestivo.pdf,AD_CASTILLA_LA_MANCHA_2022__CORRECTION__correction__plantilla-correctora-definitiva-fea-aparato-digestivo.pdf,new182,d135a359f02967957f5a1b8dd82d2f984907437ee2d7f791a0b3af1a004b94fc,d135a359f02967957f5a1b8dd82d2f984907437ee2d7f791a0b3af1a004b94fc
n054,castilla-la-mancha|2022|main|10,Castilla-La Mancha,2022,aparato-digestivo,main,10,"Según la guía ASGE 2022 para el manejo endoscópico de la esofagitis eosinofílica (EEo), señale la respuesta verdadera",Para el diagnóstico de EEo se deben tomar al menos 12 muestras de biopsia del esófago,Solo es necesario tomar muestras de biopsia del esófago distal para el diagnóstico de EEo.,"En un paciente con sospecha de EEo, se deben obtener muestras de biopsia del esófago independientemente del aspecto endoscópico","El seguimiento tras terapia se basa fundamentalmente en la clínica, sin ser necesario tomar muestras para confirmar la mejoría histológica.",c,"En un paciente con sospecha de EEo, se deben obtener muestras de biopsia del esófago independientemente del aspecto endoscópico",,3,AD_CASTILLA_LA_MANCHA_2022__EXAM__exam__cuestionario-fea-digestivo.pdf,AD_CASTILLA_LA_MANCHA_2022__CORRECTION__correction__plantilla-correctora-definitiva-fea-aparato-digestivo.pdf,new182,8028b49dd105346e708b678a971863087bf20ad495a10acf477baf592e65b5ab,8028b49dd105346e708b678a971863087bf20ad495a10acf477baf592e65b5ab
n055,comunitat-valenciana|2022|main-47-80|60,Comunitat Valenciana,2022,aparato-digestivo,main-47-80,60,La lesión hepática en caso de DILI (Drug Induced Liver Injury) más frecuentemente producida por tamoxifeno es:,Ductopenia.,Peliosis.,Esteatohepatitis.,Necrosis centrolubulillar.,c,Esteatohepatitis.,,19,AD_COMUNITAT_VALENCIANA_2022__EXAM__25__25-comunidad-valenciana-2022-exam-pdf.pdf,AD_COMUNITAT_VALENCIANA_2022__CORRECTION__27__27-comunidad-valenciana-2022-answer-key-definitive-pdf.pdf,new182,1a98630aec40ecff93090d55599d090f0ea41f83e87324191d3795b969a4b394,1a98630aec40ecff93090d55599d090f0ea41f83e87324191d3795b969a4b394
n056,galicia|2022|main|32,Galicia,2022,aparato-digestivo,main,32,"Varón de 45 años, fumador, HTA, obeso, con antecedente de una insuficiencia renal crónica y una cardiopatía isquémica con normalización posterior de la fracción de eyección (FEVI). Presenta un brote grave de colitis ulcerosa refractario a corticoides, ¿Qué opción te parece adecuada teniendo en cuenta el perfil de seguridad de estos fármacos?:",Tofacitinib a dosis de 10 mg c/12 horas durante 8 semanas y posteriormente mantenimiento con 5 mg c/12 horas.,"Infliximab 5 ó 10 mg/kg de peso en semanas 0, 2 y 6 y posterior mantenimiento cada 8 semanas, asociando azatioprina hasta los 6 meses.","Ciclosporina endovenosa, dosis de 2–4 mg/kg de peso al día, hasta conseguir remisión y mantenimiento posterior con vedolizumab 300 mg cada 8 semanas.","Vedolizumab 300 mg iv en semanas 0, 2 y 6 y posterior mantenimiento con 300 mg c/8 semanas.",b,"Infliximab 5 ó 10 mg/kg de peso en semanas 0, 2 y 6 y posterior mantenimiento cada 8 semanas, asociando azatioprina hasta los 6 meses.",,8,AD_GALICIA_OPE_2022__EXAM__gal-09__especifico-cast-aparello-dx-20240316193007-cas-pdf.pdf,AD_GALICIA_OPE_2022__CORRECTION__gal-11__fea-aparello-dixestivo-20240514082015-cas-pdf.pdf,new182,e8dc180c9248fc165164d5c85a1d9e327b659828f583da77d174ec0cdf50c4e7,e8dc180c9248fc165164d5c85a1d9e327b659828f583da77d174ec0cdf50c4e7
n057,la-rioja|2024|main|14,La Rioja,2024,aparato-digestivo,main,14,¿Cuál es el marcador inmunohistoquímico más útil para diagnosticar un tumor neuroendocrino digestivo?:,CK20.,CD117.,Cromogranina A.,Desmina.,c,Cromogranina A.,,6,AD_LA_RIOJA_2023_2024__EXAM__exam__fea-aparato-digestivo-2025.pdf,AD_LA_RIOJA_2023_2024__CORRECTION__correction__plantilla-respuestas-modificada-fea-aparato-digestivo-2025.pdf,new182,4d6428858e6cf30062e333d1a614b4b322eaf3b672a6e9c3b77830c39f0f10cb,4d6428858e6cf30062e333d1a614b4b322eaf3b672a6e9c3b77830c39f0f10cb
n058,galicia|2016|main|90,Galicia,2016,aparato-digestivo,main,90,"El estadio de un adenocarcinoma sobre mucosa metaplásica de Barrett, que invade la muscularis mucosa es:",T1a m1,T1b sm1,T1a m3,T1a m2,c,T1a m3,,22,AD_GALICIA_OPE_2016__EXAM__gal-02__aparato-digestivo-cas-20171029192531-cas-pdf.pdf,AD_GALICIA_OPE_2016__CORRECTION__gal-03__aparello-dixestivo-20180201084525-cas-pdf.pdf,new182,ea588265773e994218ddfa867c41f09a3b741a87bb600ac7596f0783b69b37ec,ea588265773e994218ddfa867c41f09a3b741a87bb600ac7596f0783b69b37ec
n059,aragon|2017|main|78,Aragón,2017,aparato-digestivo,main,78,¿Cuál se considera la pauta antibiótica de elección tras la realización de una punción guiada por econdoscopia de una lesión sólida pancreática según las recomendaciones de la Sociedad Americana de Endoscopia Digestiva?,Quinolonas 7 días.,Quinolonas 3 días.,No se requiere antibioterapia.,Quinolonas 5 días.,c,No se requiere antibioterapia.,,29,AD_ARAGON_2017__EXAM__exam__cuadernillo-del-examen-de-la-categoria-de-aparato-digestivo-que-fue-realizado-el.pdf,AD_ARAGON_2017__ANSWER_KEY__answer-key__plantilla-de-respuestas-del-examen-de-la-categoria-de-aparato-digestivo-que-fue-.pdf,new182,e561c38bd382acba9bbccf1e9420207f85f1215b933f8206c841fa9cbd43c02d,e561c38bd382acba9bbccf1e9420207f85f1215b933f8206c841fa9cbd43c02d
n060,comunidad-de-madrid|2021|main|93,Comunidad de Madrid,2021,aparato-digestivo,main,93,¿Cuál es el tratamiento inicial indicado para una estenosis biliar post-trasplante?,Acido ursodeoxicolico,Tratamiento endoscopico con colocacion de protesis,Cirugia derivativa biliar,Retrasplante precoz,b,Tratamiento endoscopico con colocacion de protesis,,18,AD_COMUNIDAD_DE_MADRID_2021__EXAM__017_exam_cuestionario-de-examen-f-e-en-aparato-digestivo-sermas-2021.pdf,AD_COMUNIDAD_DE_MADRID_2021__ANSWER_KEY__018_answer-key_plantilla-correctora-f-e-aparato-digestivo-2021.pdf,new182,e11dd4ac020f0fca460d6f85d44d35b9e76467a7906b337be357f486af3fd12d,e11dd4ac020f0fca460d6f85d44d35b9e76467a7906b337be357f486af3fd12d
n061,comunitat-valenciana|2022|main-47-80|62,Comunitat Valenciana,2022,aparato-digestivo,main-47-80,62,¿Cuál de las siguientes pruebas es más fiable para detectar consumo de alcohol en un paciente con sospecha de enfermedad hepática alcohólica?,GOT aumentada.,Gamma GT aumentada.,Transferrina deficiente en carbohidratos.,Aumento de VCM.,c,Transferrina deficiente en carbohidratos.,,19,AD_COMUNITAT_VALENCIANA_2022__EXAM__25__25-comunidad-valenciana-2022-exam-pdf.pdf,AD_COMUNITAT_VALENCIANA_2022__CORRECTION__27__27-comunidad-valenciana-2022-answer-key-definitive-pdf.pdf,new182,42e048de99243f24fd9f20d8e2b68104c6b34022c55b623b34dc04cea80b4e72,42e048de99243f24fd9f20d8e2b68104c6b34022c55b623b34dc04cea80b4e72
n062,la-rioja|2021|main|18,La Rioja,2021,aparato-digestivo,main,18,"En relación a la elastosonografía hepática, señale la respuesta verdadera:","A diferencia de la elastografía de transición (Fibroscan®), no precisa ayunas.",La elastosonografía cuantitativa (shear-wave) precisa comparar datos antes y después de ejercer presión mediante un compresor externo (transductor) o una función fisiológica (respiración).,El ROI (region of interest) en la elastografía 2D shear-wave debe situarse en un área libre de vasos entre 1 y 6 cm bajo la cápsula hepática.,La precisión diagnóstica de cirrosis en VHC es muy inferior respecto a la elastografía de transición (Fibroscan®).,c,El ROI (region of interest) en la elastografía 2D shear-wave debe situarse en un área libre de vasos entre 1 y 6 cm bajo la cápsula hepática.,,9,AD_LA_RIOJA_2020_2021__EXAM__exam__fea-aparato-digestivo-2021.pdf,AD_LA_RIOJA_2020_2021__CORRECTION__correction__plantilla-respuestas-modificada-fea-aparato-digestivo-2021.pdf,new182,fe1425968450e0af09a16d154a8ea01246b092ee42c0e7c4283e210c002d2095,fe1425968450e0af09a16d154a8ea01246b092ee42c0e7c4283e210c002d2095
n063,andalucia|2021|cuestionario-teorico|83,Andalucía,2021,aparato-digestivo,cuestionario-teorico,83,¿Cuál es la complicación digestiva más frecuente en la fibrosis quística?,El reflujo gastroesofágico.,El sobrecrecimiento bacteriano.,La insuficiencia pancreática exocrina.,El estreñimiento.,c,La insuficiencia pancreática exocrina.,,19,AD_ANDALUCIA_2021_22_LIBRE__EXAM__07__9122-aparato-digestivo-pdf.pdf,AD_ANDALUCIA_2021_22_LIBRE__CORRECTION__09__9122-plantilla-respuestas-def-digestivo-pdf.pdf,new182,d6eb08794ba9ad7647f0382d3b5e3cd4f13c8ae00a1f009ffac7259ddd13900b,d6eb08794ba9ad7647f0382d3b5e3cd4f13c8ae00a1f009ffac7259ddd13900b
n064,aragon|2017|main|75,Aragón,2017,aparato-digestivo,main,75,"En la disfunción del esfínter de Oddi tipo III, ¿cómo están los enzimas hepáticos y el conducto biliar común?",Enzimas hepáticos alterados y conducto biliar normal.,Enzimas hepáticos normales y conducto biliar dilatado.,Enzimas hepáticos normales y conducto biliar normal.,Enzimas hepáticos alterados y conducto biliar dilatado.,c,Enzimas hepáticos normales y conducto biliar normal.,,27,AD_ARAGON_2017__EXAM__exam__cuadernillo-del-examen-de-la-categoria-de-aparato-digestivo-que-fue-realizado-el.pdf,AD_ARAGON_2017__ANSWER_KEY__answer-key__plantilla-de-respuestas-del-examen-de-la-categoria-de-aparato-digestivo-que-fue-.pdf,new182,062e668bcac1984c2937722153bbd5a43374f117619688a868f433f472a0dd77,062e668bcac1984c2937722153bbd5a43374f117619688a868f433f472a0dd77
n065,andalucia|2022|reserva|151,Andalucía,2022,aparato-digestivo,reserva,151,"Una mujer de 45 años de edad, con sospecha de disfunción del esfínter de Oddi, se somete a una CPRE por elevación de enzimas hepáticas y dolor abdominal leve persistente. La canulación es difícil y requiere un precorte para el acceso a la vía biliar. Tras el procedimiento la paciente desarrolla un dolor abdominal grave, con elevación de las cifras de lipasa hasta 2.000 UI/L. Otros parámetros de laboratorio son normales. ¿Cuál de las siguientes medidas podrían haberse empleado para evitar esta complicación?",Inserción de un stent biliar.,Esfinterotomía pancreática.,Parche previo de nitroglicerina.,Indometacina rectal.,d,Indometacina rectal.,,43,AD_ANDALUCIA_2022_EXTRAORDINARIA_LIBRE__EXAM__12__revisado-56007-fea-aparato-digestivo-final-pdf.pdf,AD_ANDALUCIA_2022_EXTRAORDINARIA_LIBRE__CORRECTION__14__def-feaapdigestivo-sas-2023-pdf.pdf,new182,66f17c182747443af0c46f7af84b68457638a9acf249adda4c17b29c7f63e7b4,66f17c182747443af0c46f7af84b68457638a9acf249adda4c17b29c7f63e7b4
n066,andalucia|2021|cuestionario-teorico|77,Andalucía,2021,aparato-digestivo,cuestionario-teorico,77,¿Cuál es el tratamiento inicial de elección para una proctitis ulcerosa con actividad leve-moderada?,Mesalazina oral,Mesalazina en forma de supositorios,Combinación de Mesalazina oral y tópica,Beclometasona,b,Mesalazina en forma de supositorios,,18,AD_ANDALUCIA_2021_22_LIBRE__EXAM__07__9122-aparato-digestivo-pdf.pdf,AD_ANDALUCIA_2021_22_LIBRE__CORRECTION__09__9122-plantilla-respuestas-def-digestivo-pdf.pdf,new182,e94d7fc0b5ed4686a72db98c98b89b8824c0764083497c3a0df11f3ac52847bc,e94d7fc0b5ed4686a72db98c98b89b8824c0764083497c3a0df11f3ac52847bc
n067,galicia|2022|main|84,Galicia,2022,aparato-digestivo,main,84,"Paciente de 75 años, con historia previa de hemorragia digestiva alta secundaria a úlcera gástrica y a tratamiento con corticoides por polimialgia reumática. El paciente presenta una artritis a estudio que precisa tratamiento con AINEs para control sintomático. Tras evaluación exhaustiva del paciente, se determina un riesgo cardiovascular bajo. ¿Qué tratamiento indicaría en este paciente?:",Naproxeno e IBP.,AINEs clásicos e IBP.,COXIB e IBP.,Naproxeno y Misoprostol.,c,COXIB e IBP.,,17,AD_GALICIA_OPE_2022__EXAM__gal-09__especifico-cast-aparello-dx-20240316193007-cas-pdf.pdf,AD_GALICIA_OPE_2022__CORRECTION__gal-11__fea-aparello-dixestivo-20240514082015-cas-pdf.pdf,new182,8cbb10bad732714a984c6fc613188ae3f51c74e106ed186af6ba6dcd04326a15,8cbb10bad732714a984c6fc613188ae3f51c74e106ed186af6ba6dcd04326a15
n068,castilla-la-mancha|2017|main|36,Castilla-La Mancha,2017,aparato-digestivo,main,36,"Con respecto al estudio genético en la enfermedad celiaca, señale la opción correcta",La tipificación HLA tiene un alto valor predictivo positivo.,"La tipificación HLA tiene un valor predictivo negativo bajo, por lo que no es útil para el cribado en grupos de mayor prevalencia.","Casi todos los pacientes con títulos de anticuerpos anti-transglutaminasa mas de 10 veces sobre el límite superior normal, anticuerpos antiendomisio positivos y lesión histológica son DQ2 / DQ8, por lo que el tipaje HLA no sería imprescindible para confirmar el estudio sin biopsia intestinal.",El estudio HLA no es útil en casos de duda diagnóstica.,c,"Casi todos los pacientes con títulos de anticuerpos anti-transglutaminasa mas de 10 veces sobre el límite superior normal, anticuerpos antiendomisio positivos y lesión histológica son DQ2 / DQ8, por lo que el tipaje HLA no sería imprescindible para confirmar el estudio sin biopsia intestinal.",,7,AD_CASTILLA_LA_MANCHA_2017_2018__EXAM__exam__cuestionario-fea-aparato-digestivo.pdf,AD_CASTILLA_LA_MANCHA_2017_2018__CORRECTION__correction__plantilla-correctora-definitiva-fea-aparato-digestivo.pdf,new182,85b9c2fb6ee40bf1f16aa95f5c0cead7228568a2e2aa40081b0021efa0c4a3fc,85b9c2fb6ee40bf1f16aa95f5c0cead7228568a2e2aa40081b0021efa0c4a3fc
n069,castilla-la-mancha|2022|main|74,Castilla-La Mancha,2022,aparato-digestivo,main,74,Señale la opción verdadera en relación con la Biopsia Hepática,En la actualidad ya no existen indicaciones para realizar biopsia hepática.,El consentimiento informado no es necesario dado que las complicaciones son muy raras.,El uso de sedación ligera es seguro para realizar la biopsia hepática percutánea.,El diámetro de la aguja utilizada debe ser de 20 gauge en la biopsia percutánea.,c,El uso de sedación ligera es seguro para realizar la biopsia hepática percutánea.,,13,AD_CASTILLA_LA_MANCHA_2022__EXAM__exam__cuestionario-fea-digestivo.pdf,AD_CASTILLA_LA_MANCHA_2022__CORRECTION__correction__plantilla-correctora-definitiva-fea-aparato-digestivo.pdf,new182,9105ad0ca64066733d0de2499e19b9de9dba1dd9ebdc95c9922f5a163880ea0c,9105ad0ca64066733d0de2499e19b9de9dba1dd9ebdc95c9922f5a163880ea0c
n070,comunitat-valenciana|2022|main-47-80|50,Comunitat Valenciana,2022,aparato-digestivo,main-47-80,50,"A un paciente de 57 años se le realiza una colonoscopia hasta ciego, con una preparación de Boston de 8 puntos, resecándose 2 pólipos sésiles (Paris 0-Is) de forma completa y no fragmentada: un adenoma tubular con displasia de bajo grado de 6mm y un adenoma serrado sésil de 6mm con displasia. ¿Cuál sería la recomendación de seguimiento según las últimas recomendaciones de la guía de vigilancia postpolipectomía de la Sociedad Europea de Endoscopia Digestiva (ESGE) de 2020?",Vuelta al programa de cribado de CCR.,Colonoscopia en 1 año.,Colonoscopia en 3 años.,Colonoscopia en 5 años.,c,Colonoscopia en 3 años.,,16,AD_COMUNITAT_VALENCIANA_2022__EXAM__25__25-comunidad-valenciana-2022-exam-pdf.pdf,AD_COMUNITAT_VALENCIANA_2022__CORRECTION__27__27-comunidad-valenciana-2022-answer-key-definitive-pdf.pdf,new182,34472ffbb41629a3b01f00082bcc6f48d23896b169338880d605923b0d9726c2,34472ffbb41629a3b01f00082bcc6f48d23896b169338880d605923b0d9726c2
n071,la-rioja|2021|main|10,La Rioja,2021,aparato-digestivo,main,10,"Un paciente que ha requerido una resección ileocecal por enfermedad de Crohn hace 18 meses presenta en una colonoscopia 9 meses tras la intervención un índice de Rutgeerts i1. Desde hace 3 meses presenta dolor abdominal de tipo cólico y distensión abdominal. Se realiza una analítica general donde todos los parámetros de inflamación son estrictamente normales y una calprotectina fecal de 80 mcg/g. Ante esta situación, señale la respuesta correcta:","A pesar de tener analítica normal, el paciente presenta una calprotectina fecal elevada y es muy probable que tenga recurrencia postquirúrgica.","Probablemente se trate de un trastorno funcional, ya que tanto la analítica como la calprotectina fecal son normales.","Con este valor de calprotectina fecal y esta clínica, convendría realizar una entero-resonancia magnética, ya que la probabilidad de estenosis es alta.",Es necesario realizar una dilatación endoscópica de la anastomosis ileocólica para poder valorar el neoíleon terminal.,c,"Con este valor de calprotectina fecal y esta clínica, convendría realizar una entero-resonancia magnética, ya que la probabilidad de estenosis es alta.",,6,AD_LA_RIOJA_2020_2021__EXAM__exam__fea-aparato-digestivo-2021.pdf,AD_LA_RIOJA_2020_2021__CORRECTION__correction__plantilla-respuestas-modificada-fea-aparato-digestivo-2021.pdf,new182,ef72bceae34d002304968d47b0112c02b9755eac6a86b9657299c87baf4d6ce9,ef72bceae34d002304968d47b0112c02b9755eac6a86b9657299c87baf4d6ce9
n072,galicia|2019|main|45,Galicia,2019,aparato-digestivo,main,45,"Referido a las pancreatitis agudas biliares, señale la respuesta CORRECTA:",La mortalidad en la primera semana se debe principalmente a infección de la necrosis.,La CPRL precoz en ausencia de colangitis mejora la evolución.,La nutrición parenteral precoz disminuye la mortalidad en las pancreatitis agudas graves.,En pancreatitis aguda leve se recomienda realizar la colecistectomía durante el mismo ingreso hospitalario o de forma precoz.,d,En pancreatitis aguda leve se recomienda realizar la colecistectomía durante el mismo ingreso hospitalario o de forma precoz.,,10,AD_GALICIA_OPE_2019__EXAM__gal-05__cas-especifico-digestivo-20210925132858-cas-pdf.pdf,AD_GALICIA_OPE_2019__CORRECTION__gal-07__fea-aparello-dixestivo-20211214124928-cas-pdf.pdf,new182,e962541dd154ff9d005369d0a033f72a25e2b52a9a14a61dd50b8c489219f6e5,e962541dd154ff9d005369d0a033f72a25e2b52a9a14a61dd50b8c489219f6e5
n073,galicia|2016|main|13,Galicia,2016,aparato-digestivo,main,13,¿Cuál de las siguientes afirmaciones es correcta con respecto a los cuerpos extraños digestivos?.,Solamente está recomendada la realización de radiografía de torax y abdomen cuando existe sospecha de hueso.,"En el bolo alimenticio, a pesar de que no se observe hueso en la radiología, no se debe demorar su extracción más de 3h.",La ingesta de coca-cola previa a la endoscopia ha demostrado científicamente ser eficaz en la extracción de cuerpos extraños tipo bolo de carne.,"En casos como cepillos de dientes la extracción es inevitable, ya que no pasará el duodeno.",d,"En casos como cepillos de dientes la extracción es inevitable, ya que no pasará el duodeno.",,5,AD_GALICIA_OPE_2016__EXAM__gal-02__aparato-digestivo-cas-20171029192531-cas-pdf.pdf,AD_GALICIA_OPE_2016__CORRECTION__gal-03__aparello-dixestivo-20180201084525-cas-pdf.pdf,new182,149ff2622c79d566513b52352a36da8f8190ddcaf1c990364ea054492207cf83,149ff2622c79d566513b52352a36da8f8190ddcaf1c990364ea054492207cf83
n074,region-de-murcia|2019|main|10,Región de Murcia,2019,aparato-digestivo,main,10,"Para describir la extensión de un Esófago de Barrett, se sugiere el empleo de:",La clasificación de Savary-Miller modificada.,La clasificación de París.,La clasificación de Los Ángeles.,La clasificación de Praga.,d,La clasificación de Praga.,,2,AD_REGION_DE_MURCIA_2019__EXAM__021_exam_apa-dig-lb-a-examen-turno-libre-modelo-a.pdf,AD_REGION_DE_MURCIA_2019__ANSWER_KEY__022_answer-key_apa-dig-plantilla-respuestas-corregida-turno-libre-modelo-a.pdf,new182,cee5f4fe0fd7822ae067e303c812984bdc63a730c264caae7632200354e6d96a,cee5f4fe0fd7822ae067e303c812984bdc63a730c264caae7632200354e6d96a
n075,comunidad-de-madrid|2021|main|56,Comunidad de Madrid,2021,aparato-digestivo,main,56,"La acalasia tipo III (espástica), identificada a través de un estudio manométrico de alta resolución, se caracteriza por la ausencia de relajación del esfínter esofágico inferior (EEI), con un IRP4 superior al valor de normalidad, y:",Presurización panesofágica en más del 20% de las degluciones secas.,Ausencia de ondas peristálticas y registro de al menos 20% de ondas prematuras.,Peristalsis fallida en el 100% de las degluciones líquidas y ausencia de presurización esofágica,Relajaciones inadecuadas de la unión esófago-gástricas en más del 50% de las degluciones líquidas.,b,Ausencia de ondas peristálticas y registro de al menos 20% de ondas prematuras.,,11,AD_COMUNIDAD_DE_MADRID_2021__EXAM__017_exam_cuestionario-de-examen-f-e-en-aparato-digestivo-sermas-2021.pdf,AD_COMUNIDAD_DE_MADRID_2021__ANSWER_KEY__018_answer-key_plantilla-correctora-f-e-aparato-digestivo-2021.pdf,new182,fb3be85beeade4e1f4e12a07903970aea868ec979b16450ec9b2b2cd41e34c42,fb3be85beeade4e1f4e12a07903970aea868ec979b16450ec9b2b2cd41e34c42
n076,comunidad-de-madrid|2021|main|41,Comunidad de Madrid,2021,aparato-digestivo,main,41,"Para pacientes con un adenoma de ≥10 mm o con displasia de alto grado, la Sociedad Europea de Endoscopia Gastrointestinal (ESGE) recomienda una colonoscopia de vigilancia después de:",1 año,3 años,5 años,10 años,b,3 años,,9,AD_COMUNIDAD_DE_MADRID_2021__EXAM__017_exam_cuestionario-de-examen-f-e-en-aparato-digestivo-sermas-2021.pdf,AD_COMUNIDAD_DE_MADRID_2021__ANSWER_KEY__018_answer-key_plantilla-correctora-f-e-aparato-digestivo-2021.pdf,new182,3d8243ddc3dfe6db19717f5ea3bdb79fa28207436c38ae35bd44e82f1b696d71,3d8243ddc3dfe6db19717f5ea3bdb79fa28207436c38ae35bd44e82f1b696d71
n077,comunidad-de-madrid|2021|main|111,Comunidad de Madrid,2021,aparato-digestivo,main,111,"Para la extracción de pólipos diminutos, la Sociedad Europea de Endoscopia Gastrointestinal (ESGE) recomienda incluir un margen claro de tejido normal de:",10 mm,1–2 mm,5 mm,No se requiere margen,b,1–2 mm,,20,AD_COMUNIDAD_DE_MADRID_2021__EXAM__017_exam_cuestionario-de-examen-f-e-en-aparato-digestivo-sermas-2021.pdf,AD_COMUNIDAD_DE_MADRID_2021__ANSWER_KEY__018_answer-key_plantilla-correctora-f-e-aparato-digestivo-2021.pdf,new182,e15421c9aae33a0ddf1e2fac89034a65596aabcf2fd32e0c7c1f7dfdb4936de5,e15421c9aae33a0ddf1e2fac89034a65596aabcf2fd32e0c7c1f7dfdb4936de5
n078,comunidad-de-madrid|2021|main|92,Comunidad de Madrid,2021,aparato-digestivo,main,92,¿Cuál es el factor de riesgo más comúnmente asociado a la trombosis portal no cirrótica?,Insuficiencia cardíaca congestiva,Enfermedad de Behçet,Hipertensión arterial,Trastornos hereditarios de la coagulación,d,Trastornos hereditarios de la coagulación,,17,AD_COMUNIDAD_DE_MADRID_2021__EXAM__017_exam_cuestionario-de-examen-f-e-en-aparato-digestivo-sermas-2021.pdf,AD_COMUNIDAD_DE_MADRID_2021__ANSWER_KEY__018_answer-key_plantilla-correctora-f-e-aparato-digestivo-2021.pdf,new182,b70c99e797cd6cad8f525f0ae348f0bd0952e27987af3972bee8c414446ea467,b70c99e797cd6cad8f525f0ae348f0bd0952e27987af3972bee8c414446ea467
n079,andalucia|2021|cuestionario-teorico|19,Andalucía,2021,aparato-digestivo,cuestionario-teorico,19,Señale la opción correcta sobre la ectasia vascular antral:,La erradicación de H. pylori revierte la GAVE,Las biopsias gástricas permiten diferenciar la ectasia vascular antral de la gastropatía de la hipertensión portal,En pacientes con hemorragia refractaria a tratamiento endoscópico por GAVE se debe colocar un TIPS,La profilaxis secundaria se debe hacer con beta-bloqueantes,b,Las biopsias gástricas permiten diferenciar la ectasia vascular antral de la gastropatía de la hipertensión portal,,6,AD_ANDALUCIA_2021_22_LIBRE__EXAM__07__9122-aparato-digestivo-pdf.pdf,AD_ANDALUCIA_2021_22_LIBRE__CORRECTION__09__9122-plantilla-respuestas-def-digestivo-pdf.pdf,new182,30e9598c7fdfb10ad72165f900cfd238c44474c6b32ec128403a3fc68e235cc4,30e9598c7fdfb10ad72165f900cfd238c44474c6b32ec128403a3fc68e235cc4
n080,la-rioja|2024|main|63,La Rioja,2024,aparato-digestivo,main,63,¿Cuál es la manifestación extraintestinal cutánea más frecuente en la enfermedad inflamatoria intestinal?:,Pioderma gangrenoso.,Eritema nodoso.,Síndrome de Sweet.,Pioestomatitis vegetante.,b,Eritema nodoso.,,16,AD_LA_RIOJA_2023_2024__EXAM__exam__fea-aparato-digestivo-2025.pdf,AD_LA_RIOJA_2023_2024__CORRECTION__correction__plantilla-respuestas-modificada-fea-aparato-digestivo-2025.pdf,new182,70a11b48d03dacc5eef6414c018eac3360ec6056e7725cc01d30fac219fb2698,70a11b48d03dacc5eef6414c018eac3360ec6056e7725cc01d30fac219fb2698
n081,galicia|2016|main|17,Galicia,2016,aparato-digestivo,main,17,"En un paciente con colangitis esclerosante primaria y colitis ulcerosa en remisión, se le realiza una colonoscopia y se detectan lesiones invisibles con displasia de alto grado confirmadas por dos patólogos. ¿Que actitud se debe tomar ante este paciente según las recomendaciones ESGE/AESL?.",Cromoendoscopia con biopsias múltiples en 3 meses.,Nueva colonoscopia con biopsias múltiples en 3 meses.,Endomicroscopía confocal con biopsias en 3 meses.,Realizar proctocolectomía.,d,Realizar proctocolectomía.,,6,AD_GALICIA_OPE_2016__EXAM__gal-02__aparato-digestivo-cas-20171029192531-cas-pdf.pdf,AD_GALICIA_OPE_2016__CORRECTION__gal-03__aparello-dixestivo-20180201084525-cas-pdf.pdf,new182,b8c90bc0332aefc8c19545acd235d60659c903b871029f1bef4cba619552c768,b8c90bc0332aefc8c19545acd235d60659c903b871029f1bef4cba619552c768
n082,andalucia|2021|cuestionario-teorico|20,Andalucía,2021,aparato-digestivo,cuestionario-teorico,20,En una mujer de 82 años con adenocarcinoma gástrico se aprecia una lesión periumbilical. Se trata de una lesión metastásica denominada:,Adenopatía de Wirchows,Tumor de Krukenberg,Nódulo de la hermana María José,Metástasis de Blumer,c,Nódulo de la hermana María José,,7,AD_ANDALUCIA_2021_22_LIBRE__EXAM__07__9122-aparato-digestivo-pdf.pdf,AD_ANDALUCIA_2021_22_LIBRE__CORRECTION__09__9122-plantilla-respuestas-def-digestivo-pdf.pdf,new182,c5029dc47be13813d5a2ceaf5cf026726cf980babf5ceab209f770b9d0647c74,c5029dc47be13813d5a2ceaf5cf026726cf980babf5ceab209f770b9d0647c74
n083,castilla-la-mancha|2022|main|45,Castilla-La Mancha,2022,aparato-digestivo,main,45,"Según la clasificación de Montreal para la Enf. Crohn, un varón con debut de la enfermedad a los 35 años, localización ileocolónica y patrón estenosante se correspondería a",A1L2LB2,A2L3B2,A3L2B1,A1L1B3,b,A2L3B2,,9,AD_CASTILLA_LA_MANCHA_2022__EXAM__exam__cuestionario-fea-digestivo.pdf,AD_CASTILLA_LA_MANCHA_2022__CORRECTION__correction__plantilla-correctora-definitiva-fea-aparato-digestivo.pdf,new182,c2ab722556b06eba0bc6794496c36ad073098f010dc48fe2ccc9995dd203db1a,c2ab722556b06eba0bc6794496c36ad073098f010dc48fe2ccc9995dd203db1a
n084,la-rioja|2021|main|95,La Rioja,2021,aparato-digestivo,main,95,En los mecanismos fisiopatológicos de la esofagitis eosinofílica es cierto:,Son mecanismos claramente conocidos.,No se trata de un proceso inflamatorio de etiología inmunoalérgica.,Es necesario una barrera epitelial alterada para que los antígenos alimentarios penetren en el epitelio.,En este proceso inflamatorio no participan células T ni células B.,c,Es necesario una barrera epitelial alterada para que los antígenos alimentarios penetren en el epitelio.,,33,AD_LA_RIOJA_2020_2021__EXAM__exam__fea-aparato-digestivo-2021.pdf,AD_LA_RIOJA_2020_2021__CORRECTION__correction__plantilla-respuestas-modificada-fea-aparato-digestivo-2021.pdf,new182,4e43db13a7394bfc327af73231c075ec16b643e5a4bf7857c2d0bc3783cc7d36,4e43db13a7394bfc327af73231c075ec16b643e5a4bf7857c2d0bc3783cc7d36
n085,andalucia|2021|cuestionario-teorico|96,Andalucía,2021,aparato-digestivo,cuestionario-teorico,96,"En el tratamiento de la hepatitis autoinmune, en el caso de intolerancia a Azatioprina, el tratamiento de segunda línea según las guías europeas es:",Interferon Alfa,Corticoides a dosis plenas,Micofenolato o 6-Mercatopurina,Tacrólimus con o sin corticoides,c,Micofenolato o 6-Mercatopurina,,22,AD_ANDALUCIA_2021_22_LIBRE__EXAM__07__9122-aparato-digestivo-pdf.pdf,AD_ANDALUCIA_2021_22_LIBRE__CORRECTION__09__9122-plantilla-respuestas-def-digestivo-pdf.pdf,new182,c007f2fa5e6569055b8606b6d320ca4826ff01039970c6ea47364a3321da3be3,c007f2fa5e6569055b8606b6d320ca4826ff01039970c6ea47364a3321da3be3
n086,castilla-la-mancha|2017|main|32,Castilla-La Mancha,2017,aparato-digestivo,main,32,Si una paciente con colitis ulcerosa en tratamiento con Azatioprina asintomática se queda embarazada deberemos,Suspender Azatioprina y pautar Mesalazina.,Suspender Azatioprina y dejarla sin tratamiento.,Mantener Azatioprina.,Mandar a la paciente al Ginecólogo y que decida él.,c,Mantener Azatioprina.,,7,AD_CASTILLA_LA_MANCHA_2017_2018__EXAM__exam__cuestionario-fea-aparato-digestivo.pdf,AD_CASTILLA_LA_MANCHA_2017_2018__CORRECTION__correction__plantilla-correctora-definitiva-fea-aparato-digestivo.pdf,new182,ed6973c3a3617f5bfc7a3ccad38ccfd56be64de6ff47d0e1ca868ec638f34c0a,ed6973c3a3617f5bfc7a3ccad38ccfd56be64de6ff47d0e1ca868ec638f34c0a
n087,la-rioja|2021|main|61,La Rioja,2021,aparato-digestivo,main,61,Entre los nuevos fármacos para el estreñimiento crónico se encuentra la prucaloprida cuyo mecanismo de acción es:,Activador de los canales del calcio.,Agonista con afinidad por el receptor de serotonina 5-HT4.,Agonista del receptor de la guanilato ciclasa.,Agonista de los receptores opioides mu.,b,Agonista con afinidad por el receptor de serotonina 5-HT4.,,23,AD_LA_RIOJA_2020_2021__EXAM__exam__fea-aparato-digestivo-2021.pdf,AD_LA_RIOJA_2020_2021__CORRECTION__correction__plantilla-respuestas-modificada-fea-aparato-digestivo-2021.pdf,new182,75cfd1dae4feec21cf33492ae35a76a8f2de6a1444f02509a82171ccd3f6dd81,75cfd1dae4feec21cf33492ae35a76a8f2de6a1444f02509a82171ccd3f6dd81
n088,castilla-y-leon|2019|main|43,Castilla y León,2019,aparato-digestivo,main,43,"De los siguientes, señale el factor de riesgo más importante en relación con las úlceras por consumo de AINE:",Infección por H. pylori.,Antecedentes de úlcera complicada.,Uso de glucocorticoides.,Edad > 70 años.,b,Antecedentes de úlcera complicada.,,11,AD_CASTILLA_Y_LEON_2019__EXAM__044_exam_examen-le-aparato-digestivo-orden-san-139-2020.pdf,AD_CASTILLA_Y_LEON_2019__ANSWER_KEY__045_answer-key_plantilla-respuestas-correctas-l-e-aparato-digestivo-orden-s.pdf,new182,5671de60c0edfc57dad5062c90dee8b278a8aa10ae9af7d452c52bbc390042d8,5671de60c0edfc57dad5062c90dee8b278a8aa10ae9af7d452c52bbc390042d8
n089,castilla-y-leon|2019|main|144,Castilla y León,2019,aparato-digestivo,main,144,Paciente varón de 40 años sin antecedentes de interés en el que se realiza gastroscopia por pirosis y sensación de distensión abdominal de 5 años de evolución. En ella se observan múltiples imágenes polipoideas en cuerpo distal y antro. De las siguientes cual es la actitud correcta.,Probablemente se traten de pólipos asociados a la toma de IBPs por lo que se debe suspender y tratar con procinéticos.,Se debe investigar y tratar la infección por helicobacter Pylori porque lo más probable es que sean pólipos hiperplásicos.,Solo se debe biopsiar si alguno de ellos mide más de 10 mm.,Si son más de 10 pólipos se debe remitir al paciente para gastrectomía subtotal.,b,Se debe investigar y tratar la infección por helicobacter Pylori porque lo más probable es que sean pólipos hiperplásicos.,,33,AD_CASTILLA_Y_LEON_2019__EXAM__044_exam_examen-le-aparato-digestivo-orden-san-139-2020.pdf,AD_CASTILLA_Y_LEON_2019__ANSWER_KEY__045_answer-key_plantilla-respuestas-correctas-l-e-aparato-digestivo-orden-s.pdf,new182,c0f2935ef7a049e3dc9bfcf4a7345878e75e4ed8357fe052173992dfe892b7a8,c0f2935ef7a049e3dc9bfcf4a7345878e75e4ed8357fe052173992dfe892b7a8
n090,comunitat-valenciana|2022|main|16,Comunitat Valenciana,2022,aparato-digestivo,main,16,"Según las recomendaciones de la European Society of Gastrointestinal Endoscopy (ESGE) (2021), ¿cuál es el umbral de Hemoglobina recomendado a la hora de realizar una transfusión de glóbulos rojos en pacientes hemodinámicamente estables con hemorragia digestiva baja aguda y sin antecedentes de enfermedad cardiovascular?",< ó = 8 g/dl,< ó = 6 g/dl,< ó = 7 g/dl,< ó = 7.5 g/dl,c,< ó = 7 g/dl,,7,AD_COMUNITAT_VALENCIANA_2022__EXAM__25__25-comunidad-valenciana-2022-exam-pdf.pdf,AD_COMUNITAT_VALENCIANA_2022__CORRECTION__27__27-comunidad-valenciana-2022-answer-key-definitive-pdf.pdf,new182,05bd149f43f3cc636c000abf5ff0161641f1091f5f7eebe22aaf010a691f68f7,05bd149f43f3cc636c000abf5ff0161641f1091f5f7eebe22aaf010a691f68f7
n091,comunitat-valenciana|2022|main|36,Comunitat Valenciana,2022,aparato-digestivo,main,36,"Al examinar una biopsia del intestino delgado de un paciente con enfermedad celíaca, ¿cuál de los siguientes hallazgos espera ser visto?",Citoplasma eosinofílico en los enterocitos.,Aumento de neutrófilos intraepiteliales.,Criptas más cortas.,El proceso de la enfermedad sólo afecta a la mucosa.,d,El proceso de la enfermedad sólo afecta a la mucosa.,,13,AD_COMUNITAT_VALENCIANA_2022__EXAM__25__25-comunidad-valenciana-2022-exam-pdf.pdf,AD_COMUNITAT_VALENCIANA_2022__CORRECTION__27__27-comunidad-valenciana-2022-answer-key-definitive-pdf.pdf,new182,cd795d1b4984cdb12ed3f9d565bb2b9ea688bf5ecd6310d7e9e8ed4c49a26371,cd795d1b4984cdb12ed3f9d565bb2b9ea688bf5ecd6310d7e9e8ed4c49a26371
n092,castilla-y-leon|2019|main|102,Castilla y León,2019,aparato-digestivo,main,102,"En una mujer de 65 años, sin antecedentes de patología pancreática previa, se diagnóstica de modo incidental tras la realización de un TAC abdominal una formación quística de 5 cm en cola de páncreas. Se realiza punción de la lesión mediante ecoendoscopia encontrando una viscosidad, niveles de amilasa y CEA todos ellos bajos. Ante cuál de las siguientes lesiones nos encontraremos con más probabilidad:",Neoplasia quística mucinosa.,Pseudoquiste pancreático.,Cistoadenoma seroso.,Neoplasia mucinosa papilar intraductal.,c,Cistoadenoma seroso.,,23,AD_CASTILLA_Y_LEON_2019__EXAM__044_exam_examen-le-aparato-digestivo-orden-san-139-2020.pdf,AD_CASTILLA_Y_LEON_2019__ANSWER_KEY__045_answer-key_plantilla-respuestas-correctas-l-e-aparato-digestivo-orden-s.pdf,new182,11d86c528afe8fe13db047703c52e98f52bec677e73e6bb012c92152f6f35113,11d86c528afe8fe13db047703c52e98f52bec677e73e6bb012c92152f6f35113
n093,comunidad-de-madrid|2021|main|57,Comunidad de Madrid,2021,aparato-digestivo,main,57,"¿Cuál de las siguientes afirmaciones es correcta respecto al uso de laxantes osmóticos, como el polietilenglicol (PEG), en el tratamiento del estreñimiento crónico idiopático en adultos?",Los laxantes osmóticos deben usarse exclusivamente en combinación con fibra para ser efectivos,El polietilenglicol (PEG) ha demostrado eficacia sostenida y se recomienda su uso a largo plazo,Los laxantes osmóticos tienen un alto riesgo de causar cefalea y diarrea severa,Solo están indicados para el tratamiento de corta duración en episodios agudos de estreñimiento,b,El polietilenglicol (PEG) ha demostrado eficacia sostenida y se recomienda su uso a largo plazo,,12,AD_COMUNIDAD_DE_MADRID_2021__EXAM__017_exam_cuestionario-de-examen-f-e-en-aparato-digestivo-sermas-2021.pdf,AD_COMUNIDAD_DE_MADRID_2021__ANSWER_KEY__018_answer-key_plantilla-correctora-f-e-aparato-digestivo-2021.pdf,new182,860342e4887b93705bb2358ec600a02362b840e5a9e16932fea9a5901e576a53,860342e4887b93705bb2358ec600a02362b840e5a9e16932fea9a5901e576a53
n094,andalucia|2022|cuestionario-practico|147,Andalucía,2022,aparato-digestivo,cuestionario-practico,147,¿Cuál de los siguientes diagnósticos es más probable?,Adenocarcinoma de la unión esofago-gástrica.,Celiaquía.,Úlcera péptica gástrica.,Colitis colágena.,b,Celiaquía.,,42,AD_ANDALUCIA_2022_EXTRAORDINARIA_LIBRE__EXAM__12__revisado-56007-fea-aparato-digestivo-final-pdf.pdf,AD_ANDALUCIA_2022_EXTRAORDINARIA_LIBRE__CORRECTION__14__def-feaapdigestivo-sas-2023-pdf.pdf,new182,6e82459a030b66f16be282f6030b65d90eb979d4ea0c62ff7aad1a4517ee319f,6e82459a030b66f16be282f6030b65d90eb979d4ea0c62ff7aad1a4517ee319f
n095,andalucia|2022|cuestionario-practico|127,Andalucía,2022,aparato-digestivo,cuestionario-practico,127,¿Qué conducta cree más adecuada en esta situación?,Consulta al cirujano para laparotomía y cierre de la perforación.,Consulta al endoscopista terapéutico para cierre endoscópico de la perforación con clips Ovesco o hemoclips convencionales.,Tratamiento analgésico en urgencias y alta domiciliaria con pauta analgésica.,"Tratamiento hospitalario con dieta absoluta, antibióticos de amplio espectro, fluidoterapia intravenosa y control clínico de la evolución del dolor.",d,"Tratamiento hospitalario con dieta absoluta, antibióticos de amplio espectro, fluidoterapia intravenosa y control clínico de la evolución del dolor.",,34,AD_ANDALUCIA_2022_EXTRAORDINARIA_LIBRE__EXAM__12__revisado-56007-fea-aparato-digestivo-final-pdf.pdf,AD_ANDALUCIA_2022_EXTRAORDINARIA_LIBRE__CORRECTION__14__def-feaapdigestivo-sas-2023-pdf.pdf,new182,a525cf5eb975b10f72208f3b354984de4d410d7df452de85ff4b8c125ac092c1,a525cf5eb975b10f72208f3b354984de4d410d7df452de85ff4b8c125ac092c1
n096,comunidad-de-madrid|2021|main|14,Comunidad de Madrid,2021,aparato-digestivo,main,14,Indica cuál es un factor de mal pronóstico para la cirugía en la colitis ulcerosa:,Edad menor de 40 años,Uso prolongado de corticoides,Enfermedad limitada al recto,Historia de infecciones oportunistas,b,Uso prolongado de corticoides,,4,AD_COMUNIDAD_DE_MADRID_2021__EXAM__017_exam_cuestionario-de-examen-f-e-en-aparato-digestivo-sermas-2021.pdf,AD_COMUNIDAD_DE_MADRID_2021__ANSWER_KEY__018_answer-key_plantilla-correctora-f-e-aparato-digestivo-2021.pdf,new182,930b22828c6069f441b2af9aa4eba997128f1b029f78854c08fc7bb1f4ef2a01,930b22828c6069f441b2af9aa4eba997128f1b029f78854c08fc7bb1f4ef2a01
n097,galicia|2022|main|78,Galicia,2022,aparato-digestivo,main,78,"Según la última Guía ESGE para diagnóstico y manejo de Esófago de Barrett, se debe de derivar a centro de referencia, a los pacientes con esófago de Barrett con una extensión máxima:",Igual o superior a 3 cm.,Igual o superior a 5 cm.,Igual o superior a 10 cm.,Igual o superior a 15 cm.,c,Igual o superior a 10 cm.,,16,AD_GALICIA_OPE_2022__EXAM__gal-09__especifico-cast-aparello-dx-20240316193007-cas-pdf.pdf,AD_GALICIA_OPE_2022__CORRECTION__gal-11__fea-aparello-dixestivo-20240514082015-cas-pdf.pdf,new182,8897b7fae38c0e89a630d28c1756eabf52e80ab4bc0adefb9b403c7bf451d689,8897b7fae38c0e89a630d28c1756eabf52e80ab4bc0adefb9b403c7bf451d689
n098,castilla-y-leon|2019|main|35,Castilla y León,2019,aparato-digestivo,main,35,Los subtipos de Acalasia se distinguen por diferentes patrones manométricos de contractilidad del cuerpo esofágico. Señale el que mejor define la Acalasia tipo II:,"Fallo de peristaltismo del 100%, PRI (*presión de relajación integrada*) media > 15 mmHg.","Contracciones prematuras en ≥ 20% de las degluciones, PRI media ≥ 15 mmHg.","PRI media < 17 mmHg, ≥ 20% de contracciones prematuras.",Fallo de peristaltismo del 100%; presurización panesofágica en ≥ 20% de las degluciones; PRI media elevada (> 15 mmHg).,d,Fallo de peristaltismo del 100%; presurización panesofágica en ≥ 20% de las degluciones; PRI media elevada (> 15 mmHg).,,9,AD_CASTILLA_Y_LEON_2019__EXAM__044_exam_examen-le-aparato-digestivo-orden-san-139-2020.pdf,AD_CASTILLA_Y_LEON_2019__ANSWER_KEY__045_answer-key_plantilla-respuestas-correctas-l-e-aparato-digestivo-orden-s.pdf,new182,c955b48395fa14fb4b9a07a7f24a21ccc97e1a8ec9bcc0d87b7c2af758356e56,c955b48395fa14fb4b9a07a7f24a21ccc97e1a8ec9bcc0d87b7c2af758356e56
n099,castilla-y-leon|2019|main|53,Castilla y León,2019,aparato-digestivo,main,53,"En un paciente Naive no coinfectado y con Hepatopatía crónica VCH, la duración habitual del tratamiento con Sofosbuvir y Velpatasvir es de:",4 semanas,8 semanas,12 semanas,24 semanas,c,12 semanas,,13,AD_CASTILLA_Y_LEON_2019__EXAM__044_exam_examen-le-aparato-digestivo-orden-san-139-2020.pdf,AD_CASTILLA_Y_LEON_2019__ANSWER_KEY__045_answer-key_plantilla-respuestas-correctas-l-e-aparato-digestivo-orden-s.pdf,new182,c4b97e946af1f1dcadc992dea407db6c7452ff289cf1a59bb79115327da5a40b,c4b97e946af1f1dcadc992dea407db6c7452ff289cf1a59bb79115327da5a40b
n100,navarra|2022|teorico-practica|80,Navarra,2022,aparato-digestivo,teorico-practica,80,La triada de Rigler aparece en:,Vólvulo de ciego,Vólvulo gástrico,Ileo biliar,Coledococele,c,Ileo biliar,,17,AD_NAVARRA_2022__EXAM__040_exam_preguntas-test-examen-digestivo-definitivo-ope-2022-estabili.pdf,AD_NAVARRA_2022__ANSWER_KEY__041_answer-key_respuestas-digestivo-ope-2022-estabilizacion.pdf,new182,26cb204b5167ab4b4ef41e203799b2ff34d9b25c073abc110826766e929485ff,26cb204b5167ab4b4ef41e203799b2ff34d9b25c073abc110826766e929485ff
n101,aragon|2017|main|93,Aragón,2017,aparato-digestivo,main,93,"Paciente con diarrea crónica, dolor abdominal y ocasional rectorragia, además de artralgias frecuentes. Se practica una colonoscopia con ileoscopia, evidenciando úlceras y aftas en sigma y algunas zonas de colon más proximal, rodeadas de mucosa normal. ¿de donde tomaría usted biopsias?",Un mínimo de 3 biopsias de cada área afecta.,"Un mínimo de 5 biopsias, de recto y colon afecto.",Un mínimo de 2 biopsias de al menos 5 segmentos del colon más el íleon.,El número y localización de las biopsias no es relevante.,c,Un mínimo de 2 biopsias de al menos 5 segmentos del colon más el íleon.,,33,AD_ARAGON_2017__EXAM__exam__cuadernillo-del-examen-de-la-categoria-de-aparato-digestivo-que-fue-realizado-el.pdf,AD_ARAGON_2017__ANSWER_KEY__answer-key__plantilla-de-respuestas-del-examen-de-la-categoria-de-aparato-digestivo-que-fue-.pdf,new182,179757b31ee35faa93821efb885a4c0f75e90f9bf7265ad57adf40a3dabfe47a,179757b31ee35faa93821efb885a4c0f75e90f9bf7265ad57adf40a3dabfe47a
n102,comunidad-de-madrid|2021|main|60,Comunidad de Madrid,2021,aparato-digestivo,main,60,"Un hombre de 67 años con cirrosis alcohólica en seguimiento por el servicio de Hepatología es diagnosticado de un hepatocarcinoma de 3 cm de diámetro localizado en el lóbulo izquierdo, segmento III. Sometido a estudio para valoración del tratamiento a seguir se demuestra que el paciente no tiene hipertensión portal, presenta una función hepático normal, un MELD score de 7 y un Child-Pugh grado A. La alfa-fetoproteína es inferior a 50 ng/nL y no se han objetivado metástasis a distancia. ¿Cuál es el tratamiento más indicado en este paciente?",Radioterapia ( SBRT),Resección hepatica,Quimioembolización,Tratamiento sistémico con inmunoterapia,b,Resección hepatica,,12,AD_COMUNIDAD_DE_MADRID_2021__EXAM__017_exam_cuestionario-de-examen-f-e-en-aparato-digestivo-sermas-2021.pdf,AD_COMUNIDAD_DE_MADRID_2021__ANSWER_KEY__018_answer-key_plantilla-correctora-f-e-aparato-digestivo-2021.pdf,new182,d0045adc802f44f3eacf2a6c53183c945186bac56ab4c5c7749ba9822e2c80dc,d0045adc802f44f3eacf2a6c53183c945186bac56ab4c5c7749ba9822e2c80dc
n103,castilla-la-mancha|2022|main|42,Castilla-La Mancha,2022,aparato-digestivo,main,42,"En la colitis ulcerosa, la técnica quirúrgica de elección para una cirugía electiva ante un fracaso médico es",Colectomía parcial del segmento afectado.,Proctocolectomía restauradora con reservorio ileoanal.,Proctocolectomía con ileostomía permanente.,Colectomía total con anastomosis ileorrectal.,b,Proctocolectomía restauradora con reservorio ileoanal.,,8,AD_CASTILLA_LA_MANCHA_2022__EXAM__exam__cuestionario-fea-digestivo.pdf,AD_CASTILLA_LA_MANCHA_2022__CORRECTION__correction__plantilla-correctora-definitiva-fea-aparato-digestivo.pdf,new182,2c3f4d3224b45f50b41b327b9322c6161337f3cae015a48ecebf707f9c99ad44,2c3f4d3224b45f50b41b327b9322c6161337f3cae015a48ecebf707f9c99ad44
n104,castilla-la-mancha|2022|main|39,Castilla-La Mancha,2022,aparato-digestivo,main,39,"En una colonoscopia por antecedentes familiares de cáncer de colon se extirpa un pólipo pediculado con un diámetro de 14 mm en su cabeza que presenta displasia de alto grado. La base de resección está libre de displasia. Según la Guía de la ESGE de 2020 sobre el seguimiento de pólipos de colon, ¿Cuándo debe realizarse la próxima colonoscopia?",A los 5 años,A los 3 años,Al año,A los 6 meses,b,A los 3 años,,8,AD_CASTILLA_LA_MANCHA_2022__EXAM__exam__cuestionario-fea-digestivo.pdf,AD_CASTILLA_LA_MANCHA_2022__CORRECTION__correction__plantilla-correctora-definitiva-fea-aparato-digestivo.pdf,new182,22ff03d6bd23b3e6c2ee324dddbded267e5404a3822e88953a315557422695d4,22ff03d6bd23b3e6c2ee324dddbded267e5404a3822e88953a315557422695d4
n105,comunitat-valenciana|2022|main-47-80|64,Comunitat Valenciana,2022,aparato-digestivo,main-47-80,64,"Una ascitis con gradiente de albúmina suero/ascitis de 1,2 es sugestivo de:",Pancreatitis aguda.,Cirrosis.,Tuberculosis peritoneal.,Carcinomatosis peritoneal,b,Cirrosis.,,19,AD_COMUNITAT_VALENCIANA_2022__EXAM__25__25-comunidad-valenciana-2022-exam-pdf.pdf,AD_COMUNITAT_VALENCIANA_2022__CORRECTION__27__27-comunidad-valenciana-2022-answer-key-definitive-pdf.pdf,new182,ccdbd143693aea4564e17399411dd5bccb6398c0eac54ddd9ceffd32fe78aa33,ccdbd143693aea4564e17399411dd5bccb6398c0eac54ddd9ceffd32fe78aa33
n106,castilla-la-mancha|2022|main|6,Castilla-La Mancha,2022,aparato-digestivo,main,6,"Con respecto a los trastornos motores esofágicos, la clasificación de Chicago versión 4.0 define dentro de los trastornos de la peristalsis al espasmo esofágico distal clínicamente relevante, como una patología con una presión de relajación integrada normal, dolor torácico no cardiaco o disfagia durante la manometría y",100% de las degluciones con peristalsis fallida.,≥ 20% de las degluciones con contracciones prematuras.,≥ 20% de las degluciones con hipercontractilidad.,≥ 50% de las degluciones con peristalsis fallida.,b,≥ 20% de las degluciones con contracciones prematuras.,,2,AD_CASTILLA_LA_MANCHA_2022__EXAM__exam__cuestionario-fea-digestivo.pdf,AD_CASTILLA_LA_MANCHA_2022__CORRECTION__correction__plantilla-correctora-definitiva-fea-aparato-digestivo.pdf,new182,85c9e63dfdd9824bf07b4f7ccb4197ce74abbea5ee8ea52ed8f66ba4da35c8a0,85c9e63dfdd9824bf07b4f7ccb4197ce74abbea5ee8ea52ed8f66ba4da35c8a0
n107,castilla-y-leon|2019|main|45,Castilla y León,2019,aparato-digestivo,main,45,"De acuerdo con el sistema TNM, donde la T indica la profundidad de invasión, los tumores gástricos que invaden la muscular propia, pero no la serosa, serán estadificados como:",T1a.,T1b.,T2.,T3.,c,T2.,,11,AD_CASTILLA_Y_LEON_2019__EXAM__044_exam_examen-le-aparato-digestivo-orden-san-139-2020.pdf,AD_CASTILLA_Y_LEON_2019__ANSWER_KEY__045_answer-key_plantilla-respuestas-correctas-l-e-aparato-digestivo-orden-s.pdf,new182,71c8c9a182bde5bd75d05d707776a427f40d85e8f0eda57daff53c0b27e59e74,71c8c9a182bde5bd75d05d707776a427f40d85e8f0eda57daff53c0b27e59e74
n108,region-de-murcia|2019|main|59,Región de Murcia,2019,aparato-digestivo,main,59,"Respecto al índice de Mayo, una mucosa con ausencia del patrón vascular y ulceraciones corresponde con:",Mayo 1.,Mayo 2.,Mayo 3.,Mayo 4.,c,Mayo 3.,,11,AD_REGION_DE_MURCIA_2019__EXAM__021_exam_apa-dig-lb-a-examen-turno-libre-modelo-a.pdf,AD_REGION_DE_MURCIA_2019__ANSWER_KEY__022_answer-key_apa-dig-plantilla-respuestas-corregida-turno-libre-modelo-a.pdf,new182,769ba04455b85d4a8559af08ff4e209347070950f172f8c764be099f7d485bf6,769ba04455b85d4a8559af08ff4e209347070950f172f8c764be099f7d485bf6
n109,la-rioja|2021|main|79,La Rioja,2021,aparato-digestivo,main,79,En CPRE (colangiopancreatografía retrograda endoscópica) la canulación difícil se define como:,Canulación simple fallida antes de 5 minutos del primer intento.,Canulación simple fallida después de 5-10 minutos del primer intento.,Canulación simple fallida después de 10-20 minutos del primer intento.,Canulación simple fallida después de 15-30 minutos del primer intento.,b,Canulación simple fallida después de 5-10 minutos del primer intento.,,29,AD_LA_RIOJA_2020_2021__EXAM__exam__fea-aparato-digestivo-2021.pdf,AD_LA_RIOJA_2020_2021__CORRECTION__correction__plantilla-respuestas-modificada-fea-aparato-digestivo-2021.pdf,new182,2f2cfca41824697447f6ac6f0c2664c517f461f2dcb54bc60349518c355ae17b,2f2cfca41824697447f6ac6f0c2664c517f461f2dcb54bc60349518c355ae17b
n110,galicia|2022|main|69,Galicia,2022,aparato-digestivo,main,69,"Según las Guías de la European Society of Gastrointestinal Endoscopy (ESGE), en el manejo de las estenosis esofágicas malignas, se recomienda:",La colocación de prótesis metálicas autoexpandibles como puente a la cirugía.,La colocación de prótesis metálicas autoexpandibles antes de iniciar quimiorradioterapia preoperatoria.,La colocación de prótesis metálicas autoexpandibles para sellar fístulas traqueoesofágicas o broncoesofágicas malignas.,La colocación de prótesis plásticas autoexpandibles en el tratamiento paliativo de la disfagia maligna.,c,La colocación de prótesis metálicas autoexpandibles para sellar fístulas traqueoesofágicas o broncoesofágicas malignas.,,15,AD_GALICIA_OPE_2022__EXAM__gal-09__especifico-cast-aparello-dx-20240316193007-cas-pdf.pdf,AD_GALICIA_OPE_2022__CORRECTION__gal-11__fea-aparello-dixestivo-20240514082015-cas-pdf.pdf,new182,0cb0577a0394a5820a8e264be03556819c363b9b3934a38ad22c1cb97a7cff0c,0cb0577a0394a5820a8e264be03556819c363b9b3934a38ad22c1cb97a7cff0c
n111,la-rioja|2021|main|8,La Rioja,2021,aparato-digestivo,main,8,"En relación con el sobrecrecimiento bacteriano intestinal, es cierto que:","No existe un patrón oro o prueba de referencia para el diagnóstico, por la alta probabilidad de contaminación del cultivo de aspirado de líquido yeyunal.","Las pruebas de aliento de H2 tras administración de glucosa o lactulosa son sencillas de realizar, pero tienen valores muy variables de sensibilidad y especificidad.",Se recomiendan tratamientos prolongados con antibióticos (21-30 días) para conseguir reducir la microbiota tanto aerobia como anaerobia del intestino delgado.,"En la mayoría de los casos se observan lesiones en el estudio endoscópico del intestino delgado, como eritema o erosiones.",b,"Las pruebas de aliento de H2 tras administración de glucosa o lactulosa son sencillas de realizar, pero tienen valores muy variables de sensibilidad y especificidad.",,5,AD_LA_RIOJA_2020_2021__EXAM__exam__fea-aparato-digestivo-2021.pdf,AD_LA_RIOJA_2020_2021__CORRECTION__correction__plantilla-respuestas-modificada-fea-aparato-digestivo-2021.pdf,new182,d2bf47c7aaeb9e45106e0074edfbbd02fd9b918d1f2e68aaad0b7a894db2551e,d2bf47c7aaeb9e45106e0074edfbbd02fd9b918d1f2e68aaad0b7a894db2551e
n112,andalucia|2022|cuestionario-teorico|46,Andalucía,2022,aparato-digestivo,cuestionario-teorico,46,"Un hombre de 41 años, con historia de síndrome de intestino corto y en nutrición parenteral domiciliaria en los últimos 2 años, acude a consulta por presentar ictericia franca de piel y mucosas, así como varios episodios de confusión que le impedían realizar tareas sencillas. Refiere aumento del perímetro abdominal y disminución de la diuresis. En la exploración se apreció ascitis no a tensión, edemas maleolares bilaterales, así como asterixis. Hemoglobina 10 g/dl; plaquetas: 109.000 cels/mcL; bilirrubina total 8 mg/dl; fosfatasa alcalina 155 U/L; AST: 40 U/L; ALT: 50 U/L; creatinina 1,8 mg/dl; INR: 1,9. En la planificación del manejo a largo plazo de este paciente, ¿cuál sería su mejor opción?",Trasplante intestinal.,Agonistas GLP-2 (Teduglutide).,Trasplante multivisceral combinado intestinal y hepático.,Optimización de la nutrición parenteral domiciliaria.,c,Trasplante multivisceral combinado intestinal y hepático.,,12,AD_ANDALUCIA_2022_EXTRAORDINARIA_LIBRE__EXAM__12__revisado-56007-fea-aparato-digestivo-final-pdf.pdf,AD_ANDALUCIA_2022_EXTRAORDINARIA_LIBRE__CORRECTION__14__def-feaapdigestivo-sas-2023-pdf.pdf,new182,5837fbd2f5a79b53d88a7f24beda3029fe805e607dfd1ea839b0496f81380917,5837fbd2f5a79b53d88a7f24beda3029fe805e607dfd1ea839b0496f81380917
n113,andalucia|2022|cuestionario-teorico|90,Andalucía,2022,aparato-digestivo,cuestionario-teorico,90,"En un paciente con cirrosis hepática, el riesgo de sangrado por rotura de varices esofágicas aparece cuando el gradiente de presión venosa hepática es:",Igual o superior a 10 mmHg.,Igual o superior a 12 mmHg.,Igual o superior a 15 mmHg.,Igual o superior a 20 mmHg.,b,Igual o superior a 12 mmHg.,,24,AD_ANDALUCIA_2022_EXTRAORDINARIA_LIBRE__EXAM__12__revisado-56007-fea-aparato-digestivo-final-pdf.pdf,AD_ANDALUCIA_2022_EXTRAORDINARIA_LIBRE__CORRECTION__14__def-feaapdigestivo-sas-2023-pdf.pdf,new182,40d5a3f0421af91a8a743faee11fee4f46379dff6986d317029d9e01468db1f5,40d5a3f0421af91a8a743faee11fee4f46379dff6986d317029d9e01468db1f5
n114,castilla-y-leon|2019|main|55,Castilla y León,2019,aparato-digestivo,main,55,Grupo familiar de 5 personas que acuden a urgencias por cuadro de diarrea líquida y vómitos a las 3 horas de tomar un pastel relleno de crema. ¿Cuál de las siguientes causas le parece más probable?,Infección por Vibrio parahemolitico.,Contaminación por toxina de clostridium perfringens,Infección por campylobacter yeyuni.,Contaminación por toxina de estafilococus aureus.,d,Contaminación por toxina de estafilococus aureus.,,13,AD_CASTILLA_Y_LEON_2019__EXAM__044_exam_examen-le-aparato-digestivo-orden-san-139-2020.pdf,AD_CASTILLA_Y_LEON_2019__ANSWER_KEY__045_answer-key_plantilla-respuestas-correctas-l-e-aparato-digestivo-orden-s.pdf,new182,3c421cb2b0b80f5c7a46d5c4a5307c7ebee9db1fbc2a5fc2b829d853f5d10e92,3c421cb2b0b80f5c7a46d5c4a5307c7ebee9db1fbc2a5fc2b829d853f5d10e92
n115,la-rioja|2021|main|2,La Rioja,2021,aparato-digestivo,main,2,Señale la respuesta correcta respecto al síndrome de intestino irritable (SII):,"La eluxadolina es un fármaco aprobado por la EMA (Agencia Europea del Medicamento) para el tratamiento del SII con predominio de estreñimiento, pero no comercializado en nuestro país.",Se han publicado ensayos clínicos doble ciego controlados con placebo que han demostrado que el aceite de menta es significativamente más eficaz que el placebo en disminuir el dolor abdominal.,"Los antidepresivos tricíclicos mejoran de forma global el dolor y la distensión abdominal, pero incrementan la diarrea, por lo que deben evitarse en SII con predominio de diarrea.",El riesgo de enfermedad orgánica es menor en el subtipo de SII con predominio de diarrea que en SII con predominio de estreñimiento.,b,Se han publicado ensayos clínicos doble ciego controlados con placebo que han demostrado que el aceite de menta es significativamente más eficaz que el placebo en disminuir el dolor abdominal.,,3,AD_LA_RIOJA_2020_2021__EXAM__exam__fea-aparato-digestivo-2021.pdf,AD_LA_RIOJA_2020_2021__CORRECTION__correction__plantilla-respuestas-modificada-fea-aparato-digestivo-2021.pdf,new182,6d09c7f73e4b9c5c200095d9b90dd2fb71feb2be29d2ea4fa4df41552c4f72c1,6d09c7f73e4b9c5c200095d9b90dd2fb71feb2be29d2ea4fa4df41552c4f72c1
n116,comunidad-de-madrid|2021|main|51,Comunidad de Madrid,2021,aparato-digestivo,main,51,¿Cuál de los siguientes autoanticuerpos se considera característico de la hepatitis autoinmune tipo II?,Anticuerpos antimitocondriales,Anticuerpos antinucleares,Anticuerpos anti LKM,Anticuerpos ANCA,c,Anticuerpos anti LKM,,11,AD_COMUNIDAD_DE_MADRID_2021__EXAM__017_exam_cuestionario-de-examen-f-e-en-aparato-digestivo-sermas-2021.pdf,AD_COMUNIDAD_DE_MADRID_2021__ANSWER_KEY__018_answer-key_plantilla-correctora-f-e-aparato-digestivo-2021.pdf,new182,8ccc23260a34fceca75b89bfc7fde54314453a9add3c4bf38b4a55c4edf0fee8,8ccc23260a34fceca75b89bfc7fde54314453a9add3c4bf38b4a55c4edf0fee8
n117,aragon|2017|main|16,Aragón,2017,aparato-digestivo,main,16,En la cirrosis alcohólica el cociente GOT/GPT es habitualmente de 2 o más ¿Por qué?,Deficiencia de 5'-nucleotidasa.,Deficiencia de piridoxina-5fosfato.,Deficiencia de transglutaminasa tisular.,Aumento de síntesis de GOT.,b,Deficiencia de piridoxina-5fosfato.,,7,AD_ARAGON_2017__EXAM__exam__cuadernillo-del-examen-de-la-categoria-de-aparato-digestivo-que-fue-realizado-el.pdf,AD_ARAGON_2017__ANSWER_KEY__answer-key__plantilla-de-respuestas-del-examen-de-la-categoria-de-aparato-digestivo-que-fue-.pdf,new182,3a404aa9e6ad8ae1a43e5b6ef4780cd2b14405633fc79e9ff129ec42eff2e5c5,3a404aa9e6ad8ae1a43e5b6ef4780cd2b14405633fc79e9ff129ec42eff2e5c5
n118,andalucia|2022|cuestionario-teorico|50,Andalucía,2022,aparato-digestivo,cuestionario-teorico,50,"Un paciente de 73 años de edad, colecistectomizado 4 días antes, presenta distensión abdominal con dolor y disminución de ruidos intestinales. Abdomen con distensión, ruidos disminuidos y dolorimiento difuso a la palpación. En una radiografía simple de abdomen se observa un diámetro cecal de 9 cm. Tras medidas conservadoras, se repite la radiografía a los 3 días, sin cambios. ¿Cuál sería su recomendación más adecuada para este paciente?",Inserción de sonda nasogástrica de descompresión.,Cirugía para resección de colon segmentaria.,Descompresión endoscópica emergente.,Neostigmina intravenosa.,d,Neostigmina intravenosa.,,14,AD_ANDALUCIA_2022_EXTRAORDINARIA_LIBRE__EXAM__12__revisado-56007-fea-aparato-digestivo-final-pdf.pdf,AD_ANDALUCIA_2022_EXTRAORDINARIA_LIBRE__CORRECTION__14__def-feaapdigestivo-sas-2023-pdf.pdf,new182,ec8b53142710d11bb77670335ddd33dd5ad2465230f03d2db5e4be0ac6134d4a,ec8b53142710d11bb77670335ddd33dd5ad2465230f03d2db5e4be0ac6134d4a
n119,galicia|2016|main|15,Galicia,2016,aparato-digestivo,main,15,Indique el test de laboratorio más útil en el diagnóstico diferencial entre pancreatitis aguda biliar y pancreatitis aguda por otras etiologías:,AST.,Bilirrubina.,ALT.,Fosfatasa alcalina.,c,ALT.,,6,AD_GALICIA_OPE_2016__EXAM__gal-02__aparato-digestivo-cas-20171029192531-cas-pdf.pdf,AD_GALICIA_OPE_2016__CORRECTION__gal-03__aparello-dixestivo-20180201084525-cas-pdf.pdf,new182,fe5b7cfc1d4005b26a93fcd821a00bc4beb577aa13a6cd098dc99b8693387ec2,fe5b7cfc1d4005b26a93fcd821a00bc4beb577aa13a6cd098dc99b8693387ec2
n120,galicia|2019|main|97,Galicia,2019,aparato-digestivo,main,97,Señale la frase correcta sobre el adenocarcinoma esofágico:,Es más frecuente en hombres de raza negra.,En la mayoría de las ocasiones se origina tras el desarrollo previo de una metaplasia intestinal especializada.,La ingesta de bebidas alcohólicas se considera un factor de riesgo importante.,Existe una asociación directa entre la prevalencia de la infección por Helicobacter pylori y el riesgo de adenocarcinoma.,b,En la mayoría de las ocasiones se origina tras el desarrollo previo de una metaplasia intestinal especializada.,,19,AD_GALICIA_OPE_2019__EXAM__gal-05__cas-especifico-digestivo-20210925132858-cas-pdf.pdf,AD_GALICIA_OPE_2019__CORRECTION__gal-07__fea-aparello-dixestivo-20211214124928-cas-pdf.pdf,new182,a03eca1a0db74ac3f1348763034d718b3a0df6eb7b5e6076d3a76cec350b002c,a03eca1a0db74ac3f1348763034d718b3a0df6eb7b5e6076d3a76cec350b002c
n121,galicia|2022|main|7,Galicia,2022,aparato-digestivo,main,7,"Varón, 63 años, sin antecedentes personales de interés. Es diagnosticado en 2018 de cirrosis hepática por alcohol tras una primera descompensación en forma de hemorragia digestiva por varices esofágicas. Abstinente desde entonces, con función hepática normal, A5 de Child-Pugh, PS 0. En TC abdominal presenta cuatro nódulos en segmentos VI y VII, con comportamiento dinámico de hepatocarcinoma, de 42 mm, 28 mm 18 mm y 16 mm, sin trombosis portal asociada. Según criterio BCLC la primera opción terapéutica a considerar sería:",Trasplante hepático.,Quimioembolización transarterial.,Radioembolización con Ytrio.,Terapia sistémica.,b,Quimioembolización transarterial.,,3,AD_GALICIA_OPE_2022__EXAM__gal-09__especifico-cast-aparello-dx-20240316193007-cas-pdf.pdf,AD_GALICIA_OPE_2022__CORRECTION__gal-11__fea-aparello-dixestivo-20240514082015-cas-pdf.pdf,new182,717b7bfcff965ccd6ddc352dcc24b703d95eb68000ffe0d5a11dbf3098086ecc,717b7bfcff965ccd6ddc352dcc24b703d95eb68000ffe0d5a11dbf3098086ecc
n122,galicia|2016|main|29,Galicia,2016,aparato-digestivo,main,29,"En un paciente que padece un adenocarcinoma de páncreas de 25 mm de diámetro y limitado a la cabeza pancreática, con ganglios regionales positivos y sin metástasis a distancia, el estadio es:",Estadio IB.,Estadio IIA.,Estadio IIB.,Estadio III.,c,Estadio IIB.,,8,AD_GALICIA_OPE_2016__EXAM__gal-02__aparato-digestivo-cas-20171029192531-cas-pdf.pdf,AD_GALICIA_OPE_2016__CORRECTION__gal-03__aparello-dixestivo-20180201084525-cas-pdf.pdf,new182,267b5048f0f513aaf867886ff6bf98082a022b8d6862e7362c72dba3afd57b83,267b5048f0f513aaf867886ff6bf98082a022b8d6862e7362c72dba3afd57b83
n123,region-de-murcia|2019|main|20,Región de Murcia,2019,aparato-digestivo,main,20,Los intervalos de vigilancia para Barrett no displásicos se deben estratificar de acuerdo con la longitud del segmento de Barrett son (señale la opción VERDADERA):,Extensión máxima de Barrett ≥ 1 cm y < 3 cm: 10 años.,Extensión máxima de Barrett ≥ 1 cm y < 3 cm: 5 años.,Extensión máxima de Barrett ≥ 1 cm y < 3 cm: 3 años.,Extensión máxima de Barrett ≥ 1 cm y < 3 cm: 1 año.,b,Extensión máxima de Barrett ≥ 1 cm y < 3 cm: 5 años.,,4,AD_REGION_DE_MURCIA_2019__EXAM__021_exam_apa-dig-lb-a-examen-turno-libre-modelo-a.pdf,AD_REGION_DE_MURCIA_2019__ANSWER_KEY__022_answer-key_apa-dig-plantilla-respuestas-corregida-turno-libre-modelo-a.pdf,new182,09c7ba42ecd04f3edb1555ff01ec9ed6302a39a3a1050309cc73cb26d92614e2,09c7ba42ecd04f3edb1555ff01ec9ed6302a39a3a1050309cc73cb26d92614e2
n124,andalucia|2022|cuestionario-practico|145,Andalucía,2022,aparato-digestivo,cuestionario-practico,145,"El endoscopista decide insertar prótesis de aposición luminal. La paciente pudo ser dada de alta, pero a las 2 semanas acude nuevamente por hematemesis importante y melenas, con shock hipovolémico durante su estancia en el servicio de urgencias. Un angio-TAC demuestra una hemorragia de alto débito desde la pared interna de la colección, que es de menor tamaño pero está repleta de sangre. ¿Qué afirmación es correcta?","El tratamiento es con cirugía directa, con hemostasia quirúrgica.",Tratamiento endoscópico con Hemospray®.,Tratamiento urgente por parte de radiología intervencionista.,Hay evidencia de que la inserción de una prótesis tipo doble pig-tail profiláctica dentro de la prótesis de aposición luminar es una medida efectiva para prevenir la hemorragia.,c,Tratamiento urgente por parte de radiología intervencionista.,,41,AD_ANDALUCIA_2022_EXTRAORDINARIA_LIBRE__EXAM__12__revisado-56007-fea-aparato-digestivo-final-pdf.pdf,AD_ANDALUCIA_2022_EXTRAORDINARIA_LIBRE__CORRECTION__14__def-feaapdigestivo-sas-2023-pdf.pdf,new182,b69fec33d71fcefef90abf8b324be9753c0c8e4388ea44720b62e5982b0aa7d8,b69fec33d71fcefef90abf8b324be9753c0c8e4388ea44720b62e5982b0aa7d8
n125,galicia|2022|main|97,Galicia,2022,aparato-digestivo,main,97,"En relación con el tratamiento tópico en la colitis ulcerosa, señale la CORRECTA:",Las fórmulas de administración tópica de mesalazina o corticoides son igual de eficaces.,En la colitis ulcerosa extensa no está indicado el tratamiento tópico en asociación con el oral.,"En pacientes con proctitis o colitis izquierda leve a moderada, el tratamiento tópico con mesalazina puede considerarse la primera opción terapéutica, sola o en combinación, tanto para la inducción de la remisión como para el mantenimiento de la misma.",Los tratamientos tópicos son siempre bien tolerados.,c,"En pacientes con proctitis o colitis izquierda leve a moderada, el tratamiento tópico con mesalazina puede considerarse la primera opción terapéutica, sola o en combinación, tanto para la inducción de la remisión como para el mantenimiento de la misma.",,20,AD_GALICIA_OPE_2022__EXAM__gal-09__especifico-cast-aparello-dx-20240316193007-cas-pdf.pdf,AD_GALICIA_OPE_2022__CORRECTION__gal-11__fea-aparello-dixestivo-20240514082015-cas-pdf.pdf,new182,baa5dbcc4e77a1a9b5e9e1c13792306f7c6258ec9e3f4dab74c98fa43092f343,baa5dbcc4e77a1a9b5e9e1c13792306f7c6258ec9e3f4dab74c98fa43092f343
n126,la-rioja|2021|main|60,La Rioja,2021,aparato-digestivo,main,60,"En cuanto a la clasificación de Parks de las fístulas perianales, señale la respuesta correcta:","Supraesfinterianas (tipo III): Se originan en las columnas de Morgagni, atraviesan el esfínter anal interno, pero por debajo del músculo puborrectal, y terminan en la fosa isquiorrectal.",Extraesfinterianas (tipo IV): Se originan en el recto por debajo de la línea dentada y no afectan al aparato esfinteriano.,Submucosas: Su trayecto submucoso afecta al aparato esfinteriano.,Interesfinterianas (tipo I): Su trayecto atraviesa el esfínter anal interno y discurren por el espacio interesfinteriano.,d,Interesfinterianas (tipo I): Su trayecto atraviesa el esfínter anal interno y discurren por el espacio interesfinteriano.,,23,AD_LA_RIOJA_2020_2021__EXAM__exam__fea-aparato-digestivo-2021.pdf,AD_LA_RIOJA_2020_2021__CORRECTION__correction__plantilla-respuestas-modificada-fea-aparato-digestivo-2021.pdf,new182,dd06a2999822474001c44487b2a017174856e21decef7b21f56433da50e4827f,dd06a2999822474001c44487b2a017174856e21decef7b21f56433da50e4827f
n127,andalucia|2022|cuestionario-teorico|69,Andalucía,2022,aparato-digestivo,cuestionario-teorico,69,"Un varón de 58 años de edad, con historia clínica de pancreatitis alcohólica, acude a consulta por presentar un progresivo empeoramiento de su dolor abdominal que presenta de forma intermitente, acompañado de náuseas y vómitos. A la exploración física, se palpa una sensación de masa en epigastrio. Los hallazgos de laboratorio demuestran una bilirrubina de 2 mg/dl, fosfatasa alcalina de 175 U/L, GPT 40 U/L, GOT 85 U/L y lipasa 350 U/L. En el TAC que usted solicita se observa una lesión quística encapsulada de 10 cm en la cara anterior del páncreas. ¿Qué debemos hacer con este paciente a continuación?","Observación, porque la mayoría de los pseudoquistes se resuelven o permanecen estables durante años sin causar clínica significativa.","Esperar 4-6 semanas a la maduración de la cápsula del quiste, para plantear su drenaje guiado por ecoendoscopia.",Drenaje guiado por ecoendoscopia.,"Drenaje quirúrgico mediante laparotomía media, pues su resultado en la pancreatitis crónica es superior.",c,Drenaje guiado por ecoendoscopia.,,19,AD_ANDALUCIA_2022_EXTRAORDINARIA_LIBRE__EXAM__12__revisado-56007-fea-aparato-digestivo-final-pdf.pdf,AD_ANDALUCIA_2022_EXTRAORDINARIA_LIBRE__CORRECTION__14__def-feaapdigestivo-sas-2023-pdf.pdf,new182,106bd9276690536d8795eaa91ab3cab6b1b5c96f925300af260ac9eeeae11d39,106bd9276690536d8795eaa91ab3cab6b1b5c96f925300af260ac9eeeae11d39
n128,castilla-y-leon|2019|main|90,Castilla y León,2019,aparato-digestivo,main,90,Señale la opción CORRECTA sobre las manifestaciones extraintestinales en la enfermedad inflamatoria intestinal (EII):,La artropatía axial es más frecuente que la periférica.,La estomatitis aftosa se relaciona con la actividad de la EII.,La colangitis esclerosante primaria se diagnostica siempre después de la EII.,La espondilitis y la uveítis tienen un curso evolutivo dependiente de la actividad de la EII.,b,La estomatitis aftosa se relaciona con la actividad de la EII.,,20,AD_CASTILLA_Y_LEON_2019__EXAM__044_exam_examen-le-aparato-digestivo-orden-san-139-2020.pdf,AD_CASTILLA_Y_LEON_2019__ANSWER_KEY__045_answer-key_plantilla-respuestas-correctas-l-e-aparato-digestivo-orden-s.pdf,new182,a9fbb658974bb601b512a58494c16780005c0436e5e92fc3405d58f9b8d6d26a,a9fbb658974bb601b512a58494c16780005c0436e5e92fc3405d58f9b8d6d26a
n129,la-rioja|2021|main|38,La Rioja,2021,aparato-digestivo,main,38,Señala la afirmación correcta sobre el colangiocarcinoma intrahepático (CCiH):,Los subtipos histológicos principales son el colangiocarcinoma de conducto pequeño y el CCiH con patrón similar a una malformación de la placa ductal.,Que asiente sobre hígado cirrótico es signo de mal pronóstico.,El colangiocarcinoma intrahepático que se desarrolla a partir de una neoplasia papilar intraductal de vía biliar tiene mejor pronóstico.,El colangiolocarcinoma se considera un subtipo de CCiH de ducto pequeño de peor pronóstico.,c,El colangiocarcinoma intrahepático que se desarrolla a partir de una neoplasia papilar intraductal de vía biliar tiene mejor pronóstico.,,16,AD_LA_RIOJA_2020_2021__EXAM__exam__fea-aparato-digestivo-2021.pdf,AD_LA_RIOJA_2020_2021__CORRECTION__correction__plantilla-respuestas-modificada-fea-aparato-digestivo-2021.pdf,new182,0902caf52f9d850c1ef5bd8005eb39151e975b22b7c0cee3d7570e2d4b6e8242,0902caf52f9d850c1ef5bd8005eb39151e975b22b7c0cee3d7570e2d4b6e8242
n130,castilla-y-leon|2019|main|116,Castilla y León,2019,aparato-digestivo,main,116,"En una colonoscopia de cribado se reseca un pólipo pediculado con adenocarcinoma que invade la submucosa, pero limitada a la cabeza del pólipo. Señale el tipo de lesión y seguimiento endoscópico necesario:",Haggitt 0. Colonoscopia a los 6 meses.,Haggitt 1. Colonoscopia a los 6 meses.,Haggitt 1. Colonoscopia al año.,Haggitt 2. Colonoscopia al año.,c,Haggitt 1. Colonoscopia al año.,,26,AD_CASTILLA_Y_LEON_2019__EXAM__044_exam_examen-le-aparato-digestivo-orden-san-139-2020.pdf,AD_CASTILLA_Y_LEON_2019__ANSWER_KEY__045_answer-key_plantilla-respuestas-correctas-l-e-aparato-digestivo-orden-s.pdf,new182,904b2cfe34a0ac2faeba6191a4e7d11030c247d2c3aeb03a6758eee975b09aa4,904b2cfe34a0ac2faeba6191a4e7d11030c247d2c3aeb03a6758eee975b09aa4
n131,comunidad-de-madrid|2021|main|24,Comunidad de Madrid,2021,aparato-digestivo,main,24,"Paciente varón de 80 años exfumador, diabético tipo 2, hipertenso, stent coronario por infarto agudo de miocardio hace 3 años. En colonoscopia hace 10 años: divertículosis y pólipo adenomatoso. Se presenta con dolor abdominal difuso, mal estado general y acidosis metabólica en la analítica. ¿Cuál es el diagnóstico más probable?",Apendicitis aguda del anciano,Obstrucción intestinal,Isquemia mesentérica,Diverticulitis.,c,Isquemia mesentérica,,6,AD_COMUNIDAD_DE_MADRID_2021__EXAM__017_exam_cuestionario-de-examen-f-e-en-aparato-digestivo-sermas-2021.pdf,AD_COMUNIDAD_DE_MADRID_2021__ANSWER_KEY__018_answer-key_plantilla-correctora-f-e-aparato-digestivo-2021.pdf,new182,c874d872f8b3c2d67085e94bdbd20e347122d5aa24a984fd8075d28d7d86d727,c874d872f8b3c2d67085e94bdbd20e347122d5aa24a984fd8075d28d7d86d727
n132,la-rioja|2021|main|28,La Rioja,2021,aparato-digestivo,main,28,"Paciente de 56 años con hipertensión arterial e infección crónica por VHC nunca tratada (naive), genotipo 3, F0, es derivado a las consultas de hepatología. Indique de entre las siguientes opciones, cuál sería el régimen terapéutico adecuado de primera elección en este paciente:",Sofosbuvir/velpatasvir/voxilaprevir durante 12 semanas.,Sofosbuvir/velpatasvir/voxilaprevir durante 8 semanas.,Grazoprevir/ elbasvir durante 8 semanas.,Glecaprevir/pibrentasvir durante 8 semanas.,d,Glecaprevir/pibrentasvir durante 8 semanas.,,12,AD_LA_RIOJA_2020_2021__EXAM__exam__fea-aparato-digestivo-2021.pdf,AD_LA_RIOJA_2020_2021__CORRECTION__correction__plantilla-respuestas-modificada-fea-aparato-digestivo-2021.pdf,new182,31990406833c585eb68bde121395965f27870144a92614f0ef4243bbde0601ee,31990406833c585eb68bde121395965f27870144a92614f0ef4243bbde0601ee
n133,andalucia|2021|cuestionario-teorico|39,Andalucía,2021,aparato-digestivo,cuestionario-teorico,39,Señale cuál de estas afirmaciones es correcta:,La isoenzima COX-2 se expresa de forma estable y continua en la mayoría de los tejidos.,El efecto tópico de los AINES sobre la mucosa gástrica es el mecanismo principal por el que estos fármacos producen úlceras gastroduodenales.,La expresión de la isoforma COX-1 es inducida por diversos mediadores asociados a la inflamación.,La inhibición de COX-1 bloquea la producción plaquetaria de tromboxano.,d,La inhibición de COX-1 bloquea la producción plaquetaria de tromboxano.,,11,AD_ANDALUCIA_2021_22_LIBRE__EXAM__07__9122-aparato-digestivo-pdf.pdf,AD_ANDALUCIA_2021_22_LIBRE__CORRECTION__09__9122-plantilla-respuestas-def-digestivo-pdf.pdf,new182,8fb8d8a89200471511b9737ef707ecd014e3d7c5ba9cc4b06498c535c4a6d01c,8fb8d8a89200471511b9737ef707ecd014e3d7c5ba9cc4b06498c535c4a6d01c
n134,galicia|2016|main|22,Galicia,2016,aparato-digestivo,main,22,¿Qué enfermedad sospecharía como primera posibilidad en un paciente varón de 31 años con elevación persistente de transaminasas y presencia de anticuerpos anti-LKM positivos y anticuerpos anti LC-1 positivos?.,Hepatitis autoinmune tipo I.,Hepatitis autoinmune tipo II,Hepatitis autoinmune tipo III.,Colangitis esclerosante primaria.,b,Hepatitis autoinmune tipo II,,7,AD_GALICIA_OPE_2016__EXAM__gal-02__aparato-digestivo-cas-20171029192531-cas-pdf.pdf,AD_GALICIA_OPE_2016__CORRECTION__gal-03__aparello-dixestivo-20180201084525-cas-pdf.pdf,new182,d0fa0235ce46dd17fc553924069311a165a6bddea38000e0199d02c448a2ca11,d0fa0235ce46dd17fc553924069311a165a6bddea38000e0199d02c448a2ca11
n135,castilla-y-leon|2019|main|126,Castilla y León,2019,aparato-digestivo,main,126,¿cuál es el tratamiento de elección de una infección por Giardia lambia?,Praziquantel,Metronidazol.,Doxiciclina.,Ciprofloxacino.,b,Metronidazol.,,29,AD_CASTILLA_Y_LEON_2019__EXAM__044_exam_examen-le-aparato-digestivo-orden-san-139-2020.pdf,AD_CASTILLA_Y_LEON_2019__ANSWER_KEY__045_answer-key_plantilla-respuestas-correctas-l-e-aparato-digestivo-orden-s.pdf,new182,89bd2d7919c9c9271d7e919155c258ec7f43407961e4cb5481855091552dbe6d,89bd2d7919c9c9271d7e919155c258ec7f43407961e4cb5481855091552dbe6d
n136,galicia|2022|main|12,Galicia,2022,aparato-digestivo,main,12,"Señale la afirmación VERDADERA, en relación al tratamiento de la acalasia:","La inyección local de toxina botulínica es un tratamiento seguro cuya eficacia y durabilidad va aumentando, según aumentan el número de sesiones realizadas.",La dilatación neumática presenta una tasa de complicación con perforación de alrededor del 12 por ciento.,La miotomía de Heller es una técnica que ha demostrado ser un tratamiento efectivo con respuesta clínica sostenida a largo plazo.,La técnica POEM (Miotomía Peroral Endoscópica) presenta una menor tasa de ERGE post-intervención en comparación con la cirugía de Heller.,c,La miotomía de Heller es una técnica que ha demostrado ser un tratamiento efectivo con respuesta clínica sostenida a largo plazo.,,4,AD_GALICIA_OPE_2022__EXAM__gal-09__especifico-cast-aparello-dx-20240316193007-cas-pdf.pdf,AD_GALICIA_OPE_2022__CORRECTION__gal-11__fea-aparello-dixestivo-20240514082015-cas-pdf.pdf,new182,4df95a5ef220699c114d416f10fe4de74a477c5138da1f3554f0011b3a241e3d,4df95a5ef220699c114d416f10fe4de74a477c5138da1f3554f0011b3a241e3d
n137,comunidad-de-madrid|2021|main|69,Comunidad de Madrid,2021,aparato-digestivo,main,69,"La dificultad para iniciar la deglución, que se produce de forma inmediata o en el primer segundo de inicio de la deglución, se denomina:",Disfagia esofágica,Disfagia orofaringea,Esofagodinia,Obstrucción funcional al flujo de la unión esofagogástrica (OFUEG),b,Disfagia orofaringea,,14,AD_COMUNIDAD_DE_MADRID_2021__EXAM__017_exam_cuestionario-de-examen-f-e-en-aparato-digestivo-sermas-2021.pdf,AD_COMUNIDAD_DE_MADRID_2021__ANSWER_KEY__018_answer-key_plantilla-correctora-f-e-aparato-digestivo-2021.pdf,new182,c2563817dbc4bc10eed0abda6823b651115a084d5e8284dc062b7d58ec187477,c2563817dbc4bc10eed0abda6823b651115a084d5e8284dc062b7d58ec187477
n138,galicia|2022|main|79,Galicia,2022,aparato-digestivo,main,79,Señale la opción que considere CORRECTA respecto a la diarrea aguda:,Habitualmente se recomienda prescribir un tratamiento antibiótico empírico.,En caso de aislamiento de Campylobacter jejuni el norfloxacino a dosis de 400 mg cada 12 horas durante 3 a 5 días es el tratamiento de elección.,El tratamiento antibiótico correcto acorta la duración de los síntomas.,"En caso de enteritis por Salmonella, en adultos jóvenes se recomienda el tratamiento antibiótico para disminuir el número de portadores y posibles casos futuros.",c,El tratamiento antibiótico correcto acorta la duración de los síntomas.,,17,AD_GALICIA_OPE_2022__EXAM__gal-09__especifico-cast-aparello-dx-20240316193007-cas-pdf.pdf,AD_GALICIA_OPE_2022__CORRECTION__gal-11__fea-aparello-dixestivo-20240514082015-cas-pdf.pdf,new182,abb6440416e11170463e767ec11806d9a52727f63ae176d092639b86cf7bb8a6,abb6440416e11170463e767ec11806d9a52727f63ae176d092639b86cf7bb8a6
n139,castilla-y-leon|2019|main|40,Castilla y León,2019,aparato-digestivo,main,40,"La presencia de áreas focales de necrosis en la endoscopia realizada a un paciente por ingestión de un cáustico, se corresponde según la Clasificación de Zargar con un grado:",Grado I.,Grado IIa.,Grado IIIa.,Grado IIIb.,c,Grado IIIa.,,10,AD_CASTILLA_Y_LEON_2019__EXAM__044_exam_examen-le-aparato-digestivo-orden-san-139-2020.pdf,AD_CASTILLA_Y_LEON_2019__ANSWER_KEY__045_answer-key_plantilla-respuestas-correctas-l-e-aparato-digestivo-orden-s.pdf,new182,d0e6a77ec0e1b76e88e71988241a4bbabbb68ddb0a9260e04ad5861cf21f546f,d0e6a77ec0e1b76e88e71988241a4bbabbb68ddb0a9260e04ad5861cf21f546f
n140,castilla-la-mancha|2022|main|33,Castilla-La Mancha,2022,aparato-digestivo,main,33,"Varón de 65 años que consulta en el Servicio de Urgencias por dolor abdominal y rectorragia. Al realizarle la anamnesis refiere no tener antecedentes digestivos previos de interés y nos explica con detalle que tras una semana de estreñimiento pertinaz coincidiendo con un viaje de negocios e importantes esfuerzos defecatorios, comienza con diarrea y a las pocas horas con intenso dolor abdominal y rectorragia. ¿Cuál de las siguientes patologías es la más probable que tenga este paciente como causa de su clínica?",Cáncer de colon.,Diverticulosis de colon izquierdo.,Colitis isquémica.,Colitis pseudomembranosa.,c,Colitis isquémica.,,7,AD_CASTILLA_LA_MANCHA_2022__EXAM__exam__cuestionario-fea-digestivo.pdf,AD_CASTILLA_LA_MANCHA_2022__CORRECTION__correction__plantilla-correctora-definitiva-fea-aparato-digestivo.pdf,new182,320386ec2fa836a14f98c9dddb7268c09ebf4558ca01c05b9d3a0e2649f9a0f1,320386ec2fa836a14f98c9dddb7268c09ebf4558ca01c05b9d3a0e2649f9a0f1
n141,galicia|2016|main|87,Galicia,2016,aparato-digestivo,main,87,"En el manejo del paciente con pancreatitis crónica e insuficiencia pancreática exocrina (IPE), señale la opción verdadera:",La IPE leve se define por la secreción pancreática normal de enzimas asociada a disminución de la concentración de bicarbonato en el jugo duodenal.,La esteatorrea es evidente cuando la secreción de lipasa es inferior al 50 por ciento de su valor normal.,En un 25 por ciento de los pacientes existe discordancia entre la extensión de las alteraciones morfológicas de la pancreatitis crónica y la disminución de función pancreática.,Los inhibidores de la bomba de protones disminuyen la eficacia de la terapia sustitutiva con enzimas de la IPE.,c,En un 25 por ciento de los pacientes existe discordancia entre la extensión de las alteraciones morfológicas de la pancreatitis crónica y la disminución de función pancreática.,,21,AD_GALICIA_OPE_2016__EXAM__gal-02__aparato-digestivo-cas-20171029192531-cas-pdf.pdf,AD_GALICIA_OPE_2016__CORRECTION__gal-03__aparello-dixestivo-20180201084525-cas-pdf.pdf,new182,f5c7cad13500866619b37db86e0b48e60c75d0da62bc29c702f8140702f21fff,f5c7cad13500866619b37db86e0b48e60c75d0da62bc29c702f8140702f21fff
n142,galicia|2022|main|45,Galicia,2022,aparato-digestivo,main,45,"Paciente de 60 años que acude a consulta tras ingreso en digestivo por Hemorragia Digestiva secundaria a úlcera en segunda porción duodenal. Se ha prescrito tratamiento erradicador de Helicobacter Pylori y el test de aliento es negativo. El paciente refiere encontrarse mal, con dolor abdominal, pirosis intensa y diarrea diariamente. Se solicita una gastroscopia de control que evidencia persistencia de úlcera duodenal, múltiples erosiones gástricas en localización atípica y esofagitis grado C de la Clasificación de Los Ángeles. ¿Qué determinación debemos solicitar para completar el estudio de este paciente?:",Elastasa fecal.,Calprotectina fecal.,Gastrina.,Péptido intestinal Vasoactivo (VIP).,c,Gastrina.,,10,AD_GALICIA_OPE_2022__EXAM__gal-09__especifico-cast-aparello-dx-20240316193007-cas-pdf.pdf,AD_GALICIA_OPE_2022__CORRECTION__gal-11__fea-aparello-dixestivo-20240514082015-cas-pdf.pdf,new182,6ab3f4bf9bb3ab12e67e9abe8ae37c1542e7293cc2b76652a7a4856ec5b7eb2c,6ab3f4bf9bb3ab12e67e9abe8ae37c1542e7293cc2b76652a7a4856ec5b7eb2c
n143,aragon|2017|main|97,Aragón,2017,aparato-digestivo,main,97,¿Cuál de los siguientes factores se considera de riesgo para el desarrollo de hepatitis aguda fulminante por virus de la hepatitis A?,Raza.,Modo de transmisión.,Sexo.,Hepatitis crónica por virus C.,d,Hepatitis crónica por virus C.,,35,AD_ARAGON_2017__EXAM__exam__cuadernillo-del-examen-de-la-categoria-de-aparato-digestivo-que-fue-realizado-el.pdf,AD_ARAGON_2017__ANSWER_KEY__answer-key__plantilla-de-respuestas-del-examen-de-la-categoria-de-aparato-digestivo-que-fue-.pdf,new182,0d54b99505ac7d4140854c9bc143e0dad0a2bbea7a70a1214742ab8af97e0330,0d54b99505ac7d4140854c9bc143e0dad0a2bbea7a70a1214742ab8af97e0330
n144,castilla-la-mancha|2017|main|10,Castilla-La Mancha,2017,aparato-digestivo,main,10,El empleo de estudios de motilidad para el estudio de dispepsia,"Su uso en este contexto está ampliamente documentado a lo largo de los últimos años, con resultados homogéneos.",El retraso en el vaciamiento gástrico se ha identificado en más del 50% de pacientes dispépticos.,Los test de motilidad existentes en la actualidad serían de obligada utilización en los pacientes dispépticos que no responden a inhibidores de la bomba de protones (IBP) o a erradicación de H. pylori.,"Los test de motilidad existentes en la actualidad, son útiles en pacientes con síntomas predominantes de náuseas o vómitos graves en los que fracasan otras terapias empíricas",d,"Los test de motilidad existentes en la actualidad, son útiles en pacientes con síntomas predominantes de náuseas o vómitos graves en los que fracasan otras terapias empíricas",,3,AD_CASTILLA_LA_MANCHA_2017_2018__EXAM__exam__cuestionario-fea-aparato-digestivo.pdf,AD_CASTILLA_LA_MANCHA_2017_2018__CORRECTION__correction__plantilla-correctora-definitiva-fea-aparato-digestivo.pdf,new182,7bac838f2a1a2499371795c4dd2661d0e8cd418e757396911ed95e479769aeae,7bac838f2a1a2499371795c4dd2661d0e8cd418e757396911ed95e479769aeae
n145,comunidad-de-madrid|2021|main|145,Comunidad de Madrid,2021,aparato-digestivo,main,145,"Ante un paciente con diagnóstico de cirrosis hepática que acude a la urgencia por hematemesis, en el que la gastroscopia muestra unas varices esofágicas grandes con una mamila, el gradiente de presión venoso portal será:",Entre 5 mmHg-10mmHg.,Entre 10-12 mmHg.,Mayor de 12 mmHg.,"Normal, ya que no sangra en el momento de la gastroscopia.",c,Mayor de 12 mmHg.,,26,AD_COMUNIDAD_DE_MADRID_2021__EXAM__017_exam_cuestionario-de-examen-f-e-en-aparato-digestivo-sermas-2021.pdf,AD_COMUNIDAD_DE_MADRID_2021__ANSWER_KEY__018_answer-key_plantilla-correctora-f-e-aparato-digestivo-2021.pdf,new182,f143aecb71becf2353abb0a21762279bd7c8a33a803c95dc3b8bde6bad99014c,f143aecb71becf2353abb0a21762279bd7c8a33a803c95dc3b8bde6bad99014c
n146,andalucia|2022|cuestionario-teorico|66,Andalucía,2022,aparato-digestivo,cuestionario-teorico,66,"Una mujer de 34 años de edad es remitida a su consulta por presentar una dilatación del conducto biliar. No presenta dolor en hipocondrio derecho, náuseas o vómitos. La exploración abdominal es normal. En la analítica no hay alteración de los parámetros de citolisis ni colestasis. Una colangiografía por RNM demuestra una dilatación fusiforme del conducto biliar que se extiende desde la papila al conducto hepático común. No hay alteraciones de la unión biliopancreática, y no se observan masas pancreáticas o en el conducto biliar distal. ¿Qué debemos hacer seguidamente?",Control periódico con analítica y pruebas de imagen.,CPRE con inserción de prótesis plástica.,CPRE con esfinterotomía y citología del área no dilatada.,Escisión quirúrgica del quiste y reconstrucción biliar.,d,Escisión quirúrgica del quiste y reconstrucción biliar.,,18,AD_ANDALUCIA_2022_EXTRAORDINARIA_LIBRE__EXAM__12__revisado-56007-fea-aparato-digestivo-final-pdf.pdf,AD_ANDALUCIA_2022_EXTRAORDINARIA_LIBRE__CORRECTION__14__def-feaapdigestivo-sas-2023-pdf.pdf,new182,621a36990580004971ff752e7aa69dbd9fed2a81d3c19ecdb832f38d94f15578,621a36990580004971ff752e7aa69dbd9fed2a81d3c19ecdb832f38d94f15578
n147,castilla-la-mancha|2022|main|20,Castilla-La Mancha,2022,aparato-digestivo,main,20,¿Cuál de las siguientes lesiones subepiteliales gástricas tendrá una mayor capacidad para crecer y diseminar a distancia?,Lipoma gástrico de 3cm,Pólipo inflamatorio fibroide en antro gástrico,Tumor carcinoide gástrico en paciente con hipergastrinemia.,Tumor carcinoide gástrico en paciente con niveles normales de gastrina.,d,Tumor carcinoide gástrico en paciente con niveles normales de gastrina.,,5,AD_CASTILLA_LA_MANCHA_2022__EXAM__exam__cuestionario-fea-digestivo.pdf,AD_CASTILLA_LA_MANCHA_2022__CORRECTION__correction__plantilla-correctora-definitiva-fea-aparato-digestivo.pdf,new182,ca2622b39c009c8cc89ea76f2480ff5e09076d080ec3937a8b3213d95ed82271,ca2622b39c009c8cc89ea76f2480ff5e09076d080ec3937a8b3213d95ed82271
n148,castilla-y-leon|2019|main|71,Castilla y León,2019,aparato-digestivo,main,71,El signo de ROVSING consiste en:,Dolor en epigastrio al aplicar una presión firme sobre el punto de McBurney,Dolor agudo que aparece al comprimir el apéndice entre la pared abdominal y la cresta iliaca,Pérdida de la sensibilidad abdominal al contraer los músculos de la pared abdominal,Dolor en el punto de McBurney al comprimir el cuadrante inferior izquierdo del abdomen,d,Dolor en el punto de McBurney al comprimir el cuadrante inferior izquierdo del abdomen,,16,AD_CASTILLA_Y_LEON_2019__EXAM__044_exam_examen-le-aparato-digestivo-orden-san-139-2020.pdf,AD_CASTILLA_Y_LEON_2019__ANSWER_KEY__045_answer-key_plantilla-respuestas-correctas-l-e-aparato-digestivo-orden-s.pdf,new182,146458473d78deddfcda70d5209ae40ed253284bf6217169dd636034e3f98178,146458473d78deddfcda70d5209ae40ed253284bf6217169dd636034e3f98178
n149,andalucia|2021|cuestionario-teorico|34,Andalucía,2021,aparato-digestivo,cuestionario-teorico,34,"Un refugiado sirio de 28 años acude a su consulta por presentar pérdida de peso y diarrea crónica durante los últimos 6 meses. La exploración es normal. En la analítica destaca una hemoglobina de 8 g/dL. La determinación de parásitos en heces observa la presencia de G. Lamblia, pero un tratamiento para la misma no mejora los síntomas. Una endoscopia alta y colonoscopia son normales. Se toman biopsias duodenales que no muestran signos de atrofia. Se realiza una capsuloendoscopia observándose un engrosamiento de pliegues intestinales a lo largo de todo el intestino delgado. En una enteroscopia se toman múltiples biopsias de intestino delgado. ¿Cuál es el diagnóstico más probable?",Tumor carcinoide.,Enfermedad de Whipple.,Linfoma T asociado a enteropatía (EATL),Enfermedad inmunoproliferativa de intestino delgado,d,Enfermedad inmunoproliferativa de intestino delgado,,10,AD_ANDALUCIA_2021_22_LIBRE__EXAM__07__9122-aparato-digestivo-pdf.pdf,AD_ANDALUCIA_2021_22_LIBRE__CORRECTION__09__9122-plantilla-respuestas-def-digestivo-pdf.pdf,new182,efa61b721b9582d2536dc1df5a105ee8bae71c81a8d6a916ad716484cb5ffc7f,efa61b721b9582d2536dc1df5a105ee8bae71c81a8d6a916ad716484cb5ffc7f
n150,galicia|2019|main|56,Galicia,2019,aparato-digestivo,main,56,Le consulta un paciente de 45 años cuyo padre tuvo un cáncer colorrectal a los 48 años. ¿Cuál sería su recomendación de cribado de cáncer de colon según las últimas recomendaciones de 2019 de la Sociedad Europea de Endoscopia Digestiva (ESGE)?:,Comenzar cribado poblacional con sangre oculta en heces a la edad correspondiente.,Realizar ya una colonoscopia y posteriormente cada 5 años.,Realizar ya una colonoscopia y posteriormente cada 10 años.,Realizar una colonoscopia a los 50 años y posteriormente cada 5 años.,b,Realizar ya una colonoscopia y posteriormente cada 5 años.,,12,AD_GALICIA_OPE_2019__EXAM__gal-05__cas-especifico-digestivo-20210925132858-cas-pdf.pdf,AD_GALICIA_OPE_2019__CORRECTION__gal-07__fea-aparello-dixestivo-20211214124928-cas-pdf.pdf,new182,86e4e767684fef56a3eedb9359096e6b818188b2646f85afcccd23a09527e996,86e4e767684fef56a3eedb9359096e6b818188b2646f85afcccd23a09527e996
n151,castilla-la-mancha|2017|main|29,Castilla-La Mancha,2017,aparato-digestivo,main,29,"En un paciente diagnosticado de enfermedad de enf. Crohn, ante la existencia de fístula perianal simple asintomática es necesario",Comenzar tratamiento con metronidazol.,Comenzar tratamiento con ciprofloxacino.,Tutorizar la fístula con un sedal no cortante.,No es preciso hacer nada,d,No es preciso hacer nada,,6,AD_CASTILLA_LA_MANCHA_2017_2018__EXAM__exam__cuestionario-fea-aparato-digestivo.pdf,AD_CASTILLA_LA_MANCHA_2017_2018__CORRECTION__correction__plantilla-correctora-definitiva-fea-aparato-digestivo.pdf,new182,3fc3a35524cca6262dc6fa4d08a0f66cddfa0c28e2d6d0bfbe04917700cf04f6,3fc3a35524cca6262dc6fa4d08a0f66cddfa0c28e2d6d0bfbe04917700cf04f6
n152,andalucia|2021|cuestionario-teorico|67,Andalucía,2021,aparato-digestivo,cuestionario-teorico,67,Con respecto a la colangitis biliar primaria (CBP) es cierto que:,La presencia de Anticuerpos antimitocondriales (AMA) positivos como única alteración en la analítica es suficiente para el diagnóstico de CBP.,La biopsia hepática no es necesaria ante la presencia de aumento de enzimas de colestasis y marcadores serológicos de CBP.,El diagnóstico de CBP puede establecerse en pacientes AMA negativo mediante la presencia de ANA + sin más especificaciones.,Los hallazgos histológicos de CBP típicos son la presencia de colangitis supurativa destructiva de los conductos biliares interseptales.,b,La biopsia hepática no es necesaria ante la presencia de aumento de enzimas de colestasis y marcadores serológicos de CBP.,,16,AD_ANDALUCIA_2021_22_LIBRE__EXAM__07__9122-aparato-digestivo-pdf.pdf,AD_ANDALUCIA_2021_22_LIBRE__CORRECTION__09__9122-plantilla-respuestas-def-digestivo-pdf.pdf,new182,373c0abd18f0218e27901a231a357e8d11fef45fde102b3cc342649be73bd2af,373c0abd18f0218e27901a231a357e8d11fef45fde102b3cc342649be73bd2af
n153,comunitat-valenciana|2022|main-47-80|76,Comunitat Valenciana,2022,aparato-digestivo,main-47-80,76,"Un hombre de 64 años acude a urgencias tras iniciar hace 48 horas un cuadro de dolor epigástrico intenso de características pancreáticas. A la exploración presenta un dolor intenso en hemiabdomen superior sin signos de peritonismo. Está consciente y orientado, temperatura de 36.7° C, tensión arterial de 175/85 mmHg, frecuencia cardíaca de 108 lpm. En el hemograma únicamente destacaba unos leucocitos de 16.000 µ/L . La química hemática mostraba una amilasa de 2.120 UI/L, urea normal, glucosa de 180 mg /dl, elevación de transaminasas entre 2-3 veces su valor normal. La Rx de tórax normal y la ecografía abdominal informaba de colelitiasis múltiple y ausencia de dilatación de la vía biliar. ¿Cuántos puntos de gravedad tiene según la clasificación BISAP?",1,2,3,4,b,2,,22,AD_COMUNITAT_VALENCIANA_2022__EXAM__25__25-comunidad-valenciana-2022-exam-pdf.pdf,AD_COMUNITAT_VALENCIANA_2022__CORRECTION__27__27-comunidad-valenciana-2022-answer-key-definitive-pdf.pdf,new182,57176c388800dd69f34acc82a51e1e200057eeb473dc0ac59d01727034392784,57176c388800dd69f34acc82a51e1e200057eeb473dc0ac59d01727034392784
n154,galicia|2022|main|5,Galicia,2022,aparato-digestivo,main,5,Señale la causa más frecuente de hemorragia digestiva alta no varicosa:,Esofagitis.,Síndrome de Mallory Weis.,Úlcera péptica.,Angiodisplasias gástricas y duodenales.,c,Úlcera péptica.,,2,AD_GALICIA_OPE_2022__EXAM__gal-09__especifico-cast-aparello-dx-20240316193007-cas-pdf.pdf,AD_GALICIA_OPE_2022__CORRECTION__gal-11__fea-aparello-dixestivo-20240514082015-cas-pdf.pdf,new182,4edd0ee24dd9a395977716c882384662f5a1d89340040ab7b81bfcd55d679b52,4edd0ee24dd9a395977716c882384662f5a1d89340040ab7b81bfcd55d679b52
n155,galicia|2016|main|88,Galicia,2016,aparato-digestivo,main,88,"Paciente de 75 años que en estudio de TAC abdominal realizado por hematuria se objetiva una lesión de 4cms y aspecto multi-quístico en cabeza de páncreas, con al menos dos pequeños nódulos de aspecto sólido cercanos a la pared del quiste. Asintomático desde el punto de vista digestivo. Analítica normal. Se realiza estudio de colangiopancreatografía por resonancia observando continuidad de la lesión con el segmento proximal del conducto pancreático que no presenta dilatación. ¿Cuál sería la actitud a seguir?",Es una lesión quística de aspecto benigno en un paciente asintomático. Se aconseja seguimiento radiológico anual.,Estaría indicada la realización de colangiopancreatografía retrograda endoscópica (CPRE) y colocación de prótesis plástica pancreática para asegurar el drenaje pancreático y evitar pancreatitis de repetición.,Es necesario completar el estudio con ecoendoscopia con punción para valorar la posibilidad de malignización y la necesidad de cirugía.,"Puede tratarse de un tumor neuroendocrino, es necesario completar el estudio con determinación de cromogranina, acido 5-hidroxiindolacético, gastrina e insulina.",c,Es necesario completar el estudio con ecoendoscopia con punción para valorar la posibilidad de malignización y la necesidad de cirugía.,,21,AD_GALICIA_OPE_2016__EXAM__gal-02__aparato-digestivo-cas-20171029192531-cas-pdf.pdf,AD_GALICIA_OPE_2016__CORRECTION__gal-03__aparello-dixestivo-20180201084525-cas-pdf.pdf,new182,5ca5a51312a608c2e176ad78da6725457338a371e2487388b08bedc18c7960dc,5ca5a51312a608c2e176ad78da6725457338a371e2487388b08bedc18c7960dc
n156,castilla-y-leon|2019|main|47,Castilla y León,2019,aparato-digestivo,main,47,"Según la Clasificación Endoscópica de Paris de las lesiones neoplásicas superficiales del tubo digestivo, una lesión neoplásica gástrica del tipo 0-IIc, se corresponde con:","Una lesión Superficial, elevada.",Una lesión Plana.,"Una lesión Superficial, hundida.",Una lesión Excavada.,c,"Una lesión Superficial, hundida.",,11,AD_CASTILLA_Y_LEON_2019__EXAM__044_exam_examen-le-aparato-digestivo-orden-san-139-2020.pdf,AD_CASTILLA_Y_LEON_2019__ANSWER_KEY__045_answer-key_plantilla-respuestas-correctas-l-e-aparato-digestivo-orden-s.pdf,new182,7385df6227e08b3da9905f5b6bb355c4ab77b66716effcefe18d78d903a8268a,7385df6227e08b3da9905f5b6bb355c4ab77b66716effcefe18d78d903a8268a
n157,la-rioja|2021|main|56,La Rioja,2021,aparato-digestivo,main,56,En relación con las formas hereditarias del cáncer de colon señale la respuesta correcta:,Contribuyen al 25% de todos los casos de cáncer.,Tanto el síndrome de Lynch como la poliposis adenomatosa familiar siguen un patrón autosómico recesivo y por tanto es esencial testar la presencia de mutaciones del gen APC o MSH1 en el paciente afecto.,El análisis de la mutación del gen BRAF ayuda a diferenciar los casos de cáncer con inestabilidad de microsatélites (MSI-H) esporádicos o asociados a síndrome de Lynch.,Las mutaciones en el gen MYH se asocian con más frecuencia en los casos de cáncer de colon asociados a Lynch tipo II.,c,El análisis de la mutación del gen BRAF ayuda a diferenciar los casos de cáncer con inestabilidad de microsatélites (MSI-H) esporádicos o asociados a síndrome de Lynch.,,22,AD_LA_RIOJA_2020_2021__EXAM__exam__fea-aparato-digestivo-2021.pdf,AD_LA_RIOJA_2020_2021__CORRECTION__correction__plantilla-respuestas-modificada-fea-aparato-digestivo-2021.pdf,new182,f0ed78f55fea1f74cfdfef0473e3d48f6cced93e818a221817c0a85524524f0d,f0ed78f55fea1f74cfdfef0473e3d48f6cced93e818a221817c0a85524524f0d
n158,castilla-y-leon|2019|main|65,Castilla y León,2019,aparato-digestivo,main,65,¿Cuál es la técnica de elección para el cribado de Carcinoma Hepatocelular en pacientes con cirrosis hepática?:,Nivel de Alfafetoproteina,Resonancia magnética y Tomografía axial computarizada,Ecografía abdominal,Fibroscan,c,Ecografía abdominal,,15,AD_CASTILLA_Y_LEON_2019__EXAM__044_exam_examen-le-aparato-digestivo-orden-san-139-2020.pdf,AD_CASTILLA_Y_LEON_2019__ANSWER_KEY__045_answer-key_plantilla-respuestas-correctas-l-e-aparato-digestivo-orden-s.pdf,new182,5ded6334e08dfc38dd320568d935199bb79aff6df360859edda13c941588a199,5ded6334e08dfc38dd320568d935199bb79aff6df360859edda13c941588a199
n159,galicia|2022|main|54,Galicia,2022,aparato-digestivo,main,54,"Con respecto al programa de vigilancia de hepatocarcinoma en pacientes con enfermedad hepática crónica, ¿qué afirmación es CORRECTA?:",Está indicado solamente en pacientes con cirrosis.,La ecografía abdominal debe realizarse semianualmente.,Se suspende en pacientes que han sido incluidos en lista de trasplante hepático.,La determinación de alfa-fetoproteína cada seis meses puede sustituir a la ecografía en casos de mala visualización ecográfica.,b,La ecografía abdominal debe realizarse semianualmente.,,12,AD_GALICIA_OPE_2022__EXAM__gal-09__especifico-cast-aparello-dx-20240316193007-cas-pdf.pdf,AD_GALICIA_OPE_2022__CORRECTION__gal-11__fea-aparello-dixestivo-20240514082015-cas-pdf.pdf,new182,c659b70a2d2d290568b962c45f14816d568358cd3c1037e57f9cea755eca2782,c659b70a2d2d290568b962c45f14816d568358cd3c1037e57f9cea755eca2782
n160,comunidad-de-madrid|2021|main|133,Comunidad de Madrid,2021,aparato-digestivo,main,133,¿Cuál es el tratamiento adyuvante de elección en los pacientes con adenocarcinoma de páncreas con buen performance status (PS 0-1)?,Radioterapia,"FOLFIRINOX modificado (oxaliplatino, irinotecan, 5fluorouracilo, leucovorín)",Gemcitabina,Capecitabina y gemcitabina,b,"FOLFIRINOX modificado (oxaliplatino, irinotecan, 5fluorouracilo, leucovorín)",,24,AD_COMUNIDAD_DE_MADRID_2021__EXAM__017_exam_cuestionario-de-examen-f-e-en-aparato-digestivo-sermas-2021.pdf,AD_COMUNIDAD_DE_MADRID_2021__ANSWER_KEY__018_answer-key_plantilla-correctora-f-e-aparato-digestivo-2021.pdf,new182,a325ab39bcdb0d1333c1c8312299c1291b99e51db4d280767d092554c4a015e0,a325ab39bcdb0d1333c1c8312299c1291b99e51db4d280767d092554c4a015e0
n161,galicia|2016|main|62,Galicia,2016,aparato-digestivo,main,62,Varón de 57 años al que se diagnostica cirrosis hepática con ascitis y edemas evidentes. En la analítica presenta ALT normal y se detecta DNA de VHB. Señale la opción correcta en el manejo de este paciente:,Es adecuado el tratamiento con interferón alfa pegilado.,"Al tener ALT normal y estar descompensado, no se recomienda tratamiento antiviral de entrada hasta corregir la descompensación.",Es adecuado iniciar precozmente tratamiento con entecavir.,"Al tratarse de un paciente con riesgo de disfunción renal, el tenofovir es el antiviral de elección.",c,Es adecuado iniciar precozmente tratamiento con entecavir.,,16,AD_GALICIA_OPE_2016__EXAM__gal-02__aparato-digestivo-cas-20171029192531-cas-pdf.pdf,AD_GALICIA_OPE_2016__CORRECTION__gal-03__aparello-dixestivo-20180201084525-cas-pdf.pdf,new182,3439772be20db1699d83c1efe54e5bc3355435c80fcdd85cf6bf9d8346d68750,3439772be20db1699d83c1efe54e5bc3355435c80fcdd85cf6bf9d8346d68750
n162,comunitat-valenciana|2022|main-47-80|71,Comunitat Valenciana,2022,aparato-digestivo,main-47-80,71,"Un hepatocarcinoma estadio C (Avanzado) de la clasificación BCLC, tiene indicación de:",Resección.,Trasplante.,Quimioembolización.,Tratamiento sistémico.,d,Tratamiento sistémico.,,21,AD_COMUNITAT_VALENCIANA_2022__EXAM__25__25-comunidad-valenciana-2022-exam-pdf.pdf,AD_COMUNITAT_VALENCIANA_2022__CORRECTION__27__27-comunidad-valenciana-2022-answer-key-definitive-pdf.pdf,new182,f7d5274bdc7607e03280b3d7a4a280dd0f807d71f135cf08220fbfd237179fdf,f7d5274bdc7607e03280b3d7a4a280dd0f807d71f135cf08220fbfd237179fdf
n163,aragon|2017|main|74,Aragón,2017,aparato-digestivo,main,74,"Respecto a los efectos adversos de los anti-TNF, ¿Cuál de las siguientes afirmaciones es cierta? :","La forma más frecuente de presentación de la psoriasis inducida por anti-TNF es ""en gotas""",El riesgo de reacciones agudas a la infusión de Infliximab aumenta en los tratamientos episódicos,La monoterapia con anti-TNF se asocia claramente a un mayor riesgo de linfomas,Los anti-TNF en monoterapia no aumentan el riesgo de melanomas,b,El riesgo de reacciones agudas a la infusión de Infliximab aumenta en los tratamientos episódicos,,27,AD_ARAGON_2017__EXAM__exam__cuadernillo-del-examen-de-la-categoria-de-aparato-digestivo-que-fue-realizado-el.pdf,AD_ARAGON_2017__ANSWER_KEY__answer-key__plantilla-de-respuestas-del-examen-de-la-categoria-de-aparato-digestivo-que-fue-.pdf,new182,61cc4dda4920194e734841135069ff2d54989510cbe24f810a67333081b30351,61cc4dda4920194e734841135069ff2d54989510cbe24f810a67333081b30351
n164,castilla-y-leon|2019|main|111,Castilla y León,2019,aparato-digestivo,main,111,La enfermedad injerto contra el huésped afecta sobre todo a:,"Piel, riñones y páncreas","Piel, hígado e intestino","Intestino, piel y Bazo","Hígado, riñones y páncreas",b,"Piel, hígado e intestino",,25,AD_CASTILLA_Y_LEON_2019__EXAM__044_exam_examen-le-aparato-digestivo-orden-san-139-2020.pdf,AD_CASTILLA_Y_LEON_2019__ANSWER_KEY__045_answer-key_plantilla-respuestas-correctas-l-e-aparato-digestivo-orden-s.pdf,new182,c714c9f01381fa1086c07f9d0ffa5e2382c31497f3e3dc5f38e33d9473c74f89,c714c9f01381fa1086c07f9d0ffa5e2382c31497f3e3dc5f38e33d9473c74f89
n165,comunidad-de-madrid|2021|main|25,Comunidad de Madrid,2021,aparato-digestivo,main,25,¿En cuál de las siguientes situaciones está indicada la punción por ecoendoscopia en una lesión quística pancreática?,Lesión quística en cuerpo de páncreas de 15 mm con aspecto microquístico (imagen en “panal de abeja”) y calcificación central.,Lesión quística en istmo de páncreas de 25 mm de aspecto indeterminado en resonancia magnética,Neoplasia papilar mucinosa intraductal de rama secundaria con crecimiento en un paciente con EPOC grado IV.,Lesión quística de 20 mm en cabeza de páncreas compatible con neoplasia papilar mucinosa intraductal de rama secundaria en una resonancia magnética.,b,Lesión quística en istmo de páncreas de 25 mm de aspecto indeterminado en resonancia magnética,,6,AD_COMUNIDAD_DE_MADRID_2021__EXAM__017_exam_cuestionario-de-examen-f-e-en-aparato-digestivo-sermas-2021.pdf,AD_COMUNIDAD_DE_MADRID_2021__ANSWER_KEY__018_answer-key_plantilla-correctora-f-e-aparato-digestivo-2021.pdf,new182,60ebbbbbf14d9ed5d642f45171e3250e94e4450f156c3c84aa3c349466985dad,60ebbbbbf14d9ed5d642f45171e3250e94e4450f156c3c84aa3c349466985dad
n166,castilla-la-mancha|2017|main|44,Castilla-La Mancha,2017,aparato-digestivo,main,44,"Paciente de 65 años, con hemorragia digestiva en forma de melenas, de curso crónico intermitente, de 6 meses de evolución. Antiagregado con AAS 100 mg y gastroprotegido con Omeprazol 20 mg diarios. Se ha realizado en los últimos 3 meses dos endoscopias digestivas altas y una colono-ileoscopia con buena preparación, sin identificar lesiones. ¿Qué actitud, de las que se exponen, le parece la más adecuada?","Doblar la dosis del Omeprazol, dado que está tomando AAS lo más probable es que el sangrado guarde relación con este fármaco","Repetiría un nuevo estudio endoscópico convencional, con una nueva panendoscopia oral y una colonoscopia",Realizaría una capsuloendoscopia de intestino delgado,Realizaría una arteriografía para identificar punto de sangrado,c,Realizaría una capsuloendoscopia de intestino delgado,,8,AD_CASTILLA_LA_MANCHA_2017_2018__EXAM__exam__cuestionario-fea-aparato-digestivo.pdf,AD_CASTILLA_LA_MANCHA_2017_2018__CORRECTION__correction__plantilla-correctora-definitiva-fea-aparato-digestivo.pdf,new182,0e1a834f337977b88469be3b0fee8693623d13a1ac9a98c013fc9f5bfd4da35a,0e1a834f337977b88469be3b0fee8693623d13a1ac9a98c013fc9f5bfd4da35a
n167,la-rioja|2021|main|41,La Rioja,2021,aparato-digestivo,main,41,"En relación con la hepatitis autoinmune (HAI), señale la opción correcta:",La edad de presentación más frecuente de la HAI tipo 1 es antes de los 14 años.,Los Ac Anti-LKM1 son más frecuentes en la HAI tipo 2.,Es común encontrar ascitis o sangrado por varices esofágicas como modo de presentación de la HAI tipo 1.,"Aunque es frecuente la asociación con otros trastornos autoinmunes en ambos tipos de HAI, la enfermedad inflamatoria intestinal se ve con mayor frecuencia en la HAI tipo 2.",b,Los Ac Anti-LKM1 son más frecuentes en la HAI tipo 2.,,17,AD_LA_RIOJA_2020_2021__EXAM__exam__fea-aparato-digestivo-2021.pdf,AD_LA_RIOJA_2020_2021__CORRECTION__correction__plantilla-respuestas-modificada-fea-aparato-digestivo-2021.pdf,new182,e5b78f70b3424330616ced4a6e319c910b7e9cb590080cc42b765745c2788bad,e5b78f70b3424330616ced4a6e319c910b7e9cb590080cc42b765745c2788bad
n168,andalucia|2021|cuestionario-teorico|90,Andalucía,2021,aparato-digestivo,cuestionario-teorico,90,¿Cuál de las siguientes manifestaciones extraintestinales de la Enfermedad Inflamatoria Intestinal cursa con una evolución independiente de la actividad de la enfermedad luminal?,Eritema Nodoso.,Uveitis.,Epiescleritis.,Artritis periférica,b,Uveitis.,,21,AD_ANDALUCIA_2021_22_LIBRE__EXAM__07__9122-aparato-digestivo-pdf.pdf,AD_ANDALUCIA_2021_22_LIBRE__CORRECTION__09__9122-plantilla-respuestas-def-digestivo-pdf.pdf,new182,2f4593d1875de70af82ebb634951d4c4b5626c98dab7dffd4025f9875d08b1ba,2f4593d1875de70af82ebb634951d4c4b5626c98dab7dffd4025f9875d08b1ba
n170,castilla-la-mancha|2017|main|67,Castilla-La Mancha,2017,aparato-digestivo,main,67,"Según la clasificación de Bismuth-Corlette para el colangiocarcinoma perihiliar, el tipo IIlb corresponde a",Tumor que afecta al conducto hepático común distalmente a la confluencia de los conductos hepáticos derecho e izquierdo.,Tumor que alcanza la confluencia pero no afecta a ambos conductos hepáticos.,"Tumor que afecta al conducto hepático común y a ambos conductos hepáticos derecho e izquierdo, así como los multifocales.",Tumor que afecta al conducto hepático común y al conducto hepático izquierdo.,d,Tumor que afecta al conducto hepático común y al conducto hepático izquierdo.,,12,AD_CASTILLA_LA_MANCHA_2017_2018__EXAM__exam__cuestionario-fea-aparato-digestivo.pdf,AD_CASTILLA_LA_MANCHA_2017_2018__CORRECTION__correction__plantilla-correctora-definitiva-fea-aparato-digestivo.pdf,new182,58a0f4cf408c45f15d2648148485a12fb6c42a4e0feea9764b3ebb50489491ff,58a0f4cf408c45f15d2648148485a12fb6c42a4e0feea9764b3ebb50489491ff
n171,galicia|2022|main|21,Galicia,2022,aparato-digestivo,main,21,"Un paciente presenta, a las 4 semanas de evolución de una pancreatitis aguda biliar, una colección encapsulada de 8 cm en situación retrogástrica con necrosis. Se encuentra afebril, sin dolor y sin datos sugestivos de infección. ¿Cuál de las siguientes actuaciones sería CORRECTA?:",Debe realizarse un drenaje endoscópico de la colección.,Debe instaurarse un tratamiento antibiótico para prevenir la infección.,Debe comenzarse una nutrición parenteral hasta que se resuelva la colección.,Debe mantenerse un tratamiento conservador y vigilancia de la colección.,d,Debe mantenerse un tratamiento conservador y vigilancia de la colección.,,6,AD_GALICIA_OPE_2022__EXAM__gal-09__especifico-cast-aparello-dx-20240316193007-cas-pdf.pdf,AD_GALICIA_OPE_2022__CORRECTION__gal-11__fea-aparello-dixestivo-20240514082015-cas-pdf.pdf,new182,0d31ce9ef569a1abdcf6850d75df7ddba18003f42cdc58e9333f15e7f1448143,0d31ce9ef569a1abdcf6850d75df7ddba18003f42cdc58e9333f15e7f1448143
n172,la-rioja|2024|main|55,La Rioja,2024,aparato-digestivo,main,55,"En la última actualización de 2022 de la guía ESGE (European Society of Gastrointestinal Endoscopy) de diagnóstico y tratamiento mediante cápsula endoscópica de intestino delgado (ID) y enteroscopia, se establece lo siguiente:","Se recomienda estudio con cápsula endoscópica de ID en pacientes con sospecha de hemorragia digestiva de origen en intestino delgado evidente (“overt”) lo antes posible, idealmente en los primeros 7 días, para maximizar el rendimiento diagnóstico.",Se recomienda estudio con cápsula endoscópica de ID para la vigilancia del intestino delgado proximal en la poliposis adenomatosa familiar.,Se recomienda manejo conservador en aquellos pacientes con sospecha de sangrado originado en intestino delgado y cápsula endoscópica de ID negativa de buena calidad.,"Se recomienda el uso de cápsula patency (de permeabilidad) previo a cápsula endoscópica de ID en pacientes con sospecha de enfermedad de Crohn, con o sin síntomas obstructivos.",c,Se recomienda manejo conservador en aquellos pacientes con sospecha de sangrado originado en intestino delgado y cápsula endoscópica de ID negativa de buena calidad.,,15,AD_LA_RIOJA_2023_2024__EXAM__exam__fea-aparato-digestivo-2025.pdf,AD_LA_RIOJA_2023_2024__CORRECTION__correction__plantilla-respuestas-modificada-fea-aparato-digestivo-2025.pdf,new182,41f76e5bde1737de37b03fe3230635268bd0619af13e96534bcfe62d818d85d9,41f76e5bde1737de37b03fe3230635268bd0619af13e96534bcfe62d818d85d9
n173,la-rioja|2021|main|57,La Rioja,2021,aparato-digestivo,main,57,"Ante el hallazgo en una colonoscopia realizada por antecedentes familiares de CCR de una lesión plana (0-IIa) de 12 mm en ángulo esplénico que se reseca en bloque tras infiltrar su base con adrenalina 1/10000 con asa de polipectomía con resultado de adenoma con displasia de alto grado, y en transverso, a 50 cm, 1 pólipo sesil de 3 mm, que se extirpa con pinza. Con resultado de: adenoma tubular de bajo grado y preparación Boston 8= 2 + 3 + 3. ¿Cuál sería la recomendación según la Guía de Diagnóstico y prevención del cáncer colorrectal actualización 2018 de la Asociación Española de Gastroenterología (AEG)?",Repetir colonoscopia en 6 meses.,Solicitar nueva colonoscopia en 3 años.,Solicitar nueva colonoscopia en 1 año.,Solicitar nueva colonoscopia en 5 años.,b,Solicitar nueva colonoscopia en 3 años.,,22,AD_LA_RIOJA_2020_2021__EXAM__exam__fea-aparato-digestivo-2021.pdf,AD_LA_RIOJA_2020_2021__CORRECTION__correction__plantilla-respuestas-modificada-fea-aparato-digestivo-2021.pdf,new182,fdfc757cb04edb4ac3be56b233430e77498b53b926aed61d13b685977298f251,fdfc757cb04edb4ac3be56b233430e77498b53b926aed61d13b685977298f251
n174,region-de-murcia|2019|main|123,Región de Murcia,2019,aparato-digestivo,main,123,¿Cómo se define mejor una Peritonitis bacteriana Espontanea (PBE) en base a los resultados obtenidos en una paracentesis? PMN(Neutrófilos):,PMN 120; Cultivo negativo.,PMN 350; Cultivo polimicrobiano.,PMN 300; Cultivo Monomicrobiano. Gram (-).,PMN 150; Cultivo Monomicrobiano. Gram (+).,c,PMN 300; Cultivo Monomicrobiano. Gram (-).,,20,AD_REGION_DE_MURCIA_2019__EXAM__021_exam_apa-dig-lb-a-examen-turno-libre-modelo-a.pdf,AD_REGION_DE_MURCIA_2019__ANSWER_KEY__022_answer-key_apa-dig-plantilla-respuestas-corregida-turno-libre-modelo-a.pdf,new182,870e03f949fc8073a6d6f7e24ccdcd30b3f246e77a37e621086fd225a86732b6,870e03f949fc8073a6d6f7e24ccdcd30b3f246e77a37e621086fd225a86732b6
n175,comunitat-valenciana|2022|main-47-80|59,Comunitat Valenciana,2022,aparato-digestivo,main-47-80,59,"Paciente de 42 años diabético, obeso, con esteatosis no alcohólica F2-F3 diagnosticado con métodos no invasivos (170 cm, 100 kg) ¿Cuál es la pérdida mínima de peso que debe tener para alcanzar mejoría de 100% en esteatosis y 80% en fibrosis?",6 kg,10 kg,15 kg,No está estudiado este aspecto,b,10 kg,,18,AD_COMUNITAT_VALENCIANA_2022__EXAM__25__25-comunidad-valenciana-2022-exam-pdf.pdf,AD_COMUNITAT_VALENCIANA_2022__CORRECTION__27__27-comunidad-valenciana-2022-answer-key-definitive-pdf.pdf,new182,658b816e41075a24e8a8a98fdad69b6b9270a97605f0cdbb64dc5c937c421bed,658b816e41075a24e8a8a98fdad69b6b9270a97605f0cdbb64dc5c937c421bed
n176,galicia|2022|main|52,Galicia,2022,aparato-digestivo,main,52,"Paciente de 45 años que acude a servicio de urgencias hospitalarias tras ingesta voluntaria, con ideación autolítica, de cáustico ácido en grandes cantidades. A su llegada a urgencias presenta mal estado general y dolor torácico intenso tras vómitos constantes durante su traslado en ambulancia. Tras estabilización hemodinámica, se aprecia en analítica acidosis con intensa neutrofilia. Valorado por otorrinolaringología se aprecia eritema y edema generalizado en cavidad oral, manteniendo permeabilidad de vía aérea. ¿Qué prueba diagnóstica debe indicarse a continuación?",TAC toracoabdominal sin contraste.,TAC toracoabdominal con contraste.,Endoscopia digestiva alta.,Tránsito esofagogastroduodenal.,b,TAC toracoabdominal con contraste.,,12,AD_GALICIA_OPE_2022__EXAM__gal-09__especifico-cast-aparello-dx-20240316193007-cas-pdf.pdf,AD_GALICIA_OPE_2022__CORRECTION__gal-11__fea-aparello-dixestivo-20240514082015-cas-pdf.pdf,new182,0e637540a78b6a48fcb96697acf414933a610dccf0790f59ffa7096dd357af39,0e637540a78b6a48fcb96697acf414933a610dccf0790f59ffa7096dd357af39
n177,andalucia|2022|cuestionario-teorico|95,Andalucía,2022,aparato-digestivo,cuestionario-teorico,95,"¿Cuál sería el tratamiento de elección en un paciente de 56 años de edad, diagnosticado de cirrosis hepática, en grado A6 de Child, sin ascitis, sin varices esofágicas, en el que se detecta una lesión de 4,5 cms en el segmento III hepático, en RM dinámica compatible con hepatocarcinoma?",Radioembolización.,Trasplante hepático.,Resección laparoscópica.,Radioablación percutánea.,c,Resección laparoscópica.,,25,AD_ANDALUCIA_2022_EXTRAORDINARIA_LIBRE__EXAM__12__revisado-56007-fea-aparato-digestivo-final-pdf.pdf,AD_ANDALUCIA_2022_EXTRAORDINARIA_LIBRE__CORRECTION__14__def-feaapdigestivo-sas-2023-pdf.pdf,new182,4e196207dd10146ec3ed0028e443a5c04b6677228624ce8343b27f746e4d6b86,4e196207dd10146ec3ed0028e443a5c04b6677228624ce8343b27f746e4d6b86
n178,navarra|2022|teorico-practica|16,Navarra,2022,aparato-digestivo,teorico-practica,16,"En cuanto a la disinergia defecatoria, señale la respuesta CORRECTA:",Una manometría ano-rectal compatible es suficiente para su diagnóstico.,El tratamiento principal es el biofeedack.,La dieta baja en FODMAPs alivia habitualmente los síntomas.,Los síntomas dependen fundamentalmente de la consistencia de las heces.,b,El tratamiento principal es el biofeedack.,,5,AD_NAVARRA_2022__EXAM__040_exam_preguntas-test-examen-digestivo-definitivo-ope-2022-estabili.pdf,AD_NAVARRA_2022__ANSWER_KEY__041_answer-key_respuestas-digestivo-ope-2022-estabilizacion.pdf,new182,e388dc53c628ff09eb601403e1db533c9c3e1f2f2fd74cc8199ff8cc8baf7861,e388dc53c628ff09eb601403e1db533c9c3e1f2f2fd74cc8199ff8cc8baf7861
n179,navarra|2022|teorico-practica|48,Navarra,2022,aparato-digestivo,teorico-practica,48,"En cuál de los siguientes casos, está autorizada por el Ministerio de Sanidad, la vacunación frente al herpes zóster (Shingrix):",En todos los pacientes con diagnóstico de EII,En pacientes con EII en tratamiento con fármacos biológicos,En todos los pacientes con EII en tratamiento con fármacos inhibidores de la JAK-kinasa,En pacientes con EII en tratamiento con fármacos inhibidores de la JAK-kinasa mayores de 18 años,d,En pacientes con EII en tratamiento con fármacos inhibidores de la JAK-kinasa mayores de 18 años,,11,AD_NAVARRA_2022__EXAM__040_exam_preguntas-test-examen-digestivo-definitivo-ope-2022-estabili.pdf,AD_NAVARRA_2022__ANSWER_KEY__041_answer-key_respuestas-digestivo-ope-2022-estabilizacion.pdf,new182,9d700c790f1fbf46445533e6581963a7b471e3c363ef80066804b04515269b0c,9d700c790f1fbf46445533e6581963a7b471e3c363ef80066804b04515269b0c
n180,galicia|2022|main|22,Galicia,2022,aparato-digestivo,main,22,"Paciente que acude a nuestra consulta por dispepsia con resultado positivo en test de aliento para HP. Entre sus antecedentes destaca que es alérgico a penicilina. Siguiendo las recomendaciones de la V Conferencia Española de Consenso sobre el tratamiento de la infección por Helicobacter Pylori, ¿qué tratamiento erradicador elegiría como primera línea?:","Triple terapia con IBP, claritromicina y metronidazol.","Cuádruple terapia con IBP, bismuto, tetraciclina y metronidazol.","Triple terapia con IBP, Claritromicina y levofloxacino.","Cuádruple terapia con IBP, levofloxacino, claritromicina y bismuto.",b,"Cuádruple terapia con IBP, bismuto, tetraciclina y metronidazol.",,6,AD_GALICIA_OPE_2022__EXAM__gal-09__especifico-cast-aparello-dx-20240316193007-cas-pdf.pdf,AD_GALICIA_OPE_2022__CORRECTION__gal-11__fea-aparello-dixestivo-20240514082015-cas-pdf.pdf,new182,3a53c3e4d2c5995a5bd8cf1a2fa40e64fbf75ffff8c32549ef75c1befae41101,3a53c3e4d2c5995a5bd8cf1a2fa40e64fbf75ffff8c32549ef75c1befae41101
n181,galicia|2022|main|92,Galicia,2022,aparato-digestivo,main,92,Señale la afirmación CORRECTA:,"Los tumores con afectación de la unión esofagogástrica tipo Siewert I, deben ser estadificados y tratados como cáncer gástrico.","Los tumores con afectación de la unión esofagogástrica tipo Siewert II, deben ser estadificados y tratados como cáncer gástrico.","Los tumores con afectación de la unión esofagogástrica tipo Siewert III, deben ser estadificados y tratados como cáncer gástrico.",La clasificación de Siewert no influye en el manejo de un tumor con afectación de la unión esofagogástrica.,c,"Los tumores con afectación de la unión esofagogástrica tipo Siewert III, deben ser estadificados y tratados como cáncer gástrico.",,19,AD_GALICIA_OPE_2022__EXAM__gal-09__especifico-cast-aparello-dx-20240316193007-cas-pdf.pdf,AD_GALICIA_OPE_2022__CORRECTION__gal-11__fea-aparello-dixestivo-20240514082015-cas-pdf.pdf,new182,456ba0d1fec016e8cb33a722205e15659a4f9974232ee00ae727337c6d6649c8,456ba0d1fec016e8cb33a722205e15659a4f9974232ee00ae727337c6d6649c8
n182,la-rioja|2024|main|56,La Rioja,2024,aparato-digestivo,main,56,"En el caso de una mujer de 67 años con enfermedad de Crohn con afectación ileal de 10 cm con actividad clínica y endoscópica moderada corticorrefractaria, con antecedentes de esclerosis múltiple, hipercolesterolemia y fumadora de 10 cigarrillos al día; realizado estudio prebiológico con Quantiferon y Mantoux negativos, vacunación actualizada de hepatitis B, neumococo y zoster. Recomendaría como primera línea de tratamiento:","Inducción con upadacitinib 45 mg/día durante 12 semanas, por mayor comodidad y mejor adherencia a tratamiento por vía oral.",Inducción intensificada con Infliximab 10 mg/kg iv en semanas 0-2-6 para mayor rapidez de acción.,"Ustekinumab iv ajustado a peso (390 mg, peso 65 kg) por mejor perfil de seguridad.","Ozanimod, por tener indicación aprobada tanto en enfermedad de Crohn como en esclerosis múltiple.",c,"Ustekinumab iv ajustado a peso (390 mg, peso 65 kg) por mejor perfil de seguridad.",,15,AD_LA_RIOJA_2023_2024__EXAM__exam__fea-aparato-digestivo-2025.pdf,AD_LA_RIOJA_2023_2024__CORRECTION__correction__plantilla-respuestas-modificada-fea-aparato-digestivo-2025.pdf,new182,f9f2ce91ef07f428316cc3c5f07550ebd73817ea8e91c44810f7f3fa198d9ed9,f9f2ce91ef07f428316cc3c5f07550ebd73817ea8e91c44810f7f3fa198d9ed9
